ISO-10303-21;
HEADER;
/* Generated by software containing ST-Developer
 * from STEP Tools, Inc. (www.steptools.com) 
 */

FILE_DESCRIPTION(
/* description */ (''),
/* implementation_level */ '2;1');

FILE_NAME(
/* name */ 'Stepper motor 28-BYJ48.stp',
/* time_stamp */ '2026-04-05T22:56:41+05:00',
/* author */ ('Vladimir'),
/* organization */ (''),
/* preprocessor_version */ 'ST-DEVELOPER v20.1',
/* originating_system */ 'Autodesk Inventor 2026',
/* authorisation */ '');

FILE_SCHEMA (('AUTOMOTIVE_DESIGN { 1 0 10303 214 3 1 1 }'));
ENDSEC;

DATA;
#10=MECHANICAL_DESIGN_GEOMETRIC_PRESENTATION_REPRESENTATION('',(#509,#510,
#511,#512,#513,#514,#515,#516,#517,#518,#519,#520,#521,#522,#523,#524,#525,
#526,#527,#528,#529,#530,#531,#532,#533,#534,#535,#536,#537,#538,#539,#540,
#541),#15178);
#11=SHAPE_REPRESENTATION_RELATIONSHIP('SRR','None',#15185,#12);
#12=ADVANCED_BREP_SHAPE_REPRESENTATION('',(#542,#543,#544,#545,#546,#547,
#548,#549,#550,#551,#552),#15177);
#13=B_SPLINE_SURFACE_WITH_KNOTS('',2,1,((#11209,#11210),(#11211,#11212),
(#11213,#11214),(#11215,#11216)),.UNSPECIFIED.,.F.,.F.,.F.,(3,1,3),(2,2),
(0.,1.,2.),(0.,9.9999999999989E-5),.UNSPECIFIED.);
#14=B_SPLINE_SURFACE_WITH_KNOTS('',2,1,((#11231,#11232),(#11233,#11234),
(#11235,#11236),(#11237,#11238)),.UNSPECIFIED.,.F.,.F.,.F.,(3,1,3),(2,2),
(0.,1.,2.),(0.,9.9999999999989E-5),.UNSPECIFIED.);
#15=B_SPLINE_SURFACE_WITH_KNOTS('',2,1,((#11250,#11251),(#11252,#11253),
(#11254,#11255),(#11256,#11257)),.UNSPECIFIED.,.F.,.F.,.F.,(3,1,3),(2,2),
(0.,1.,2.),(0.,9.9999999999989E-5),.UNSPECIFIED.);
#16=B_SPLINE_SURFACE_WITH_KNOTS('',2,1,((#11269,#11270),(#11271,#11272),
(#11273,#11274),(#11275,#11276)),.UNSPECIFIED.,.F.,.F.,.F.,(3,1,3),(2,2),
(0.,1.,2.),(0.,9.9999999999989E-5),.UNSPECIFIED.);
#17=B_SPLINE_SURFACE_WITH_KNOTS('',2,1,((#11288,#11289),(#11290,#11291),
(#11292,#11293),(#11294,#11295)),.UNSPECIFIED.,.F.,.F.,.F.,(3,1,3),(2,2),
(0.,1.,2.),(0.,9.9999999999989E-5),.UNSPECIFIED.);
#18=B_SPLINE_SURFACE_WITH_KNOTS('',2,1,((#11304,#11305),(#11306,#11307),
(#11308,#11309),(#11310,#11311)),.UNSPECIFIED.,.F.,.F.,.F.,(3,1,3),(2,2),
(0.,1.,2.),(0.,9.9999999999989E-5),.UNSPECIFIED.);
#19=B_SPLINE_SURFACE_WITH_KNOTS('',2,1,((#11326,#11327),(#11328,#11329),
(#11330,#11331),(#11332,#11333)),.UNSPECIFIED.,.F.,.F.,.F.,(3,1,3),(2,2),
(0.,1.,2.),(0.,9.9999999999989E-5),.UNSPECIFIED.);
#20=B_SPLINE_SURFACE_WITH_KNOTS('',2,1,((#11345,#11346),(#11347,#11348),
(#11349,#11350),(#11351,#11352)),.UNSPECIFIED.,.F.,.F.,.F.,(3,1,3),(2,2),
(0.,1.,2.),(0.,9.9999999999989E-5),.UNSPECIFIED.);
#21=B_SPLINE_SURFACE_WITH_KNOTS('',2,1,((#11364,#11365),(#11366,#11367),
(#11368,#11369),(#11370,#11371)),.UNSPECIFIED.,.F.,.F.,.F.,(3,1,3),(2,2),
(0.,1.,2.),(0.,9.9999999999989E-5),.UNSPECIFIED.);
#22=B_SPLINE_SURFACE_WITH_KNOTS('',2,1,((#11383,#11384),(#11385,#11386),
(#11387,#11388),(#11389,#11390)),.UNSPECIFIED.,.F.,.F.,.F.,(3,1,3),(2,2),
(0.,1.,2.),(0.,9.9999999999989E-5),.UNSPECIFIED.);
#23=B_SPLINE_SURFACE_WITH_KNOTS('',2,1,((#11399,#11400),(#11401,#11402),
(#11403,#11404),(#11405,#11406)),.UNSPECIFIED.,.F.,.F.,.F.,(3,1,3),(2,2),
(-2.,-1.,0.),(0.,9.9999999999989E-5),.UNSPECIFIED.);
#24=B_SPLINE_SURFACE_WITH_KNOTS('',2,1,((#11421,#11422),(#11423,#11424),
(#11425,#11426),(#11427,#11428)),.UNSPECIFIED.,.F.,.F.,.F.,(3,1,3),(2,2),
(-2.,-1.,0.),(0.,9.9999999999989E-5),.UNSPECIFIED.);
#25=B_SPLINE_SURFACE_WITH_KNOTS('',2,1,((#11446,#11447),(#11448,#11449),
(#11450,#11451),(#11452,#11453)),.UNSPECIFIED.,.F.,.F.,.F.,(3,1,3),(2,2),
(-2.,-1.,0.),(0.,9.9999999999989E-5),.UNSPECIFIED.);
#26=B_SPLINE_SURFACE_WITH_KNOTS('',2,1,((#11465,#11466),(#11467,#11468),
(#11469,#11470),(#11471,#11472)),.UNSPECIFIED.,.F.,.F.,.F.,(3,1,3),(2,2),
(-2.,-1.,0.),(0.,9.9999999999989E-5),.UNSPECIFIED.);
#27=B_SPLINE_SURFACE_WITH_KNOTS('',2,1,((#11484,#11485),(#11486,#11487),
(#11488,#11489),(#11490,#11491)),.UNSPECIFIED.,.F.,.F.,.F.,(3,1,3),(2,2),
(-2.,-1.,0.),(0.,9.9999999999989E-5),.UNSPECIFIED.);
#28=B_SPLINE_SURFACE_WITH_KNOTS('',2,1,((#11503,#11504),(#11505,#11506),
(#11507,#11508),(#11509,#11510)),.UNSPECIFIED.,.F.,.F.,.F.,(3,1,3),(2,2),
(-2.,-1.,0.),(0.,9.9999999999989E-5),.UNSPECIFIED.);
#29=B_SPLINE_SURFACE_WITH_KNOTS('',2,1,((#11528,#11529),(#11530,#11531),
(#11532,#11533),(#11534,#11535)),.UNSPECIFIED.,.F.,.F.,.F.,(3,1,3),(2,2),
(-2.,-1.,0.),(0.,9.9999999999989E-5),.UNSPECIFIED.);
#30=B_SPLINE_SURFACE_WITH_KNOTS('',2,1,((#11547,#11548),(#11549,#11550),
(#11551,#11552),(#11553,#11554)),.UNSPECIFIED.,.F.,.F.,.F.,(3,1,3),(2,2),
(-2.,-1.,0.),(0.,9.9999999999989E-5),.UNSPECIFIED.);
#31=B_SPLINE_SURFACE_WITH_KNOTS('',2,1,((#11566,#11567),(#11568,#11569),
(#11570,#11571),(#11572,#11573)),.UNSPECIFIED.,.F.,.F.,.F.,(3,1,3),(2,2),
(-2.,-1.,0.),(0.,9.9999999999989E-5),.UNSPECIFIED.);
#32=B_SPLINE_SURFACE_WITH_KNOTS('',2,1,((#11757,#11758),(#11759,#11760),
(#11761,#11762),(#11763,#11764)),.UNSPECIFIED.,.F.,.F.,.F.,(3,1,3),(2,2),
(-2.,-1.,0.),(0.,9.9999999999989E-5),.UNSPECIFIED.);
#33=B_SPLINE_SURFACE_WITH_KNOTS('',2,1,((#11776,#11777),(#11778,#11779),
(#11780,#11781),(#11782,#11783)),.UNSPECIFIED.,.F.,.F.,.F.,(3,1,3),(2,2),
(-2.,-1.,0.),(0.,9.9999999999989E-5),.UNSPECIFIED.);
#34=B_SPLINE_SURFACE_WITH_KNOTS('',2,1,((#11795,#11796),(#11797,#11798),
(#11799,#11800),(#11801,#11802)),.UNSPECIFIED.,.F.,.F.,.F.,(3,1,3),(2,2),
(-2.,-1.,0.),(0.,9.9999999999989E-5),.UNSPECIFIED.);
#35=B_SPLINE_SURFACE_WITH_KNOTS('',2,1,((#11814,#11815),(#11816,#11817),
(#11818,#11819),(#11820,#11821)),.UNSPECIFIED.,.F.,.F.,.F.,(3,1,3),(2,2),
(-2.,-1.,0.),(0.,9.9999999999989E-5),.UNSPECIFIED.);
#36=B_SPLINE_SURFACE_WITH_KNOTS('',2,1,((#11833,#11834),(#11835,#11836),
(#11837,#11838),(#11839,#11840)),.UNSPECIFIED.,.F.,.F.,.F.,(3,1,3),(2,2),
(-2.,-1.,0.),(0.,9.9999999999989E-5),.UNSPECIFIED.);
#37=B_SPLINE_SURFACE_WITH_KNOTS('',2,1,((#11852,#11853),(#11854,#11855),
(#11856,#11857),(#11858,#11859)),.UNSPECIFIED.,.F.,.F.,.F.,(3,1,3),(2,2),
(-2.,-1.,0.),(0.,9.9999999999989E-5),.UNSPECIFIED.);
#38=B_SPLINE_SURFACE_WITH_KNOTS('',2,1,((#11883,#11884),(#11885,#11886),
(#11887,#11888),(#11889,#11890)),.UNSPECIFIED.,.F.,.F.,.F.,(3,1,3),(2,2),
(-2.,-1.,0.),(0.,9.9999999999989E-5),.UNSPECIFIED.);
#39=B_SPLINE_SURFACE_WITH_KNOTS('',2,1,((#11902,#11903),(#11904,#11905),
(#11906,#11907),(#11908,#11909)),.UNSPECIFIED.,.F.,.F.,.F.,(3,1,3),(2,2),
(-2.,-1.,0.),(0.,9.9999999999989E-5),.UNSPECIFIED.);
#40=B_SPLINE_SURFACE_WITH_KNOTS('',2,1,((#11921,#11922),(#11923,#11924),
(#11925,#11926),(#11927,#11928)),.UNSPECIFIED.,.F.,.F.,.F.,(3,1,3),(2,2),
(-2.,-1.,0.),(0.,9.9999999999989E-5),.UNSPECIFIED.);
#41=B_SPLINE_SURFACE_WITH_KNOTS('',2,1,((#11940,#11941),(#11942,#11943),
(#11944,#11945),(#11946,#11947)),.UNSPECIFIED.,.F.,.F.,.F.,(3,1,3),(2,2),
(-2.,-1.,0.),(0.,9.9999999999989E-5),.UNSPECIFIED.);
#42=B_SPLINE_SURFACE_WITH_KNOTS('',2,1,((#11959,#11960),(#11961,#11962),
(#11963,#11964),(#11965,#11966)),.UNSPECIFIED.,.F.,.F.,.F.,(3,1,3),(2,2),
(-2.,-1.,0.),(0.,9.9999999999989E-5),.UNSPECIFIED.);
#43=B_SPLINE_SURFACE_WITH_KNOTS('',2,1,((#11994,#11995),(#11996,#11997),
(#11998,#11999),(#12000,#12001)),.UNSPECIFIED.,.F.,.F.,.F.,(3,1,3),(2,2),
(0.,1.,2.),(0.,9.9999999999989E-5),.UNSPECIFIED.);
#44=B_SPLINE_SURFACE_WITH_KNOTS('',2,1,((#12016,#12017),(#12018,#12019),
(#12020,#12021),(#12022,#12023)),.UNSPECIFIED.,.F.,.F.,.F.,(3,1,3),(2,2),
(0.,1.,2.),(0.,9.9999999999989E-5),.UNSPECIFIED.);
#45=B_SPLINE_SURFACE_WITH_KNOTS('',2,1,((#12053,#12054),(#12055,#12056),
(#12057,#12058),(#12059,#12060)),.UNSPECIFIED.,.F.,.F.,.F.,(3,1,3),(2,2),
(0.,1.,2.),(0.,9.9999999999989E-5),.UNSPECIFIED.);
#46=B_SPLINE_SURFACE_WITH_KNOTS('',2,1,((#12072,#12073),(#12074,#12075),
(#12076,#12077),(#12078,#12079)),.UNSPECIFIED.,.F.,.F.,.F.,(3,1,3),(2,2),
(0.,1.,2.),(0.,9.9999999999989E-5),.UNSPECIFIED.);
#47=B_SPLINE_SURFACE_WITH_KNOTS('',2,1,((#12127,#12128),(#12129,#12130),
(#12131,#12132),(#12133,#12134)),.UNSPECIFIED.,.F.,.F.,.F.,(3,1,3),(2,2),
(-2.,-1.,0.),(0.,9.9999999999989E-5),.UNSPECIFIED.);
#48=B_SPLINE_SURFACE_WITH_KNOTS('',2,1,((#12146,#12147),(#12148,#12149),
(#12150,#12151),(#12152,#12153)),.UNSPECIFIED.,.F.,.F.,.F.,(3,1,3),(2,2),
(-2.,-1.,0.),(0.,9.9999999999989E-5),.UNSPECIFIED.);
#49=B_SPLINE_SURFACE_WITH_KNOTS('',2,1,((#12165,#12166),(#12167,#12168),
(#12169,#12170),(#12171,#12172)),.UNSPECIFIED.,.F.,.F.,.F.,(3,1,3),(2,2),
(-2.,-1.,0.),(0.,9.9999999999989E-5),.UNSPECIFIED.);
#50=B_SPLINE_SURFACE_WITH_KNOTS('',2,1,((#12194,#12195),(#12196,#12197),
(#12198,#12199),(#12200,#12201)),.UNSPECIFIED.,.F.,.F.,.F.,(3,1,3),(2,2),
(0.,1.,2.),(0.,9.9999999999989E-5),.UNSPECIFIED.);
#51=B_SPLINE_SURFACE_WITH_KNOTS('',2,1,((#12216,#12217),(#12218,#12219),
(#12220,#12221),(#12222,#12223)),.UNSPECIFIED.,.F.,.F.,.F.,(3,1,3),(2,2),
(0.,1.,2.),(0.,9.9999999999989E-5),.UNSPECIFIED.);
#52=B_SPLINE_SURFACE_WITH_KNOTS('',2,1,((#12235,#12236),(#12237,#12238),
(#12239,#12240),(#12241,#12242)),.UNSPECIFIED.,.F.,.F.,.F.,(3,1,3),(2,2),
(0.,1.,2.),(0.,9.9999999999989E-5),.UNSPECIFIED.);
#53=B_SPLINE_SURFACE_WITH_KNOTS('',2,1,((#12254,#12255),(#12256,#12257),
(#12258,#12259),(#12260,#12261)),.UNSPECIFIED.,.F.,.F.,.F.,(3,1,3),(2,2),
(0.,1.,2.),(0.,9.9999999999989E-5),.UNSPECIFIED.);
#54=B_SPLINE_SURFACE_WITH_KNOTS('',2,1,((#12273,#12274),(#12275,#12276),
(#12277,#12278),(#12279,#12280)),.UNSPECIFIED.,.F.,.F.,.F.,(3,1,3),(2,2),
(0.,1.,2.),(0.,9.9999999999989E-5),.UNSPECIFIED.);
#55=B_SPLINE_SURFACE_WITH_KNOTS('',2,1,((#12292,#12293),(#12294,#12295),
(#12296,#12297),(#12298,#12299)),.UNSPECIFIED.,.F.,.F.,.F.,(3,1,3),(2,2),
(0.,1.,2.),(0.,9.9999999999989E-5),.UNSPECIFIED.);
#56=B_SPLINE_SURFACE_WITH_KNOTS('',2,1,((#12308,#12309),(#12310,#12311),
(#12312,#12313),(#12314,#12315)),.UNSPECIFIED.,.F.,.F.,.F.,(3,1,3),(2,2),
(-2.,-1.,0.),(0.,9.9999999999989E-5),.UNSPECIFIED.);
#57=B_SPLINE_SURFACE_WITH_KNOTS('',2,1,((#12330,#12331),(#12332,#12333),
(#12334,#12335),(#12336,#12337)),.UNSPECIFIED.,.F.,.F.,.F.,(3,1,3),(2,2),
(-2.,-1.,0.),(0.,9.9999999999989E-5),.UNSPECIFIED.);
#58=B_SPLINE_SURFACE_WITH_KNOTS('',2,1,((#12349,#12350),(#12351,#12352),
(#12353,#12354),(#12355,#12356)),.UNSPECIFIED.,.F.,.F.,.F.,(3,1,3),(2,2),
(-2.,-1.,0.),(0.,9.9999999999989E-5),.UNSPECIFIED.);
#59=B_SPLINE_SURFACE_WITH_KNOTS('',2,1,((#12368,#12369),(#12370,#12371),
(#12372,#12373),(#12374,#12375)),.UNSPECIFIED.,.F.,.F.,.F.,(3,1,3),(2,2),
(-2.,-1.,0.),(0.,9.9999999999989E-5),.UNSPECIFIED.);
#60=B_SPLINE_SURFACE_WITH_KNOTS('',2,1,((#12387,#12388),(#12389,#12390),
(#12391,#12392),(#12393,#12394)),.UNSPECIFIED.,.F.,.F.,.F.,(3,1,3),(2,2),
(-2.,-1.,0.),(0.,9.9999999999989E-5),.UNSPECIFIED.);
#61=B_SPLINE_SURFACE_WITH_KNOTS('',2,1,((#12406,#12407),(#12408,#12409),
(#12410,#12411),(#12412,#12413)),.UNSPECIFIED.,.F.,.F.,.F.,(3,1,3),(2,2),
(-2.,-1.,0.),(0.,9.9999999999989E-5),.UNSPECIFIED.);
#62=B_SPLINE_SURFACE_WITH_KNOTS('',2,1,((#12425,#12426),(#12427,#12428),
(#12429,#12430),(#12431,#12432)),.UNSPECIFIED.,.F.,.F.,.F.,(3,1,3),(2,2),
(-2.,-1.,0.),(0.,9.9999999999989E-5),.UNSPECIFIED.);
#63=B_SPLINE_SURFACE_WITH_KNOTS('',2,1,((#12444,#12445),(#12446,#12447),
(#12448,#12449),(#12450,#12451)),.UNSPECIFIED.,.F.,.F.,.F.,(3,1,3),(2,2),
(-2.,-1.,0.),(0.,9.9999999999989E-5),.UNSPECIFIED.);
#64=B_SPLINE_SURFACE_WITH_KNOTS('',2,1,((#12540,#12541),(#12542,#12543),
(#12544,#12545),(#12546,#12547)),.UNSPECIFIED.,.F.,.F.,.F.,(3,1,3),(2,2),
(0.,1.,2.),(0.,9.9999999999989E-5),.UNSPECIFIED.);
#65=B_SPLINE_SURFACE_WITH_KNOTS('',2,1,((#12562,#12563),(#12564,#12565),
(#12566,#12567),(#12568,#12569)),.UNSPECIFIED.,.F.,.F.,.F.,(3,1,3),(2,2),
(0.,1.,2.),(0.,9.9999999999989E-5),.UNSPECIFIED.);
#66=B_SPLINE_SURFACE_WITH_KNOTS('',2,1,((#12599,#12600),(#12601,#12602),
(#12603,#12604),(#12605,#12606)),.UNSPECIFIED.,.F.,.F.,.F.,(3,1,3),(2,2),
(0.,1.,2.),(0.,9.9999999999989E-5),.UNSPECIFIED.);
#67=B_SPLINE_SURFACE_WITH_KNOTS('',2,1,((#12618,#12619),(#12620,#12621),
(#12622,#12623),(#12624,#12625)),.UNSPECIFIED.,.F.,.F.,.F.,(3,1,3),(2,2),
(0.,1.,2.),(0.,9.9999999999989E-5),.UNSPECIFIED.);
#68=B_SPLINE_SURFACE_WITH_KNOTS('',2,1,((#12634,#12635),(#12636,#12637),
(#12638,#12639),(#12640,#12641)),.UNSPECIFIED.,.F.,.F.,.F.,(3,1,3),(2,2),
(-2.,-1.,0.),(0.,9.9999999999989E-5),.UNSPECIFIED.);
#69=B_SPLINE_SURFACE_WITH_KNOTS('',2,1,((#12686,#12687),(#12688,#12689),
(#12690,#12691),(#12692,#12693)),.UNSPECIFIED.,.F.,.F.,.F.,(3,1,3),(2,2),
(-2.,-1.,0.),(0.,9.9999999999989E-5),.UNSPECIFIED.);
#70=B_SPLINE_SURFACE_WITH_KNOTS('',2,1,((#12705,#12706),(#12707,#12708),
(#12709,#12710),(#12711,#12712)),.UNSPECIFIED.,.F.,.F.,.F.,(3,1,3),(2,2),
(-2.,-1.,0.),(0.,9.9999999999989E-5),.UNSPECIFIED.);
#71=B_SPLINE_SURFACE_WITH_KNOTS('',2,1,((#12724,#12725),(#12726,#12727),
(#12728,#12729),(#12730,#12731)),.UNSPECIFIED.,.F.,.F.,.F.,(3,1,3),(2,2),
(-2.,-1.,0.),(0.,9.9999999999989E-5),.UNSPECIFIED.);
#72=B_SPLINE_SURFACE_WITH_KNOTS('',2,1,((#12805,#12806),(#12807,#12808),
(#12809,#12810),(#12811,#12812)),.UNSPECIFIED.,.F.,.F.,.F.,(3,1,3),(2,2),
(-2.,-1.,0.),(0.,9.9999999999989E-5),.UNSPECIFIED.);
#73=B_SPLINE_SURFACE_WITH_KNOTS('',2,1,((#12824,#12825),(#12826,#12827),
(#12828,#12829),(#12830,#12831)),.UNSPECIFIED.,.F.,.F.,.F.,(3,1,3),(2,2),
(-2.,-1.,0.),(0.,9.9999999999989E-5),.UNSPECIFIED.);
#74=B_SPLINE_SURFACE_WITH_KNOTS('',2,1,((#12843,#12844),(#12845,#12846),
(#12847,#12848),(#12849,#12850)),.UNSPECIFIED.,.F.,.F.,.F.,(3,1,3),(2,2),
(-2.,-1.,0.),(0.,9.9999999999989E-5),.UNSPECIFIED.);
#75=B_SPLINE_SURFACE_WITH_KNOTS('',2,1,((#12862,#12863),(#12864,#12865),
(#12866,#12867),(#12868,#12869)),.UNSPECIFIED.,.F.,.F.,.F.,(3,1,3),(2,2),
(-2.,-1.,0.),(0.,9.9999999999989E-5),.UNSPECIFIED.);
#76=B_SPLINE_SURFACE_WITH_KNOTS('',2,1,((#12881,#12882),(#12883,#12884),
(#12885,#12886),(#12887,#12888)),.UNSPECIFIED.,.F.,.F.,.F.,(3,1,3),(2,2),
(-2.,-1.,0.),(0.,9.9999999999989E-5),.UNSPECIFIED.);
#77=B_SPLINE_SURFACE_WITH_KNOTS('',2,1,((#12900,#12901),(#12902,#12903),
(#12904,#12905),(#12906,#12907)),.UNSPECIFIED.,.F.,.F.,.F.,(3,1,3),(2,2),
(-2.,-1.,0.),(0.,9.9999999999989E-5),.UNSPECIFIED.);
#78=B_SPLINE_SURFACE_WITH_KNOTS('',2,1,((#12919,#12920),(#12921,#12922),
(#12923,#12924),(#12925,#12926)),.UNSPECIFIED.,.F.,.F.,.F.,(3,1,3),(2,2),
(-2.,-1.,0.),(0.,9.9999999999989E-5),.UNSPECIFIED.);
#79=B_SPLINE_SURFACE_WITH_KNOTS('',2,1,((#12938,#12939),(#12940,#12941),
(#12942,#12943),(#12944,#12945)),.UNSPECIFIED.,.F.,.F.,.F.,(3,1,3),(2,2),
(-2.,-1.,0.),(0.,9.9999999999989E-5),.UNSPECIFIED.);
#80=B_SPLINE_SURFACE_WITH_KNOTS('',2,1,((#12969,#12970),(#12971,#12972),
(#12973,#12974),(#12975,#12976)),.UNSPECIFIED.,.F.,.F.,.F.,(3,1,3),(2,2),
(-2.,-1.,0.),(0.,9.9999999999989E-5),.UNSPECIFIED.);
#81=B_SPLINE_SURFACE_WITH_KNOTS('',2,1,((#12988,#12989),(#12990,#12991),
(#12992,#12993),(#12994,#12995)),.UNSPECIFIED.,.F.,.F.,.F.,(3,1,3),(2,2),
(-2.,-1.,0.),(0.,9.9999999999989E-5),.UNSPECIFIED.);
#82=B_SPLINE_SURFACE_WITH_KNOTS('',2,1,((#13007,#13008),(#13009,#13010),
(#13011,#13012),(#13013,#13014)),.UNSPECIFIED.,.F.,.F.,.F.,(3,1,3),(2,2),
(-2.,-1.,0.),(0.,9.9999999999989E-5),.UNSPECIFIED.);
#83=B_SPLINE_SURFACE_WITH_KNOTS('',2,1,((#13026,#13027),(#13028,#13029),
(#13030,#13031),(#13032,#13033)),.UNSPECIFIED.,.F.,.F.,.F.,(3,1,3),(2,2),
(-2.,-1.,0.),(0.,9.9999999999989E-5),.UNSPECIFIED.);
#84=B_SPLINE_SURFACE_WITH_KNOTS('',2,1,((#13045,#13046),(#13047,#13048),
(#13049,#13050),(#13051,#13052)),.UNSPECIFIED.,.F.,.F.,.F.,(3,1,3),(2,2),
(-2.,-1.,0.),(0.,9.9999999999989E-5),.UNSPECIFIED.);
#85=B_SPLINE_SURFACE_WITH_KNOTS('',2,1,((#13064,#13065),(#13066,#13067),
(#13068,#13069),(#13070,#13071)),.UNSPECIFIED.,.F.,.F.,.F.,(3,1,3),(2,2),
(-2.,-1.,0.),(0.,9.9999999999989E-5),.UNSPECIFIED.);
#86=B_SPLINE_SURFACE_WITH_KNOTS('',2,1,((#13083,#13084),(#13085,#13086),
(#13087,#13088),(#13089,#13090)),.UNSPECIFIED.,.F.,.F.,.F.,(3,1,3),(2,2),
(-2.,-1.,0.),(0.,9.9999999999989E-5),.UNSPECIFIED.);
#87=B_SPLINE_SURFACE_WITH_KNOTS('',2,1,((#13102,#13103),(#13104,#13105),
(#13106,#13107),(#13108,#13109)),.UNSPECIFIED.,.F.,.F.,.F.,(3,1,3),(2,2),
(-2.,-1.,0.),(0.,9.9999999999989E-5),.UNSPECIFIED.);
#88=B_SPLINE_SURFACE_WITH_KNOTS('',2,1,((#13192,#13193),(#13194,#13195),
(#13196,#13197),(#13198,#13199)),.UNSPECIFIED.,.F.,.F.,.F.,(3,1,3),(2,2),
(0.,1.,2.),(0.,9.9999999999989E-5),.UNSPECIFIED.);
#89=B_SPLINE_SURFACE_WITH_KNOTS('',2,1,((#13214,#13215),(#13216,#13217),
(#13218,#13219),(#13220,#13221)),.UNSPECIFIED.,.F.,.F.,.F.,(3,1,3),(2,2),
(0.,1.,2.),(0.,9.9999999999989E-5),.UNSPECIFIED.);
#90=B_SPLINE_SURFACE_WITH_KNOTS('',2,1,((#13233,#13234),(#13235,#13236),
(#13237,#13238),(#13239,#13240)),.UNSPECIFIED.,.F.,.F.,.F.,(3,1,3),(2,2),
(0.,1.,2.),(0.,9.9999999999989E-5),.UNSPECIFIED.);
#91=B_SPLINE_SURFACE_WITH_KNOTS('',2,1,((#13252,#13253),(#13254,#13255),
(#13256,#13257),(#13258,#13259)),.UNSPECIFIED.,.F.,.F.,.F.,(3,1,3),(2,2),
(0.,1.,2.),(0.,9.9999999999989E-5),.UNSPECIFIED.);
#92=B_SPLINE_SURFACE_WITH_KNOTS('',2,1,((#13271,#13272),(#13273,#13274),
(#13275,#13276),(#13277,#13278)),.UNSPECIFIED.,.F.,.F.,.F.,(3,1,3),(2,2),
(0.,1.,2.),(0.,9.9999999999989E-5),.UNSPECIFIED.);
#93=B_SPLINE_SURFACE_WITH_KNOTS('',2,1,((#13290,#13291),(#13292,#13293),
(#13294,#13295),(#13296,#13297)),.UNSPECIFIED.,.F.,.F.,.F.,(3,1,3),(2,2),
(0.,1.,2.),(0.,9.9999999999989E-5),.UNSPECIFIED.);
#94=B_SPLINE_SURFACE_WITH_KNOTS('',2,1,((#13306,#13307),(#13308,#13309),
(#13310,#13311),(#13312,#13313)),.UNSPECIFIED.,.F.,.F.,.F.,(3,1,3),(2,2),
(-2.,-1.,0.),(0.,9.9999999999989E-5),.UNSPECIFIED.);
#95=B_SPLINE_SURFACE_WITH_KNOTS('',2,1,((#13328,#13329),(#13330,#13331),
(#13332,#13333),(#13334,#13335)),.UNSPECIFIED.,.F.,.F.,.F.,(3,1,3),(2,2),
(-2.,-1.,0.),(0.,9.9999999999989E-5),.UNSPECIFIED.);
#96=B_SPLINE_SURFACE_WITH_KNOTS('',2,1,((#13347,#13348),(#13349,#13350),
(#13351,#13352),(#13353,#13354)),.UNSPECIFIED.,.F.,.F.,.F.,(3,1,3),(2,2),
(-2.,-1.,0.),(0.,9.9999999999989E-5),.UNSPECIFIED.);
#97=B_SPLINE_SURFACE_WITH_KNOTS('',2,1,((#13366,#13367),(#13368,#13369),
(#13370,#13371),(#13372,#13373)),.UNSPECIFIED.,.F.,.F.,.F.,(3,1,3),(2,2),
(-2.,-1.,0.),(0.,9.9999999999989E-5),.UNSPECIFIED.);
#98=B_SPLINE_SURFACE_WITH_KNOTS('',2,1,((#13385,#13386),(#13387,#13388),
(#13389,#13390),(#13391,#13392)),.UNSPECIFIED.,.F.,.F.,.F.,(3,1,3),(2,2),
(-2.,-1.,0.),(0.,9.9999999999989E-5),.UNSPECIFIED.);
#99=B_SPLINE_SURFACE_WITH_KNOTS('',2,1,((#13404,#13405),(#13406,#13407),
(#13408,#13409),(#13410,#13411)),.UNSPECIFIED.,.F.,.F.,.F.,(3,1,3),(2,2),
(-2.,-1.,0.),(0.,9.9999999999989E-5),.UNSPECIFIED.);
#100=B_SPLINE_SURFACE_WITH_KNOTS('',2,1,((#13423,#13424),(#13425,#13426),
(#13427,#13428),(#13429,#13430)),.UNSPECIFIED.,.F.,.F.,.F.,(3,1,3),(2,2),
(-2.,-1.,0.),(0.,9.9999999999989E-5),.UNSPECIFIED.);
#101=B_SPLINE_SURFACE_WITH_KNOTS('',2,1,((#13442,#13443),(#13444,#13445),
(#13446,#13447),(#13448,#13449)),.UNSPECIFIED.,.F.,.F.,.F.,(3,1,3),(2,2),
(-2.,-1.,0.),(0.,9.9999999999989E-5),.UNSPECIFIED.);
#102=B_SPLINE_SURFACE_WITH_KNOTS('',2,1,((#13508,#13509),(#13510,#13511),
(#13512,#13513),(#13514,#13515)),.UNSPECIFIED.,.F.,.F.,.F.,(3,1,3),(2,2),
(0.,1.,2.),(0.,9.9999999999989E-5),.UNSPECIFIED.);
#103=B_SPLINE_SURFACE_WITH_KNOTS('',2,1,((#13530,#13531),(#13532,#13533),
(#13534,#13535),(#13536,#13537)),.UNSPECIFIED.,.F.,.F.,.F.,(3,1,3),(2,2),
(0.,1.,2.),(0.,9.9999999999989E-5),.UNSPECIFIED.);
#104=B_SPLINE_SURFACE_WITH_KNOTS('',2,1,((#13549,#13550),(#13551,#13552),
(#13553,#13554),(#13555,#13556)),.UNSPECIFIED.,.F.,.F.,.F.,(3,1,3),(2,2),
(0.,1.,2.),(0.,9.9999999999989E-5),.UNSPECIFIED.);
#105=B_SPLINE_SURFACE_WITH_KNOTS('',2,1,((#13568,#13569),(#13570,#13571),
(#13572,#13573),(#13574,#13575)),.UNSPECIFIED.,.F.,.F.,.F.,(3,1,3),(2,2),
(0.,1.,2.),(0.,9.9999999999989E-5),.UNSPECIFIED.);
#106=B_SPLINE_SURFACE_WITH_KNOTS('',2,1,((#13587,#13588),(#13589,#13590),
(#13591,#13592),(#13593,#13594)),.UNSPECIFIED.,.F.,.F.,.F.,(3,1,3),(2,2),
(0.,1.,2.),(0.,9.9999999999989E-5),.UNSPECIFIED.);
#107=B_SPLINE_SURFACE_WITH_KNOTS('',2,1,((#13603,#13604),(#13605,#13606),
(#13607,#13608),(#13609,#13610)),.UNSPECIFIED.,.F.,.F.,.F.,(3,1,3),(2,2),
(0.,1.,2.),(0.,9.9999999999989E-5),.UNSPECIFIED.);
#108=B_SPLINE_SURFACE_WITH_KNOTS('',2,1,((#13625,#13626),(#13627,#13628),
(#13629,#13630),(#13631,#13632)),.UNSPECIFIED.,.F.,.F.,.F.,(3,1,3),(2,2),
(0.,1.,2.),(0.,9.9999999999989E-5),.UNSPECIFIED.);
#109=B_SPLINE_SURFACE_WITH_KNOTS('',2,1,((#13644,#13645),(#13646,#13647),
(#13648,#13649),(#13650,#13651)),.UNSPECIFIED.,.F.,.F.,.F.,(3,1,3),(2,2),
(0.,1.,2.),(0.,9.9999999999989E-5),.UNSPECIFIED.);
#110=B_SPLINE_SURFACE_WITH_KNOTS('',2,1,((#13663,#13664),(#13665,#13666),
(#13667,#13668),(#13669,#13670)),.UNSPECIFIED.,.F.,.F.,.F.,(3,1,3),(2,2),
(0.,1.,2.),(0.,9.9999999999989E-5),.UNSPECIFIED.);
#111=B_SPLINE_SURFACE_WITH_KNOTS('',2,1,((#13682,#13683),(#13684,#13685),
(#13686,#13687),(#13688,#13689)),.UNSPECIFIED.,.F.,.F.,.F.,(3,1,3),(2,2),
(0.,1.,2.),(0.,9.9999999999989E-5),.UNSPECIFIED.);
#112=B_SPLINE_SURFACE_WITH_KNOTS('',2,1,((#13698,#13699),(#13700,#13701),
(#13702,#13703),(#13704,#13705)),.UNSPECIFIED.,.F.,.F.,.F.,(3,1,3),(2,2),
(-2.,-1.,0.),(0.,9.9999999999989E-5),.UNSPECIFIED.);
#113=B_SPLINE_SURFACE_WITH_KNOTS('',2,1,((#13720,#13721),(#13722,#13723),
(#13724,#13725),(#13726,#13727)),.UNSPECIFIED.,.F.,.F.,.F.,(3,1,3),(2,2),
(-2.,-1.,0.),(0.,9.9999999999989E-5),.UNSPECIFIED.);
#114=B_SPLINE_SURFACE_WITH_KNOTS('',2,1,((#13745,#13746),(#13747,#13748),
(#13749,#13750),(#13751,#13752)),.UNSPECIFIED.,.F.,.F.,.F.,(3,1,3),(2,2),
(-2.,-1.,0.),(0.,9.9999999999989E-5),.UNSPECIFIED.);
#115=B_SPLINE_SURFACE_WITH_KNOTS('',2,1,((#13764,#13765),(#13766,#13767),
(#13768,#13769),(#13770,#13771)),.UNSPECIFIED.,.F.,.F.,.F.,(3,1,3),(2,2),
(-2.,-1.,0.),(0.,9.9999999999989E-5),.UNSPECIFIED.);
#116=B_SPLINE_SURFACE_WITH_KNOTS('',2,1,((#13783,#13784),(#13785,#13786),
(#13787,#13788),(#13789,#13790)),.UNSPECIFIED.,.F.,.F.,.F.,(3,1,3),(2,2),
(-2.,-1.,0.),(0.,9.9999999999989E-5),.UNSPECIFIED.);
#117=B_SPLINE_SURFACE_WITH_KNOTS('',2,1,((#13802,#13803),(#13804,#13805),
(#13806,#13807),(#13808,#13809)),.UNSPECIFIED.,.F.,.F.,.F.,(3,1,3),(2,2),
(-2.,-1.,0.),(0.,9.9999999999989E-5),.UNSPECIFIED.);
#118=B_SPLINE_SURFACE_WITH_KNOTS('',2,1,((#13827,#13828),(#13829,#13830),
(#13831,#13832),(#13833,#13834)),.UNSPECIFIED.,.F.,.F.,.F.,(3,1,3),(2,2),
(-2.,-1.,0.),(0.,9.9999999999989E-5),.UNSPECIFIED.);
#119=B_SPLINE_SURFACE_WITH_KNOTS('',2,1,((#13846,#13847),(#13848,#13849),
(#13850,#13851),(#13852,#13853)),.UNSPECIFIED.,.F.,.F.,.F.,(3,1,3),(2,2),
(-2.,-1.,0.),(0.,9.9999999999989E-5),.UNSPECIFIED.);
#120=B_SPLINE_SURFACE_WITH_KNOTS('',2,1,((#13865,#13866),(#13867,#13868),
(#13869,#13870),(#13871,#13872)),.UNSPECIFIED.,.F.,.F.,.F.,(3,1,3),(2,2),
(-2.,-1.,0.),(0.,9.9999999999989E-5),.UNSPECIFIED.);
#121=B_SPLINE_SURFACE_WITH_KNOTS('',2,1,((#13882,#13883),(#13884,#13885),
(#13886,#13887),(#13888,#13889)),.UNSPECIFIED.,.F.,.F.,.F.,(3,1,3),(2,2),
(0.,1.,2.),(0.,9.9999999999989E-5),.UNSPECIFIED.);
#122=B_SPLINE_SURFACE_WITH_KNOTS('',2,1,((#13904,#13905),(#13906,#13907),
(#13908,#13909),(#13910,#13911)),.UNSPECIFIED.,.F.,.F.,.F.,(3,1,3),(2,2),
(0.,1.,2.),(0.,9.9999999999989E-5),.UNSPECIFIED.);
#123=B_SPLINE_SURFACE_WITH_KNOTS('',2,1,((#13941,#13942),(#13943,#13944),
(#13945,#13946),(#13947,#13948)),.UNSPECIFIED.,.F.,.F.,.F.,(3,1,3),(2,2),
(0.,1.,2.),(0.,9.9999999999989E-5),.UNSPECIFIED.);
#124=B_SPLINE_SURFACE_WITH_KNOTS('',2,1,((#13960,#13961),(#13962,#13963),
(#13964,#13965),(#13966,#13967)),.UNSPECIFIED.,.F.,.F.,.F.,(3,1,3),(2,2),
(0.,1.,2.),(0.,9.9999999999989E-5),.UNSPECIFIED.);
#125=B_SPLINE_SURFACE_WITH_KNOTS('',2,1,((#13976,#13977),(#13978,#13979),
(#13980,#13981),(#13982,#13983)),.UNSPECIFIED.,.F.,.F.,.F.,(3,1,3),(2,2),
(0.,1.,2.),(0.,9.9999999999989E-5),.UNSPECIFIED.);
#126=B_SPLINE_SURFACE_WITH_KNOTS('',2,1,((#13998,#13999),(#14000,#14001),
(#14002,#14003),(#14004,#14005)),.UNSPECIFIED.,.F.,.F.,.F.,(3,1,3),(2,2),
(0.,1.,2.),(0.,9.9999999999989E-5),.UNSPECIFIED.);
#127=B_SPLINE_SURFACE_WITH_KNOTS('',2,1,((#14035,#14036),(#14037,#14038),
(#14039,#14040),(#14041,#14042)),.UNSPECIFIED.,.F.,.F.,.F.,(3,1,3),(2,2),
(0.,1.,2.),(0.,9.9999999999989E-5),.UNSPECIFIED.);
#128=B_SPLINE_SURFACE_WITH_KNOTS('',2,1,((#14054,#14055),(#14056,#14057),
(#14058,#14059),(#14060,#14061)),.UNSPECIFIED.,.F.,.F.,.F.,(3,1,3),(2,2),
(0.,1.,2.),(0.,9.9999999999989E-5),.UNSPECIFIED.);
#129=B_SPLINE_SURFACE_WITH_KNOTS('',2,1,((#14070,#14071),(#14072,#14073),
(#14074,#14075),(#14076,#14077)),.UNSPECIFIED.,.F.,.F.,.F.,(3,1,3),(2,2),
(-2.,-1.,0.),(0.,9.9999999999989E-5),.UNSPECIFIED.);
#130=B_SPLINE_SURFACE_WITH_KNOTS('',2,1,((#14110,#14111),(#14112,#14113),
(#14114,#14115),(#14116,#14117)),.UNSPECIFIED.,.F.,.F.,.F.,(3,1,3),(2,2),
(-2.,-1.,0.),(0.,9.9999999999989E-5),.UNSPECIFIED.);
#131=B_SPLINE_SURFACE_WITH_KNOTS('',2,1,((#14129,#14130),(#14131,#14132),
(#14133,#14134),(#14135,#14136)),.UNSPECIFIED.,.F.,.F.,.F.,(3,1,3),(2,2),
(-2.,-1.,0.),(0.,9.9999999999989E-5),.UNSPECIFIED.);
#132=B_SPLINE_SURFACE_WITH_KNOTS('',2,1,((#14148,#14149),(#14150,#14151),
(#14152,#14153),(#14154,#14155)),.UNSPECIFIED.,.F.,.F.,.F.,(3,1,3),(2,2),
(-2.,-1.,0.),(0.,9.9999999999989E-5),.UNSPECIFIED.);
#133=B_SPLINE_SURFACE_WITH_KNOTS('',2,1,((#14173,#14174),(#14175,#14176),
(#14177,#14178),(#14179,#14180)),.UNSPECIFIED.,.F.,.F.,.F.,(3,1,3),(2,2),
(-2.,-1.,0.),(0.,9.9999999999989E-5),.UNSPECIFIED.);
#134=B_SPLINE_SURFACE_WITH_KNOTS('',2,1,((#14192,#14193),(#14194,#14195),
(#14196,#14197),(#14198,#14199)),.UNSPECIFIED.,.F.,.F.,.F.,(3,1,3),(2,2),
(-2.,-1.,0.),(0.,9.9999999999989E-5),.UNSPECIFIED.);
#135=B_SPLINE_SURFACE_WITH_KNOTS('',2,1,((#14209,#14210),(#14211,#14212),
(#14213,#14214),(#14215,#14216)),.UNSPECIFIED.,.F.,.F.,.F.,(3,1,3),(2,2),
(-2.,-1.,0.),(0.,9.9999999999989E-5),.UNSPECIFIED.);
#136=B_SPLINE_SURFACE_WITH_KNOTS('',2,1,((#14243,#14244),(#14245,#14246),
(#14247,#14248),(#14249,#14250)),.UNSPECIFIED.,.F.,.F.,.F.,(3,1,3),(2,2),
(-2.,-1.,0.),(0.,9.9999999999989E-5),.UNSPECIFIED.);
#137=B_SPLINE_SURFACE_WITH_KNOTS('',2,1,((#14262,#14263),(#14264,#14265),
(#14266,#14267),(#14268,#14269)),.UNSPECIFIED.,.F.,.F.,.F.,(3,1,3),(2,2),
(-2.,-1.,0.),(0.,9.9999999999989E-5),.UNSPECIFIED.);
#138=B_SPLINE_SURFACE_WITH_KNOTS('',2,1,((#14281,#14282),(#14283,#14284),
(#14285,#14286),(#14287,#14288)),.UNSPECIFIED.,.F.,.F.,.F.,(3,1,3),(2,2),
(-2.,-1.,0.),(0.,9.9999999999989E-5),.UNSPECIFIED.);
#139=B_SPLINE_SURFACE_WITH_KNOTS('',2,1,((#14330,#14331),(#14332,#14333),
(#14334,#14335),(#14336,#14337)),.UNSPECIFIED.,.F.,.F.,.F.,(3,1,3),(2,2),
(-2.,-1.,0.),(0.,9.9999999999989E-5),.UNSPECIFIED.);
#140=B_SPLINE_SURFACE_WITH_KNOTS('',2,1,((#14347,#14348),(#14349,#14350),
(#14351,#14352),(#14353,#14354)),.UNSPECIFIED.,.F.,.F.,.F.,(3,1,3),(2,2),
(-2.,-1.,0.),(0.,9.9999999999989E-5),.UNSPECIFIED.);
#141=B_SPLINE_SURFACE_WITH_KNOTS('',2,1,((#14369,#14370),(#14371,#14372),
(#14373,#14374),(#14375,#14376)),.UNSPECIFIED.,.F.,.F.,.F.,(3,1,3),(2,2),
(-2.,-1.,0.),(0.,9.9999999999989E-5),.UNSPECIFIED.);
#142=B_SPLINE_SURFACE_WITH_KNOTS('',2,1,((#14400,#14401),(#14402,#14403),
(#14404,#14405),(#14406,#14407)),.UNSPECIFIED.,.F.,.F.,.F.,(3,1,3),(2,2),
(-2.,-1.,0.),(0.,9.9999999999989E-5),.UNSPECIFIED.);
#143=B_SPLINE_SURFACE_WITH_KNOTS('',2,1,((#14419,#14420),(#14421,#14422),
(#14423,#14424),(#14425,#14426)),.UNSPECIFIED.,.F.,.F.,.F.,(3,1,3),(2,2),
(-2.,-1.,0.),(0.,9.9999999999989E-5),.UNSPECIFIED.);
#144=B_SPLINE_SURFACE_WITH_KNOTS('',2,1,((#14438,#14439),(#14440,#14441),
(#14442,#14443),(#14444,#14445)),.UNSPECIFIED.,.F.,.F.,.F.,(3,1,3),(2,2),
(-2.,-1.,0.),(0.,9.9999999999989E-5),.UNSPECIFIED.);
#145=B_SPLINE_SURFACE_WITH_KNOTS('',2,1,((#14457,#14458),(#14459,#14460),
(#14461,#14462),(#14463,#14464)),.UNSPECIFIED.,.F.,.F.,.F.,(3,1,3),(2,2),
(-2.,-1.,0.),(0.,9.9999999999989E-5),.UNSPECIFIED.);
#146=B_SPLINE_SURFACE_WITH_KNOTS('',2,1,((#14476,#14477),(#14478,#14479),
(#14480,#14481),(#14482,#14483)),.UNSPECIFIED.,.F.,.F.,.F.,(3,1,3),(2,2),
(-2.,-1.,0.),(0.,9.9999999999989E-5),.UNSPECIFIED.);
#147=B_SPLINE_SURFACE_WITH_KNOTS('',2,1,((#14495,#14496),(#14497,#14498),
(#14499,#14500),(#14501,#14502)),.UNSPECIFIED.,.F.,.F.,.F.,(3,1,3),(2,2),
(-2.,-1.,0.),(0.,9.9999999999989E-5),.UNSPECIFIED.);
#148=B_SPLINE_SURFACE_WITH_KNOTS('',2,1,((#14514,#14515),(#14516,#14517),
(#14518,#14519),(#14520,#14521)),.UNSPECIFIED.,.F.,.F.,.F.,(3,1,3),(2,2),
(-2.,-1.,0.),(0.,9.9999999999989E-5),.UNSPECIFIED.);
#149=B_SPLINE_SURFACE_WITH_KNOTS('',2,1,((#14563,#14564),(#14565,#14566),
(#14567,#14568),(#14569,#14570)),.UNSPECIFIED.,.F.,.F.,.F.,(3,1,3),(2,2),
(-2.,-1.,0.),(0.,9.9999999999989E-5),.UNSPECIFIED.);
#150=B_SPLINE_SURFACE_WITH_KNOTS('',2,1,((#14582,#14583),(#14584,#14585),
(#14586,#14587),(#14588,#14589)),.UNSPECIFIED.,.F.,.F.,.F.,(3,1,3),(2,2),
(-2.,-1.,0.),(0.,9.9999999999989E-5),.UNSPECIFIED.);
#151=B_SPLINE_SURFACE_WITH_KNOTS('',2,1,((#14601,#14602),(#14603,#14604),
(#14605,#14606),(#14607,#14608)),.UNSPECIFIED.,.F.,.F.,.F.,(3,1,3),(2,2),
(-2.,-1.,0.),(0.,9.9999999999989E-5),.UNSPECIFIED.);
#152=B_SPLINE_SURFACE_WITH_KNOTS('',2,1,((#14620,#14621),(#14622,#14623),
(#14624,#14625),(#14626,#14627)),.UNSPECIFIED.,.F.,.F.,.F.,(3,1,3),(2,2),
(-2.,-1.,0.),(0.,9.9999999999989E-5),.UNSPECIFIED.);
#153=B_SPLINE_SURFACE_WITH_KNOTS('',2,1,((#14637,#14638),(#14639,#14640),
(#14641,#14642),(#14643,#14644)),.UNSPECIFIED.,.F.,.F.,.F.,(3,1,3),(2,2),
(0.,1.,2.),(0.,9.9999999999989E-5),.UNSPECIFIED.);
#154=B_SPLINE_SURFACE_WITH_KNOTS('',2,1,((#14659,#14660),(#14661,#14662),
(#14663,#14664),(#14665,#14666)),.UNSPECIFIED.,.F.,.F.,.F.,(3,1,3),(2,2),
(0.,1.,2.),(0.,9.9999999999989E-5),.UNSPECIFIED.);
#155=B_SPLINE_SURFACE_WITH_KNOTS('',2,1,((#14696,#14697),(#14698,#14699),
(#14700,#14701),(#14702,#14703)),.UNSPECIFIED.,.F.,.F.,.F.,(3,1,3),(2,2),
(0.,1.,2.),(0.,9.9999999999989E-5),.UNSPECIFIED.);
#156=B_SPLINE_SURFACE_WITH_KNOTS('',2,1,((#14715,#14716),(#14717,#14718),
(#14719,#14720),(#14721,#14722)),.UNSPECIFIED.,.F.,.F.,.F.,(3,1,3),(2,2),
(0.,1.,2.),(0.,9.9999999999989E-5),.UNSPECIFIED.);
#157=B_SPLINE_SURFACE_WITH_KNOTS('',2,1,((#14731,#14732),(#14733,#14734),
(#14735,#14736),(#14737,#14738)),.UNSPECIFIED.,.F.,.F.,.F.,(3,1,3),(2,2),
(-2.,-1.,0.),(0.,9.9999999999989E-5),.UNSPECIFIED.);
#158=B_SPLINE_SURFACE_WITH_KNOTS('',2,1,((#14771,#14772),(#14773,#14774),
(#14775,#14776),(#14777,#14778)),.UNSPECIFIED.,.F.,.F.,.F.,(3,1,3),(2,2),
(-2.,-1.,0.),(0.,9.9999999999989E-5),.UNSPECIFIED.);
#159=B_SPLINE_SURFACE_WITH_KNOTS('',2,1,((#14790,#14791),(#14792,#14793),
(#14794,#14795),(#14796,#14797)),.UNSPECIFIED.,.F.,.F.,.F.,(3,1,3),(2,2),
(-2.,-1.,0.),(0.,9.9999999999989E-5),.UNSPECIFIED.);
#160=B_SPLINE_SURFACE_WITH_KNOTS('',2,1,((#14809,#14810),(#14811,#14812),
(#14813,#14814),(#14815,#14816)),.UNSPECIFIED.,.F.,.F.,.F.,(3,1,3),(2,2),
(-2.,-1.,0.),(0.,9.9999999999989E-5),.UNSPECIFIED.);
#161=B_SPLINE_SURFACE_WITH_KNOTS('',2,1,((#14826,#14827),(#14828,#14829),
(#14830,#14831),(#14832,#14833)),.UNSPECIFIED.,.F.,.F.,.F.,(3,1,3),(2,2),
(-2.,-1.,0.),(0.,9.9999999999989E-5),.UNSPECIFIED.);
#162=B_SPLINE_SURFACE_WITH_KNOTS('',2,1,((#14848,#14849),(#14850,#14851),
(#14852,#14853),(#14854,#14855)),.UNSPECIFIED.,.F.,.F.,.F.,(3,1,3),(2,2),
(-2.,-1.,0.),(0.,9.9999999999989E-5),.UNSPECIFIED.);
#163=B_SPLINE_SURFACE_WITH_KNOTS('',2,1,((#14867,#14868),(#14869,#14870),
(#14871,#14872),(#14873,#14874)),.UNSPECIFIED.,.F.,.F.,.F.,(3,1,3),(2,2),
(-2.,-1.,0.),(0.,9.9999999999989E-5),.UNSPECIFIED.);
#164=B_SPLINE_SURFACE_WITH_KNOTS('',2,1,((#14886,#14887),(#14888,#14889),
(#14890,#14891),(#14892,#14893)),.UNSPECIFIED.,.F.,.F.,.F.,(3,1,3),(2,2),
(-2.,-1.,0.),(0.,9.9999999999989E-5),.UNSPECIFIED.);
#165=B_SPLINE_SURFACE_WITH_KNOTS('',2,1,((#14905,#14906),(#14907,#14908),
(#14909,#14910),(#14911,#14912)),.UNSPECIFIED.,.F.,.F.,.F.,(3,1,3),(2,2),
(-2.,-1.,0.),(0.,9.9999999999989E-5),.UNSPECIFIED.);
#166=B_SPLINE_SURFACE_WITH_KNOTS('',2,1,((#14936,#14937),(#14938,#14939),
(#14940,#14941),(#14942,#14943)),.UNSPECIFIED.,.F.,.F.,.F.,(3,1,3),(2,2),
(-2.,-1.,0.),(0.,9.9999999999989E-5),.UNSPECIFIED.);
#167=B_SPLINE_SURFACE_WITH_KNOTS('',2,1,((#14955,#14956),(#14957,#14958),
(#14959,#14960),(#14961,#14962)),.UNSPECIFIED.,.F.,.F.,.F.,(3,1,3),(2,2),
(-2.,-1.,0.),(0.,9.9999999999989E-5),.UNSPECIFIED.);
#168=B_SPLINE_SURFACE_WITH_KNOTS('',2,1,((#14974,#14975),(#14976,#14977),
(#14978,#14979),(#14980,#14981)),.UNSPECIFIED.,.F.,.F.,.F.,(3,1,3),(2,2),
(-2.,-1.,0.),(0.,9.9999999999989E-5),.UNSPECIFIED.);
#169=B_SPLINE_SURFACE_WITH_KNOTS('',2,1,((#14993,#14994),(#14995,#14996),
(#14997,#14998),(#14999,#15000)),.UNSPECIFIED.,.F.,.F.,.F.,(3,1,3),(2,2),
(-2.,-1.,0.),(0.,9.9999999999989E-5),.UNSPECIFIED.);
#170=B_SPLINE_SURFACE_WITH_KNOTS('',2,1,((#15012,#15013),(#15014,#15015),
(#15016,#15017),(#15018,#15019)),.UNSPECIFIED.,.F.,.F.,.F.,(3,1,3),(2,2),
(-2.,-1.,0.),(0.,9.9999999999989E-5),.UNSPECIFIED.);
#171=B_SPLINE_SURFACE_WITH_KNOTS('',2,1,((#15031,#15032),(#15033,#15034),
(#15035,#15036),(#15037,#15038)),.UNSPECIFIED.,.F.,.F.,.F.,(3,1,3),(2,2),
(-2.,-1.,0.),(0.,9.9999999999989E-5),.UNSPECIFIED.);
#172=B_SPLINE_SURFACE_WITH_KNOTS('',2,1,((#15050,#15051),(#15052,#15053),
(#15054,#15055),(#15056,#15057)),.UNSPECIFIED.,.F.,.F.,.F.,(3,1,3),(2,2),
(-2.,-1.,0.),(0.,9.9999999999989E-5),.UNSPECIFIED.);
#173=B_SPLINE_SURFACE_WITH_KNOTS('',2,1,((#15069,#15070),(#15071,#15072),
(#15073,#15074),(#15075,#15076)),.UNSPECIFIED.,.F.,.F.,.F.,(3,1,3),(2,2),
(-2.,-1.,0.),(0.,9.9999999999989E-5),.UNSPECIFIED.);
#174=B_SPLINE_SURFACE_WITH_KNOTS('',2,1,((#15100,#15101),(#15102,#15103),
(#15104,#15105),(#15106,#15107)),.UNSPECIFIED.,.F.,.F.,.F.,(3,1,3),(2,2),
(-2.,-1.,0.),(0.,9.9999999999989E-5),.UNSPECIFIED.);
#175=B_SPLINE_SURFACE_WITH_KNOTS('',2,1,((#15119,#15120),(#15121,#15122),
(#15123,#15124),(#15125,#15126)),.UNSPECIFIED.,.F.,.F.,.F.,(3,1,3),(2,2),
(-2.,-1.,0.),(0.,9.9999999999989E-5),.UNSPECIFIED.);
#176=B_SPLINE_SURFACE_WITH_KNOTS('',2,1,((#15138,#15139),(#15140,#15141),
(#15142,#15143),(#15144,#15145)),.UNSPECIFIED.,.F.,.F.,.F.,(3,1,3),(2,2),
(-2.,-1.,0.),(0.,9.9999999999989E-5),.UNSPECIFIED.);
#177=SPHERICAL_SURFACE('',#8647,0.5);
#178=SPHERICAL_SURFACE('',#8649,0.5);
#179=B_SPLINE_CURVE_WITH_KNOTS('',3,(#10931,#10932,#10933,#10934,#10935,
#10936,#10937,#10938,#10939,#10940),.UNSPECIFIED.,.F.,.F.,(4,2,2,2,4),(-0.0816005055675719,
-0.0595413676413252,-0.0374822297150784,-0.0187411148575392,0.),
 .UNSPECIFIED.);
#180=B_SPLINE_CURVE_WITH_KNOTS('',3,(#10956,#10957,#10958,#10959,#10960,
#10961,#10962,#10963,#10964,#10965),.UNSPECIFIED.,.F.,.F.,(4,2,2,2,4),(0.162339386285124,
0.181080501142663,0.199821616000202,0.221880753926449,0.243939891852696),
 .UNSPECIFIED.);
#181=B_SPLINE_CURVE_WITH_KNOTS('',2,(#11219,#11220,#11221,#11222),
 .UNSPECIFIED.,.F.,.F.,(3,1,3),(0.,1.,2.),.UNSPECIFIED.);
#182=B_SPLINE_CURVE_WITH_KNOTS('',2,(#11226,#11227,#11228,#11229),
 .UNSPECIFIED.,.F.,.F.,(3,1,3),(-2.,-1.,0.),.UNSPECIFIED.);
#183=B_SPLINE_CURVE_WITH_KNOTS('',2,(#11240,#11241,#11242,#11243),
 .UNSPECIFIED.,.F.,.F.,(3,1,3),(0.,1.,2.),.UNSPECIFIED.);
#184=B_SPLINE_CURVE_WITH_KNOTS('',2,(#11246,#11247,#11248,#11249),
 .UNSPECIFIED.,.F.,.F.,(3,1,3),(-2.,-1.,0.),.UNSPECIFIED.);
#185=B_SPLINE_CURVE_WITH_KNOTS('',2,(#11259,#11260,#11261,#11262),
 .UNSPECIFIED.,.F.,.F.,(3,1,3),(0.,1.,2.),.UNSPECIFIED.);
#186=B_SPLINE_CURVE_WITH_KNOTS('',2,(#11265,#11266,#11267,#11268),
 .UNSPECIFIED.,.F.,.F.,(3,1,3),(-2.,-1.,0.),.UNSPECIFIED.);
#187=B_SPLINE_CURVE_WITH_KNOTS('',2,(#11278,#11279,#11280,#11281),
 .UNSPECIFIED.,.F.,.F.,(3,1,3),(0.,1.,2.),.UNSPECIFIED.);
#188=B_SPLINE_CURVE_WITH_KNOTS('',2,(#11284,#11285,#11286,#11287),
 .UNSPECIFIED.,.F.,.F.,(3,1,3),(-2.,-1.,0.),.UNSPECIFIED.);
#189=B_SPLINE_CURVE_WITH_KNOTS('',2,(#11296,#11297,#11298,#11299),
 .UNSPECIFIED.,.F.,.F.,(3,1,3),(0.,1.,2.),.UNSPECIFIED.);
#190=B_SPLINE_CURVE_WITH_KNOTS('',2,(#11300,#11301,#11302,#11303),
 .UNSPECIFIED.,.F.,.F.,(3,1,3),(-2.,-1.,0.),.UNSPECIFIED.);
#191=B_SPLINE_CURVE_WITH_KNOTS('',2,(#11314,#11315,#11316,#11317),
 .UNSPECIFIED.,.F.,.F.,(3,1,3),(0.,1.,2.),.UNSPECIFIED.);
#192=B_SPLINE_CURVE_WITH_KNOTS('',2,(#11321,#11322,#11323,#11324),
 .UNSPECIFIED.,.F.,.F.,(3,1,3),(-2.,-1.,0.),.UNSPECIFIED.);
#193=B_SPLINE_CURVE_WITH_KNOTS('',2,(#11335,#11336,#11337,#11338),
 .UNSPECIFIED.,.F.,.F.,(3,1,3),(0.,1.,2.),.UNSPECIFIED.);
#194=B_SPLINE_CURVE_WITH_KNOTS('',2,(#11341,#11342,#11343,#11344),
 .UNSPECIFIED.,.F.,.F.,(3,1,3),(-2.,-1.,0.),.UNSPECIFIED.);
#195=B_SPLINE_CURVE_WITH_KNOTS('',2,(#11354,#11355,#11356,#11357),
 .UNSPECIFIED.,.F.,.F.,(3,1,3),(0.,1.,2.),.UNSPECIFIED.);
#196=B_SPLINE_CURVE_WITH_KNOTS('',2,(#11360,#11361,#11362,#11363),
 .UNSPECIFIED.,.F.,.F.,(3,1,3),(-2.,-1.,0.),.UNSPECIFIED.);
#197=B_SPLINE_CURVE_WITH_KNOTS('',2,(#11373,#11374,#11375,#11376),
 .UNSPECIFIED.,.F.,.F.,(3,1,3),(0.,1.,2.),.UNSPECIFIED.);
#198=B_SPLINE_CURVE_WITH_KNOTS('',2,(#11379,#11380,#11381,#11382),
 .UNSPECIFIED.,.F.,.F.,(3,1,3),(-2.,-1.,0.),.UNSPECIFIED.);
#199=B_SPLINE_CURVE_WITH_KNOTS('',2,(#11391,#11392,#11393,#11394),
 .UNSPECIFIED.,.F.,.F.,(3,1,3),(0.,1.,2.),.UNSPECIFIED.);
#200=B_SPLINE_CURVE_WITH_KNOTS('',2,(#11395,#11396,#11397,#11398),
 .UNSPECIFIED.,.F.,.F.,(3,1,3),(-2.,-1.,0.),.UNSPECIFIED.);
#201=B_SPLINE_CURVE_WITH_KNOTS('',2,(#11409,#11410,#11411,#11412),
 .UNSPECIFIED.,.F.,.F.,(3,1,3),(0.,1.,2.),.UNSPECIFIED.);
#202=B_SPLINE_CURVE_WITH_KNOTS('',2,(#11416,#11417,#11418,#11419),
 .UNSPECIFIED.,.F.,.F.,(3,1,3),(-2.,-1.,0.),.UNSPECIFIED.);
#203=B_SPLINE_CURVE_WITH_KNOTS('',2,(#11430,#11431,#11432,#11433),
 .UNSPECIFIED.,.F.,.F.,(3,1,3),(0.,1.,2.),.UNSPECIFIED.);
#204=B_SPLINE_CURVE_WITH_KNOTS('',2,(#11435,#11436,#11437,#11438),
 .UNSPECIFIED.,.F.,.F.,(3,1,3),(-2.,-1.,0.),.UNSPECIFIED.);
#205=B_SPLINE_CURVE_WITH_KNOTS('',2,(#11455,#11456,#11457,#11458),
 .UNSPECIFIED.,.F.,.F.,(3,1,3),(0.,1.,2.),.UNSPECIFIED.);
#206=B_SPLINE_CURVE_WITH_KNOTS('',2,(#11460,#11461,#11462,#11463),
 .UNSPECIFIED.,.F.,.F.,(3,1,3),(-2.,-1.,0.),.UNSPECIFIED.);
#207=B_SPLINE_CURVE_WITH_KNOTS('',2,(#11474,#11475,#11476,#11477),
 .UNSPECIFIED.,.F.,.F.,(3,1,3),(0.,1.,2.),.UNSPECIFIED.);
#208=B_SPLINE_CURVE_WITH_KNOTS('',2,(#11479,#11480,#11481,#11482),
 .UNSPECIFIED.,.F.,.F.,(3,1,3),(-2.,-1.,0.),.UNSPECIFIED.);
#209=B_SPLINE_CURVE_WITH_KNOTS('',2,(#11493,#11494,#11495,#11496),
 .UNSPECIFIED.,.F.,.F.,(3,1,3),(0.,1.,2.),.UNSPECIFIED.);
#210=B_SPLINE_CURVE_WITH_KNOTS('',2,(#11498,#11499,#11500,#11501),
 .UNSPECIFIED.,.F.,.F.,(3,1,3),(-2.,-1.,0.),.UNSPECIFIED.);
#211=B_SPLINE_CURVE_WITH_KNOTS('',2,(#11512,#11513,#11514,#11515),
 .UNSPECIFIED.,.F.,.F.,(3,1,3),(0.,1.,2.),.UNSPECIFIED.);
#212=B_SPLINE_CURVE_WITH_KNOTS('',2,(#11517,#11518,#11519,#11520),
 .UNSPECIFIED.,.F.,.F.,(3,1,3),(-2.,-1.,0.),.UNSPECIFIED.);
#213=B_SPLINE_CURVE_WITH_KNOTS('',2,(#11537,#11538,#11539,#11540),
 .UNSPECIFIED.,.F.,.F.,(3,1,3),(0.,1.,2.),.UNSPECIFIED.);
#214=B_SPLINE_CURVE_WITH_KNOTS('',2,(#11542,#11543,#11544,#11545),
 .UNSPECIFIED.,.F.,.F.,(3,1,3),(-2.,-1.,0.),.UNSPECIFIED.);
#215=B_SPLINE_CURVE_WITH_KNOTS('',2,(#11556,#11557,#11558,#11559),
 .UNSPECIFIED.,.F.,.F.,(3,1,3),(0.,1.,2.),.UNSPECIFIED.);
#216=B_SPLINE_CURVE_WITH_KNOTS('',2,(#11561,#11562,#11563,#11564),
 .UNSPECIFIED.,.F.,.F.,(3,1,3),(-2.,-1.,0.),.UNSPECIFIED.);
#217=B_SPLINE_CURVE_WITH_KNOTS('',2,(#11574,#11575,#11576,#11577),
 .UNSPECIFIED.,.F.,.F.,(3,1,3),(0.,1.,2.),.UNSPECIFIED.);
#218=B_SPLINE_CURVE_WITH_KNOTS('',2,(#11578,#11579,#11580,#11581),
 .UNSPECIFIED.,.F.,.F.,(3,1,3),(-2.,-1.,0.),.UNSPECIFIED.);
#219=B_SPLINE_CURVE_WITH_KNOTS('',2,(#11766,#11767,#11768,#11769),
 .UNSPECIFIED.,.F.,.F.,(3,1,3),(0.,1.,2.),.UNSPECIFIED.);
#220=B_SPLINE_CURVE_WITH_KNOTS('',2,(#11771,#11772,#11773,#11774),
 .UNSPECIFIED.,.F.,.F.,(3,1,3),(-2.,-1.,0.),.UNSPECIFIED.);
#221=B_SPLINE_CURVE_WITH_KNOTS('',2,(#11785,#11786,#11787,#11788),
 .UNSPECIFIED.,.F.,.F.,(3,1,3),(0.,1.,2.),.UNSPECIFIED.);
#222=B_SPLINE_CURVE_WITH_KNOTS('',2,(#11790,#11791,#11792,#11793),
 .UNSPECIFIED.,.F.,.F.,(3,1,3),(-2.,-1.,0.),.UNSPECIFIED.);
#223=B_SPLINE_CURVE_WITH_KNOTS('',2,(#11804,#11805,#11806,#11807),
 .UNSPECIFIED.,.F.,.F.,(3,1,3),(0.,1.,2.),.UNSPECIFIED.);
#224=B_SPLINE_CURVE_WITH_KNOTS('',2,(#11809,#11810,#11811,#11812),
 .UNSPECIFIED.,.F.,.F.,(3,1,3),(-2.,-1.,0.),.UNSPECIFIED.);
#225=B_SPLINE_CURVE_WITH_KNOTS('',2,(#11823,#11824,#11825,#11826),
 .UNSPECIFIED.,.F.,.F.,(3,1,3),(0.,1.,2.),.UNSPECIFIED.);
#226=B_SPLINE_CURVE_WITH_KNOTS('',2,(#11828,#11829,#11830,#11831),
 .UNSPECIFIED.,.F.,.F.,(3,1,3),(-2.,-1.,0.),.UNSPECIFIED.);
#227=B_SPLINE_CURVE_WITH_KNOTS('',2,(#11842,#11843,#11844,#11845),
 .UNSPECIFIED.,.F.,.F.,(3,1,3),(0.,1.,2.),.UNSPECIFIED.);
#228=B_SPLINE_CURVE_WITH_KNOTS('',2,(#11847,#11848,#11849,#11850),
 .UNSPECIFIED.,.F.,.F.,(3,1,3),(-2.,-1.,0.),.UNSPECIFIED.);
#229=B_SPLINE_CURVE_WITH_KNOTS('',2,(#11861,#11862,#11863,#11864),
 .UNSPECIFIED.,.F.,.F.,(3,1,3),(0.,1.,2.),.UNSPECIFIED.);
#230=B_SPLINE_CURVE_WITH_KNOTS('',2,(#11866,#11867,#11868,#11869),
 .UNSPECIFIED.,.F.,.F.,(3,1,3),(-2.,-1.,0.),.UNSPECIFIED.);
#231=B_SPLINE_CURVE_WITH_KNOTS('',2,(#11892,#11893,#11894,#11895),
 .UNSPECIFIED.,.F.,.F.,(3,1,3),(0.,1.,2.),.UNSPECIFIED.);
#232=B_SPLINE_CURVE_WITH_KNOTS('',2,(#11897,#11898,#11899,#11900),
 .UNSPECIFIED.,.F.,.F.,(3,1,3),(-2.,-1.,0.),.UNSPECIFIED.);
#233=B_SPLINE_CURVE_WITH_KNOTS('',2,(#11911,#11912,#11913,#11914),
 .UNSPECIFIED.,.F.,.F.,(3,1,3),(0.,1.,2.),.UNSPECIFIED.);
#234=B_SPLINE_CURVE_WITH_KNOTS('',2,(#11916,#11917,#11918,#11919),
 .UNSPECIFIED.,.F.,.F.,(3,1,3),(-2.,-1.,0.),.UNSPECIFIED.);
#235=B_SPLINE_CURVE_WITH_KNOTS('',2,(#11930,#11931,#11932,#11933),
 .UNSPECIFIED.,.F.,.F.,(3,1,3),(0.,1.,2.),.UNSPECIFIED.);
#236=B_SPLINE_CURVE_WITH_KNOTS('',2,(#11935,#11936,#11937,#11938),
 .UNSPECIFIED.,.F.,.F.,(3,1,3),(-2.,-1.,0.),.UNSPECIFIED.);
#237=B_SPLINE_CURVE_WITH_KNOTS('',2,(#11949,#11950,#11951,#11952),
 .UNSPECIFIED.,.F.,.F.,(3,1,3),(0.,1.,2.),.UNSPECIFIED.);
#238=B_SPLINE_CURVE_WITH_KNOTS('',2,(#11954,#11955,#11956,#11957),
 .UNSPECIFIED.,.F.,.F.,(3,1,3),(-2.,-1.,0.),.UNSPECIFIED.);
#239=B_SPLINE_CURVE_WITH_KNOTS('',2,(#11968,#11969,#11970,#11971),
 .UNSPECIFIED.,.F.,.F.,(3,1,3),(0.,1.,2.),.UNSPECIFIED.);
#240=B_SPLINE_CURVE_WITH_KNOTS('',2,(#11973,#11974,#11975,#11976),
 .UNSPECIFIED.,.F.,.F.,(3,1,3),(-2.,-1.,0.),.UNSPECIFIED.);
#241=B_SPLINE_CURVE_WITH_KNOTS('',2,(#12004,#12005,#12006,#12007),
 .UNSPECIFIED.,.F.,.F.,(3,1,3),(0.,1.,2.),.UNSPECIFIED.);
#242=B_SPLINE_CURVE_WITH_KNOTS('',2,(#12011,#12012,#12013,#12014),
 .UNSPECIFIED.,.F.,.F.,(3,1,3),(-2.,-1.,0.),.UNSPECIFIED.);
#243=B_SPLINE_CURVE_WITH_KNOTS('',2,(#12025,#12026,#12027,#12028),
 .UNSPECIFIED.,.F.,.F.,(3,1,3),(0.,1.,2.),.UNSPECIFIED.);
#244=B_SPLINE_CURVE_WITH_KNOTS('',2,(#12031,#12032,#12033,#12034),
 .UNSPECIFIED.,.F.,.F.,(3,1,3),(-2.,-1.,0.),.UNSPECIFIED.);
#245=B_SPLINE_CURVE_WITH_KNOTS('',2,(#12062,#12063,#12064,#12065),
 .UNSPECIFIED.,.F.,.F.,(3,1,3),(0.,1.,2.),.UNSPECIFIED.);
#246=B_SPLINE_CURVE_WITH_KNOTS('',2,(#12068,#12069,#12070,#12071),
 .UNSPECIFIED.,.F.,.F.,(3,1,3),(-2.,-1.,0.),.UNSPECIFIED.);
#247=B_SPLINE_CURVE_WITH_KNOTS('',2,(#12080,#12081,#12082,#12083),
 .UNSPECIFIED.,.F.,.F.,(3,1,3),(0.,1.,2.),.UNSPECIFIED.);
#248=B_SPLINE_CURVE_WITH_KNOTS('',2,(#12084,#12085,#12086,#12087),
 .UNSPECIFIED.,.F.,.F.,(3,1,3),(-2.,-1.,0.),.UNSPECIFIED.);
#249=B_SPLINE_CURVE_WITH_KNOTS('',2,(#12136,#12137,#12138,#12139),
 .UNSPECIFIED.,.F.,.F.,(3,1,3),(0.,1.,2.),.UNSPECIFIED.);
#250=B_SPLINE_CURVE_WITH_KNOTS('',2,(#12141,#12142,#12143,#12144),
 .UNSPECIFIED.,.F.,.F.,(3,1,3),(-2.,-1.,0.),.UNSPECIFIED.);
#251=B_SPLINE_CURVE_WITH_KNOTS('',2,(#12155,#12156,#12157,#12158),
 .UNSPECIFIED.,.F.,.F.,(3,1,3),(0.,1.,2.),.UNSPECIFIED.);
#252=B_SPLINE_CURVE_WITH_KNOTS('',2,(#12160,#12161,#12162,#12163),
 .UNSPECIFIED.,.F.,.F.,(3,1,3),(-2.,-1.,0.),.UNSPECIFIED.);
#253=B_SPLINE_CURVE_WITH_KNOTS('',2,(#12174,#12175,#12176,#12177),
 .UNSPECIFIED.,.F.,.F.,(3,1,3),(0.,1.,2.),.UNSPECIFIED.);
#254=B_SPLINE_CURVE_WITH_KNOTS('',2,(#12179,#12180,#12181,#12182),
 .UNSPECIFIED.,.F.,.F.,(3,1,3),(-2.,-1.,0.),.UNSPECIFIED.);
#255=B_SPLINE_CURVE_WITH_KNOTS('',2,(#12204,#12205,#12206,#12207),
 .UNSPECIFIED.,.F.,.F.,(3,1,3),(0.,1.,2.),.UNSPECIFIED.);
#256=B_SPLINE_CURVE_WITH_KNOTS('',2,(#12211,#12212,#12213,#12214),
 .UNSPECIFIED.,.F.,.F.,(3,1,3),(-2.,-1.,0.),.UNSPECIFIED.);
#257=B_SPLINE_CURVE_WITH_KNOTS('',2,(#12225,#12226,#12227,#12228),
 .UNSPECIFIED.,.F.,.F.,(3,1,3),(0.,1.,2.),.UNSPECIFIED.);
#258=B_SPLINE_CURVE_WITH_KNOTS('',2,(#12231,#12232,#12233,#12234),
 .UNSPECIFIED.,.F.,.F.,(3,1,3),(-2.,-1.,0.),.UNSPECIFIED.);
#259=B_SPLINE_CURVE_WITH_KNOTS('',2,(#12244,#12245,#12246,#12247),
 .UNSPECIFIED.,.F.,.F.,(3,1,3),(0.,1.,2.),.UNSPECIFIED.);
#260=B_SPLINE_CURVE_WITH_KNOTS('',2,(#12250,#12251,#12252,#12253),
 .UNSPECIFIED.,.F.,.F.,(3,1,3),(-2.,-1.,0.),.UNSPECIFIED.);
#261=B_SPLINE_CURVE_WITH_KNOTS('',2,(#12263,#12264,#12265,#12266),
 .UNSPECIFIED.,.F.,.F.,(3,1,3),(0.,1.,2.),.UNSPECIFIED.);
#262=B_SPLINE_CURVE_WITH_KNOTS('',2,(#12269,#12270,#12271,#12272),
 .UNSPECIFIED.,.F.,.F.,(3,1,3),(-2.,-1.,0.),.UNSPECIFIED.);
#263=B_SPLINE_CURVE_WITH_KNOTS('',2,(#12282,#12283,#12284,#12285),
 .UNSPECIFIED.,.F.,.F.,(3,1,3),(0.,1.,2.),.UNSPECIFIED.);
#264=B_SPLINE_CURVE_WITH_KNOTS('',2,(#12288,#12289,#12290,#12291),
 .UNSPECIFIED.,.F.,.F.,(3,1,3),(-2.,-1.,0.),.UNSPECIFIED.);
#265=B_SPLINE_CURVE_WITH_KNOTS('',2,(#12300,#12301,#12302,#12303),
 .UNSPECIFIED.,.F.,.F.,(3,1,3),(0.,1.,2.),.UNSPECIFIED.);
#266=B_SPLINE_CURVE_WITH_KNOTS('',2,(#12304,#12305,#12306,#12307),
 .UNSPECIFIED.,.F.,.F.,(3,1,3),(-2.,-1.,0.),.UNSPECIFIED.);
#267=B_SPLINE_CURVE_WITH_KNOTS('',2,(#12318,#12319,#12320,#12321),
 .UNSPECIFIED.,.F.,.F.,(3,1,3),(0.,1.,2.),.UNSPECIFIED.);
#268=B_SPLINE_CURVE_WITH_KNOTS('',2,(#12325,#12326,#12327,#12328),
 .UNSPECIFIED.,.F.,.F.,(3,1,3),(-2.,-1.,0.),.UNSPECIFIED.);
#269=B_SPLINE_CURVE_WITH_KNOTS('',2,(#12339,#12340,#12341,#12342),
 .UNSPECIFIED.,.F.,.F.,(3,1,3),(0.,1.,2.),.UNSPECIFIED.);
#270=B_SPLINE_CURVE_WITH_KNOTS('',2,(#12344,#12345,#12346,#12347),
 .UNSPECIFIED.,.F.,.F.,(3,1,3),(-2.,-1.,0.),.UNSPECIFIED.);
#271=B_SPLINE_CURVE_WITH_KNOTS('',2,(#12358,#12359,#12360,#12361),
 .UNSPECIFIED.,.F.,.F.,(3,1,3),(0.,1.,2.),.UNSPECIFIED.);
#272=B_SPLINE_CURVE_WITH_KNOTS('',2,(#12363,#12364,#12365,#12366),
 .UNSPECIFIED.,.F.,.F.,(3,1,3),(-2.,-1.,0.),.UNSPECIFIED.);
#273=B_SPLINE_CURVE_WITH_KNOTS('',2,(#12377,#12378,#12379,#12380),
 .UNSPECIFIED.,.F.,.F.,(3,1,3),(0.,1.,2.),.UNSPECIFIED.);
#274=B_SPLINE_CURVE_WITH_KNOTS('',2,(#12382,#12383,#12384,#12385),
 .UNSPECIFIED.,.F.,.F.,(3,1,3),(-2.,-1.,0.),.UNSPECIFIED.);
#275=B_SPLINE_CURVE_WITH_KNOTS('',2,(#12396,#12397,#12398,#12399),
 .UNSPECIFIED.,.F.,.F.,(3,1,3),(0.,1.,2.),.UNSPECIFIED.);
#276=B_SPLINE_CURVE_WITH_KNOTS('',2,(#12401,#12402,#12403,#12404),
 .UNSPECIFIED.,.F.,.F.,(3,1,3),(-2.,-1.,0.),.UNSPECIFIED.);
#277=B_SPLINE_CURVE_WITH_KNOTS('',2,(#12415,#12416,#12417,#12418),
 .UNSPECIFIED.,.F.,.F.,(3,1,3),(0.,1.,2.),.UNSPECIFIED.);
#278=B_SPLINE_CURVE_WITH_KNOTS('',2,(#12420,#12421,#12422,#12423),
 .UNSPECIFIED.,.F.,.F.,(3,1,3),(-2.,-1.,0.),.UNSPECIFIED.);
#279=B_SPLINE_CURVE_WITH_KNOTS('',2,(#12434,#12435,#12436,#12437),
 .UNSPECIFIED.,.F.,.F.,(3,1,3),(0.,1.,2.),.UNSPECIFIED.);
#280=B_SPLINE_CURVE_WITH_KNOTS('',2,(#12439,#12440,#12441,#12442),
 .UNSPECIFIED.,.F.,.F.,(3,1,3),(-2.,-1.,0.),.UNSPECIFIED.);
#281=B_SPLINE_CURVE_WITH_KNOTS('',2,(#12452,#12453,#12454,#12455),
 .UNSPECIFIED.,.F.,.F.,(3,1,3),(0.,1.,2.),.UNSPECIFIED.);
#282=B_SPLINE_CURVE_WITH_KNOTS('',2,(#12456,#12457,#12458,#12459),
 .UNSPECIFIED.,.F.,.F.,(3,1,3),(-2.,-1.,0.),.UNSPECIFIED.);
#283=B_SPLINE_CURVE_WITH_KNOTS('',2,(#12550,#12551,#12552,#12553),
 .UNSPECIFIED.,.F.,.F.,(3,1,3),(0.,1.,2.),.UNSPECIFIED.);
#284=B_SPLINE_CURVE_WITH_KNOTS('',2,(#12557,#12558,#12559,#12560),
 .UNSPECIFIED.,.F.,.F.,(3,1,3),(-2.,-1.,0.),.UNSPECIFIED.);
#285=B_SPLINE_CURVE_WITH_KNOTS('',2,(#12571,#12572,#12573,#12574),
 .UNSPECIFIED.,.F.,.F.,(3,1,3),(0.,1.,2.),.UNSPECIFIED.);
#286=B_SPLINE_CURVE_WITH_KNOTS('',2,(#12577,#12578,#12579,#12580),
 .UNSPECIFIED.,.F.,.F.,(3,1,3),(-2.,-1.,0.),.UNSPECIFIED.);
#287=B_SPLINE_CURVE_WITH_KNOTS('',2,(#12608,#12609,#12610,#12611),
 .UNSPECIFIED.,.F.,.F.,(3,1,3),(0.,1.,2.),.UNSPECIFIED.);
#288=B_SPLINE_CURVE_WITH_KNOTS('',2,(#12614,#12615,#12616,#12617),
 .UNSPECIFIED.,.F.,.F.,(3,1,3),(-2.,-1.,0.),.UNSPECIFIED.);
#289=B_SPLINE_CURVE_WITH_KNOTS('',2,(#12626,#12627,#12628,#12629),
 .UNSPECIFIED.,.F.,.F.,(3,1,3),(0.,1.,2.),.UNSPECIFIED.);
#290=B_SPLINE_CURVE_WITH_KNOTS('',2,(#12630,#12631,#12632,#12633),
 .UNSPECIFIED.,.F.,.F.,(3,1,3),(-2.,-1.,0.),.UNSPECIFIED.);
#291=B_SPLINE_CURVE_WITH_KNOTS('',2,(#12644,#12645,#12646,#12647),
 .UNSPECIFIED.,.F.,.F.,(3,1,3),(0.,1.,2.),.UNSPECIFIED.);
#292=B_SPLINE_CURVE_WITH_KNOTS('',2,(#12651,#12652,#12653,#12654),
 .UNSPECIFIED.,.F.,.F.,(3,1,3),(-2.,-1.,0.),.UNSPECIFIED.);
#293=B_SPLINE_CURVE_WITH_KNOTS('',2,(#12695,#12696,#12697,#12698),
 .UNSPECIFIED.,.F.,.F.,(3,1,3),(0.,1.,2.),.UNSPECIFIED.);
#294=B_SPLINE_CURVE_WITH_KNOTS('',2,(#12700,#12701,#12702,#12703),
 .UNSPECIFIED.,.F.,.F.,(3,1,3),(-2.,-1.,0.),.UNSPECIFIED.);
#295=B_SPLINE_CURVE_WITH_KNOTS('',2,(#12714,#12715,#12716,#12717),
 .UNSPECIFIED.,.F.,.F.,(3,1,3),(0.,1.,2.),.UNSPECIFIED.);
#296=B_SPLINE_CURVE_WITH_KNOTS('',2,(#12719,#12720,#12721,#12722),
 .UNSPECIFIED.,.F.,.F.,(3,1,3),(-2.,-1.,0.),.UNSPECIFIED.);
#297=B_SPLINE_CURVE_WITH_KNOTS('',2,(#12732,#12733,#12734,#12735),
 .UNSPECIFIED.,.F.,.F.,(3,1,3),(0.,1.,2.),.UNSPECIFIED.);
#298=B_SPLINE_CURVE_WITH_KNOTS('',2,(#12736,#12737,#12738,#12739),
 .UNSPECIFIED.,.F.,.F.,(3,1,3),(-2.,-1.,0.),.UNSPECIFIED.);
#299=B_SPLINE_CURVE_WITH_KNOTS('',2,(#12814,#12815,#12816,#12817),
 .UNSPECIFIED.,.F.,.F.,(3,1,3),(0.,1.,2.),.UNSPECIFIED.);
#300=B_SPLINE_CURVE_WITH_KNOTS('',2,(#12819,#12820,#12821,#12822),
 .UNSPECIFIED.,.F.,.F.,(3,1,3),(-2.,-1.,0.),.UNSPECIFIED.);
#301=B_SPLINE_CURVE_WITH_KNOTS('',2,(#12833,#12834,#12835,#12836),
 .UNSPECIFIED.,.F.,.F.,(3,1,3),(0.,1.,2.),.UNSPECIFIED.);
#302=B_SPLINE_CURVE_WITH_KNOTS('',2,(#12838,#12839,#12840,#12841),
 .UNSPECIFIED.,.F.,.F.,(3,1,3),(-2.,-1.,0.),.UNSPECIFIED.);
#303=B_SPLINE_CURVE_WITH_KNOTS('',2,(#12852,#12853,#12854,#12855),
 .UNSPECIFIED.,.F.,.F.,(3,1,3),(0.,1.,2.),.UNSPECIFIED.);
#304=B_SPLINE_CURVE_WITH_KNOTS('',2,(#12857,#12858,#12859,#12860),
 .UNSPECIFIED.,.F.,.F.,(3,1,3),(-2.,-1.,0.),.UNSPECIFIED.);
#305=B_SPLINE_CURVE_WITH_KNOTS('',2,(#12871,#12872,#12873,#12874),
 .UNSPECIFIED.,.F.,.F.,(3,1,3),(0.,1.,2.),.UNSPECIFIED.);
#306=B_SPLINE_CURVE_WITH_KNOTS('',2,(#12876,#12877,#12878,#12879),
 .UNSPECIFIED.,.F.,.F.,(3,1,3),(-2.,-1.,0.),.UNSPECIFIED.);
#307=B_SPLINE_CURVE_WITH_KNOTS('',2,(#12890,#12891,#12892,#12893),
 .UNSPECIFIED.,.F.,.F.,(3,1,3),(0.,1.,2.),.UNSPECIFIED.);
#308=B_SPLINE_CURVE_WITH_KNOTS('',2,(#12895,#12896,#12897,#12898),
 .UNSPECIFIED.,.F.,.F.,(3,1,3),(-2.,-1.,0.),.UNSPECIFIED.);
#309=B_SPLINE_CURVE_WITH_KNOTS('',2,(#12909,#12910,#12911,#12912),
 .UNSPECIFIED.,.F.,.F.,(3,1,3),(0.,1.,2.),.UNSPECIFIED.);
#310=B_SPLINE_CURVE_WITH_KNOTS('',2,(#12914,#12915,#12916,#12917),
 .UNSPECIFIED.,.F.,.F.,(3,1,3),(-2.,-1.,0.),.UNSPECIFIED.);
#311=B_SPLINE_CURVE_WITH_KNOTS('',2,(#12928,#12929,#12930,#12931),
 .UNSPECIFIED.,.F.,.F.,(3,1,3),(0.,1.,2.),.UNSPECIFIED.);
#312=B_SPLINE_CURVE_WITH_KNOTS('',2,(#12933,#12934,#12935,#12936),
 .UNSPECIFIED.,.F.,.F.,(3,1,3),(-2.,-1.,0.),.UNSPECIFIED.);
#313=B_SPLINE_CURVE_WITH_KNOTS('',2,(#12947,#12948,#12949,#12950),
 .UNSPECIFIED.,.F.,.F.,(3,1,3),(0.,1.,2.),.UNSPECIFIED.);
#314=B_SPLINE_CURVE_WITH_KNOTS('',2,(#12952,#12953,#12954,#12955),
 .UNSPECIFIED.,.F.,.F.,(3,1,3),(-2.,-1.,0.),.UNSPECIFIED.);
#315=B_SPLINE_CURVE_WITH_KNOTS('',2,(#12978,#12979,#12980,#12981),
 .UNSPECIFIED.,.F.,.F.,(3,1,3),(0.,1.,2.),.UNSPECIFIED.);
#316=B_SPLINE_CURVE_WITH_KNOTS('',2,(#12983,#12984,#12985,#12986),
 .UNSPECIFIED.,.F.,.F.,(3,1,3),(-2.,-1.,0.),.UNSPECIFIED.);
#317=B_SPLINE_CURVE_WITH_KNOTS('',2,(#12997,#12998,#12999,#13000),
 .UNSPECIFIED.,.F.,.F.,(3,1,3),(0.,1.,2.),.UNSPECIFIED.);
#318=B_SPLINE_CURVE_WITH_KNOTS('',2,(#13002,#13003,#13004,#13005),
 .UNSPECIFIED.,.F.,.F.,(3,1,3),(-2.,-1.,0.),.UNSPECIFIED.);
#319=B_SPLINE_CURVE_WITH_KNOTS('',2,(#13016,#13017,#13018,#13019),
 .UNSPECIFIED.,.F.,.F.,(3,1,3),(0.,1.,2.),.UNSPECIFIED.);
#320=B_SPLINE_CURVE_WITH_KNOTS('',2,(#13021,#13022,#13023,#13024),
 .UNSPECIFIED.,.F.,.F.,(3,1,3),(-2.,-1.,0.),.UNSPECIFIED.);
#321=B_SPLINE_CURVE_WITH_KNOTS('',2,(#13035,#13036,#13037,#13038),
 .UNSPECIFIED.,.F.,.F.,(3,1,3),(0.,1.,2.),.UNSPECIFIED.);
#322=B_SPLINE_CURVE_WITH_KNOTS('',2,(#13040,#13041,#13042,#13043),
 .UNSPECIFIED.,.F.,.F.,(3,1,3),(-2.,-1.,0.),.UNSPECIFIED.);
#323=B_SPLINE_CURVE_WITH_KNOTS('',2,(#13054,#13055,#13056,#13057),
 .UNSPECIFIED.,.F.,.F.,(3,1,3),(0.,1.,2.),.UNSPECIFIED.);
#324=B_SPLINE_CURVE_WITH_KNOTS('',2,(#13059,#13060,#13061,#13062),
 .UNSPECIFIED.,.F.,.F.,(3,1,3),(-2.,-1.,0.),.UNSPECIFIED.);
#325=B_SPLINE_CURVE_WITH_KNOTS('',2,(#13073,#13074,#13075,#13076),
 .UNSPECIFIED.,.F.,.F.,(3,1,3),(0.,1.,2.),.UNSPECIFIED.);
#326=B_SPLINE_CURVE_WITH_KNOTS('',2,(#13078,#13079,#13080,#13081),
 .UNSPECIFIED.,.F.,.F.,(3,1,3),(-2.,-1.,0.),.UNSPECIFIED.);
#327=B_SPLINE_CURVE_WITH_KNOTS('',2,(#13092,#13093,#13094,#13095),
 .UNSPECIFIED.,.F.,.F.,(3,1,3),(0.,1.,2.),.UNSPECIFIED.);
#328=B_SPLINE_CURVE_WITH_KNOTS('',2,(#13097,#13098,#13099,#13100),
 .UNSPECIFIED.,.F.,.F.,(3,1,3),(-2.,-1.,0.),.UNSPECIFIED.);
#329=B_SPLINE_CURVE_WITH_KNOTS('',2,(#13110,#13111,#13112,#13113),
 .UNSPECIFIED.,.F.,.F.,(3,1,3),(0.,1.,2.),.UNSPECIFIED.);
#330=B_SPLINE_CURVE_WITH_KNOTS('',2,(#13114,#13115,#13116,#13117),
 .UNSPECIFIED.,.F.,.F.,(3,1,3),(-2.,-1.,0.),.UNSPECIFIED.);
#331=B_SPLINE_CURVE_WITH_KNOTS('',2,(#13202,#13203,#13204,#13205),
 .UNSPECIFIED.,.F.,.F.,(3,1,3),(0.,1.,2.),.UNSPECIFIED.);
#332=B_SPLINE_CURVE_WITH_KNOTS('',2,(#13209,#13210,#13211,#13212),
 .UNSPECIFIED.,.F.,.F.,(3,1,3),(-2.,-1.,0.),.UNSPECIFIED.);
#333=B_SPLINE_CURVE_WITH_KNOTS('',2,(#13223,#13224,#13225,#13226),
 .UNSPECIFIED.,.F.,.F.,(3,1,3),(0.,1.,2.),.UNSPECIFIED.);
#334=B_SPLINE_CURVE_WITH_KNOTS('',2,(#13229,#13230,#13231,#13232),
 .UNSPECIFIED.,.F.,.F.,(3,1,3),(-2.,-1.,0.),.UNSPECIFIED.);
#335=B_SPLINE_CURVE_WITH_KNOTS('',2,(#13242,#13243,#13244,#13245),
 .UNSPECIFIED.,.F.,.F.,(3,1,3),(0.,1.,2.),.UNSPECIFIED.);
#336=B_SPLINE_CURVE_WITH_KNOTS('',2,(#13248,#13249,#13250,#13251),
 .UNSPECIFIED.,.F.,.F.,(3,1,3),(-2.,-1.,0.),.UNSPECIFIED.);
#337=B_SPLINE_CURVE_WITH_KNOTS('',2,(#13261,#13262,#13263,#13264),
 .UNSPECIFIED.,.F.,.F.,(3,1,3),(0.,1.,2.),.UNSPECIFIED.);
#338=B_SPLINE_CURVE_WITH_KNOTS('',2,(#13267,#13268,#13269,#13270),
 .UNSPECIFIED.,.F.,.F.,(3,1,3),(-2.,-1.,0.),.UNSPECIFIED.);
#339=B_SPLINE_CURVE_WITH_KNOTS('',2,(#13280,#13281,#13282,#13283),
 .UNSPECIFIED.,.F.,.F.,(3,1,3),(0.,1.,2.),.UNSPECIFIED.);
#340=B_SPLINE_CURVE_WITH_KNOTS('',2,(#13286,#13287,#13288,#13289),
 .UNSPECIFIED.,.F.,.F.,(3,1,3),(-2.,-1.,0.),.UNSPECIFIED.);
#341=B_SPLINE_CURVE_WITH_KNOTS('',2,(#13298,#13299,#13300,#13301),
 .UNSPECIFIED.,.F.,.F.,(3,1,3),(0.,1.,2.),.UNSPECIFIED.);
#342=B_SPLINE_CURVE_WITH_KNOTS('',2,(#13302,#13303,#13304,#13305),
 .UNSPECIFIED.,.F.,.F.,(3,1,3),(-2.,-1.,0.),.UNSPECIFIED.);
#343=B_SPLINE_CURVE_WITH_KNOTS('',2,(#13316,#13317,#13318,#13319),
 .UNSPECIFIED.,.F.,.F.,(3,1,3),(0.,1.,2.),.UNSPECIFIED.);
#344=B_SPLINE_CURVE_WITH_KNOTS('',2,(#13323,#13324,#13325,#13326),
 .UNSPECIFIED.,.F.,.F.,(3,1,3),(-2.,-1.,0.),.UNSPECIFIED.);
#345=B_SPLINE_CURVE_WITH_KNOTS('',2,(#13337,#13338,#13339,#13340),
 .UNSPECIFIED.,.F.,.F.,(3,1,3),(0.,1.,2.),.UNSPECIFIED.);
#346=B_SPLINE_CURVE_WITH_KNOTS('',2,(#13342,#13343,#13344,#13345),
 .UNSPECIFIED.,.F.,.F.,(3,1,3),(-2.,-1.,0.),.UNSPECIFIED.);
#347=B_SPLINE_CURVE_WITH_KNOTS('',2,(#13356,#13357,#13358,#13359),
 .UNSPECIFIED.,.F.,.F.,(3,1,3),(0.,1.,2.),.UNSPECIFIED.);
#348=B_SPLINE_CURVE_WITH_KNOTS('',2,(#13361,#13362,#13363,#13364),
 .UNSPECIFIED.,.F.,.F.,(3,1,3),(-2.,-1.,0.),.UNSPECIFIED.);
#349=B_SPLINE_CURVE_WITH_KNOTS('',2,(#13375,#13376,#13377,#13378),
 .UNSPECIFIED.,.F.,.F.,(3,1,3),(0.,1.,2.),.UNSPECIFIED.);
#350=B_SPLINE_CURVE_WITH_KNOTS('',2,(#13380,#13381,#13382,#13383),
 .UNSPECIFIED.,.F.,.F.,(3,1,3),(-2.,-1.,0.),.UNSPECIFIED.);
#351=B_SPLINE_CURVE_WITH_KNOTS('',2,(#13394,#13395,#13396,#13397),
 .UNSPECIFIED.,.F.,.F.,(3,1,3),(0.,1.,2.),.UNSPECIFIED.);
#352=B_SPLINE_CURVE_WITH_KNOTS('',2,(#13399,#13400,#13401,#13402),
 .UNSPECIFIED.,.F.,.F.,(3,1,3),(-2.,-1.,0.),.UNSPECIFIED.);
#353=B_SPLINE_CURVE_WITH_KNOTS('',2,(#13413,#13414,#13415,#13416),
 .UNSPECIFIED.,.F.,.F.,(3,1,3),(0.,1.,2.),.UNSPECIFIED.);
#354=B_SPLINE_CURVE_WITH_KNOTS('',2,(#13418,#13419,#13420,#13421),
 .UNSPECIFIED.,.F.,.F.,(3,1,3),(-2.,-1.,0.),.UNSPECIFIED.);
#355=B_SPLINE_CURVE_WITH_KNOTS('',2,(#13432,#13433,#13434,#13435),
 .UNSPECIFIED.,.F.,.F.,(3,1,3),(0.,1.,2.),.UNSPECIFIED.);
#356=B_SPLINE_CURVE_WITH_KNOTS('',2,(#13437,#13438,#13439,#13440),
 .UNSPECIFIED.,.F.,.F.,(3,1,3),(-2.,-1.,0.),.UNSPECIFIED.);
#357=B_SPLINE_CURVE_WITH_KNOTS('',2,(#13450,#13451,#13452,#13453),
 .UNSPECIFIED.,.F.,.F.,(3,1,3),(0.,1.,2.),.UNSPECIFIED.);
#358=B_SPLINE_CURVE_WITH_KNOTS('',2,(#13454,#13455,#13456,#13457),
 .UNSPECIFIED.,.F.,.F.,(3,1,3),(-2.,-1.,0.),.UNSPECIFIED.);
#359=B_SPLINE_CURVE_WITH_KNOTS('',2,(#13518,#13519,#13520,#13521),
 .UNSPECIFIED.,.F.,.F.,(3,1,3),(0.,1.,2.),.UNSPECIFIED.);
#360=B_SPLINE_CURVE_WITH_KNOTS('',2,(#13525,#13526,#13527,#13528),
 .UNSPECIFIED.,.F.,.F.,(3,1,3),(-2.,-1.,0.),.UNSPECIFIED.);
#361=B_SPLINE_CURVE_WITH_KNOTS('',2,(#13539,#13540,#13541,#13542),
 .UNSPECIFIED.,.F.,.F.,(3,1,3),(0.,1.,2.),.UNSPECIFIED.);
#362=B_SPLINE_CURVE_WITH_KNOTS('',2,(#13545,#13546,#13547,#13548),
 .UNSPECIFIED.,.F.,.F.,(3,1,3),(-2.,-1.,0.),.UNSPECIFIED.);
#363=B_SPLINE_CURVE_WITH_KNOTS('',2,(#13558,#13559,#13560,#13561),
 .UNSPECIFIED.,.F.,.F.,(3,1,3),(0.,1.,2.),.UNSPECIFIED.);
#364=B_SPLINE_CURVE_WITH_KNOTS('',2,(#13564,#13565,#13566,#13567),
 .UNSPECIFIED.,.F.,.F.,(3,1,3),(-2.,-1.,0.),.UNSPECIFIED.);
#365=B_SPLINE_CURVE_WITH_KNOTS('',2,(#13577,#13578,#13579,#13580),
 .UNSPECIFIED.,.F.,.F.,(3,1,3),(0.,1.,2.),.UNSPECIFIED.);
#366=B_SPLINE_CURVE_WITH_KNOTS('',2,(#13583,#13584,#13585,#13586),
 .UNSPECIFIED.,.F.,.F.,(3,1,3),(-2.,-1.,0.),.UNSPECIFIED.);
#367=B_SPLINE_CURVE_WITH_KNOTS('',2,(#13595,#13596,#13597,#13598),
 .UNSPECIFIED.,.F.,.F.,(3,1,3),(0.,1.,2.),.UNSPECIFIED.);
#368=B_SPLINE_CURVE_WITH_KNOTS('',2,(#13599,#13600,#13601,#13602),
 .UNSPECIFIED.,.F.,.F.,(3,1,3),(-2.,-1.,0.),.UNSPECIFIED.);
#369=B_SPLINE_CURVE_WITH_KNOTS('',2,(#13613,#13614,#13615,#13616),
 .UNSPECIFIED.,.F.,.F.,(3,1,3),(0.,1.,2.),.UNSPECIFIED.);
#370=B_SPLINE_CURVE_WITH_KNOTS('',2,(#13620,#13621,#13622,#13623),
 .UNSPECIFIED.,.F.,.F.,(3,1,3),(-2.,-1.,0.),.UNSPECIFIED.);
#371=B_SPLINE_CURVE_WITH_KNOTS('',2,(#13634,#13635,#13636,#13637),
 .UNSPECIFIED.,.F.,.F.,(3,1,3),(0.,1.,2.),.UNSPECIFIED.);
#372=B_SPLINE_CURVE_WITH_KNOTS('',2,(#13640,#13641,#13642,#13643),
 .UNSPECIFIED.,.F.,.F.,(3,1,3),(-2.,-1.,0.),.UNSPECIFIED.);
#373=B_SPLINE_CURVE_WITH_KNOTS('',2,(#13653,#13654,#13655,#13656),
 .UNSPECIFIED.,.F.,.F.,(3,1,3),(0.,1.,2.),.UNSPECIFIED.);
#374=B_SPLINE_CURVE_WITH_KNOTS('',2,(#13659,#13660,#13661,#13662),
 .UNSPECIFIED.,.F.,.F.,(3,1,3),(-2.,-1.,0.),.UNSPECIFIED.);
#375=B_SPLINE_CURVE_WITH_KNOTS('',2,(#13672,#13673,#13674,#13675),
 .UNSPECIFIED.,.F.,.F.,(3,1,3),(0.,1.,2.),.UNSPECIFIED.);
#376=B_SPLINE_CURVE_WITH_KNOTS('',2,(#13678,#13679,#13680,#13681),
 .UNSPECIFIED.,.F.,.F.,(3,1,3),(-2.,-1.,0.),.UNSPECIFIED.);
#377=B_SPLINE_CURVE_WITH_KNOTS('',2,(#13690,#13691,#13692,#13693),
 .UNSPECIFIED.,.F.,.F.,(3,1,3),(0.,1.,2.),.UNSPECIFIED.);
#378=B_SPLINE_CURVE_WITH_KNOTS('',2,(#13694,#13695,#13696,#13697),
 .UNSPECIFIED.,.F.,.F.,(3,1,3),(-2.,-1.,0.),.UNSPECIFIED.);
#379=B_SPLINE_CURVE_WITH_KNOTS('',2,(#13708,#13709,#13710,#13711),
 .UNSPECIFIED.,.F.,.F.,(3,1,3),(0.,1.,2.),.UNSPECIFIED.);
#380=B_SPLINE_CURVE_WITH_KNOTS('',2,(#13715,#13716,#13717,#13718),
 .UNSPECIFIED.,.F.,.F.,(3,1,3),(-2.,-1.,0.),.UNSPECIFIED.);
#381=B_SPLINE_CURVE_WITH_KNOTS('',2,(#13729,#13730,#13731,#13732),
 .UNSPECIFIED.,.F.,.F.,(3,1,3),(0.,1.,2.),.UNSPECIFIED.);
#382=B_SPLINE_CURVE_WITH_KNOTS('',2,(#13734,#13735,#13736,#13737),
 .UNSPECIFIED.,.F.,.F.,(3,1,3),(-2.,-1.,0.),.UNSPECIFIED.);
#383=B_SPLINE_CURVE_WITH_KNOTS('',2,(#13754,#13755,#13756,#13757),
 .UNSPECIFIED.,.F.,.F.,(3,1,3),(0.,1.,2.),.UNSPECIFIED.);
#384=B_SPLINE_CURVE_WITH_KNOTS('',2,(#13759,#13760,#13761,#13762),
 .UNSPECIFIED.,.F.,.F.,(3,1,3),(-2.,-1.,0.),.UNSPECIFIED.);
#385=B_SPLINE_CURVE_WITH_KNOTS('',2,(#13773,#13774,#13775,#13776),
 .UNSPECIFIED.,.F.,.F.,(3,1,3),(0.,1.,2.),.UNSPECIFIED.);
#386=B_SPLINE_CURVE_WITH_KNOTS('',2,(#13778,#13779,#13780,#13781),
 .UNSPECIFIED.,.F.,.F.,(3,1,3),(-2.,-1.,0.),.UNSPECIFIED.);
#387=B_SPLINE_CURVE_WITH_KNOTS('',2,(#13792,#13793,#13794,#13795),
 .UNSPECIFIED.,.F.,.F.,(3,1,3),(0.,1.,2.),.UNSPECIFIED.);
#388=B_SPLINE_CURVE_WITH_KNOTS('',2,(#13797,#13798,#13799,#13800),
 .UNSPECIFIED.,.F.,.F.,(3,1,3),(-2.,-1.,0.),.UNSPECIFIED.);
#389=B_SPLINE_CURVE_WITH_KNOTS('',2,(#13811,#13812,#13813,#13814),
 .UNSPECIFIED.,.F.,.F.,(3,1,3),(0.,1.,2.),.UNSPECIFIED.);
#390=B_SPLINE_CURVE_WITH_KNOTS('',2,(#13816,#13817,#13818,#13819),
 .UNSPECIFIED.,.F.,.F.,(3,1,3),(-2.,-1.,0.),.UNSPECIFIED.);
#391=B_SPLINE_CURVE_WITH_KNOTS('',2,(#13836,#13837,#13838,#13839),
 .UNSPECIFIED.,.F.,.F.,(3,1,3),(0.,1.,2.),.UNSPECIFIED.);
#392=B_SPLINE_CURVE_WITH_KNOTS('',2,(#13841,#13842,#13843,#13844),
 .UNSPECIFIED.,.F.,.F.,(3,1,3),(-2.,-1.,0.),.UNSPECIFIED.);
#393=B_SPLINE_CURVE_WITH_KNOTS('',2,(#13855,#13856,#13857,#13858),
 .UNSPECIFIED.,.F.,.F.,(3,1,3),(0.,1.,2.),.UNSPECIFIED.);
#394=B_SPLINE_CURVE_WITH_KNOTS('',2,(#13860,#13861,#13862,#13863),
 .UNSPECIFIED.,.F.,.F.,(3,1,3),(-2.,-1.,0.),.UNSPECIFIED.);
#395=B_SPLINE_CURVE_WITH_KNOTS('',2,(#13873,#13874,#13875,#13876),
 .UNSPECIFIED.,.F.,.F.,(3,1,3),(0.,1.,2.),.UNSPECIFIED.);
#396=B_SPLINE_CURVE_WITH_KNOTS('',2,(#13877,#13878,#13879,#13880),
 .UNSPECIFIED.,.F.,.F.,(3,1,3),(-2.,-1.,0.),.UNSPECIFIED.);
#397=B_SPLINE_CURVE_WITH_KNOTS('',2,(#13892,#13893,#13894,#13895),
 .UNSPECIFIED.,.F.,.F.,(3,1,3),(0.,1.,2.),.UNSPECIFIED.);
#398=B_SPLINE_CURVE_WITH_KNOTS('',2,(#13899,#13900,#13901,#13902),
 .UNSPECIFIED.,.F.,.F.,(3,1,3),(-2.,-1.,0.),.UNSPECIFIED.);
#399=B_SPLINE_CURVE_WITH_KNOTS('',2,(#13913,#13914,#13915,#13916),
 .UNSPECIFIED.,.F.,.F.,(3,1,3),(0.,1.,2.),.UNSPECIFIED.);
#400=B_SPLINE_CURVE_WITH_KNOTS('',2,(#13919,#13920,#13921,#13922),
 .UNSPECIFIED.,.F.,.F.,(3,1,3),(-2.,-1.,0.),.UNSPECIFIED.);
#401=B_SPLINE_CURVE_WITH_KNOTS('',2,(#13950,#13951,#13952,#13953),
 .UNSPECIFIED.,.F.,.F.,(3,1,3),(0.,1.,2.),.UNSPECIFIED.);
#402=B_SPLINE_CURVE_WITH_KNOTS('',2,(#13956,#13957,#13958,#13959),
 .UNSPECIFIED.,.F.,.F.,(3,1,3),(-2.,-1.,0.),.UNSPECIFIED.);
#403=B_SPLINE_CURVE_WITH_KNOTS('',2,(#13968,#13969,#13970,#13971),
 .UNSPECIFIED.,.F.,.F.,(3,1,3),(0.,1.,2.),.UNSPECIFIED.);
#404=B_SPLINE_CURVE_WITH_KNOTS('',2,(#13972,#13973,#13974,#13975),
 .UNSPECIFIED.,.F.,.F.,(3,1,3),(-2.,-1.,0.),.UNSPECIFIED.);
#405=B_SPLINE_CURVE_WITH_KNOTS('',2,(#13986,#13987,#13988,#13989),
 .UNSPECIFIED.,.F.,.F.,(3,1,3),(0.,1.,2.),.UNSPECIFIED.);
#406=B_SPLINE_CURVE_WITH_KNOTS('',2,(#13993,#13994,#13995,#13996),
 .UNSPECIFIED.,.F.,.F.,(3,1,3),(-2.,-1.,0.),.UNSPECIFIED.);
#407=B_SPLINE_CURVE_WITH_KNOTS('',2,(#14007,#14008,#14009,#14010),
 .UNSPECIFIED.,.F.,.F.,(3,1,3),(0.,1.,2.),.UNSPECIFIED.);
#408=B_SPLINE_CURVE_WITH_KNOTS('',2,(#14013,#14014,#14015,#14016),
 .UNSPECIFIED.,.F.,.F.,(3,1,3),(-2.,-1.,0.),.UNSPECIFIED.);
#409=B_SPLINE_CURVE_WITH_KNOTS('',2,(#14044,#14045,#14046,#14047),
 .UNSPECIFIED.,.F.,.F.,(3,1,3),(0.,1.,2.),.UNSPECIFIED.);
#410=B_SPLINE_CURVE_WITH_KNOTS('',2,(#14050,#14051,#14052,#14053),
 .UNSPECIFIED.,.F.,.F.,(3,1,3),(-2.,-1.,0.),.UNSPECIFIED.);
#411=B_SPLINE_CURVE_WITH_KNOTS('',2,(#14062,#14063,#14064,#14065),
 .UNSPECIFIED.,.F.,.F.,(3,1,3),(0.,1.,2.),.UNSPECIFIED.);
#412=B_SPLINE_CURVE_WITH_KNOTS('',2,(#14066,#14067,#14068,#14069),
 .UNSPECIFIED.,.F.,.F.,(3,1,3),(-2.,-1.,0.),.UNSPECIFIED.);
#413=B_SPLINE_CURVE_WITH_KNOTS('',2,(#14080,#14081,#14082,#14083),
 .UNSPECIFIED.,.F.,.F.,(3,1,3),(0.,1.,2.),.UNSPECIFIED.);
#414=B_SPLINE_CURVE_WITH_KNOTS('',2,(#14087,#14088,#14089,#14090),
 .UNSPECIFIED.,.F.,.F.,(3,1,3),(-2.,-1.,0.),.UNSPECIFIED.);
#415=B_SPLINE_CURVE_WITH_KNOTS('',2,(#14119,#14120,#14121,#14122),
 .UNSPECIFIED.,.F.,.F.,(3,1,3),(0.,1.,2.),.UNSPECIFIED.);
#416=B_SPLINE_CURVE_WITH_KNOTS('',2,(#14124,#14125,#14126,#14127),
 .UNSPECIFIED.,.F.,.F.,(3,1,3),(-2.,-1.,0.),.UNSPECIFIED.);
#417=B_SPLINE_CURVE_WITH_KNOTS('',2,(#14138,#14139,#14140,#14141),
 .UNSPECIFIED.,.F.,.F.,(3,1,3),(0.,1.,2.),.UNSPECIFIED.);
#418=B_SPLINE_CURVE_WITH_KNOTS('',2,(#14143,#14144,#14145,#14146),
 .UNSPECIFIED.,.F.,.F.,(3,1,3),(-2.,-1.,0.),.UNSPECIFIED.);
#419=B_SPLINE_CURVE_WITH_KNOTS('',2,(#14157,#14158,#14159,#14160),
 .UNSPECIFIED.,.F.,.F.,(3,1,3),(0.,1.,2.),.UNSPECIFIED.);
#420=B_SPLINE_CURVE_WITH_KNOTS('',2,(#14162,#14163,#14164,#14165),
 .UNSPECIFIED.,.F.,.F.,(3,1,3),(-2.,-1.,0.),.UNSPECIFIED.);
#421=B_SPLINE_CURVE_WITH_KNOTS('',2,(#14182,#14183,#14184,#14185),
 .UNSPECIFIED.,.F.,.F.,(3,1,3),(0.,1.,2.),.UNSPECIFIED.);
#422=B_SPLINE_CURVE_WITH_KNOTS('',2,(#14187,#14188,#14189,#14190),
 .UNSPECIFIED.,.F.,.F.,(3,1,3),(-2.,-1.,0.),.UNSPECIFIED.);
#423=B_SPLINE_CURVE_WITH_KNOTS('',2,(#14200,#14201,#14202,#14203),
 .UNSPECIFIED.,.F.,.F.,(3,1,3),(0.,1.,2.),.UNSPECIFIED.);
#424=B_SPLINE_CURVE_WITH_KNOTS('',2,(#14204,#14205,#14206,#14207),
 .UNSPECIFIED.,.F.,.F.,(3,1,3),(-2.,-1.,0.),.UNSPECIFIED.);
#425=B_SPLINE_CURVE_WITH_KNOTS('',2,(#14219,#14220,#14221,#14222),
 .UNSPECIFIED.,.F.,.F.,(3,1,3),(0.,1.,2.),.UNSPECIFIED.);
#426=B_SPLINE_CURVE_WITH_KNOTS('',2,(#14226,#14227,#14228,#14229),
 .UNSPECIFIED.,.F.,.F.,(3,1,3),(-2.,-1.,0.),.UNSPECIFIED.);
#427=B_SPLINE_CURVE_WITH_KNOTS('',2,(#14252,#14253,#14254,#14255),
 .UNSPECIFIED.,.F.,.F.,(3,1,3),(0.,1.,2.),.UNSPECIFIED.);
#428=B_SPLINE_CURVE_WITH_KNOTS('',2,(#14257,#14258,#14259,#14260),
 .UNSPECIFIED.,.F.,.F.,(3,1,3),(-2.,-1.,0.),.UNSPECIFIED.);
#429=B_SPLINE_CURVE_WITH_KNOTS('',2,(#14271,#14272,#14273,#14274),
 .UNSPECIFIED.,.F.,.F.,(3,1,3),(0.,1.,2.),.UNSPECIFIED.);
#430=B_SPLINE_CURVE_WITH_KNOTS('',2,(#14276,#14277,#14278,#14279),
 .UNSPECIFIED.,.F.,.F.,(3,1,3),(-2.,-1.,0.),.UNSPECIFIED.);
#431=B_SPLINE_CURVE_WITH_KNOTS('',2,(#14290,#14291,#14292,#14293),
 .UNSPECIFIED.,.F.,.F.,(3,1,3),(0.,1.,2.),.UNSPECIFIED.);
#432=B_SPLINE_CURVE_WITH_KNOTS('',2,(#14295,#14296,#14297,#14298),
 .UNSPECIFIED.,.F.,.F.,(3,1,3),(-2.,-1.,0.),.UNSPECIFIED.);
#433=B_SPLINE_CURVE_WITH_KNOTS('',2,(#14338,#14339,#14340,#14341),
 .UNSPECIFIED.,.F.,.F.,(3,1,3),(0.,1.,2.),.UNSPECIFIED.);
#434=B_SPLINE_CURVE_WITH_KNOTS('',2,(#14342,#14343,#14344,#14345),
 .UNSPECIFIED.,.F.,.F.,(3,1,3),(-2.,-1.,0.),.UNSPECIFIED.);
#435=B_SPLINE_CURVE_WITH_KNOTS('',2,(#14357,#14358,#14359,#14360),
 .UNSPECIFIED.,.F.,.F.,(3,1,3),(0.,1.,2.),.UNSPECIFIED.);
#436=B_SPLINE_CURVE_WITH_KNOTS('',2,(#14364,#14365,#14366,#14367),
 .UNSPECIFIED.,.F.,.F.,(3,1,3),(-2.,-1.,0.),.UNSPECIFIED.);
#437=B_SPLINE_CURVE_WITH_KNOTS('',2,(#14378,#14379,#14380,#14381),
 .UNSPECIFIED.,.F.,.F.,(3,1,3),(0.,1.,2.),.UNSPECIFIED.);
#438=B_SPLINE_CURVE_WITH_KNOTS('',2,(#14383,#14384,#14385,#14386),
 .UNSPECIFIED.,.F.,.F.,(3,1,3),(-2.,-1.,0.),.UNSPECIFIED.);
#439=B_SPLINE_CURVE_WITH_KNOTS('',2,(#14409,#14410,#14411,#14412),
 .UNSPECIFIED.,.F.,.F.,(3,1,3),(0.,1.,2.),.UNSPECIFIED.);
#440=B_SPLINE_CURVE_WITH_KNOTS('',2,(#14414,#14415,#14416,#14417),
 .UNSPECIFIED.,.F.,.F.,(3,1,3),(-2.,-1.,0.),.UNSPECIFIED.);
#441=B_SPLINE_CURVE_WITH_KNOTS('',2,(#14428,#14429,#14430,#14431),
 .UNSPECIFIED.,.F.,.F.,(3,1,3),(0.,1.,2.),.UNSPECIFIED.);
#442=B_SPLINE_CURVE_WITH_KNOTS('',2,(#14433,#14434,#14435,#14436),
 .UNSPECIFIED.,.F.,.F.,(3,1,3),(-2.,-1.,0.),.UNSPECIFIED.);
#443=B_SPLINE_CURVE_WITH_KNOTS('',2,(#14447,#14448,#14449,#14450),
 .UNSPECIFIED.,.F.,.F.,(3,1,3),(0.,1.,2.),.UNSPECIFIED.);
#444=B_SPLINE_CURVE_WITH_KNOTS('',2,(#14452,#14453,#14454,#14455),
 .UNSPECIFIED.,.F.,.F.,(3,1,3),(-2.,-1.,0.),.UNSPECIFIED.);
#445=B_SPLINE_CURVE_WITH_KNOTS('',2,(#14466,#14467,#14468,#14469),
 .UNSPECIFIED.,.F.,.F.,(3,1,3),(0.,1.,2.),.UNSPECIFIED.);
#446=B_SPLINE_CURVE_WITH_KNOTS('',2,(#14471,#14472,#14473,#14474),
 .UNSPECIFIED.,.F.,.F.,(3,1,3),(-2.,-1.,0.),.UNSPECIFIED.);
#447=B_SPLINE_CURVE_WITH_KNOTS('',2,(#14485,#14486,#14487,#14488),
 .UNSPECIFIED.,.F.,.F.,(3,1,3),(0.,1.,2.),.UNSPECIFIED.);
#448=B_SPLINE_CURVE_WITH_KNOTS('',2,(#14490,#14491,#14492,#14493),
 .UNSPECIFIED.,.F.,.F.,(3,1,3),(-2.,-1.,0.),.UNSPECIFIED.);
#449=B_SPLINE_CURVE_WITH_KNOTS('',2,(#14504,#14505,#14506,#14507),
 .UNSPECIFIED.,.F.,.F.,(3,1,3),(0.,1.,2.),.UNSPECIFIED.);
#450=B_SPLINE_CURVE_WITH_KNOTS('',2,(#14509,#14510,#14511,#14512),
 .UNSPECIFIED.,.F.,.F.,(3,1,3),(-2.,-1.,0.),.UNSPECIFIED.);
#451=B_SPLINE_CURVE_WITH_KNOTS('',2,(#14523,#14524,#14525,#14526),
 .UNSPECIFIED.,.F.,.F.,(3,1,3),(0.,1.,2.),.UNSPECIFIED.);
#452=B_SPLINE_CURVE_WITH_KNOTS('',2,(#14528,#14529,#14530,#14531),
 .UNSPECIFIED.,.F.,.F.,(3,1,3),(-2.,-1.,0.),.UNSPECIFIED.);
#453=B_SPLINE_CURVE_WITH_KNOTS('',2,(#14572,#14573,#14574,#14575),
 .UNSPECIFIED.,.F.,.F.,(3,1,3),(0.,1.,2.),.UNSPECIFIED.);
#454=B_SPLINE_CURVE_WITH_KNOTS('',2,(#14577,#14578,#14579,#14580),
 .UNSPECIFIED.,.F.,.F.,(3,1,3),(-2.,-1.,0.),.UNSPECIFIED.);
#455=B_SPLINE_CURVE_WITH_KNOTS('',2,(#14591,#14592,#14593,#14594),
 .UNSPECIFIED.,.F.,.F.,(3,1,3),(0.,1.,2.),.UNSPECIFIED.);
#456=B_SPLINE_CURVE_WITH_KNOTS('',2,(#14596,#14597,#14598,#14599),
 .UNSPECIFIED.,.F.,.F.,(3,1,3),(-2.,-1.,0.),.UNSPECIFIED.);
#457=B_SPLINE_CURVE_WITH_KNOTS('',2,(#14610,#14611,#14612,#14613),
 .UNSPECIFIED.,.F.,.F.,(3,1,3),(0.,1.,2.),.UNSPECIFIED.);
#458=B_SPLINE_CURVE_WITH_KNOTS('',2,(#14615,#14616,#14617,#14618),
 .UNSPECIFIED.,.F.,.F.,(3,1,3),(-2.,-1.,0.),.UNSPECIFIED.);
#459=B_SPLINE_CURVE_WITH_KNOTS('',2,(#14628,#14629,#14630,#14631),
 .UNSPECIFIED.,.F.,.F.,(3,1,3),(0.,1.,2.),.UNSPECIFIED.);
#460=B_SPLINE_CURVE_WITH_KNOTS('',2,(#14632,#14633,#14634,#14635),
 .UNSPECIFIED.,.F.,.F.,(3,1,3),(-2.,-1.,0.),.UNSPECIFIED.);
#461=B_SPLINE_CURVE_WITH_KNOTS('',2,(#14647,#14648,#14649,#14650),
 .UNSPECIFIED.,.F.,.F.,(3,1,3),(0.,1.,2.),.UNSPECIFIED.);
#462=B_SPLINE_CURVE_WITH_KNOTS('',2,(#14654,#14655,#14656,#14657),
 .UNSPECIFIED.,.F.,.F.,(3,1,3),(-2.,-1.,0.),.UNSPECIFIED.);
#463=B_SPLINE_CURVE_WITH_KNOTS('',2,(#14668,#14669,#14670,#14671),
 .UNSPECIFIED.,.F.,.F.,(3,1,3),(0.,1.,2.),.UNSPECIFIED.);
#464=B_SPLINE_CURVE_WITH_KNOTS('',2,(#14674,#14675,#14676,#14677),
 .UNSPECIFIED.,.F.,.F.,(3,1,3),(-2.,-1.,0.),.UNSPECIFIED.);
#465=B_SPLINE_CURVE_WITH_KNOTS('',2,(#14705,#14706,#14707,#14708),
 .UNSPECIFIED.,.F.,.F.,(3,1,3),(0.,1.,2.),.UNSPECIFIED.);
#466=B_SPLINE_CURVE_WITH_KNOTS('',2,(#14711,#14712,#14713,#14714),
 .UNSPECIFIED.,.F.,.F.,(3,1,3),(-2.,-1.,0.),.UNSPECIFIED.);
#467=B_SPLINE_CURVE_WITH_KNOTS('',2,(#14723,#14724,#14725,#14726),
 .UNSPECIFIED.,.F.,.F.,(3,1,3),(0.,1.,2.),.UNSPECIFIED.);
#468=B_SPLINE_CURVE_WITH_KNOTS('',2,(#14727,#14728,#14729,#14730),
 .UNSPECIFIED.,.F.,.F.,(3,1,3),(-2.,-1.,0.),.UNSPECIFIED.);
#469=B_SPLINE_CURVE_WITH_KNOTS('',2,(#14741,#14742,#14743,#14744),
 .UNSPECIFIED.,.F.,.F.,(3,1,3),(0.,1.,2.),.UNSPECIFIED.);
#470=B_SPLINE_CURVE_WITH_KNOTS('',2,(#14748,#14749,#14750,#14751),
 .UNSPECIFIED.,.F.,.F.,(3,1,3),(-2.,-1.,0.),.UNSPECIFIED.);
#471=B_SPLINE_CURVE_WITH_KNOTS('',2,(#14780,#14781,#14782,#14783),
 .UNSPECIFIED.,.F.,.F.,(3,1,3),(0.,1.,2.),.UNSPECIFIED.);
#472=B_SPLINE_CURVE_WITH_KNOTS('',2,(#14785,#14786,#14787,#14788),
 .UNSPECIFIED.,.F.,.F.,(3,1,3),(-2.,-1.,0.),.UNSPECIFIED.);
#473=B_SPLINE_CURVE_WITH_KNOTS('',2,(#14799,#14800,#14801,#14802),
 .UNSPECIFIED.,.F.,.F.,(3,1,3),(0.,1.,2.),.UNSPECIFIED.);
#474=B_SPLINE_CURVE_WITH_KNOTS('',2,(#14804,#14805,#14806,#14807),
 .UNSPECIFIED.,.F.,.F.,(3,1,3),(-2.,-1.,0.),.UNSPECIFIED.);
#475=B_SPLINE_CURVE_WITH_KNOTS('',2,(#14817,#14818,#14819,#14820),
 .UNSPECIFIED.,.F.,.F.,(3,1,3),(0.,1.,2.),.UNSPECIFIED.);
#476=B_SPLINE_CURVE_WITH_KNOTS('',2,(#14821,#14822,#14823,#14824),
 .UNSPECIFIED.,.F.,.F.,(3,1,3),(-2.,-1.,0.),.UNSPECIFIED.);
#477=B_SPLINE_CURVE_WITH_KNOTS('',2,(#14836,#14837,#14838,#14839),
 .UNSPECIFIED.,.F.,.F.,(3,1,3),(0.,1.,2.),.UNSPECIFIED.);
#478=B_SPLINE_CURVE_WITH_KNOTS('',2,(#14843,#14844,#14845,#14846),
 .UNSPECIFIED.,.F.,.F.,(3,1,3),(-2.,-1.,0.),.UNSPECIFIED.);
#479=B_SPLINE_CURVE_WITH_KNOTS('',2,(#14857,#14858,#14859,#14860),
 .UNSPECIFIED.,.F.,.F.,(3,1,3),(0.,1.,2.),.UNSPECIFIED.);
#480=B_SPLINE_CURVE_WITH_KNOTS('',2,(#14862,#14863,#14864,#14865),
 .UNSPECIFIED.,.F.,.F.,(3,1,3),(-2.,-1.,0.),.UNSPECIFIED.);
#481=B_SPLINE_CURVE_WITH_KNOTS('',2,(#14876,#14877,#14878,#14879),
 .UNSPECIFIED.,.F.,.F.,(3,1,3),(0.,1.,2.),.UNSPECIFIED.);
#482=B_SPLINE_CURVE_WITH_KNOTS('',2,(#14881,#14882,#14883,#14884),
 .UNSPECIFIED.,.F.,.F.,(3,1,3),(-2.,-1.,0.),.UNSPECIFIED.);
#483=B_SPLINE_CURVE_WITH_KNOTS('',2,(#14895,#14896,#14897,#14898),
 .UNSPECIFIED.,.F.,.F.,(3,1,3),(0.,1.,2.),.UNSPECIFIED.);
#484=B_SPLINE_CURVE_WITH_KNOTS('',2,(#14900,#14901,#14902,#14903),
 .UNSPECIFIED.,.F.,.F.,(3,1,3),(-2.,-1.,0.),.UNSPECIFIED.);
#485=B_SPLINE_CURVE_WITH_KNOTS('',2,(#14914,#14915,#14916,#14917),
 .UNSPECIFIED.,.F.,.F.,(3,1,3),(0.,1.,2.),.UNSPECIFIED.);
#486=B_SPLINE_CURVE_WITH_KNOTS('',2,(#14919,#14920,#14921,#14922),
 .UNSPECIFIED.,.F.,.F.,(3,1,3),(-2.,-1.,0.),.UNSPECIFIED.);
#487=B_SPLINE_CURVE_WITH_KNOTS('',2,(#14945,#14946,#14947,#14948),
 .UNSPECIFIED.,.F.,.F.,(3,1,3),(0.,1.,2.),.UNSPECIFIED.);
#488=B_SPLINE_CURVE_WITH_KNOTS('',2,(#14950,#14951,#14952,#14953),
 .UNSPECIFIED.,.F.,.F.,(3,1,3),(-2.,-1.,0.),.UNSPECIFIED.);
#489=B_SPLINE_CURVE_WITH_KNOTS('',2,(#14964,#14965,#14966,#14967),
 .UNSPECIFIED.,.F.,.F.,(3,1,3),(0.,1.,2.),.UNSPECIFIED.);
#490=B_SPLINE_CURVE_WITH_KNOTS('',2,(#14969,#14970,#14971,#14972),
 .UNSPECIFIED.,.F.,.F.,(3,1,3),(-2.,-1.,0.),.UNSPECIFIED.);
#491=B_SPLINE_CURVE_WITH_KNOTS('',2,(#14983,#14984,#14985,#14986),
 .UNSPECIFIED.,.F.,.F.,(3,1,3),(0.,1.,2.),.UNSPECIFIED.);
#492=B_SPLINE_CURVE_WITH_KNOTS('',2,(#14988,#14989,#14990,#14991),
 .UNSPECIFIED.,.F.,.F.,(3,1,3),(-2.,-1.,0.),.UNSPECIFIED.);
#493=B_SPLINE_CURVE_WITH_KNOTS('',2,(#15002,#15003,#15004,#15005),
 .UNSPECIFIED.,.F.,.F.,(3,1,3),(0.,1.,2.),.UNSPECIFIED.);
#494=B_SPLINE_CURVE_WITH_KNOTS('',2,(#15007,#15008,#15009,#15010),
 .UNSPECIFIED.,.F.,.F.,(3,1,3),(-2.,-1.,0.),.UNSPECIFIED.);
#495=B_SPLINE_CURVE_WITH_KNOTS('',2,(#15021,#15022,#15023,#15024),
 .UNSPECIFIED.,.F.,.F.,(3,1,3),(0.,1.,2.),.UNSPECIFIED.);
#496=B_SPLINE_CURVE_WITH_KNOTS('',2,(#15026,#15027,#15028,#15029),
 .UNSPECIFIED.,.F.,.F.,(3,1,3),(-2.,-1.,0.),.UNSPECIFIED.);
#497=B_SPLINE_CURVE_WITH_KNOTS('',2,(#15040,#15041,#15042,#15043),
 .UNSPECIFIED.,.F.,.F.,(3,1,3),(0.,1.,2.),.UNSPECIFIED.);
#498=B_SPLINE_CURVE_WITH_KNOTS('',2,(#15045,#15046,#15047,#15048),
 .UNSPECIFIED.,.F.,.F.,(3,1,3),(-2.,-1.,0.),.UNSPECIFIED.);
#499=B_SPLINE_CURVE_WITH_KNOTS('',2,(#15059,#15060,#15061,#15062),
 .UNSPECIFIED.,.F.,.F.,(3,1,3),(0.,1.,2.),.UNSPECIFIED.);
#500=B_SPLINE_CURVE_WITH_KNOTS('',2,(#15064,#15065,#15066,#15067),
 .UNSPECIFIED.,.F.,.F.,(3,1,3),(-2.,-1.,0.),.UNSPECIFIED.);
#501=B_SPLINE_CURVE_WITH_KNOTS('',2,(#15078,#15079,#15080,#15081),
 .UNSPECIFIED.,.F.,.F.,(3,1,3),(0.,1.,2.),.UNSPECIFIED.);
#502=B_SPLINE_CURVE_WITH_KNOTS('',2,(#15083,#15084,#15085,#15086),
 .UNSPECIFIED.,.F.,.F.,(3,1,3),(-2.,-1.,0.),.UNSPECIFIED.);
#503=B_SPLINE_CURVE_WITH_KNOTS('',2,(#15109,#15110,#15111,#15112),
 .UNSPECIFIED.,.F.,.F.,(3,1,3),(0.,1.,2.),.UNSPECIFIED.);
#504=B_SPLINE_CURVE_WITH_KNOTS('',2,(#15114,#15115,#15116,#15117),
 .UNSPECIFIED.,.F.,.F.,(3,1,3),(-2.,-1.,0.),.UNSPECIFIED.);
#505=B_SPLINE_CURVE_WITH_KNOTS('',2,(#15128,#15129,#15130,#15131),
 .UNSPECIFIED.,.F.,.F.,(3,1,3),(0.,1.,2.),.UNSPECIFIED.);
#506=B_SPLINE_CURVE_WITH_KNOTS('',2,(#15133,#15134,#15135,#15136),
 .UNSPECIFIED.,.F.,.F.,(3,1,3),(-2.,-1.,0.),.UNSPECIFIED.);
#507=B_SPLINE_CURVE_WITH_KNOTS('',2,(#15146,#15147,#15148,#15149),
 .UNSPECIFIED.,.F.,.F.,(3,1,3),(0.,1.,2.),.UNSPECIFIED.);
#508=B_SPLINE_CURVE_WITH_KNOTS('',2,(#15150,#15151,#15152,#15153),
 .UNSPECIFIED.,.F.,.F.,(3,1,3),(-2.,-1.,0.),.UNSPECIFIED.);
#509=STYLED_ITEM('',(#15194),#542);
#510=STYLED_ITEM('',(#15195),#543);
#511=STYLED_ITEM('',(#15196),#544);
#512=STYLED_ITEM('',(#15194),#545);
#513=STYLED_ITEM('',(#15197),#8084);
#514=STYLED_ITEM('',(#15197),#546);
#515=STYLED_ITEM('',(#15197),#547);
#516=STYLED_ITEM('',(#15198),#548);
#517=STYLED_ITEM('',(#15199),#549);
#518=STYLED_ITEM('',(#15200),#550);
#519=STYLED_ITEM('',(#15201),#551);
#520=STYLED_ITEM('',(#15203),#8119);
#521=STYLED_ITEM('',(#15203),#8141);
#522=STYLED_ITEM('',(#15203),#8156);
#523=STYLED_ITEM('',(#15203),#8166);
#524=STYLED_ITEM('',(#15203),#8171);
#525=STYLED_ITEM('',(#15203),#8189);
#526=STYLED_ITEM('',(#15203),#8208);
#527=STYLED_ITEM('',(#15203),#8223);
#528=STYLED_ITEM('',(#15203),#8237);
#529=STYLED_ITEM('',(#15203),#8254);
#530=STYLED_ITEM('',(#15203),#8263);
#531=STYLED_ITEM('',(#15203),#8284);
#532=STYLED_ITEM('',(#15203),#8297);
#533=STYLED_ITEM('',(#15203),#8312);
#534=STYLED_ITEM('',(#15203),#8321);
#535=STYLED_ITEM('',(#15203),#8343);
#536=STYLED_ITEM('',(#15203),#8368);
#537=STYLED_ITEM('',(#15203),#8381);
#538=STYLED_ITEM('',(#15203),#8402);
#539=STYLED_ITEM('',(#15203),#8417);
#540=STYLED_ITEM('',(#15203),#8438);
#541=STYLED_ITEM('',(#15202),#552);
#542=MANIFOLD_SOLID_BREP('\X2\04220432043504400434043E0435\X0\ \X2\04420435043B043E\X0\1',
#8454);
#543=MANIFOLD_SOLID_BREP('\X2\04220432043504400434043E0435\X0\ \X2\04420435043B043E\X0\2',
#8455);
#544=MANIFOLD_SOLID_BREP('\X2\04220432043504400434043E0435\X0\ \X2\04420435043B043E\X0\3',
#8456);
#545=MANIFOLD_SOLID_BREP('\X2\04220432043504400434043E0435\X0\ \X2\04420435043B043E\X0\4',
#8457);
#546=MANIFOLD_SOLID_BREP('\X2\04220432043504400434043E0435\X0\ \X2\04420435043B043E\X0\5',
#8458);
#547=MANIFOLD_SOLID_BREP('\X2\04220432043504400434043E0435\X0\ \X2\04420435043B043E\X0\6',
#8459);
#548=MANIFOLD_SOLID_BREP('\X2\04220432043504400434043E0435\X0\ \X2\04420435043B043E\X0\7',
#8460);
#549=MANIFOLD_SOLID_BREP('\X2\04220432043504400434043E0435\X0\ \X2\04420435043B043E\X0\8',
#8461);
#550=MANIFOLD_SOLID_BREP('\X2\04220432043504400434043E0435\X0\ \X2\04420435043B043E\X0\9',
#8462);
#551=MANIFOLD_SOLID_BREP('\X2\04220432043504400434043E0435\X0\ \X2\04420435043B043E\X0\1
0',#8463);
#552=MANIFOLD_SOLID_BREP('\X2\04220432043504400434043E0435\X0\ \X2\04420435043B043E\X0\1
1',#8464);
#553=FACE_BOUND('',#1340,.T.);
#554=FACE_BOUND('',#1341,.T.);
#555=FACE_BOUND('',#1342,.T.);
#556=FACE_BOUND('',#1346,.T.);
#557=FACE_BOUND('',#1348,.T.);
#558=FACE_BOUND('',#1352,.T.);
#559=FACE_BOUND('',#1354,.T.);
#560=FACE_BOUND('',#1366,.T.);
#561=FACE_BOUND('',#1368,.T.);
#562=FACE_BOUND('',#1414,.T.);
#563=FACE_BOUND('',#1432,.T.);
#564=FACE_BOUND('',#1490,.T.);
#565=FACE_BOUND('',#1491,.T.);
#566=FACE_BOUND('',#1507,.T.);
#567=FACE_BOUND('',#1560,.T.);
#568=FACE_BOUND('',#1576,.T.);
#569=FACE_BOUND('',#1608,.T.);
#570=FACE_BOUND('',#1667,.T.);
#571=FACE_BOUND('',#1699,.T.);
#572=FACE_BOUND('',#1700,.T.);
#573=FACE_BOUND('',#1726,.T.);
#574=FACE_BOUND('',#1727,.T.);
#575=FACE_BOUND('',#1777,.T.);
#576=FACE_BOUND('',#1800,.T.);
#577=FACE_BOUND('',#1801,.T.);
#578=FACE_BOUND('',#1802,.T.);
#579=FACE_BOUND('',#1803,.T.);
#580=FACE_BOUND('',#1804,.T.);
#581=FACE_BOUND('',#1805,.T.);
#582=FACE_BOUND('',#1806,.T.);
#583=FACE_BOUND('',#1807,.T.);
#584=FACE_BOUND('',#1808,.T.);
#585=FACE_BOUND('',#1809,.T.);
#586=FACE_BOUND('',#1810,.T.);
#587=FACE_BOUND('',#1811,.T.);
#588=FACE_BOUND('',#1812,.T.);
#589=FACE_BOUND('',#1813,.T.);
#590=FACE_BOUND('',#1814,.T.);
#591=FACE_BOUND('',#1815,.T.);
#592=FACE_BOUND('',#1816,.T.);
#593=FACE_BOUND('',#1817,.T.);
#594=FACE_BOUND('',#1818,.T.);
#595=FACE_BOUND('',#1819,.T.);
#596=FACE_BOUND('',#1820,.T.);
#597=TOROIDAL_SURFACE('',#8515,4.1,0.3);
#598=TOROIDAL_SURFACE('',#8527,4.8,0.2);
#599=TOROIDAL_SURFACE('',#8598,13.3010265663335,0.7);
#600=TOROIDAL_SURFACE('',#8613,12.9,0.5);
#601=PLANE('',#8490);
#602=PLANE('',#8491);
#603=PLANE('',#8498);
#604=PLANE('',#8499);
#605=PLANE('',#8500);
#606=PLANE('',#8504);
#607=PLANE('',#8505);
#608=PLANE('',#8522);
#609=PLANE('',#8534);
#610=PLANE('',#8537);
#611=PLANE('',#8542);
#612=PLANE('',#8545);
#613=PLANE('',#8551);
#614=PLANE('',#8552);
#615=PLANE('',#8554);
#616=PLANE('',#8555);
#617=PLANE('',#8562);
#618=PLANE('',#8563);
#619=PLANE('',#8564);
#620=PLANE('',#8565);
#621=PLANE('',#8567);
#622=PLANE('',#8568);
#623=PLANE('',#8575);
#624=PLANE('',#8576);
#625=PLANE('',#8577);
#626=PLANE('',#8578);
#627=PLANE('',#8579);
#628=PLANE('',#8582);
#629=PLANE('',#8585);
#630=PLANE('',#8603);
#631=PLANE('',#8616);
#632=PLANE('',#8617);
#633=PLANE('',#8618);
#634=PLANE('',#8619);
#635=PLANE('',#8620);
#636=PLANE('',#8621);
#637=PLANE('',#8622);
#638=PLANE('',#8623);
#639=PLANE('',#8624);
#640=PLANE('',#8625);
#641=PLANE('',#8626);
#642=PLANE('',#8627);
#643=PLANE('',#8628);
#644=PLANE('',#8629);
#645=PLANE('',#8630);
#646=PLANE('',#8631);
#647=PLANE('',#8632);
#648=PLANE('',#8636);
#649=PLANE('',#8651);
#650=PLANE('',#8654);
#651=PLANE('',#8657);
#652=PLANE('',#8658);
#653=PLANE('',#8664);
#654=PLANE('',#8665);
#655=PLANE('',#8668);
#656=PLANE('',#8670);
#657=PLANE('',#8677);
#658=PLANE('',#8685);
#659=PLANE('',#8688);
#660=PLANE('',#8689);
#661=PLANE('',#8690);
#662=PLANE('',#8691);
#663=PLANE('',#8696);
#664=PLANE('',#8697);
#665=PLANE('',#8702);
#666=PLANE('',#8707);
#667=PLANE('',#8708);
#668=PLANE('',#8712);
#669=PLANE('',#8713);
#670=PLANE('',#8717);
#671=PLANE('',#8718);
#672=PLANE('',#8722);
#673=PLANE('',#8723);
#674=PLANE('',#8727);
#675=PLANE('',#8728);
#676=PLANE('',#8732);
#677=PLANE('',#8733);
#678=PLANE('',#8734);
#679=PLANE('',#8735);
#680=PLANE('',#8736);
#681=PLANE('',#8737);
#682=PLANE('',#8738);
#683=PLANE('',#8739);
#684=PLANE('',#8740);
#685=PLANE('',#8741);
#686=PLANE('',#8742);
#687=PLANE('',#8743);
#688=PLANE('',#8744);
#689=PLANE('',#8745);
#690=PLANE('',#8746);
#691=PLANE('',#8747);
#692=PLANE('',#8748);
#693=PLANE('',#8749);
#694=PLANE('',#8750);
#695=PLANE('',#8751);
#696=PLANE('',#8752);
#697=PLANE('',#8753);
#698=PLANE('',#8754);
#699=PLANE('',#8755);
#700=PLANE('',#8756);
#701=PLANE('',#8757);
#702=PLANE('',#8758);
#703=PLANE('',#8759);
#704=PLANE('',#8760);
#705=PLANE('',#8761);
#706=PLANE('',#8762);
#707=PLANE('',#8763);
#708=PLANE('',#8764);
#709=PLANE('',#8765);
#710=PLANE('',#8766);
#711=PLANE('',#8767);
#712=PLANE('',#8768);
#713=PLANE('',#8769);
#714=PLANE('',#8770);
#715=PLANE('',#8771);
#716=PLANE('',#8772);
#717=PLANE('',#8773);
#718=PLANE('',#8774);
#719=PLANE('',#8775);
#720=PLANE('',#8776);
#721=PLANE('',#8777);
#722=PLANE('',#8778);
#723=PLANE('',#8779);
#724=PLANE('',#8780);
#725=PLANE('',#8781);
#726=PLANE('',#8782);
#727=PLANE('',#8783);
#728=PLANE('',#8784);
#729=PLANE('',#8785);
#730=PLANE('',#8786);
#731=PLANE('',#8787);
#732=PLANE('',#8788);
#733=PLANE('',#8789);
#734=PLANE('',#8790);
#735=PLANE('',#8791);
#736=PLANE('',#8792);
#737=PLANE('',#8793);
#738=PLANE('',#8794);
#739=PLANE('',#8795);
#740=PLANE('',#8796);
#741=PLANE('',#8797);
#742=PLANE('',#8798);
#743=PLANE('',#8799);
#744=PLANE('',#8800);
#745=PLANE('',#8801);
#746=PLANE('',#8802);
#747=PLANE('',#8803);
#748=PLANE('',#8804);
#749=PLANE('',#8805);
#750=PLANE('',#8806);
#751=PLANE('',#8807);
#752=PLANE('',#8808);
#753=PLANE('',#8809);
#754=PLANE('',#8810);
#755=PLANE('',#8811);
#756=PLANE('',#8812);
#757=PLANE('',#8813);
#758=PLANE('',#8814);
#759=PLANE('',#8815);
#760=PLANE('',#8816);
#761=PLANE('',#8817);
#762=PLANE('',#8818);
#763=PLANE('',#8819);
#764=PLANE('',#8820);
#765=PLANE('',#8821);
#766=PLANE('',#8822);
#767=PLANE('',#8823);
#768=PLANE('',#8824);
#769=PLANE('',#8825);
#770=PLANE('',#8826);
#771=PLANE('',#8827);
#772=PLANE('',#8828);
#773=PLANE('',#8829);
#774=PLANE('',#8830);
#775=PLANE('',#8831);
#776=PLANE('',#8832);
#777=PLANE('',#8833);
#778=PLANE('',#8834);
#779=PLANE('',#8835);
#780=PLANE('',#8836);
#781=PLANE('',#8837);
#782=PLANE('',#8838);
#783=PLANE('',#8839);
#784=PLANE('',#8840);
#785=PLANE('',#8841);
#786=PLANE('',#8842);
#787=PLANE('',#8843);
#788=PLANE('',#8844);
#789=PLANE('',#8845);
#790=PLANE('',#8846);
#791=PLANE('',#8847);
#792=PLANE('',#8848);
#793=PLANE('',#8849);
#794=PLANE('',#8850);
#795=PLANE('',#8851);
#796=PLANE('',#8852);
#797=PLANE('',#8853);
#798=PLANE('',#8854);
#799=PLANE('',#8855);
#800=PLANE('',#8856);
#801=PLANE('',#8857);
#802=PLANE('',#8858);
#803=PLANE('',#8859);
#804=PLANE('',#8860);
#805=PLANE('',#8861);
#806=PLANE('',#8862);
#807=PLANE('',#8863);
#808=PLANE('',#8864);
#809=PLANE('',#8865);
#810=PLANE('',#8866);
#811=PLANE('',#8867);
#812=PLANE('',#8868);
#813=PLANE('',#8869);
#814=PLANE('',#8870);
#815=PLANE('',#8871);
#816=PLANE('',#8872);
#817=PLANE('',#8873);
#818=PLANE('',#8874);
#819=PLANE('',#8875);
#820=PLANE('',#8876);
#821=PLANE('',#8877);
#822=PLANE('',#8878);
#823=PLANE('',#8879);
#824=PLANE('',#8880);
#825=PLANE('',#8881);
#826=PLANE('',#8882);
#827=PLANE('',#8883);
#828=PLANE('',#8884);
#829=PLANE('',#8885);
#830=PLANE('',#8886);
#831=PLANE('',#8887);
#832=PLANE('',#8888);
#833=PLANE('',#8889);
#834=PLANE('',#8890);
#835=PLANE('',#8891);
#836=PLANE('',#8892);
#837=PLANE('',#8893);
#838=PLANE('',#8894);
#839=PLANE('',#8895);
#840=PLANE('',#8896);
#841=PLANE('',#8897);
#842=PLANE('',#8899);
#843=PLANE('',#8900);
#844=PLANE('',#8901);
#845=PLANE('',#8902);
#846=PLANE('',#8903);
#847=PLANE('',#8904);
#848=PLANE('',#8905);
#849=PLANE('',#8906);
#850=PLANE('',#8907);
#851=PLANE('',#8908);
#852=PLANE('',#8909);
#853=PLANE('',#8912);
#854=PLANE('',#8913);
#855=FACE_OUTER_BOUND('',#1323,.T.);
#856=FACE_OUTER_BOUND('',#1324,.T.);
#857=FACE_OUTER_BOUND('',#1325,.T.);
#858=FACE_OUTER_BOUND('',#1326,.T.);
#859=FACE_OUTER_BOUND('',#1327,.T.);
#860=FACE_OUTER_BOUND('',#1328,.T.);
#861=FACE_OUTER_BOUND('',#1329,.T.);
#862=FACE_OUTER_BOUND('',#1330,.T.);
#863=FACE_OUTER_BOUND('',#1331,.T.);
#864=FACE_OUTER_BOUND('',#1332,.T.);
#865=FACE_OUTER_BOUND('',#1333,.T.);
#866=FACE_OUTER_BOUND('',#1334,.T.);
#867=FACE_OUTER_BOUND('',#1335,.T.);
#868=FACE_OUTER_BOUND('',#1336,.T.);
#869=FACE_OUTER_BOUND('',#1337,.T.);
#870=FACE_OUTER_BOUND('',#1338,.T.);
#871=FACE_OUTER_BOUND('',#1339,.T.);
#872=FACE_OUTER_BOUND('',#1343,.T.);
#873=FACE_OUTER_BOUND('',#1344,.T.);
#874=FACE_OUTER_BOUND('',#1345,.T.);
#875=FACE_OUTER_BOUND('',#1347,.T.);
#876=FACE_OUTER_BOUND('',#1349,.T.);
#877=FACE_OUTER_BOUND('',#1350,.T.);
#878=FACE_OUTER_BOUND('',#1351,.T.);
#879=FACE_OUTER_BOUND('',#1353,.T.);
#880=FACE_OUTER_BOUND('',#1355,.T.);
#881=FACE_OUTER_BOUND('',#1356,.T.);
#882=FACE_OUTER_BOUND('',#1357,.T.);
#883=FACE_OUTER_BOUND('',#1358,.T.);
#884=FACE_OUTER_BOUND('',#1359,.T.);
#885=FACE_OUTER_BOUND('',#1360,.T.);
#886=FACE_OUTER_BOUND('',#1361,.T.);
#887=FACE_OUTER_BOUND('',#1362,.T.);
#888=FACE_OUTER_BOUND('',#1363,.T.);
#889=FACE_OUTER_BOUND('',#1364,.T.);
#890=FACE_OUTER_BOUND('',#1365,.T.);
#891=FACE_OUTER_BOUND('',#1367,.T.);
#892=FACE_OUTER_BOUND('',#1369,.T.);
#893=FACE_OUTER_BOUND('',#1370,.T.);
#894=FACE_OUTER_BOUND('',#1371,.T.);
#895=FACE_OUTER_BOUND('',#1372,.T.);
#896=FACE_OUTER_BOUND('',#1373,.T.);
#897=FACE_OUTER_BOUND('',#1374,.T.);
#898=FACE_OUTER_BOUND('',#1375,.T.);
#899=FACE_OUTER_BOUND('',#1376,.T.);
#900=FACE_OUTER_BOUND('',#1377,.T.);
#901=FACE_OUTER_BOUND('',#1378,.T.);
#902=FACE_OUTER_BOUND('',#1379,.T.);
#903=FACE_OUTER_BOUND('',#1380,.T.);
#904=FACE_OUTER_BOUND('',#1381,.T.);
#905=FACE_OUTER_BOUND('',#1382,.T.);
#906=FACE_OUTER_BOUND('',#1383,.T.);
#907=FACE_OUTER_BOUND('',#1384,.T.);
#908=FACE_OUTER_BOUND('',#1385,.T.);
#909=FACE_OUTER_BOUND('',#1386,.T.);
#910=FACE_OUTER_BOUND('',#1387,.T.);
#911=FACE_OUTER_BOUND('',#1388,.T.);
#912=FACE_OUTER_BOUND('',#1389,.T.);
#913=FACE_OUTER_BOUND('',#1390,.T.);
#914=FACE_OUTER_BOUND('',#1391,.T.);
#915=FACE_OUTER_BOUND('',#1392,.T.);
#916=FACE_OUTER_BOUND('',#1393,.T.);
#917=FACE_OUTER_BOUND('',#1394,.T.);
#918=FACE_OUTER_BOUND('',#1395,.T.);
#919=FACE_OUTER_BOUND('',#1396,.T.);
#920=FACE_OUTER_BOUND('',#1397,.T.);
#921=FACE_OUTER_BOUND('',#1398,.T.);
#922=FACE_OUTER_BOUND('',#1399,.T.);
#923=FACE_OUTER_BOUND('',#1400,.T.);
#924=FACE_OUTER_BOUND('',#1401,.T.);
#925=FACE_OUTER_BOUND('',#1402,.T.);
#926=FACE_OUTER_BOUND('',#1403,.T.);
#927=FACE_OUTER_BOUND('',#1404,.T.);
#928=FACE_OUTER_BOUND('',#1405,.T.);
#929=FACE_OUTER_BOUND('',#1406,.T.);
#930=FACE_OUTER_BOUND('',#1407,.T.);
#931=FACE_OUTER_BOUND('',#1408,.T.);
#932=FACE_OUTER_BOUND('',#1409,.T.);
#933=FACE_OUTER_BOUND('',#1410,.T.);
#934=FACE_OUTER_BOUND('',#1411,.T.);
#935=FACE_OUTER_BOUND('',#1412,.T.);
#936=FACE_OUTER_BOUND('',#1413,.T.);
#937=FACE_OUTER_BOUND('',#1415,.T.);
#938=FACE_OUTER_BOUND('',#1416,.T.);
#939=FACE_OUTER_BOUND('',#1417,.T.);
#940=FACE_OUTER_BOUND('',#1418,.T.);
#941=FACE_OUTER_BOUND('',#1419,.T.);
#942=FACE_OUTER_BOUND('',#1420,.T.);
#943=FACE_OUTER_BOUND('',#1421,.T.);
#944=FACE_OUTER_BOUND('',#1422,.T.);
#945=FACE_OUTER_BOUND('',#1423,.T.);
#946=FACE_OUTER_BOUND('',#1424,.T.);
#947=FACE_OUTER_BOUND('',#1425,.T.);
#948=FACE_OUTER_BOUND('',#1426,.T.);
#949=FACE_OUTER_BOUND('',#1427,.T.);
#950=FACE_OUTER_BOUND('',#1428,.T.);
#951=FACE_OUTER_BOUND('',#1429,.T.);
#952=FACE_OUTER_BOUND('',#1430,.T.);
#953=FACE_OUTER_BOUND('',#1431,.T.);
#954=FACE_OUTER_BOUND('',#1433,.T.);
#955=FACE_OUTER_BOUND('',#1434,.T.);
#956=FACE_OUTER_BOUND('',#1435,.T.);
#957=FACE_OUTER_BOUND('',#1436,.T.);
#958=FACE_OUTER_BOUND('',#1437,.T.);
#959=FACE_OUTER_BOUND('',#1438,.T.);
#960=FACE_OUTER_BOUND('',#1439,.T.);
#961=FACE_OUTER_BOUND('',#1440,.T.);
#962=FACE_OUTER_BOUND('',#1441,.T.);
#963=FACE_OUTER_BOUND('',#1442,.T.);
#964=FACE_OUTER_BOUND('',#1443,.T.);
#965=FACE_OUTER_BOUND('',#1444,.T.);
#966=FACE_OUTER_BOUND('',#1445,.T.);
#967=FACE_OUTER_BOUND('',#1446,.T.);
#968=FACE_OUTER_BOUND('',#1447,.T.);
#969=FACE_OUTER_BOUND('',#1448,.T.);
#970=FACE_OUTER_BOUND('',#1449,.T.);
#971=FACE_OUTER_BOUND('',#1450,.T.);
#972=FACE_OUTER_BOUND('',#1451,.T.);
#973=FACE_OUTER_BOUND('',#1452,.T.);
#974=FACE_OUTER_BOUND('',#1453,.T.);
#975=FACE_OUTER_BOUND('',#1454,.T.);
#976=FACE_OUTER_BOUND('',#1455,.T.);
#977=FACE_OUTER_BOUND('',#1456,.T.);
#978=FACE_OUTER_BOUND('',#1457,.T.);
#979=FACE_OUTER_BOUND('',#1458,.T.);
#980=FACE_OUTER_BOUND('',#1459,.T.);
#981=FACE_OUTER_BOUND('',#1460,.T.);
#982=FACE_OUTER_BOUND('',#1461,.T.);
#983=FACE_OUTER_BOUND('',#1462,.T.);
#984=FACE_OUTER_BOUND('',#1463,.T.);
#985=FACE_OUTER_BOUND('',#1464,.T.);
#986=FACE_OUTER_BOUND('',#1465,.T.);
#987=FACE_OUTER_BOUND('',#1466,.T.);
#988=FACE_OUTER_BOUND('',#1467,.T.);
#989=FACE_OUTER_BOUND('',#1468,.T.);
#990=FACE_OUTER_BOUND('',#1469,.T.);
#991=FACE_OUTER_BOUND('',#1470,.T.);
#992=FACE_OUTER_BOUND('',#1471,.T.);
#993=FACE_OUTER_BOUND('',#1472,.T.);
#994=FACE_OUTER_BOUND('',#1473,.T.);
#995=FACE_OUTER_BOUND('',#1474,.T.);
#996=FACE_OUTER_BOUND('',#1475,.T.);
#997=FACE_OUTER_BOUND('',#1476,.T.);
#998=FACE_OUTER_BOUND('',#1477,.T.);
#999=FACE_OUTER_BOUND('',#1478,.T.);
#1000=FACE_OUTER_BOUND('',#1479,.T.);
#1001=FACE_OUTER_BOUND('',#1480,.T.);
#1002=FACE_OUTER_BOUND('',#1481,.T.);
#1003=FACE_OUTER_BOUND('',#1482,.T.);
#1004=FACE_OUTER_BOUND('',#1483,.T.);
#1005=FACE_OUTER_BOUND('',#1484,.T.);
#1006=FACE_OUTER_BOUND('',#1485,.T.);
#1007=FACE_OUTER_BOUND('',#1486,.T.);
#1008=FACE_OUTER_BOUND('',#1487,.T.);
#1009=FACE_OUTER_BOUND('',#1488,.T.);
#1010=FACE_OUTER_BOUND('',#1489,.T.);
#1011=FACE_OUTER_BOUND('',#1492,.T.);
#1012=FACE_OUTER_BOUND('',#1493,.T.);
#1013=FACE_OUTER_BOUND('',#1494,.T.);
#1014=FACE_OUTER_BOUND('',#1495,.T.);
#1015=FACE_OUTER_BOUND('',#1496,.T.);
#1016=FACE_OUTER_BOUND('',#1497,.T.);
#1017=FACE_OUTER_BOUND('',#1498,.T.);
#1018=FACE_OUTER_BOUND('',#1499,.T.);
#1019=FACE_OUTER_BOUND('',#1500,.T.);
#1020=FACE_OUTER_BOUND('',#1501,.T.);
#1021=FACE_OUTER_BOUND('',#1502,.T.);
#1022=FACE_OUTER_BOUND('',#1503,.T.);
#1023=FACE_OUTER_BOUND('',#1504,.T.);
#1024=FACE_OUTER_BOUND('',#1505,.T.);
#1025=FACE_OUTER_BOUND('',#1506,.T.);
#1026=FACE_OUTER_BOUND('',#1508,.T.);
#1027=FACE_OUTER_BOUND('',#1509,.T.);
#1028=FACE_OUTER_BOUND('',#1510,.T.);
#1029=FACE_OUTER_BOUND('',#1511,.T.);
#1030=FACE_OUTER_BOUND('',#1512,.T.);
#1031=FACE_OUTER_BOUND('',#1513,.T.);
#1032=FACE_OUTER_BOUND('',#1514,.T.);
#1033=FACE_OUTER_BOUND('',#1515,.T.);
#1034=FACE_OUTER_BOUND('',#1516,.T.);
#1035=FACE_OUTER_BOUND('',#1517,.T.);
#1036=FACE_OUTER_BOUND('',#1518,.T.);
#1037=FACE_OUTER_BOUND('',#1519,.T.);
#1038=FACE_OUTER_BOUND('',#1520,.T.);
#1039=FACE_OUTER_BOUND('',#1521,.T.);
#1040=FACE_OUTER_BOUND('',#1522,.T.);
#1041=FACE_OUTER_BOUND('',#1523,.T.);
#1042=FACE_OUTER_BOUND('',#1524,.T.);
#1043=FACE_OUTER_BOUND('',#1525,.T.);
#1044=FACE_OUTER_BOUND('',#1526,.T.);
#1045=FACE_OUTER_BOUND('',#1527,.T.);
#1046=FACE_OUTER_BOUND('',#1528,.T.);
#1047=FACE_OUTER_BOUND('',#1529,.T.);
#1048=FACE_OUTER_BOUND('',#1530,.T.);
#1049=FACE_OUTER_BOUND('',#1531,.T.);
#1050=FACE_OUTER_BOUND('',#1532,.T.);
#1051=FACE_OUTER_BOUND('',#1533,.T.);
#1052=FACE_OUTER_BOUND('',#1534,.T.);
#1053=FACE_OUTER_BOUND('',#1535,.T.);
#1054=FACE_OUTER_BOUND('',#1536,.T.);
#1055=FACE_OUTER_BOUND('',#1537,.T.);
#1056=FACE_OUTER_BOUND('',#1538,.T.);
#1057=FACE_OUTER_BOUND('',#1539,.T.);
#1058=FACE_OUTER_BOUND('',#1540,.T.);
#1059=FACE_OUTER_BOUND('',#1541,.T.);
#1060=FACE_OUTER_BOUND('',#1542,.T.);
#1061=FACE_OUTER_BOUND('',#1543,.T.);
#1062=FACE_OUTER_BOUND('',#1544,.T.);
#1063=FACE_OUTER_BOUND('',#1545,.T.);
#1064=FACE_OUTER_BOUND('',#1546,.T.);
#1065=FACE_OUTER_BOUND('',#1547,.T.);
#1066=FACE_OUTER_BOUND('',#1548,.T.);
#1067=FACE_OUTER_BOUND('',#1549,.T.);
#1068=FACE_OUTER_BOUND('',#1550,.T.);
#1069=FACE_OUTER_BOUND('',#1551,.T.);
#1070=FACE_OUTER_BOUND('',#1552,.T.);
#1071=FACE_OUTER_BOUND('',#1553,.T.);
#1072=FACE_OUTER_BOUND('',#1554,.T.);
#1073=FACE_OUTER_BOUND('',#1555,.T.);
#1074=FACE_OUTER_BOUND('',#1556,.T.);
#1075=FACE_OUTER_BOUND('',#1557,.T.);
#1076=FACE_OUTER_BOUND('',#1558,.T.);
#1077=FACE_OUTER_BOUND('',#1559,.T.);
#1078=FACE_OUTER_BOUND('',#1561,.T.);
#1079=FACE_OUTER_BOUND('',#1562,.T.);
#1080=FACE_OUTER_BOUND('',#1563,.T.);
#1081=FACE_OUTER_BOUND('',#1564,.T.);
#1082=FACE_OUTER_BOUND('',#1565,.T.);
#1083=FACE_OUTER_BOUND('',#1566,.T.);
#1084=FACE_OUTER_BOUND('',#1567,.T.);
#1085=FACE_OUTER_BOUND('',#1568,.T.);
#1086=FACE_OUTER_BOUND('',#1569,.T.);
#1087=FACE_OUTER_BOUND('',#1570,.T.);
#1088=FACE_OUTER_BOUND('',#1571,.T.);
#1089=FACE_OUTER_BOUND('',#1572,.T.);
#1090=FACE_OUTER_BOUND('',#1573,.T.);
#1091=FACE_OUTER_BOUND('',#1574,.T.);
#1092=FACE_OUTER_BOUND('',#1575,.T.);
#1093=FACE_OUTER_BOUND('',#1577,.T.);
#1094=FACE_OUTER_BOUND('',#1578,.T.);
#1095=FACE_OUTER_BOUND('',#1579,.T.);
#1096=FACE_OUTER_BOUND('',#1580,.T.);
#1097=FACE_OUTER_BOUND('',#1581,.T.);
#1098=FACE_OUTER_BOUND('',#1582,.T.);
#1099=FACE_OUTER_BOUND('',#1583,.T.);
#1100=FACE_OUTER_BOUND('',#1584,.T.);
#1101=FACE_OUTER_BOUND('',#1585,.T.);
#1102=FACE_OUTER_BOUND('',#1586,.T.);
#1103=FACE_OUTER_BOUND('',#1587,.T.);
#1104=FACE_OUTER_BOUND('',#1588,.T.);
#1105=FACE_OUTER_BOUND('',#1589,.T.);
#1106=FACE_OUTER_BOUND('',#1590,.T.);
#1107=FACE_OUTER_BOUND('',#1591,.T.);
#1108=FACE_OUTER_BOUND('',#1592,.T.);
#1109=FACE_OUTER_BOUND('',#1593,.T.);
#1110=FACE_OUTER_BOUND('',#1594,.T.);
#1111=FACE_OUTER_BOUND('',#1595,.T.);
#1112=FACE_OUTER_BOUND('',#1596,.T.);
#1113=FACE_OUTER_BOUND('',#1597,.T.);
#1114=FACE_OUTER_BOUND('',#1598,.T.);
#1115=FACE_OUTER_BOUND('',#1599,.T.);
#1116=FACE_OUTER_BOUND('',#1600,.T.);
#1117=FACE_OUTER_BOUND('',#1601,.T.);
#1118=FACE_OUTER_BOUND('',#1602,.T.);
#1119=FACE_OUTER_BOUND('',#1603,.T.);
#1120=FACE_OUTER_BOUND('',#1604,.T.);
#1121=FACE_OUTER_BOUND('',#1605,.T.);
#1122=FACE_OUTER_BOUND('',#1606,.T.);
#1123=FACE_OUTER_BOUND('',#1607,.T.);
#1124=FACE_OUTER_BOUND('',#1609,.T.);
#1125=FACE_OUTER_BOUND('',#1610,.T.);
#1126=FACE_OUTER_BOUND('',#1611,.T.);
#1127=FACE_OUTER_BOUND('',#1612,.T.);
#1128=FACE_OUTER_BOUND('',#1613,.T.);
#1129=FACE_OUTER_BOUND('',#1614,.T.);
#1130=FACE_OUTER_BOUND('',#1615,.T.);
#1131=FACE_OUTER_BOUND('',#1616,.T.);
#1132=FACE_OUTER_BOUND('',#1617,.T.);
#1133=FACE_OUTER_BOUND('',#1618,.T.);
#1134=FACE_OUTER_BOUND('',#1619,.T.);
#1135=FACE_OUTER_BOUND('',#1620,.T.);
#1136=FACE_OUTER_BOUND('',#1621,.T.);
#1137=FACE_OUTER_BOUND('',#1622,.T.);
#1138=FACE_OUTER_BOUND('',#1623,.T.);
#1139=FACE_OUTER_BOUND('',#1624,.T.);
#1140=FACE_OUTER_BOUND('',#1625,.T.);
#1141=FACE_OUTER_BOUND('',#1626,.T.);
#1142=FACE_OUTER_BOUND('',#1627,.T.);
#1143=FACE_OUTER_BOUND('',#1628,.T.);
#1144=FACE_OUTER_BOUND('',#1629,.T.);
#1145=FACE_OUTER_BOUND('',#1630,.T.);
#1146=FACE_OUTER_BOUND('',#1631,.T.);
#1147=FACE_OUTER_BOUND('',#1632,.T.);
#1148=FACE_OUTER_BOUND('',#1633,.T.);
#1149=FACE_OUTER_BOUND('',#1634,.T.);
#1150=FACE_OUTER_BOUND('',#1635,.T.);
#1151=FACE_OUTER_BOUND('',#1636,.T.);
#1152=FACE_OUTER_BOUND('',#1637,.T.);
#1153=FACE_OUTER_BOUND('',#1638,.T.);
#1154=FACE_OUTER_BOUND('',#1639,.T.);
#1155=FACE_OUTER_BOUND('',#1640,.T.);
#1156=FACE_OUTER_BOUND('',#1641,.T.);
#1157=FACE_OUTER_BOUND('',#1642,.T.);
#1158=FACE_OUTER_BOUND('',#1643,.T.);
#1159=FACE_OUTER_BOUND('',#1644,.T.);
#1160=FACE_OUTER_BOUND('',#1645,.T.);
#1161=FACE_OUTER_BOUND('',#1646,.T.);
#1162=FACE_OUTER_BOUND('',#1647,.T.);
#1163=FACE_OUTER_BOUND('',#1648,.T.);
#1164=FACE_OUTER_BOUND('',#1649,.T.);
#1165=FACE_OUTER_BOUND('',#1650,.T.);
#1166=FACE_OUTER_BOUND('',#1651,.T.);
#1167=FACE_OUTER_BOUND('',#1652,.T.);
#1168=FACE_OUTER_BOUND('',#1653,.T.);
#1169=FACE_OUTER_BOUND('',#1654,.T.);
#1170=FACE_OUTER_BOUND('',#1655,.T.);
#1171=FACE_OUTER_BOUND('',#1656,.T.);
#1172=FACE_OUTER_BOUND('',#1657,.T.);
#1173=FACE_OUTER_BOUND('',#1658,.T.);
#1174=FACE_OUTER_BOUND('',#1659,.T.);
#1175=FACE_OUTER_BOUND('',#1660,.T.);
#1176=FACE_OUTER_BOUND('',#1661,.T.);
#1177=FACE_OUTER_BOUND('',#1662,.T.);
#1178=FACE_OUTER_BOUND('',#1663,.T.);
#1179=FACE_OUTER_BOUND('',#1664,.T.);
#1180=FACE_OUTER_BOUND('',#1665,.T.);
#1181=FACE_OUTER_BOUND('',#1666,.T.);
#1182=FACE_OUTER_BOUND('',#1668,.T.);
#1183=FACE_OUTER_BOUND('',#1669,.T.);
#1184=FACE_OUTER_BOUND('',#1670,.T.);
#1185=FACE_OUTER_BOUND('',#1671,.T.);
#1186=FACE_OUTER_BOUND('',#1672,.T.);
#1187=FACE_OUTER_BOUND('',#1673,.T.);
#1188=FACE_OUTER_BOUND('',#1674,.T.);
#1189=FACE_OUTER_BOUND('',#1675,.T.);
#1190=FACE_OUTER_BOUND('',#1676,.T.);
#1191=FACE_OUTER_BOUND('',#1677,.T.);
#1192=FACE_OUTER_BOUND('',#1678,.T.);
#1193=FACE_OUTER_BOUND('',#1679,.T.);
#1194=FACE_OUTER_BOUND('',#1680,.T.);
#1195=FACE_OUTER_BOUND('',#1681,.T.);
#1196=FACE_OUTER_BOUND('',#1682,.T.);
#1197=FACE_OUTER_BOUND('',#1683,.T.);
#1198=FACE_OUTER_BOUND('',#1684,.T.);
#1199=FACE_OUTER_BOUND('',#1685,.T.);
#1200=FACE_OUTER_BOUND('',#1686,.T.);
#1201=FACE_OUTER_BOUND('',#1687,.T.);
#1202=FACE_OUTER_BOUND('',#1688,.T.);
#1203=FACE_OUTER_BOUND('',#1689,.T.);
#1204=FACE_OUTER_BOUND('',#1690,.T.);
#1205=FACE_OUTER_BOUND('',#1691,.T.);
#1206=FACE_OUTER_BOUND('',#1692,.T.);
#1207=FACE_OUTER_BOUND('',#1693,.T.);
#1208=FACE_OUTER_BOUND('',#1694,.T.);
#1209=FACE_OUTER_BOUND('',#1695,.T.);
#1210=FACE_OUTER_BOUND('',#1696,.T.);
#1211=FACE_OUTER_BOUND('',#1697,.T.);
#1212=FACE_OUTER_BOUND('',#1698,.T.);
#1213=FACE_OUTER_BOUND('',#1701,.T.);
#1214=FACE_OUTER_BOUND('',#1702,.T.);
#1215=FACE_OUTER_BOUND('',#1703,.T.);
#1216=FACE_OUTER_BOUND('',#1704,.T.);
#1217=FACE_OUTER_BOUND('',#1705,.T.);
#1218=FACE_OUTER_BOUND('',#1706,.T.);
#1219=FACE_OUTER_BOUND('',#1707,.T.);
#1220=FACE_OUTER_BOUND('',#1708,.T.);
#1221=FACE_OUTER_BOUND('',#1709,.T.);
#1222=FACE_OUTER_BOUND('',#1710,.T.);
#1223=FACE_OUTER_BOUND('',#1711,.T.);
#1224=FACE_OUTER_BOUND('',#1712,.T.);
#1225=FACE_OUTER_BOUND('',#1713,.T.);
#1226=FACE_OUTER_BOUND('',#1714,.T.);
#1227=FACE_OUTER_BOUND('',#1715,.T.);
#1228=FACE_OUTER_BOUND('',#1716,.T.);
#1229=FACE_OUTER_BOUND('',#1717,.T.);
#1230=FACE_OUTER_BOUND('',#1718,.T.);
#1231=FACE_OUTER_BOUND('',#1719,.T.);
#1232=FACE_OUTER_BOUND('',#1720,.T.);
#1233=FACE_OUTER_BOUND('',#1721,.T.);
#1234=FACE_OUTER_BOUND('',#1722,.T.);
#1235=FACE_OUTER_BOUND('',#1723,.T.);
#1236=FACE_OUTER_BOUND('',#1724,.T.);
#1237=FACE_OUTER_BOUND('',#1725,.T.);
#1238=FACE_OUTER_BOUND('',#1728,.T.);
#1239=FACE_OUTER_BOUND('',#1729,.T.);
#1240=FACE_OUTER_BOUND('',#1730,.T.);
#1241=FACE_OUTER_BOUND('',#1731,.T.);
#1242=FACE_OUTER_BOUND('',#1732,.T.);
#1243=FACE_OUTER_BOUND('',#1733,.T.);
#1244=FACE_OUTER_BOUND('',#1734,.T.);
#1245=FACE_OUTER_BOUND('',#1735,.T.);
#1246=FACE_OUTER_BOUND('',#1736,.T.);
#1247=FACE_OUTER_BOUND('',#1737,.T.);
#1248=FACE_OUTER_BOUND('',#1738,.T.);
#1249=FACE_OUTER_BOUND('',#1739,.T.);
#1250=FACE_OUTER_BOUND('',#1740,.T.);
#1251=FACE_OUTER_BOUND('',#1741,.T.);
#1252=FACE_OUTER_BOUND('',#1742,.T.);
#1253=FACE_OUTER_BOUND('',#1743,.T.);
#1254=FACE_OUTER_BOUND('',#1744,.T.);
#1255=FACE_OUTER_BOUND('',#1745,.T.);
#1256=FACE_OUTER_BOUND('',#1746,.T.);
#1257=FACE_OUTER_BOUND('',#1747,.T.);
#1258=FACE_OUTER_BOUND('',#1748,.T.);
#1259=FACE_OUTER_BOUND('',#1749,.T.);
#1260=FACE_OUTER_BOUND('',#1750,.T.);
#1261=FACE_OUTER_BOUND('',#1751,.T.);
#1262=FACE_OUTER_BOUND('',#1752,.T.);
#1263=FACE_OUTER_BOUND('',#1753,.T.);
#1264=FACE_OUTER_BOUND('',#1754,.T.);
#1265=FACE_OUTER_BOUND('',#1755,.T.);
#1266=FACE_OUTER_BOUND('',#1756,.T.);
#1267=FACE_OUTER_BOUND('',#1757,.T.);
#1268=FACE_OUTER_BOUND('',#1758,.T.);
#1269=FACE_OUTER_BOUND('',#1759,.T.);
#1270=FACE_OUTER_BOUND('',#1760,.T.);
#1271=FACE_OUTER_BOUND('',#1761,.T.);
#1272=FACE_OUTER_BOUND('',#1762,.T.);
#1273=FACE_OUTER_BOUND('',#1763,.T.);
#1274=FACE_OUTER_BOUND('',#1764,.T.);
#1275=FACE_OUTER_BOUND('',#1765,.T.);
#1276=FACE_OUTER_BOUND('',#1766,.T.);
#1277=FACE_OUTER_BOUND('',#1767,.T.);
#1278=FACE_OUTER_BOUND('',#1768,.T.);
#1279=FACE_OUTER_BOUND('',#1769,.T.);
#1280=FACE_OUTER_BOUND('',#1770,.T.);
#1281=FACE_OUTER_BOUND('',#1771,.T.);
#1282=FACE_OUTER_BOUND('',#1772,.T.);
#1283=FACE_OUTER_BOUND('',#1773,.T.);
#1284=FACE_OUTER_BOUND('',#1774,.T.);
#1285=FACE_OUTER_BOUND('',#1775,.T.);
#1286=FACE_OUTER_BOUND('',#1776,.T.);
#1287=FACE_OUTER_BOUND('',#1778,.T.);
#1288=FACE_OUTER_BOUND('',#1779,.T.);
#1289=FACE_OUTER_BOUND('',#1780,.T.);
#1290=FACE_OUTER_BOUND('',#1781,.T.);
#1291=FACE_OUTER_BOUND('',#1782,.T.);
#1292=FACE_OUTER_BOUND('',#1783,.T.);
#1293=FACE_OUTER_BOUND('',#1784,.T.);
#1294=FACE_OUTER_BOUND('',#1785,.T.);
#1295=FACE_OUTER_BOUND('',#1786,.T.);
#1296=FACE_OUTER_BOUND('',#1787,.T.);
#1297=FACE_OUTER_BOUND('',#1788,.T.);
#1298=FACE_OUTER_BOUND('',#1789,.T.);
#1299=FACE_OUTER_BOUND('',#1790,.T.);
#1300=FACE_OUTER_BOUND('',#1791,.T.);
#1301=FACE_OUTER_BOUND('',#1792,.T.);
#1302=FACE_OUTER_BOUND('',#1793,.T.);
#1303=FACE_OUTER_BOUND('',#1794,.T.);
#1304=FACE_OUTER_BOUND('',#1795,.T.);
#1305=FACE_OUTER_BOUND('',#1796,.T.);
#1306=FACE_OUTER_BOUND('',#1797,.T.);
#1307=FACE_OUTER_BOUND('',#1798,.T.);
#1308=FACE_OUTER_BOUND('',#1799,.T.);
#1309=FACE_OUTER_BOUND('',#1821,.T.);
#1310=FACE_OUTER_BOUND('',#1822,.T.);
#1311=FACE_OUTER_BOUND('',#1823,.T.);
#1312=FACE_OUTER_BOUND('',#1824,.T.);
#1313=FACE_OUTER_BOUND('',#1825,.T.);
#1314=FACE_OUTER_BOUND('',#1826,.T.);
#1315=FACE_OUTER_BOUND('',#1827,.T.);
#1316=FACE_OUTER_BOUND('',#1828,.T.);
#1317=FACE_OUTER_BOUND('',#1829,.T.);
#1318=FACE_OUTER_BOUND('',#1830,.T.);
#1319=FACE_OUTER_BOUND('',#1831,.T.);
#1320=FACE_OUTER_BOUND('',#1832,.T.);
#1321=FACE_OUTER_BOUND('',#1833,.T.);
#1322=FACE_OUTER_BOUND('',#1834,.T.);
#1323=EDGE_LOOP('',(#5508,#5509,#5510,#5511));
#1324=EDGE_LOOP('',(#5512,#5513,#5514,#5515));
#1325=EDGE_LOOP('',(#5516,#5517,#5518,#5519));
#1326=EDGE_LOOP('',(#5520,#5521,#5522,#5523));
#1327=EDGE_LOOP('',(#5524,#5525,#5526,#5527));
#1328=EDGE_LOOP('',(#5528,#5529,#5530,#5531));
#1329=EDGE_LOOP('',(#5532,#5533,#5534,#5535));
#1330=EDGE_LOOP('',(#5536,#5537,#5538,#5539));
#1331=EDGE_LOOP('',(#5540,#5541,#5542,#5543));
#1332=EDGE_LOOP('',(#5544,#5545,#5546,#5547));
#1333=EDGE_LOOP('',(#5548,#5549,#5550,#5551));
#1334=EDGE_LOOP('',(#5552,#5553,#5554,#5555));
#1335=EDGE_LOOP('',(#5556,#5557,#5558,#5559));
#1336=EDGE_LOOP('',(#5560,#5561,#5562,#5563));
#1337=EDGE_LOOP('',(#5564,#5565,#5566,#5567,#5568));
#1338=EDGE_LOOP('',(#5569,#5570,#5571,#5572,#5573));
#1339=EDGE_LOOP('',(#5574,#5575,#5576,#5577,#5578,#5579,#5580,#5581,#5582,
#5583,#5584,#5585,#5586,#5587,#5588,#5589,#5590,#5591,#5592,#5593));
#1340=EDGE_LOOP('',(#5594));
#1341=EDGE_LOOP('',(#5595));
#1342=EDGE_LOOP('',(#5596));
#1343=EDGE_LOOP('',(#5597,#5598,#5599,#5600,#5601));
#1344=EDGE_LOOP('',(#5602,#5603,#5604,#5605,#5606));
#1345=EDGE_LOOP('',(#5607,#5608,#5609,#5610,#5611,#5612,#5613,#5614,#5615,
#5616,#5617,#5618,#5619,#5620,#5621,#5622));
#1346=EDGE_LOOP('',(#5623));
#1347=EDGE_LOOP('',(#5624));
#1348=EDGE_LOOP('',(#5625));
#1349=EDGE_LOOP('',(#5626,#5627,#5628,#5629));
#1350=EDGE_LOOP('',(#5630,#5631,#5632,#5633));
#1351=EDGE_LOOP('',(#5634,#5635,#5636,#5637));
#1352=EDGE_LOOP('',(#5638));
#1353=EDGE_LOOP('',(#5639,#5640,#5641,#5642));
#1354=EDGE_LOOP('',(#5643));
#1355=EDGE_LOOP('',(#5644,#5645,#5646,#5647));
#1356=EDGE_LOOP('',(#5648,#5649,#5650,#5651));
#1357=EDGE_LOOP('',(#5652,#5653,#5654,#5655));
#1358=EDGE_LOOP('',(#5656,#5657,#5658,#5659,#5660));
#1359=EDGE_LOOP('',(#5661,#5662,#5663,#5664,#5665));
#1360=EDGE_LOOP('',(#5666,#5667,#5668,#5669));
#1361=EDGE_LOOP('',(#5670,#5671,#5672,#5673,#5674));
#1362=EDGE_LOOP('',(#5675,#5676,#5677,#5678,#5679));
#1363=EDGE_LOOP('',(#5680,#5681,#5682,#5683));
#1364=EDGE_LOOP('',(#5684,#5685,#5686,#5687));
#1365=EDGE_LOOP('',(#5688));
#1366=EDGE_LOOP('',(#5689));
#1367=EDGE_LOOP('',(#5690));
#1368=EDGE_LOOP('',(#5691));
#1369=EDGE_LOOP('',(#5692,#5693,#5694,#5695));
#1370=EDGE_LOOP('',(#5696,#5697));
#1371=EDGE_LOOP('',(#5698,#5699,#5700,#5701));
#1372=EDGE_LOOP('',(#5702,#5703));
#1373=EDGE_LOOP('',(#5704,#5705,#5706,#5707,#5708,#5709,#5710,#5711,#5712,
#5713,#5714,#5715));
#1374=EDGE_LOOP('',(#5716));
#1375=EDGE_LOOP('',(#5717,#5718,#5719,#5720,#5721));
#1376=EDGE_LOOP('',(#5722,#5723,#5724,#5725));
#1377=EDGE_LOOP('',(#5726,#5727,#5728,#5729));
#1378=EDGE_LOOP('',(#5730,#5731,#5732,#5733));
#1379=EDGE_LOOP('',(#5734,#5735,#5736,#5737));
#1380=EDGE_LOOP('',(#5738,#5739,#5740,#5741));
#1381=EDGE_LOOP('',(#5742,#5743,#5744,#5745,#5746,#5747,#5748,#5749,#5750,
#5751,#5752,#5753,#5754,#5755,#5756,#5757,#5758,#5759,#5760,#5761,#5762,
#5763,#5764,#5765));
#1382=EDGE_LOOP('',(#5766,#5767,#5768,#5769,#5770));
#1383=EDGE_LOOP('',(#5771));
#1384=EDGE_LOOP('',(#5772,#5773,#5774,#5775,#5776,#5777,#5778,#5779,#5780,
#5781,#5782,#5783,#5784,#5785,#5786,#5787,#5788,#5789,#5790,#5791,#5792,
#5793,#5794,#5795,#5796));
#1385=EDGE_LOOP('',(#5797,#5798,#5799,#5800,#5801));
#1386=EDGE_LOOP('',(#5802));
#1387=EDGE_LOOP('',(#5803,#5804,#5805,#5806));
#1388=EDGE_LOOP('',(#5807,#5808,#5809,#5810));
#1389=EDGE_LOOP('',(#5811,#5812,#5813,#5814));
#1390=EDGE_LOOP('',(#5815,#5816,#5817,#5818,#5819));
#1391=EDGE_LOOP('',(#5820,#5821,#5822,#5823));
#1392=EDGE_LOOP('',(#5824,#5825,#5826,#5827));
#1393=EDGE_LOOP('',(#5828,#5829,#5830,#5831));
#1394=EDGE_LOOP('',(#5832,#5833,#5834,#5835));
#1395=EDGE_LOOP('',(#5836,#5837,#5838,#5839));
#1396=EDGE_LOOP('',(#5840,#5841,#5842,#5843));
#1397=EDGE_LOOP('',(#5844,#5845,#5846,#5847));
#1398=EDGE_LOOP('',(#5848,#5849,#5850,#5851));
#1399=EDGE_LOOP('',(#5852,#5853,#5854,#5855));
#1400=EDGE_LOOP('',(#5856,#5857,#5858,#5859));
#1401=EDGE_LOOP('',(#5860,#5861,#5862,#5863));
#1402=EDGE_LOOP('',(#5864,#5865,#5866,#5867));
#1403=EDGE_LOOP('',(#5868,#5869,#5870,#5871));
#1404=EDGE_LOOP('',(#5872,#5873,#5874,#5875));
#1405=EDGE_LOOP('',(#5876,#5877,#5878,#5879));
#1406=EDGE_LOOP('',(#5880,#5881,#5882,#5883));
#1407=EDGE_LOOP('',(#5884,#5885,#5886,#5887));
#1408=EDGE_LOOP('',(#5888,#5889,#5890,#5891));
#1409=EDGE_LOOP('',(#5892,#5893,#5894));
#1410=EDGE_LOOP('',(#5895,#5896,#5897));
#1411=EDGE_LOOP('',(#5898,#5899,#5900,#5901,#5902,#5903));
#1412=EDGE_LOOP('',(#5904,#5905,#5906,#5907));
#1413=EDGE_LOOP('',(#5908,#5909,#5910,#5911));
#1414=EDGE_LOOP('',(#5912,#5913,#5914,#5915));
#1415=EDGE_LOOP('',(#5916,#5917,#5918,#5919));
#1416=EDGE_LOOP('',(#5920,#5921,#5922,#5923,#5924,#5925));
#1417=EDGE_LOOP('',(#5926,#5927,#5928,#5929,#5930,#5931,#5932,#5933,#5934,
#5935,#5936,#5937));
#1418=EDGE_LOOP('',(#5938,#5939,#5940,#5941,#5942));
#1419=EDGE_LOOP('',(#5943,#5944,#5945,#5946,#5947));
#1420=EDGE_LOOP('',(#5948,#5949,#5950,#5951));
#1421=EDGE_LOOP('',(#5952,#5953,#5954,#5955));
#1422=EDGE_LOOP('',(#5956,#5957,#5958,#5959,#5960));
#1423=EDGE_LOOP('',(#5961,#5962,#5963,#5964));
#1424=EDGE_LOOP('',(#5965,#5966,#5967,#5968,#5969));
#1425=EDGE_LOOP('',(#5970,#5971,#5972,#5973));
#1426=EDGE_LOOP('',(#5974,#5975,#5976,#5977));
#1427=EDGE_LOOP('',(#5978,#5979,#5980,#5981));
#1428=EDGE_LOOP('',(#5982,#5983,#5984,#5985,#5986,#5987));
#1429=EDGE_LOOP('',(#5988,#5989,#5990,#5991));
#1430=EDGE_LOOP('',(#5992,#5993,#5994,#5995));
#1431=EDGE_LOOP('',(#5996,#5997,#5998,#5999));
#1432=EDGE_LOOP('',(#6000,#6001,#6002,#6003));
#1433=EDGE_LOOP('',(#6004,#6005,#6006,#6007,#6008,#6009,#6010));
#1434=EDGE_LOOP('',(#6011,#6012,#6013,#6014));
#1435=EDGE_LOOP('',(#6015,#6016,#6017,#6018,#6019));
#1436=EDGE_LOOP('',(#6020,#6021,#6022,#6023));
#1437=EDGE_LOOP('',(#6024,#6025,#6026,#6027,#6028,#6029,#6030));
#1438=EDGE_LOOP('',(#6031,#6032,#6033,#6034));
#1439=EDGE_LOOP('',(#6035,#6036,#6037,#6038,#6039));
#1440=EDGE_LOOP('',(#6040,#6041,#6042,#6043));
#1441=EDGE_LOOP('',(#6044,#6045,#6046,#6047,#6048,#6049));
#1442=EDGE_LOOP('',(#6050,#6051,#6052,#6053,#6054,#6055));
#1443=EDGE_LOOP('',(#6056,#6057,#6058,#6059));
#1444=EDGE_LOOP('',(#6060,#6061,#6062,#6063,#6064,#6065,#6066,#6067,#6068,
#6069));
#1445=EDGE_LOOP('',(#6070,#6071,#6072,#6073));
#1446=EDGE_LOOP('',(#6074));
#1447=EDGE_LOOP('',(#6075));
#1448=EDGE_LOOP('',(#6076,#6077,#6078,#6079));
#1449=EDGE_LOOP('',(#6080));
#1450=EDGE_LOOP('',(#6081));
#1451=EDGE_LOOP('',(#6082,#6083,#6084,#6085));
#1452=EDGE_LOOP('',(#6086));
#1453=EDGE_LOOP('',(#6087));
#1454=EDGE_LOOP('',(#6088,#6089,#6090,#6091));
#1455=EDGE_LOOP('',(#6092));
#1456=EDGE_LOOP('',(#6093));
#1457=EDGE_LOOP('',(#6094,#6095,#6096,#6097));
#1458=EDGE_LOOP('',(#6098));
#1459=EDGE_LOOP('',(#6099));
#1460=EDGE_LOOP('',(#6100,#6101,#6102,#6103));
#1461=EDGE_LOOP('',(#6104,#6105,#6106,#6107));
#1462=EDGE_LOOP('',(#6108,#6109,#6110,#6111));
#1463=EDGE_LOOP('',(#6112,#6113,#6114,#6115));
#1464=EDGE_LOOP('',(#6116,#6117,#6118,#6119));
#1465=EDGE_LOOP('',(#6120,#6121,#6122,#6123));
#1466=EDGE_LOOP('',(#6124,#6125,#6126,#6127));
#1467=EDGE_LOOP('',(#6128,#6129,#6130,#6131,#6132,#6133,#6134));
#1468=EDGE_LOOP('',(#6135,#6136,#6137,#6138));
#1469=EDGE_LOOP('',(#6139,#6140,#6141,#6142));
#1470=EDGE_LOOP('',(#6143,#6144,#6145,#6146));
#1471=EDGE_LOOP('',(#6147,#6148,#6149,#6150));
#1472=EDGE_LOOP('',(#6151,#6152,#6153,#6154));
#1473=EDGE_LOOP('',(#6155,#6156,#6157,#6158));
#1474=EDGE_LOOP('',(#6159,#6160,#6161,#6162));
#1475=EDGE_LOOP('',(#6163,#6164,#6165,#6166));
#1476=EDGE_LOOP('',(#6167,#6168,#6169,#6170));
#1477=EDGE_LOOP('',(#6171,#6172,#6173,#6174));
#1478=EDGE_LOOP('',(#6175,#6176,#6177,#6178));
#1479=EDGE_LOOP('',(#6179,#6180,#6181,#6182));
#1480=EDGE_LOOP('',(#6183,#6184,#6185,#6186));
#1481=EDGE_LOOP('',(#6187,#6188,#6189,#6190));
#1482=EDGE_LOOP('',(#6191,#6192,#6193,#6194));
#1483=EDGE_LOOP('',(#6195,#6196,#6197,#6198));
#1484=EDGE_LOOP('',(#6199,#6200,#6201,#6202));
#1485=EDGE_LOOP('',(#6203,#6204,#6205,#6206));
#1486=EDGE_LOOP('',(#6207,#6208,#6209,#6210));
#1487=EDGE_LOOP('',(#6211,#6212,#6213,#6214));
#1488=EDGE_LOOP('',(#6215,#6216,#6217,#6218));
#1489=EDGE_LOOP('',(#6219,#6220,#6221,#6222,#6223,#6224,#6225,#6226,#6227,
#6228,#6229));
#1490=EDGE_LOOP('',(#6230,#6231,#6232,#6233,#6234));
#1491=EDGE_LOOP('',(#6235,#6236,#6237,#6238,#6239));
#1492=EDGE_LOOP('',(#6240,#6241,#6242,#6243));
#1493=EDGE_LOOP('',(#6244,#6245,#6246,#6247));
#1494=EDGE_LOOP('',(#6248,#6249,#6250,#6251));
#1495=EDGE_LOOP('',(#6252,#6253,#6254,#6255));
#1496=EDGE_LOOP('',(#6256,#6257,#6258,#6259));
#1497=EDGE_LOOP('',(#6260,#6261,#6262,#6263));
#1498=EDGE_LOOP('',(#6264,#6265,#6266,#6267));
#1499=EDGE_LOOP('',(#6268,#6269,#6270,#6271));
#1500=EDGE_LOOP('',(#6272,#6273,#6274,#6275));
#1501=EDGE_LOOP('',(#6276,#6277,#6278,#6279));
#1502=EDGE_LOOP('',(#6280,#6281,#6282,#6283));
#1503=EDGE_LOOP('',(#6284,#6285,#6286,#6287));
#1504=EDGE_LOOP('',(#6288,#6289,#6290,#6291));
#1505=EDGE_LOOP('',(#6292,#6293,#6294,#6295));
#1506=EDGE_LOOP('',(#6296,#6297,#6298,#6299,#6300,#6301,#6302,#6303,#6304,
#6305,#6306));
#1507=EDGE_LOOP('',(#6307,#6308,#6309));
#1508=EDGE_LOOP('',(#6310,#6311,#6312,#6313));
#1509=EDGE_LOOP('',(#6314,#6315,#6316,#6317));
#1510=EDGE_LOOP('',(#6318,#6319,#6320,#6321));
#1511=EDGE_LOOP('',(#6322,#6323,#6324,#6325));
#1512=EDGE_LOOP('',(#6326,#6327,#6328,#6329));
#1513=EDGE_LOOP('',(#6330,#6331,#6332,#6333));
#1514=EDGE_LOOP('',(#6334,#6335,#6336,#6337));
#1515=EDGE_LOOP('',(#6338,#6339,#6340,#6341));
#1516=EDGE_LOOP('',(#6342,#6343,#6344,#6345));
#1517=EDGE_LOOP('',(#6346,#6347,#6348,#6349,#6350,#6351,#6352,#6353,#6354));
#1518=EDGE_LOOP('',(#6355,#6356,#6357,#6358));
#1519=EDGE_LOOP('',(#6359,#6360,#6361,#6362));
#1520=EDGE_LOOP('',(#6363,#6364,#6365,#6366));
#1521=EDGE_LOOP('',(#6367,#6368,#6369,#6370));
#1522=EDGE_LOOP('',(#6371,#6372,#6373,#6374));
#1523=EDGE_LOOP('',(#6375,#6376,#6377,#6378));
#1524=EDGE_LOOP('',(#6379,#6380,#6381,#6382));
#1525=EDGE_LOOP('',(#6383,#6384,#6385,#6386));
#1526=EDGE_LOOP('',(#6387,#6388,#6389,#6390));
#1527=EDGE_LOOP('',(#6391,#6392,#6393,#6394));
#1528=EDGE_LOOP('',(#6395,#6396,#6397,#6398));
#1529=EDGE_LOOP('',(#6399,#6400,#6401,#6402));
#1530=EDGE_LOOP('',(#6403,#6404,#6405,#6406));
#1531=EDGE_LOOP('',(#6407,#6408,#6409,#6410));
#1532=EDGE_LOOP('',(#6411,#6412,#6413,#6414));
#1533=EDGE_LOOP('',(#6415,#6416,#6417,#6418));
#1534=EDGE_LOOP('',(#6419,#6420,#6421,#6422));
#1535=EDGE_LOOP('',(#6423,#6424,#6425,#6426));
#1536=EDGE_LOOP('',(#6427,#6428,#6429,#6430));
#1537=EDGE_LOOP('',(#6431,#6432,#6433,#6434));
#1538=EDGE_LOOP('',(#6435,#6436,#6437,#6438));
#1539=EDGE_LOOP('',(#6439,#6440,#6441,#6442));
#1540=EDGE_LOOP('',(#6443,#6444,#6445,#6446,#6447,#6448,#6449,#6450,#6451,
#6452,#6453,#6454,#6455,#6456,#6457,#6458,#6459));
#1541=EDGE_LOOP('',(#6460,#6461,#6462,#6463));
#1542=EDGE_LOOP('',(#6464,#6465,#6466,#6467));
#1543=EDGE_LOOP('',(#6468,#6469,#6470,#6471));
#1544=EDGE_LOOP('',(#6472,#6473,#6474,#6475));
#1545=EDGE_LOOP('',(#6476,#6477,#6478,#6479));
#1546=EDGE_LOOP('',(#6480,#6481,#6482,#6483));
#1547=EDGE_LOOP('',(#6484,#6485,#6486,#6487));
#1548=EDGE_LOOP('',(#6488,#6489,#6490,#6491));
#1549=EDGE_LOOP('',(#6492,#6493,#6494,#6495));
#1550=EDGE_LOOP('',(#6496,#6497,#6498,#6499));
#1551=EDGE_LOOP('',(#6500,#6501,#6502,#6503));
#1552=EDGE_LOOP('',(#6504,#6505,#6506,#6507));
#1553=EDGE_LOOP('',(#6508,#6509,#6510,#6511));
#1554=EDGE_LOOP('',(#6512,#6513,#6514,#6515));
#1555=EDGE_LOOP('',(#6516,#6517,#6518,#6519));
#1556=EDGE_LOOP('',(#6520,#6521,#6522,#6523));
#1557=EDGE_LOOP('',(#6524,#6525,#6526,#6527));
#1558=EDGE_LOOP('',(#6528,#6529,#6530,#6531));
#1559=EDGE_LOOP('',(#6532,#6533,#6534,#6535,#6536,#6537,#6538,#6539,#6540,
#6541,#6542));
#1560=EDGE_LOOP('',(#6543,#6544,#6545,#6546,#6547,#6548,#6549));
#1561=EDGE_LOOP('',(#6550,#6551,#6552,#6553));
#1562=EDGE_LOOP('',(#6554,#6555,#6556,#6557));
#1563=EDGE_LOOP('',(#6558,#6559,#6560,#6561));
#1564=EDGE_LOOP('',(#6562,#6563,#6564,#6565));
#1565=EDGE_LOOP('',(#6566,#6567,#6568,#6569));
#1566=EDGE_LOOP('',(#6570,#6571,#6572,#6573));
#1567=EDGE_LOOP('',(#6574,#6575,#6576,#6577));
#1568=EDGE_LOOP('',(#6578,#6579,#6580,#6581));
#1569=EDGE_LOOP('',(#6582,#6583,#6584,#6585));
#1570=EDGE_LOOP('',(#6586,#6587,#6588,#6589));
#1571=EDGE_LOOP('',(#6590,#6591,#6592,#6593));
#1572=EDGE_LOOP('',(#6594,#6595,#6596,#6597));
#1573=EDGE_LOOP('',(#6598,#6599,#6600,#6601));
#1574=EDGE_LOOP('',(#6602,#6603,#6604,#6605));
#1575=EDGE_LOOP('',(#6606,#6607,#6608,#6609,#6610,#6611,#6612,#6613));
#1576=EDGE_LOOP('',(#6614,#6615,#6616,#6617,#6618,#6619));
#1577=EDGE_LOOP('',(#6620,#6621,#6622,#6623));
#1578=EDGE_LOOP('',(#6624,#6625,#6626,#6627));
#1579=EDGE_LOOP('',(#6628,#6629,#6630,#6631));
#1580=EDGE_LOOP('',(#6632,#6633,#6634,#6635));
#1581=EDGE_LOOP('',(#6636,#6637,#6638,#6639));
#1582=EDGE_LOOP('',(#6640,#6641,#6642,#6643));
#1583=EDGE_LOOP('',(#6644,#6645,#6646,#6647));
#1584=EDGE_LOOP('',(#6648,#6649,#6650,#6651));
#1585=EDGE_LOOP('',(#6652,#6653,#6654,#6655));
#1586=EDGE_LOOP('',(#6656,#6657,#6658,#6659));
#1587=EDGE_LOOP('',(#6660,#6661,#6662,#6663));
#1588=EDGE_LOOP('',(#6664,#6665,#6666,#6667));
#1589=EDGE_LOOP('',(#6668,#6669,#6670,#6671));
#1590=EDGE_LOOP('',(#6672,#6673,#6674,#6675,#6676,#6677,#6678,#6679,#6680,
#6681,#6682,#6683,#6684));
#1591=EDGE_LOOP('',(#6685,#6686,#6687,#6688));
#1592=EDGE_LOOP('',(#6689,#6690,#6691,#6692));
#1593=EDGE_LOOP('',(#6693,#6694,#6695,#6696));
#1594=EDGE_LOOP('',(#6697,#6698,#6699,#6700));
#1595=EDGE_LOOP('',(#6701,#6702,#6703,#6704));
#1596=EDGE_LOOP('',(#6705,#6706,#6707,#6708));
#1597=EDGE_LOOP('',(#6709,#6710,#6711,#6712));
#1598=EDGE_LOOP('',(#6713,#6714,#6715,#6716));
#1599=EDGE_LOOP('',(#6717,#6718,#6719,#6720));
#1600=EDGE_LOOP('',(#6721,#6722,#6723,#6724));
#1601=EDGE_LOOP('',(#6725,#6726,#6727,#6728));
#1602=EDGE_LOOP('',(#6729,#6730,#6731,#6732));
#1603=EDGE_LOOP('',(#6733,#6734,#6735,#6736));
#1604=EDGE_LOOP('',(#6737,#6738,#6739,#6740));
#1605=EDGE_LOOP('',(#6741,#6742,#6743,#6744));
#1606=EDGE_LOOP('',(#6745,#6746,#6747,#6748));
#1607=EDGE_LOOP('',(#6749,#6750,#6751,#6752,#6753,#6754,#6755,#6756,#6757));
#1608=EDGE_LOOP('',(#6758,#6759,#6760,#6761,#6762,#6763,#6764));
#1609=EDGE_LOOP('',(#6765,#6766,#6767,#6768));
#1610=EDGE_LOOP('',(#6769,#6770,#6771,#6772));
#1611=EDGE_LOOP('',(#6773,#6774,#6775,#6776));
#1612=EDGE_LOOP('',(#6777,#6778,#6779,#6780));
#1613=EDGE_LOOP('',(#6781,#6782,#6783,#6784));
#1614=EDGE_LOOP('',(#6785,#6786,#6787,#6788));
#1615=EDGE_LOOP('',(#6789,#6790,#6791,#6792));
#1616=EDGE_LOOP('',(#6793,#6794,#6795,#6796));
#1617=EDGE_LOOP('',(#6797,#6798,#6799,#6800,#6801,#6802,#6803,#6804));
#1618=EDGE_LOOP('',(#6805,#6806,#6807,#6808));
#1619=EDGE_LOOP('',(#6809,#6810,#6811,#6812));
#1620=EDGE_LOOP('',(#6813,#6814,#6815,#6816));
#1621=EDGE_LOOP('',(#6817,#6818,#6819,#6820));
#1622=EDGE_LOOP('',(#6821,#6822,#6823,#6824));
#1623=EDGE_LOOP('',(#6825,#6826,#6827,#6828));
#1624=EDGE_LOOP('',(#6829,#6830,#6831,#6832));
#1625=EDGE_LOOP('',(#6833,#6834,#6835,#6836));
#1626=EDGE_LOOP('',(#6837,#6838,#6839,#6840));
#1627=EDGE_LOOP('',(#6841,#6842,#6843,#6844));
#1628=EDGE_LOOP('',(#6845,#6846,#6847,#6848));
#1629=EDGE_LOOP('',(#6849,#6850,#6851,#6852));
#1630=EDGE_LOOP('',(#6853,#6854,#6855,#6856));
#1631=EDGE_LOOP('',(#6857,#6858,#6859,#6860));
#1632=EDGE_LOOP('',(#6861,#6862,#6863,#6864));
#1633=EDGE_LOOP('',(#6865,#6866,#6867,#6868));
#1634=EDGE_LOOP('',(#6869,#6870,#6871,#6872));
#1635=EDGE_LOOP('',(#6873,#6874,#6875,#6876));
#1636=EDGE_LOOP('',(#6877,#6878,#6879,#6880));
#1637=EDGE_LOOP('',(#6881,#6882,#6883,#6884));
#1638=EDGE_LOOP('',(#6885,#6886,#6887,#6888,#6889,#6890,#6891,#6892,#6893,
#6894,#6895,#6896,#6897,#6898,#6899,#6900,#6901,#6902,#6903,#6904));
#1639=EDGE_LOOP('',(#6905,#6906,#6907,#6908));
#1640=EDGE_LOOP('',(#6909,#6910,#6911,#6912));
#1641=EDGE_LOOP('',(#6913,#6914,#6915,#6916));
#1642=EDGE_LOOP('',(#6917,#6918,#6919,#6920));
#1643=EDGE_LOOP('',(#6921,#6922,#6923,#6924));
#1644=EDGE_LOOP('',(#6925,#6926,#6927,#6928));
#1645=EDGE_LOOP('',(#6929,#6930,#6931,#6932));
#1646=EDGE_LOOP('',(#6933,#6934,#6935,#6936));
#1647=EDGE_LOOP('',(#6937,#6938,#6939,#6940));
#1648=EDGE_LOOP('',(#6941,#6942,#6943,#6944));
#1649=EDGE_LOOP('',(#6945,#6946,#6947,#6948));
#1650=EDGE_LOOP('',(#6949,#6950,#6951,#6952));
#1651=EDGE_LOOP('',(#6953,#6954,#6955,#6956,#6957,#6958,#6959,#6960,#6961,
#6962,#6963,#6964));
#1652=EDGE_LOOP('',(#6965,#6966,#6967,#6968));
#1653=EDGE_LOOP('',(#6969,#6970,#6971,#6972));
#1654=EDGE_LOOP('',(#6973,#6974,#6975,#6976));
#1655=EDGE_LOOP('',(#6977,#6978,#6979,#6980));
#1656=EDGE_LOOP('',(#6981,#6982,#6983,#6984));
#1657=EDGE_LOOP('',(#6985,#6986,#6987,#6988));
#1658=EDGE_LOOP('',(#6989,#6990,#6991,#6992));
#1659=EDGE_LOOP('',(#6993,#6994,#6995,#6996));
#1660=EDGE_LOOP('',(#6997,#6998,#6999,#7000));
#1661=EDGE_LOOP('',(#7001,#7002,#7003,#7004));
#1662=EDGE_LOOP('',(#7005,#7006,#7007,#7008));
#1663=EDGE_LOOP('',(#7009,#7010,#7011,#7012));
#1664=EDGE_LOOP('',(#7013,#7014,#7015,#7016));
#1665=EDGE_LOOP('',(#7017,#7018,#7019,#7020));
#1666=EDGE_LOOP('',(#7021,#7022,#7023,#7024,#7025,#7026,#7027,#7028));
#1667=EDGE_LOOP('',(#7029,#7030,#7031,#7032,#7033,#7034));
#1668=EDGE_LOOP('',(#7035,#7036,#7037,#7038));
#1669=EDGE_LOOP('',(#7039,#7040,#7041,#7042));
#1670=EDGE_LOOP('',(#7043,#7044,#7045,#7046));
#1671=EDGE_LOOP('',(#7047,#7048,#7049,#7050));
#1672=EDGE_LOOP('',(#7051,#7052,#7053,#7054));
#1673=EDGE_LOOP('',(#7055,#7056,#7057,#7058));
#1674=EDGE_LOOP('',(#7059,#7060,#7061,#7062));
#1675=EDGE_LOOP('',(#7063,#7064,#7065,#7066));
#1676=EDGE_LOOP('',(#7067,#7068,#7069,#7070,#7071,#7072,#7073,#7074));
#1677=EDGE_LOOP('',(#7075,#7076,#7077,#7078));
#1678=EDGE_LOOP('',(#7079,#7080,#7081,#7082));
#1679=EDGE_LOOP('',(#7083,#7084,#7085,#7086));
#1680=EDGE_LOOP('',(#7087,#7088,#7089,#7090));
#1681=EDGE_LOOP('',(#7091,#7092,#7093,#7094));
#1682=EDGE_LOOP('',(#7095,#7096,#7097,#7098));
#1683=EDGE_LOOP('',(#7099,#7100,#7101,#7102));
#1684=EDGE_LOOP('',(#7103,#7104,#7105,#7106));
#1685=EDGE_LOOP('',(#7107,#7108,#7109,#7110));
#1686=EDGE_LOOP('',(#7111,#7112,#7113,#7114));
#1687=EDGE_LOOP('',(#7115,#7116,#7117,#7118));
#1688=EDGE_LOOP('',(#7119,#7120,#7121,#7122));
#1689=EDGE_LOOP('',(#7123,#7124,#7125,#7126));
#1690=EDGE_LOOP('',(#7127,#7128,#7129,#7130));
#1691=EDGE_LOOP('',(#7131,#7132,#7133,#7134));
#1692=EDGE_LOOP('',(#7135,#7136,#7137,#7138));
#1693=EDGE_LOOP('',(#7139,#7140,#7141,#7142));
#1694=EDGE_LOOP('',(#7143,#7144,#7145,#7146));
#1695=EDGE_LOOP('',(#7147,#7148,#7149,#7150));
#1696=EDGE_LOOP('',(#7151,#7152,#7153,#7154));
#1697=EDGE_LOOP('',(#7155,#7156,#7157,#7158));
#1698=EDGE_LOOP('',(#7159,#7160,#7161,#7162,#7163,#7164,#7165,#7166,#7167,
#7168,#7169));
#1699=EDGE_LOOP('',(#7170,#7171,#7172,#7173,#7174));
#1700=EDGE_LOOP('',(#7175,#7176,#7177,#7178,#7179));
#1701=EDGE_LOOP('',(#7180,#7181,#7182,#7183));
#1702=EDGE_LOOP('',(#7184,#7185,#7186,#7187));
#1703=EDGE_LOOP('',(#7188,#7189,#7190,#7191));
#1704=EDGE_LOOP('',(#7192,#7193,#7194,#7195));
#1705=EDGE_LOOP('',(#7196,#7197,#7198,#7199));
#1706=EDGE_LOOP('',(#7200,#7201,#7202,#7203));
#1707=EDGE_LOOP('',(#7204,#7205,#7206,#7207));
#1708=EDGE_LOOP('',(#7208,#7209,#7210,#7211));
#1709=EDGE_LOOP('',(#7212,#7213,#7214,#7215));
#1710=EDGE_LOOP('',(#7216,#7217,#7218,#7219));
#1711=EDGE_LOOP('',(#7220,#7221,#7222,#7223));
#1712=EDGE_LOOP('',(#7224,#7225,#7226,#7227));
#1713=EDGE_LOOP('',(#7228,#7229,#7230,#7231));
#1714=EDGE_LOOP('',(#7232,#7233,#7234,#7235));
#1715=EDGE_LOOP('',(#7236,#7237,#7238,#7239));
#1716=EDGE_LOOP('',(#7240,#7241,#7242,#7243));
#1717=EDGE_LOOP('',(#7244,#7245,#7246,#7247));
#1718=EDGE_LOOP('',(#7248,#7249,#7250,#7251));
#1719=EDGE_LOOP('',(#7252,#7253,#7254,#7255));
#1720=EDGE_LOOP('',(#7256,#7257,#7258,#7259));
#1721=EDGE_LOOP('',(#7260,#7261,#7262,#7263));
#1722=EDGE_LOOP('',(#7264,#7265,#7266,#7267));
#1723=EDGE_LOOP('',(#7268,#7269,#7270,#7271));
#1724=EDGE_LOOP('',(#7272,#7273,#7274,#7275));
#1725=EDGE_LOOP('',(#7276,#7277,#7278,#7279,#7280,#7281,#7282,#7283,#7284,
#7285));
#1726=EDGE_LOOP('',(#7286,#7287,#7288,#7289,#7290,#7291,#7292));
#1727=EDGE_LOOP('',(#7293,#7294,#7295,#7296,#7297,#7298,#7299));
#1728=EDGE_LOOP('',(#7300,#7301,#7302,#7303));
#1729=EDGE_LOOP('',(#7304,#7305,#7306,#7307));
#1730=EDGE_LOOP('',(#7308,#7309,#7310,#7311));
#1731=EDGE_LOOP('',(#7312,#7313,#7314,#7315));
#1732=EDGE_LOOP('',(#7316,#7317,#7318,#7319));
#1733=EDGE_LOOP('',(#7320,#7321,#7322,#7323));
#1734=EDGE_LOOP('',(#7324,#7325,#7326,#7327));
#1735=EDGE_LOOP('',(#7328,#7329,#7330,#7331));
#1736=EDGE_LOOP('',(#7332,#7333,#7334,#7335));
#1737=EDGE_LOOP('',(#7336,#7337,#7338,#7339));
#1738=EDGE_LOOP('',(#7340,#7341,#7342,#7343));
#1739=EDGE_LOOP('',(#7344,#7345,#7346,#7347));
#1740=EDGE_LOOP('',(#7348,#7349,#7350,#7351,#7352,#7353,#7354,#7355,#7356,
#7357,#7358,#7359));
#1741=EDGE_LOOP('',(#7360,#7361,#7362,#7363));
#1742=EDGE_LOOP('',(#7364,#7365,#7366,#7367));
#1743=EDGE_LOOP('',(#7368,#7369,#7370,#7371));
#1744=EDGE_LOOP('',(#7372,#7373,#7374,#7375));
#1745=EDGE_LOOP('',(#7376,#7377,#7378,#7379));
#1746=EDGE_LOOP('',(#7380,#7381,#7382,#7383));
#1747=EDGE_LOOP('',(#7384,#7385,#7386,#7387));
#1748=EDGE_LOOP('',(#7388,#7389,#7390,#7391));
#1749=EDGE_LOOP('',(#7392,#7393,#7394,#7395));
#1750=EDGE_LOOP('',(#7396,#7397,#7398,#7399));
#1751=EDGE_LOOP('',(#7400,#7401,#7402,#7403));
#1752=EDGE_LOOP('',(#7404,#7405,#7406,#7407));
#1753=EDGE_LOOP('',(#7408,#7409,#7410,#7411));
#1754=EDGE_LOOP('',(#7412,#7413,#7414,#7415));
#1755=EDGE_LOOP('',(#7416,#7417,#7418,#7419));
#1756=EDGE_LOOP('',(#7420,#7421,#7422,#7423));
#1757=EDGE_LOOP('',(#7424,#7425,#7426,#7427));
#1758=EDGE_LOOP('',(#7428,#7429,#7430,#7431));
#1759=EDGE_LOOP('',(#7432,#7433,#7434,#7435));
#1760=EDGE_LOOP('',(#7436,#7437,#7438,#7439));
#1761=EDGE_LOOP('',(#7440,#7441,#7442,#7443,#7444,#7445,#7446,#7447,#7448,
#7449,#7450,#7451,#7452,#7453,#7454,#7455,#7456,#7457,#7458,#7459));
#1762=EDGE_LOOP('',(#7460,#7461,#7462,#7463));
#1763=EDGE_LOOP('',(#7464,#7465,#7466,#7467));
#1764=EDGE_LOOP('',(#7468,#7469,#7470,#7471));
#1765=EDGE_LOOP('',(#7472,#7473,#7474,#7475));
#1766=EDGE_LOOP('',(#7476,#7477,#7478,#7479));
#1767=EDGE_LOOP('',(#7480,#7481,#7482,#7483));
#1768=EDGE_LOOP('',(#7484,#7485,#7486,#7487));
#1769=EDGE_LOOP('',(#7488,#7489,#7490,#7491));
#1770=EDGE_LOOP('',(#7492,#7493,#7494,#7495));
#1771=EDGE_LOOP('',(#7496,#7497,#7498,#7499));
#1772=EDGE_LOOP('',(#7500,#7501,#7502,#7503));
#1773=EDGE_LOOP('',(#7504,#7505,#7506,#7507));
#1774=EDGE_LOOP('',(#7508,#7509,#7510,#7511));
#1775=EDGE_LOOP('',(#7512,#7513,#7514,#7515));
#1776=EDGE_LOOP('',(#7516,#7517,#7518,#7519,#7520,#7521,#7522));
#1777=EDGE_LOOP('',(#7523,#7524,#7525,#7526,#7527,#7528,#7529));
#1778=EDGE_LOOP('',(#7530,#7531,#7532,#7533));
#1779=EDGE_LOOP('',(#7534,#7535,#7536,#7537));
#1780=EDGE_LOOP('',(#7538,#7539,#7540,#7541));
#1781=EDGE_LOOP('',(#7542,#7543,#7544,#7545));
#1782=EDGE_LOOP('',(#7546,#7547,#7548,#7549));
#1783=EDGE_LOOP('',(#7550,#7551,#7552,#7553));
#1784=EDGE_LOOP('',(#7554,#7555,#7556,#7557));
#1785=EDGE_LOOP('',(#7558,#7559,#7560,#7561));
#1786=EDGE_LOOP('',(#7562,#7563,#7564,#7565));
#1787=EDGE_LOOP('',(#7566,#7567,#7568,#7569));
#1788=EDGE_LOOP('',(#7570,#7571,#7572,#7573));
#1789=EDGE_LOOP('',(#7574,#7575,#7576,#7577));
#1790=EDGE_LOOP('',(#7578,#7579,#7580,#7581));
#1791=EDGE_LOOP('',(#7582,#7583,#7584,#7585));
#1792=EDGE_LOOP('',(#7586,#7587,#7588,#7589));
#1793=EDGE_LOOP('',(#7590,#7591,#7592,#7593));
#1794=EDGE_LOOP('',(#7594,#7595,#7596,#7597));
#1795=EDGE_LOOP('',(#7598,#7599,#7600,#7601));
#1796=EDGE_LOOP('',(#7602,#7603,#7604,#7605));
#1797=EDGE_LOOP('',(#7606,#7607,#7608,#7609));
#1798=EDGE_LOOP('',(#7610,#7611,#7612,#7613,#7614,#7615,#7616,#7617,#7618,
#7619,#7620,#7621,#7622,#7623,#7624,#7625,#7626,#7627,#7628,#7629));
#1799=EDGE_LOOP('',(#7630));
#1800=EDGE_LOOP('',(#7631,#7632,#7633,#7634,#7635,#7636,#7637));
#1801=EDGE_LOOP('',(#7638,#7639,#7640,#7641,#7642,#7643,#7644,#7645,#7646,
#7647,#7648));
#1802=EDGE_LOOP('',(#7649,#7650,#7651,#7652,#7653,#7654,#7655,#7656,#7657,
#7658,#7659));
#1803=EDGE_LOOP('',(#7660,#7661,#7662,#7663,#7664,#7665,#7666,#7667,#7668));
#1804=EDGE_LOOP('',(#7669,#7670,#7671,#7672));
#1805=EDGE_LOOP('',(#7673,#7674,#7675,#7676,#7677,#7678,#7679,#7680,#7681,
#7682,#7683,#7684,#7685,#7686,#7687,#7688,#7689));
#1806=EDGE_LOOP('',(#7690,#7691,#7692,#7693,#7694,#7695,#7696,#7697,#7698,
#7699,#7700));
#1807=EDGE_LOOP('',(#7701,#7702,#7703,#7704,#7705,#7706,#7707,#7708));
#1808=EDGE_LOOP('',(#7709,#7710,#7711,#7712,#7713,#7714,#7715,#7716,#7717,
#7718,#7719,#7720,#7721));
#1809=EDGE_LOOP('',(#7722,#7723,#7724,#7725,#7726,#7727,#7728,#7729,#7730));
#1810=EDGE_LOOP('',(#7731,#7732,#7733,#7734,#7735,#7736,#7737,#7738));
#1811=EDGE_LOOP('',(#7739,#7740,#7741,#7742,#7743,#7744,#7745,#7746,#7747,
#7748,#7749,#7750,#7751,#7752,#7753,#7754,#7755,#7756,#7757,#7758));
#1812=EDGE_LOOP('',(#7759,#7760,#7761,#7762,#7763,#7764,#7765,#7766,#7767,
#7768,#7769,#7770));
#1813=EDGE_LOOP('',(#7771,#7772,#7773,#7774,#7775,#7776,#7777,#7778));
#1814=EDGE_LOOP('',(#7779,#7780,#7781,#7782,#7783,#7784,#7785,#7786));
#1815=EDGE_LOOP('',(#7787,#7788,#7789,#7790,#7791,#7792,#7793,#7794,#7795,
#7796,#7797));
#1816=EDGE_LOOP('',(#7798,#7799,#7800,#7801,#7802,#7803,#7804,#7805,#7806,
#7807));
#1817=EDGE_LOOP('',(#7808,#7809,#7810,#7811,#7812,#7813,#7814,#7815,#7816,
#7817,#7818,#7819));
#1818=EDGE_LOOP('',(#7820,#7821,#7822,#7823,#7824,#7825,#7826,#7827,#7828,
#7829,#7830,#7831,#7832,#7833,#7834,#7835,#7836,#7837,#7838,#7839));
#1819=EDGE_LOOP('',(#7840,#7841,#7842,#7843,#7844,#7845,#7846));
#1820=EDGE_LOOP('',(#7847,#7848,#7849,#7850,#7851,#7852,#7853,#7854,#7855,
#7856,#7857,#7858,#7859,#7860,#7861,#7862,#7863,#7864,#7865,#7866));
#1821=EDGE_LOOP('',(#7867,#7868,#7869,#7870,#7871,#7872,#7873));
#1822=EDGE_LOOP('',(#7874,#7875,#7876,#7877,#7878,#7879,#7880));
#1823=EDGE_LOOP('',(#7881,#7882,#7883,#7884,#7885,#7886,#7887));
#1824=EDGE_LOOP('',(#7888,#7889,#7890,#7891,#7892));
#1825=EDGE_LOOP('',(#7893,#7894,#7895,#7896,#7897));
#1826=EDGE_LOOP('',(#7898,#7899,#7900,#7901,#7902,#7903));
#1827=EDGE_LOOP('',(#7904,#7905,#7906,#7907,#7908,#7909,#7910));
#1828=EDGE_LOOP('',(#7911,#7912,#7913,#7914,#7915,#7916));
#1829=EDGE_LOOP('',(#7917,#7918,#7919,#7920,#7921,#7922,#7923));
#1830=EDGE_LOOP('',(#7924,#7925,#7926));
#1831=EDGE_LOOP('',(#7927,#7928,#7929,#7930,#7931));
#1832=EDGE_LOOP('',(#7932,#7933,#7934,#7935));
#1833=EDGE_LOOP('',(#7936,#7937,#7938,#7939,#7940));
#1834=EDGE_LOOP('',(#7941));
#1835=LINE('',#10540,#2599);
#1836=LINE('',#10543,#2600);
#1837=LINE('',#10546,#2601);
#1838=LINE('',#10548,#2602);
#1839=LINE('',#10549,#2603);
#1840=LINE('',#10553,#2604);
#1841=LINE('',#10555,#2605);
#1842=LINE('',#10557,#2606);
#1843=LINE('',#10558,#2607);
#1844=LINE('',#10564,#2608);
#1845=LINE('',#10569,#2609);
#1846=LINE('',#10573,#2610);
#1847=LINE('',#10575,#2611);
#1848=LINE('',#10576,#2612);
#1849=LINE('',#10579,#2613);
#1850=LINE('',#10581,#2614);
#1851=LINE('',#10582,#2615);
#1852=LINE('',#10584,#2616);
#1853=LINE('',#10585,#2617);
#1854=LINE('',#10591,#2618);
#1855=LINE('',#10594,#2619);
#1856=LINE('',#10597,#2620);
#1857=LINE('',#10599,#2621);
#1858=LINE('',#10600,#2622);
#1859=LINE('',#10603,#2623);
#1860=LINE('',#10605,#2624);
#1861=LINE('',#10606,#2625);
#1862=LINE('',#10611,#2626);
#1863=LINE('',#10617,#2627);
#1864=LINE('',#10623,#2628);
#1865=LINE('',#10636,#2629);
#1866=LINE('',#10639,#2630);
#1867=LINE('',#10642,#2631);
#1868=LINE('',#10644,#2632);
#1869=LINE('',#10647,#2633);
#1870=LINE('',#10663,#2634);
#1871=LINE('',#10670,#2635);
#1872=LINE('',#10673,#2636);
#1873=LINE('',#10676,#2637);
#1874=LINE('',#10678,#2638);
#1875=LINE('',#10682,#2639);
#1876=LINE('',#10685,#2640);
#1877=LINE('',#10690,#2641);
#1878=LINE('',#10693,#2642);
#1879=LINE('',#10697,#2643);
#1880=LINE('',#10699,#2644);
#1881=LINE('',#10701,#2645);
#1882=LINE('',#10702,#2646);
#1883=LINE('',#10705,#2647);
#1884=LINE('',#10707,#2648);
#1885=LINE('',#10714,#2649);
#1886=LINE('',#10720,#2650);
#1887=LINE('',#10727,#2651);
#1888=LINE('',#10729,#2652);
#1889=LINE('',#10731,#2653);
#1890=LINE('',#10732,#2654);
#1891=LINE('',#10738,#2655);
#1892=LINE('',#10740,#2656);
#1893=LINE('',#10742,#2657);
#1894=LINE('',#10743,#2658);
#1895=LINE('',#10751,#2659);
#1896=LINE('',#10759,#2660);
#1897=LINE('',#10761,#2661);
#1898=LINE('',#10763,#2662);
#1899=LINE('',#10764,#2663);
#1900=LINE('',#10768,#2664);
#1901=LINE('',#10770,#2665);
#1902=LINE('',#10772,#2666);
#1903=LINE('',#10773,#2667);
#1904=LINE('',#10781,#2668);
#1905=LINE('',#10787,#2669);
#1906=LINE('',#10793,#2670);
#1907=LINE('',#10795,#2671);
#1908=LINE('',#10799,#2672);
#1909=LINE('',#10803,#2673);
#1910=LINE('',#10807,#2674);
#1911=LINE('',#10811,#2675);
#1912=LINE('',#10815,#2676);
#1913=LINE('',#10819,#2677);
#1914=LINE('',#10822,#2678);
#1915=LINE('',#10835,#2679);
#1916=LINE('',#10839,#2680);
#1917=LINE('',#10843,#2681);
#1918=LINE('',#10846,#2682);
#1919=LINE('',#10848,#2683);
#1920=LINE('',#10852,#2684);
#1921=LINE('',#10856,#2685);
#1922=LINE('',#10860,#2686);
#1923=LINE('',#10864,#2687);
#1924=LINE('',#10872,#2688);
#1925=LINE('',#10873,#2689);
#1926=LINE('',#10875,#2690);
#1927=LINE('',#10876,#2691);
#1928=LINE('',#10878,#2692);
#1929=LINE('',#10879,#2693);
#1930=LINE('',#10881,#2694);
#1931=LINE('',#10882,#2695);
#1932=LINE('',#10886,#2696);
#1933=LINE('',#10887,#2697);
#1934=LINE('',#10891,#2698);
#1935=LINE('',#10892,#2699);
#1936=LINE('',#10896,#2700);
#1937=LINE('',#10897,#2701);
#1938=LINE('',#10903,#2702);
#1939=LINE('',#10905,#2703);
#1940=LINE('',#10907,#2704);
#1941=LINE('',#10908,#2705);
#1942=LINE('',#10914,#2706);
#1943=LINE('',#10917,#2707);
#1944=LINE('',#10919,#2708);
#1945=LINE('',#10920,#2709);
#1946=LINE('',#10929,#2710);
#1947=LINE('',#10941,#2711);
#1948=LINE('',#10947,#2712);
#1949=LINE('',#10949,#2713);
#1950=LINE('',#10954,#2714);
#1951=LINE('',#10966,#2715);
#1952=LINE('',#10973,#2716);
#1953=LINE('',#10975,#2717);
#1954=LINE('',#10977,#2718);
#1955=LINE('',#10979,#2719);
#1956=LINE('',#10980,#2720);
#1957=LINE('',#10983,#2721);
#1958=LINE('',#10987,#2722);
#1959=LINE('',#10988,#2723);
#1960=LINE('',#10991,#2724);
#1961=LINE('',#10995,#2725);
#1962=LINE('',#10997,#2726);
#1963=LINE('',#10999,#2727);
#1964=LINE('',#11000,#2728);
#1965=LINE('',#11005,#2729);
#1966=LINE('',#11009,#2730);
#1967=LINE('',#11013,#2731);
#1968=LINE('',#11017,#2732);
#1969=LINE('',#11021,#2733);
#1970=LINE('',#11023,#2734);
#1971=LINE('',#11025,#2735);
#1972=LINE('',#11026,#2736);
#1973=LINE('',#11029,#2737);
#1974=LINE('',#11031,#2738);
#1975=LINE('',#11033,#2739);
#1976=LINE('',#11034,#2740);
#1977=LINE('',#11038,#2741);
#1978=LINE('',#11042,#2742);
#1979=LINE('',#11054,#2743);
#1980=LINE('',#11064,#2744);
#1981=LINE('',#11067,#2745);
#1982=LINE('',#11070,#2746);
#1983=LINE('',#11073,#2747);
#1984=LINE('',#11076,#2748);
#1985=LINE('',#11079,#2749);
#1986=LINE('',#11081,#2750);
#1987=LINE('',#11082,#2751);
#1988=LINE('',#11085,#2752);
#1989=LINE('',#11087,#2753);
#1990=LINE('',#11088,#2754);
#1991=LINE('',#11091,#2755);
#1992=LINE('',#11092,#2756);
#1993=LINE('',#11095,#2757);
#1994=LINE('',#11097,#2758);
#1995=LINE('',#11098,#2759);
#1996=LINE('',#11101,#2760);
#1997=LINE('',#11107,#2761);
#1998=LINE('',#11109,#2762);
#1999=LINE('',#11110,#2763);
#2000=LINE('',#11112,#2764);
#2001=LINE('',#11120,#2765);
#2002=LINE('',#11124,#2766);
#2003=LINE('',#11130,#2767);
#2004=LINE('',#11138,#2768);
#2005=LINE('',#11146,#2769);
#2006=LINE('',#11154,#2770);
#2007=LINE('',#11162,#2771);
#2008=LINE('',#11169,#2772);
#2009=LINE('',#11171,#2773);
#2010=LINE('',#11173,#2774);
#2011=LINE('',#11174,#2775);
#2012=LINE('',#11177,#2776);
#2013=LINE('',#11179,#2777);
#2014=LINE('',#11180,#2778);
#2015=LINE('',#11183,#2779);
#2016=LINE('',#11185,#2780);
#2017=LINE('',#11186,#2781);
#2018=LINE('',#11189,#2782);
#2019=LINE('',#11191,#2783);
#2020=LINE('',#11192,#2784);
#2021=LINE('',#11195,#2785);
#2022=LINE('',#11197,#2786);
#2023=LINE('',#11198,#2787);
#2024=LINE('',#11201,#2788);
#2025=LINE('',#11203,#2789);
#2026=LINE('',#11204,#2790);
#2027=LINE('',#11206,#2791);
#2028=LINE('',#11207,#2792);
#2029=LINE('',#11224,#2793);
#2030=LINE('',#11230,#2794);
#2031=LINE('',#11245,#2795);
#2032=LINE('',#11264,#2796);
#2033=LINE('',#11283,#2797);
#2034=LINE('',#11319,#2798);
#2035=LINE('',#11325,#2799);
#2036=LINE('',#11340,#2800);
#2037=LINE('',#11359,#2801);
#2038=LINE('',#11378,#2802);
#2039=LINE('',#11414,#2803);
#2040=LINE('',#11420,#2804);
#2041=LINE('',#11439,#2805);
#2042=LINE('',#11442,#2806);
#2043=LINE('',#11444,#2807);
#2044=LINE('',#11445,#2808);
#2045=LINE('',#11464,#2809);
#2046=LINE('',#11483,#2810);
#2047=LINE('',#11502,#2811);
#2048=LINE('',#11521,#2812);
#2049=LINE('',#11524,#2813);
#2050=LINE('',#11526,#2814);
#2051=LINE('',#11527,#2815);
#2052=LINE('',#11546,#2816);
#2053=LINE('',#11565,#2817);
#2054=LINE('',#11586,#2818);
#2055=LINE('',#11588,#2819);
#2056=LINE('',#11590,#2820);
#2057=LINE('',#11591,#2821);
#2058=LINE('',#11594,#2822);
#2059=LINE('',#11596,#2823);
#2060=LINE('',#11597,#2824);
#2061=LINE('',#11599,#2825);
#2062=LINE('',#11600,#2826);
#2063=LINE('',#11604,#2827);
#2064=LINE('',#11606,#2828);
#2065=LINE('',#11608,#2829);
#2066=LINE('',#11609,#2830);
#2067=LINE('',#11612,#2831);
#2068=LINE('',#11614,#2832);
#2069=LINE('',#11615,#2833);
#2070=LINE('',#11618,#2834);
#2071=LINE('',#11620,#2835);
#2072=LINE('',#11621,#2836);
#2073=LINE('',#11624,#2837);
#2074=LINE('',#11626,#2838);
#2075=LINE('',#11627,#2839);
#2076=LINE('',#11630,#2840);
#2077=LINE('',#11632,#2841);
#2078=LINE('',#11633,#2842);
#2079=LINE('',#11636,#2843);
#2080=LINE('',#11638,#2844);
#2081=LINE('',#11639,#2845);
#2082=LINE('',#11642,#2846);
#2083=LINE('',#11644,#2847);
#2084=LINE('',#11645,#2848);
#2085=LINE('',#11648,#2849);
#2086=LINE('',#11650,#2850);
#2087=LINE('',#11651,#2851);
#2088=LINE('',#11654,#2852);
#2089=LINE('',#11656,#2853);
#2090=LINE('',#11657,#2854);
#2091=LINE('',#11660,#2855);
#2092=LINE('',#11662,#2856);
#2093=LINE('',#11663,#2857);
#2094=LINE('',#11665,#2858);
#2095=LINE('',#11666,#2859);
#2096=LINE('',#11671,#2860);
#2097=LINE('',#11673,#2861);
#2098=LINE('',#11675,#2862);
#2099=LINE('',#11676,#2863);
#2100=LINE('',#11679,#2864);
#2101=LINE('',#11681,#2865);
#2102=LINE('',#11682,#2866);
#2103=LINE('',#11685,#2867);
#2104=LINE('',#11687,#2868);
#2105=LINE('',#11688,#2869);
#2106=LINE('',#11691,#2870);
#2107=LINE('',#11693,#2871);
#2108=LINE('',#11694,#2872);
#2109=LINE('',#11697,#2873);
#2110=LINE('',#11699,#2874);
#2111=LINE('',#11700,#2875);
#2112=LINE('',#11703,#2876);
#2113=LINE('',#11705,#2877);
#2114=LINE('',#11706,#2878);
#2115=LINE('',#11709,#2879);
#2116=LINE('',#11711,#2880);
#2117=LINE('',#11712,#2881);
#2118=LINE('',#11715,#2882);
#2119=LINE('',#11717,#2883);
#2120=LINE('',#11718,#2884);
#2121=LINE('',#11720,#2885);
#2122=LINE('',#11721,#2886);
#2123=LINE('',#11726,#2887);
#2124=LINE('',#11728,#2888);
#2125=LINE('',#11730,#2889);
#2126=LINE('',#11731,#2890);
#2127=LINE('',#11734,#2891);
#2128=LINE('',#11736,#2892);
#2129=LINE('',#11737,#2893);
#2130=LINE('',#11740,#2894);
#2131=LINE('',#11742,#2895);
#2132=LINE('',#11743,#2896);
#2133=LINE('',#11745,#2897);
#2134=LINE('',#11746,#2898);
#2135=LINE('',#11751,#2899);
#2136=LINE('',#11753,#2900);
#2137=LINE('',#11755,#2901);
#2138=LINE('',#11756,#2902);
#2139=LINE('',#11775,#2903);
#2140=LINE('',#11794,#2904);
#2141=LINE('',#11813,#2905);
#2142=LINE('',#11832,#2906);
#2143=LINE('',#11851,#2907);
#2144=LINE('',#11870,#2908);
#2145=LINE('',#11873,#2909);
#2146=LINE('',#11875,#2910);
#2147=LINE('',#11876,#2911);
#2148=LINE('',#11879,#2912);
#2149=LINE('',#11881,#2913);
#2150=LINE('',#11882,#2914);
#2151=LINE('',#11901,#2915);
#2152=LINE('',#11920,#2916);
#2153=LINE('',#11939,#2917);
#2154=LINE('',#11958,#2918);
#2155=LINE('',#11977,#2919);
#2156=LINE('',#11980,#2920);
#2157=LINE('',#11982,#2921);
#2158=LINE('',#11983,#2922);
#2159=LINE('',#11986,#2923);
#2160=LINE('',#11988,#2924);
#2161=LINE('',#11989,#2925);
#2162=LINE('',#11991,#2926);
#2163=LINE('',#11992,#2927);
#2164=LINE('',#12009,#2928);
#2165=LINE('',#12015,#2929);
#2166=LINE('',#12030,#2930);
#2167=LINE('',#12037,#2931);
#2168=LINE('',#12039,#2932);
#2169=LINE('',#12040,#2933);
#2170=LINE('',#12043,#2934);
#2171=LINE('',#12045,#2935);
#2172=LINE('',#12046,#2936);
#2173=LINE('',#12049,#2937);
#2174=LINE('',#12051,#2938);
#2175=LINE('',#12052,#2939);
#2176=LINE('',#12067,#2940);
#2177=LINE('',#12091,#2941);
#2178=LINE('',#12093,#2942);
#2179=LINE('',#12095,#2943);
#2180=LINE('',#12096,#2944);
#2181=LINE('',#12099,#2945);
#2182=LINE('',#12101,#2946);
#2183=LINE('',#12102,#2947);
#2184=LINE('',#12105,#2948);
#2185=LINE('',#12107,#2949);
#2186=LINE('',#12108,#2950);
#2187=LINE('',#12111,#2951);
#2188=LINE('',#12113,#2952);
#2189=LINE('',#12114,#2953);
#2190=LINE('',#12117,#2954);
#2191=LINE('',#12119,#2955);
#2192=LINE('',#12120,#2956);
#2193=LINE('',#12123,#2957);
#2194=LINE('',#12125,#2958);
#2195=LINE('',#12126,#2959);
#2196=LINE('',#12145,#2960);
#2197=LINE('',#12164,#2961);
#2198=LINE('',#12183,#2962);
#2199=LINE('',#12186,#2963);
#2200=LINE('',#12188,#2964);
#2201=LINE('',#12189,#2965);
#2202=LINE('',#12191,#2966);
#2203=LINE('',#12192,#2967);
#2204=LINE('',#12209,#2968);
#2205=LINE('',#12215,#2969);
#2206=LINE('',#12230,#2970);
#2207=LINE('',#12249,#2971);
#2208=LINE('',#12268,#2972);
#2209=LINE('',#12287,#2973);
#2210=LINE('',#12323,#2974);
#2211=LINE('',#12329,#2975);
#2212=LINE('',#12348,#2976);
#2213=LINE('',#12367,#2977);
#2214=LINE('',#12386,#2978);
#2215=LINE('',#12405,#2979);
#2216=LINE('',#12424,#2980);
#2217=LINE('',#12443,#2981);
#2218=LINE('',#12464,#2982);
#2219=LINE('',#12466,#2983);
#2220=LINE('',#12468,#2984);
#2221=LINE('',#12469,#2985);
#2222=LINE('',#12472,#2986);
#2223=LINE('',#12474,#2987);
#2224=LINE('',#12475,#2988);
#2225=LINE('',#12478,#2989);
#2226=LINE('',#12480,#2990);
#2227=LINE('',#12481,#2991);
#2228=LINE('',#12484,#2992);
#2229=LINE('',#12486,#2993);
#2230=LINE('',#12487,#2994);
#2231=LINE('',#12490,#2995);
#2232=LINE('',#12492,#2996);
#2233=LINE('',#12493,#2997);
#2234=LINE('',#12496,#2998);
#2235=LINE('',#12498,#2999);
#2236=LINE('',#12499,#3000);
#2237=LINE('',#12502,#3001);
#2238=LINE('',#12504,#3002);
#2239=LINE('',#12505,#3003);
#2240=LINE('',#12508,#3004);
#2241=LINE('',#12510,#3005);
#2242=LINE('',#12511,#3006);
#2243=LINE('',#12514,#3007);
#2244=LINE('',#12516,#3008);
#2245=LINE('',#12517,#3009);
#2246=LINE('',#12520,#3010);
#2247=LINE('',#12522,#3011);
#2248=LINE('',#12523,#3012);
#2249=LINE('',#12526,#3013);
#2250=LINE('',#12528,#3014);
#2251=LINE('',#12529,#3015);
#2252=LINE('',#12532,#3016);
#2253=LINE('',#12534,#3017);
#2254=LINE('',#12535,#3018);
#2255=LINE('',#12537,#3019);
#2256=LINE('',#12538,#3020);
#2257=LINE('',#12555,#3021);
#2258=LINE('',#12561,#3022);
#2259=LINE('',#12576,#3023);
#2260=LINE('',#12583,#3024);
#2261=LINE('',#12585,#3025);
#2262=LINE('',#12586,#3026);
#2263=LINE('',#12589,#3027);
#2264=LINE('',#12591,#3028);
#2265=LINE('',#12592,#3029);
#2266=LINE('',#12595,#3030);
#2267=LINE('',#12597,#3031);
#2268=LINE('',#12598,#3032);
#2269=LINE('',#12613,#3033);
#2270=LINE('',#12649,#3034);
#2271=LINE('',#12655,#3035);
#2272=LINE('',#12658,#3036);
#2273=LINE('',#12660,#3037);
#2274=LINE('',#12661,#3038);
#2275=LINE('',#12664,#3039);
#2276=LINE('',#12666,#3040);
#2277=LINE('',#12667,#3041);
#2278=LINE('',#12670,#3042);
#2279=LINE('',#12672,#3043);
#2280=LINE('',#12673,#3044);
#2281=LINE('',#12676,#3045);
#2282=LINE('',#12678,#3046);
#2283=LINE('',#12679,#3047);
#2284=LINE('',#12682,#3048);
#2285=LINE('',#12684,#3049);
#2286=LINE('',#12685,#3050);
#2287=LINE('',#12704,#3051);
#2288=LINE('',#12723,#3052);
#2289=LINE('',#12744,#3053);
#2290=LINE('',#12746,#3054);
#2291=LINE('',#12748,#3055);
#2292=LINE('',#12749,#3056);
#2293=LINE('',#12752,#3057);
#2294=LINE('',#12754,#3058);
#2295=LINE('',#12755,#3059);
#2296=LINE('',#12758,#3060);
#2297=LINE('',#12760,#3061);
#2298=LINE('',#12761,#3062);
#2299=LINE('',#12764,#3063);
#2300=LINE('',#12766,#3064);
#2301=LINE('',#12767,#3065);
#2302=LINE('',#12770,#3066);
#2303=LINE('',#12772,#3067);
#2304=LINE('',#12773,#3068);
#2305=LINE('',#12776,#3069);
#2306=LINE('',#12778,#3070);
#2307=LINE('',#12779,#3071);
#2308=LINE('',#12782,#3072);
#2309=LINE('',#12784,#3073);
#2310=LINE('',#12785,#3074);
#2311=LINE('',#12787,#3075);
#2312=LINE('',#12788,#3076);
#2313=LINE('',#12793,#3077);
#2314=LINE('',#12795,#3078);
#2315=LINE('',#12797,#3079);
#2316=LINE('',#12798,#3080);
#2317=LINE('',#12801,#3081);
#2318=LINE('',#12803,#3082);
#2319=LINE('',#12804,#3083);
#2320=LINE('',#12823,#3084);
#2321=LINE('',#12842,#3085);
#2322=LINE('',#12861,#3086);
#2323=LINE('',#12880,#3087);
#2324=LINE('',#12899,#3088);
#2325=LINE('',#12918,#3089);
#2326=LINE('',#12937,#3090);
#2327=LINE('',#12956,#3091);
#2328=LINE('',#12959,#3092);
#2329=LINE('',#12961,#3093);
#2330=LINE('',#12962,#3094);
#2331=LINE('',#12965,#3095);
#2332=LINE('',#12967,#3096);
#2333=LINE('',#12968,#3097);
#2334=LINE('',#12987,#3098);
#2335=LINE('',#13006,#3099);
#2336=LINE('',#13025,#3100);
#2337=LINE('',#13044,#3101);
#2338=LINE('',#13063,#3102);
#2339=LINE('',#13082,#3103);
#2340=LINE('',#13101,#3104);
#2341=LINE('',#13122,#3105);
#2342=LINE('',#13124,#3106);
#2343=LINE('',#13126,#3107);
#2344=LINE('',#13127,#3108);
#2345=LINE('',#13130,#3109);
#2346=LINE('',#13132,#3110);
#2347=LINE('',#13133,#3111);
#2348=LINE('',#13136,#3112);
#2349=LINE('',#13138,#3113);
#2350=LINE('',#13139,#3114);
#2351=LINE('',#13142,#3115);
#2352=LINE('',#13144,#3116);
#2353=LINE('',#13145,#3117);
#2354=LINE('',#13148,#3118);
#2355=LINE('',#13150,#3119);
#2356=LINE('',#13151,#3120);
#2357=LINE('',#13154,#3121);
#2358=LINE('',#13156,#3122);
#2359=LINE('',#13157,#3123);
#2360=LINE('',#13160,#3124);
#2361=LINE('',#13162,#3125);
#2362=LINE('',#13163,#3126);
#2363=LINE('',#13166,#3127);
#2364=LINE('',#13168,#3128);
#2365=LINE('',#13169,#3129);
#2366=LINE('',#13172,#3130);
#2367=LINE('',#13174,#3131);
#2368=LINE('',#13175,#3132);
#2369=LINE('',#13178,#3133);
#2370=LINE('',#13180,#3134);
#2371=LINE('',#13181,#3135);
#2372=LINE('',#13184,#3136);
#2373=LINE('',#13186,#3137);
#2374=LINE('',#13187,#3138);
#2375=LINE('',#13189,#3139);
#2376=LINE('',#13190,#3140);
#2377=LINE('',#13207,#3141);
#2378=LINE('',#13213,#3142);
#2379=LINE('',#13228,#3143);
#2380=LINE('',#13247,#3144);
#2381=LINE('',#13266,#3145);
#2382=LINE('',#13285,#3146);
#2383=LINE('',#13321,#3147);
#2384=LINE('',#13327,#3148);
#2385=LINE('',#13346,#3149);
#2386=LINE('',#13365,#3150);
#2387=LINE('',#13384,#3151);
#2388=LINE('',#13403,#3152);
#2389=LINE('',#13422,#3153);
#2390=LINE('',#13441,#3154);
#2391=LINE('',#13462,#3155);
#2392=LINE('',#13464,#3156);
#2393=LINE('',#13466,#3157);
#2394=LINE('',#13467,#3158);
#2395=LINE('',#13470,#3159);
#2396=LINE('',#13472,#3160);
#2397=LINE('',#13473,#3161);
#2398=LINE('',#13476,#3162);
#2399=LINE('',#13478,#3163);
#2400=LINE('',#13479,#3164);
#2401=LINE('',#13482,#3165);
#2402=LINE('',#13484,#3166);
#2403=LINE('',#13485,#3167);
#2404=LINE('',#13488,#3168);
#2405=LINE('',#13490,#3169);
#2406=LINE('',#13491,#3170);
#2407=LINE('',#13494,#3171);
#2408=LINE('',#13496,#3172);
#2409=LINE('',#13497,#3173);
#2410=LINE('',#13500,#3174);
#2411=LINE('',#13502,#3175);
#2412=LINE('',#13503,#3176);
#2413=LINE('',#13505,#3177);
#2414=LINE('',#13506,#3178);
#2415=LINE('',#13523,#3179);
#2416=LINE('',#13529,#3180);
#2417=LINE('',#13544,#3181);
#2418=LINE('',#13563,#3182);
#2419=LINE('',#13582,#3183);
#2420=LINE('',#13618,#3184);
#2421=LINE('',#13624,#3185);
#2422=LINE('',#13639,#3186);
#2423=LINE('',#13658,#3187);
#2424=LINE('',#13677,#3188);
#2425=LINE('',#13713,#3189);
#2426=LINE('',#13719,#3190);
#2427=LINE('',#13738,#3191);
#2428=LINE('',#13741,#3192);
#2429=LINE('',#13743,#3193);
#2430=LINE('',#13744,#3194);
#2431=LINE('',#13763,#3195);
#2432=LINE('',#13782,#3196);
#2433=LINE('',#13801,#3197);
#2434=LINE('',#13820,#3198);
#2435=LINE('',#13823,#3199);
#2436=LINE('',#13825,#3200);
#2437=LINE('',#13826,#3201);
#2438=LINE('',#13845,#3202);
#2439=LINE('',#13864,#3203);
#2440=LINE('',#13897,#3204);
#2441=LINE('',#13903,#3205);
#2442=LINE('',#13918,#3206);
#2443=LINE('',#13925,#3207);
#2444=LINE('',#13927,#3208);
#2445=LINE('',#13928,#3209);
#2446=LINE('',#13931,#3210);
#2447=LINE('',#13933,#3211);
#2448=LINE('',#13934,#3212);
#2449=LINE('',#13937,#3213);
#2450=LINE('',#13939,#3214);
#2451=LINE('',#13940,#3215);
#2452=LINE('',#13955,#3216);
#2453=LINE('',#13991,#3217);
#2454=LINE('',#13997,#3218);
#2455=LINE('',#14012,#3219);
#2456=LINE('',#14019,#3220);
#2457=LINE('',#14021,#3221);
#2458=LINE('',#14022,#3222);
#2459=LINE('',#14025,#3223);
#2460=LINE('',#14027,#3224);
#2461=LINE('',#14028,#3225);
#2462=LINE('',#14031,#3226);
#2463=LINE('',#14033,#3227);
#2464=LINE('',#14034,#3228);
#2465=LINE('',#14049,#3229);
#2466=LINE('',#14085,#3230);
#2467=LINE('',#14091,#3231);
#2468=LINE('',#14094,#3232);
#2469=LINE('',#14096,#3233);
#2470=LINE('',#14097,#3234);
#2471=LINE('',#14100,#3235);
#2472=LINE('',#14102,#3236);
#2473=LINE('',#14103,#3237);
#2474=LINE('',#14106,#3238);
#2475=LINE('',#14108,#3239);
#2476=LINE('',#14109,#3240);
#2477=LINE('',#14128,#3241);
#2478=LINE('',#14147,#3242);
#2479=LINE('',#14166,#3243);
#2480=LINE('',#14169,#3244);
#2481=LINE('',#14171,#3245);
#2482=LINE('',#14172,#3246);
#2483=LINE('',#14191,#3247);
#2484=LINE('',#14224,#3248);
#2485=LINE('',#14230,#3249);
#2486=LINE('',#14233,#3250);
#2487=LINE('',#14235,#3251);
#2488=LINE('',#14236,#3252);
#2489=LINE('',#14239,#3253);
#2490=LINE('',#14241,#3254);
#2491=LINE('',#14242,#3255);
#2492=LINE('',#14261,#3256);
#2493=LINE('',#14280,#3257);
#2494=LINE('',#14299,#3258);
#2495=LINE('',#14302,#3259);
#2496=LINE('',#14304,#3260);
#2497=LINE('',#14305,#3261);
#2498=LINE('',#14308,#3262);
#2499=LINE('',#14310,#3263);
#2500=LINE('',#14311,#3264);
#2501=LINE('',#14314,#3265);
#2502=LINE('',#14316,#3266);
#2503=LINE('',#14317,#3267);
#2504=LINE('',#14320,#3268);
#2505=LINE('',#14322,#3269);
#2506=LINE('',#14323,#3270);
#2507=LINE('',#14326,#3271);
#2508=LINE('',#14328,#3272);
#2509=LINE('',#14329,#3273);
#2510=LINE('',#14362,#3274);
#2511=LINE('',#14368,#3275);
#2512=LINE('',#14387,#3276);
#2513=LINE('',#14390,#3277);
#2514=LINE('',#14392,#3278);
#2515=LINE('',#14393,#3279);
#2516=LINE('',#14396,#3280);
#2517=LINE('',#14398,#3281);
#2518=LINE('',#14399,#3282);
#2519=LINE('',#14418,#3283);
#2520=LINE('',#14437,#3284);
#2521=LINE('',#14456,#3285);
#2522=LINE('',#14475,#3286);
#2523=LINE('',#14494,#3287);
#2524=LINE('',#14513,#3288);
#2525=LINE('',#14532,#3289);
#2526=LINE('',#14535,#3290);
#2527=LINE('',#14537,#3291);
#2528=LINE('',#14538,#3292);
#2529=LINE('',#14541,#3293);
#2530=LINE('',#14543,#3294);
#2531=LINE('',#14544,#3295);
#2532=LINE('',#14547,#3296);
#2533=LINE('',#14549,#3297);
#2534=LINE('',#14550,#3298);
#2535=LINE('',#14553,#3299);
#2536=LINE('',#14555,#3300);
#2537=LINE('',#14556,#3301);
#2538=LINE('',#14559,#3302);
#2539=LINE('',#14561,#3303);
#2540=LINE('',#14562,#3304);
#2541=LINE('',#14581,#3305);
#2542=LINE('',#14600,#3306);
#2543=LINE('',#14619,#3307);
#2544=LINE('',#14652,#3308);
#2545=LINE('',#14658,#3309);
#2546=LINE('',#14673,#3310);
#2547=LINE('',#14680,#3311);
#2548=LINE('',#14682,#3312);
#2549=LINE('',#14683,#3313);
#2550=LINE('',#14686,#3314);
#2551=LINE('',#14688,#3315);
#2552=LINE('',#14689,#3316);
#2553=LINE('',#14692,#3317);
#2554=LINE('',#14694,#3318);
#2555=LINE('',#14695,#3319);
#2556=LINE('',#14710,#3320);
#2557=LINE('',#14746,#3321);
#2558=LINE('',#14752,#3322);
#2559=LINE('',#14755,#3323);
#2560=LINE('',#14757,#3324);
#2561=LINE('',#14758,#3325);
#2562=LINE('',#14761,#3326);
#2563=LINE('',#14763,#3327);
#2564=LINE('',#14764,#3328);
#2565=LINE('',#14767,#3329);
#2566=LINE('',#14769,#3330);
#2567=LINE('',#14770,#3331);
#2568=LINE('',#14789,#3332);
#2569=LINE('',#14808,#3333);
#2570=LINE('',#14841,#3334);
#2571=LINE('',#14847,#3335);
#2572=LINE('',#14866,#3336);
#2573=LINE('',#14885,#3337);
#2574=LINE('',#14904,#3338);
#2575=LINE('',#14923,#3339);
#2576=LINE('',#14926,#3340);
#2577=LINE('',#14928,#3341);
#2578=LINE('',#14929,#3342);
#2579=LINE('',#14932,#3343);
#2580=LINE('',#14934,#3344);
#2581=LINE('',#14935,#3345);
#2582=LINE('',#14954,#3346);
#2583=LINE('',#14973,#3347);
#2584=LINE('',#14992,#3348);
#2585=LINE('',#15011,#3349);
#2586=LINE('',#15030,#3350);
#2587=LINE('',#15049,#3351);
#2588=LINE('',#15068,#3352);
#2589=LINE('',#15087,#3353);
#2590=LINE('',#15090,#3354);
#2591=LINE('',#15092,#3355);
#2592=LINE('',#15093,#3356);
#2593=LINE('',#15096,#3357);
#2594=LINE('',#15098,#3358);
#2595=LINE('',#15099,#3359);
#2596=LINE('',#15118,#3360);
#2597=LINE('',#15137,#3361);
#2598=LINE('',#15171,#3362);
#2599=VECTOR('',#8920,10.);
#2600=VECTOR('',#8923,10.);
#2601=VECTOR('',#8926,10.);
#2602=VECTOR('',#8927,10.);
#2603=VECTOR('',#8928,10.);
#2604=VECTOR('',#8931,10.);
#2605=VECTOR('',#8932,10.);
#2606=VECTOR('',#8933,10.);
#2607=VECTOR('',#8934,10.);
#2608=VECTOR('',#8941,10.);
#2609=VECTOR('',#8946,10.);
#2610=VECTOR('',#8951,10.);
#2611=VECTOR('',#8952,10.);
#2612=VECTOR('',#8953,10.);
#2613=VECTOR('',#8956,10.);
#2614=VECTOR('',#8957,10.);
#2615=VECTOR('',#8958,10.);
#2616=VECTOR('',#8961,10.);
#2617=VECTOR('',#8962,10.);
#2618=VECTOR('',#8967,10.);
#2619=VECTOR('',#8970,10.);
#2620=VECTOR('',#8973,10.);
#2621=VECTOR('',#8974,10.);
#2622=VECTOR('',#8975,10.);
#2623=VECTOR('',#8978,10.);
#2624=VECTOR('',#8979,10.);
#2625=VECTOR('',#8980,10.);
#2626=VECTOR('',#8985,10.);
#2627=VECTOR('',#8992,10.);
#2628=VECTOR('',#8999,10.);
#2629=VECTOR('',#9016,3.8);
#2630=VECTOR('',#9019,10.);
#2631=VECTOR('',#9022,10.);
#2632=VECTOR('',#9023,10.);
#2633=VECTOR('',#9026,10.);
#2634=VECTOR('',#9045,4.6);
#2635=VECTOR('',#9056,10.);
#2636=VECTOR('',#9059,10.);
#2637=VECTOR('',#9062,10.);
#2638=VECTOR('',#9063,10.);
#2639=VECTOR('',#9068,10.);
#2640=VECTOR('',#9071,10.);
#2641=VECTOR('',#9076,10.);
#2642=VECTOR('',#9079,10.);
#2643=VECTOR('',#9084,2.1);
#2644=VECTOR('',#9087,2.1);
#2645=VECTOR('',#9090,10.);
#2646=VECTOR('',#9091,10.);
#2647=VECTOR('',#9096,10.);
#2648=VECTOR('',#9099,10.);
#2649=VECTOR('',#9108,2.53);
#2650=VECTOR('',#9115,3.8);
#2651=VECTOR('',#9124,10.);
#2652=VECTOR('',#9125,10.);
#2653=VECTOR('',#9126,10.);
#2654=VECTOR('',#9127,10.);
#2655=VECTOR('',#9134,10.);
#2656=VECTOR('',#9135,10.);
#2657=VECTOR('',#9136,10.);
#2658=VECTOR('',#9137,10.);
#2659=VECTOR('',#9148,2.5);
#2660=VECTOR('',#9159,10.);
#2661=VECTOR('',#9160,10.);
#2662=VECTOR('',#9161,10.);
#2663=VECTOR('',#9162,10.);
#2664=VECTOR('',#9165,10.);
#2665=VECTOR('',#9166,10.);
#2666=VECTOR('',#9167,10.);
#2667=VECTOR('',#9168,10.);
#2668=VECTOR('',#9179,10.);
#2669=VECTOR('',#9186,10.);
#2670=VECTOR('',#9193,13.4);
#2671=VECTOR('',#9194,10.);
#2672=VECTOR('',#9197,10.);
#2673=VECTOR('',#9200,10.);
#2674=VECTOR('',#9203,10.);
#2675=VECTOR('',#9206,10.);
#2676=VECTOR('',#9209,10.);
#2677=VECTOR('',#9212,10.);
#2678=VECTOR('',#9215,10.);
#2679=VECTOR('',#9232,14.0010265663335);
#2680=VECTOR('',#9235,10.);
#2681=VECTOR('',#9238,10.);
#2682=VECTOR('',#9241,10.);
#2683=VECTOR('',#9242,10.);
#2684=VECTOR('',#9245,10.);
#2685=VECTOR('',#9248,10.);
#2686=VECTOR('',#9251,10.);
#2687=VECTOR('',#9254,10.);
#2688=VECTOR('',#9267,10.);
#2689=VECTOR('',#9268,10.);
#2690=VECTOR('',#9271,10.);
#2691=VECTOR('',#9272,10.);
#2692=VECTOR('',#9275,10.);
#2693=VECTOR('',#9276,10.);
#2694=VECTOR('',#9279,10.);
#2695=VECTOR('',#9280,10.);
#2696=VECTOR('',#9287,10.);
#2697=VECTOR('',#9288,10.);
#2698=VECTOR('',#9295,10.);
#2699=VECTOR('',#9296,10.);
#2700=VECTOR('',#9303,10.);
#2701=VECTOR('',#9304,10.);
#2702=VECTOR('',#9311,10.);
#2703=VECTOR('',#9312,10.);
#2704=VECTOR('',#9313,10.);
#2705=VECTOR('',#9314,10.);
#2706=VECTOR('',#9321,10.);
#2707=VECTOR('',#9324,10.);
#2708=VECTOR('',#9325,10.);
#2709=VECTOR('',#9326,10.);
#2710=VECTOR('',#9337,10.);
#2711=VECTOR('',#9338,10.);
#2712=VECTOR('',#9343,10.);
#2713=VECTOR('',#9346,10.);
#2714=VECTOR('',#9351,10.);
#2715=VECTOR('',#9352,10.);
#2716=VECTOR('',#9363,10.);
#2717=VECTOR('',#9364,10.);
#2718=VECTOR('',#9365,10.);
#2719=VECTOR('',#9366,10.);
#2720=VECTOR('',#9367,10.);
#2721=VECTOR('',#9370,10.);
#2722=VECTOR('',#9375,10.);
#2723=VECTOR('',#9376,10.);
#2724=VECTOR('',#9379,10.);
#2725=VECTOR('',#9384,10.);
#2726=VECTOR('',#9385,10.);
#2727=VECTOR('',#9386,10.);
#2728=VECTOR('',#9387,10.);
#2729=VECTOR('',#9392,10.);
#2730=VECTOR('',#9395,10.);
#2731=VECTOR('',#9398,10.);
#2732=VECTOR('',#9401,10.);
#2733=VECTOR('',#9406,10.);
#2734=VECTOR('',#9407,10.);
#2735=VECTOR('',#9408,10.);
#2736=VECTOR('',#9409,10.);
#2737=VECTOR('',#9412,10.);
#2738=VECTOR('',#9413,10.);
#2739=VECTOR('',#9414,10.);
#2740=VECTOR('',#9415,10.);
#2741=VECTOR('',#9420,10.);
#2742=VECTOR('',#9425,10.);
#2743=VECTOR('',#9440,10.);
#2744=VECTOR('',#9453,10.);
#2745=VECTOR('',#9456,10.);
#2746=VECTOR('',#9461,10.);
#2747=VECTOR('',#9464,10.);
#2748=VECTOR('',#9467,10.);
#2749=VECTOR('',#9470,10.);
#2750=VECTOR('',#9471,10.);
#2751=VECTOR('',#9472,10.);
#2752=VECTOR('',#9475,10.);
#2753=VECTOR('',#9476,10.);
#2754=VECTOR('',#9477,10.);
#2755=VECTOR('',#9480,10.);
#2756=VECTOR('',#9481,10.);
#2757=VECTOR('',#9484,10.);
#2758=VECTOR('',#9485,10.);
#2759=VECTOR('',#9486,10.);
#2760=VECTOR('',#9491,10.);
#2761=VECTOR('',#9500,10.);
#2762=VECTOR('',#9501,10.);
#2763=VECTOR('',#9502,10.);
#2764=VECTOR('',#9505,10.);
#2765=VECTOR('',#9518,10.);
#2766=VECTOR('',#9525,10.);
#2767=VECTOR('',#9532,0.55);
#2768=VECTOR('',#9543,0.55);
#2769=VECTOR('',#9554,0.55);
#2770=VECTOR('',#9565,0.55);
#2771=VECTOR('',#9576,0.55);
#2772=VECTOR('',#9585,10.);
#2773=VECTOR('',#9586,10.);
#2774=VECTOR('',#9587,10.);
#2775=VECTOR('',#9588,10.);
#2776=VECTOR('',#9591,10.);
#2777=VECTOR('',#9592,10.);
#2778=VECTOR('',#9593,10.);
#2779=VECTOR('',#9596,10.);
#2780=VECTOR('',#9597,10.);
#2781=VECTOR('',#9598,10.);
#2782=VECTOR('',#9601,10.);
#2783=VECTOR('',#9602,10.);
#2784=VECTOR('',#9603,10.);
#2785=VECTOR('',#9606,10.);
#2786=VECTOR('',#9607,10.);
#2787=VECTOR('',#9608,10.);
#2788=VECTOR('',#9611,10.);
#2789=VECTOR('',#9612,10.);
#2790=VECTOR('',#9613,10.);
#2791=VECTOR('',#9616,10.);
#2792=VECTOR('',#9617,10.);
#2793=VECTOR('',#9620,10.);
#2794=VECTOR('',#9621,10.);
#2795=VECTOR('',#9622,10.);
#2796=VECTOR('',#9623,10.);
#2797=VECTOR('',#9624,10.);
#2798=VECTOR('',#9625,10.);
#2799=VECTOR('',#9626,10.);
#2800=VECTOR('',#9627,10.);
#2801=VECTOR('',#9628,10.);
#2802=VECTOR('',#9629,10.);
#2803=VECTOR('',#9630,10.);
#2804=VECTOR('',#9631,10.);
#2805=VECTOR('',#9632,10.);
#2806=VECTOR('',#9635,10.);
#2807=VECTOR('',#9636,10.);
#2808=VECTOR('',#9637,10.);
#2809=VECTOR('',#9638,10.);
#2810=VECTOR('',#9639,10.);
#2811=VECTOR('',#9640,10.);
#2812=VECTOR('',#9641,10.);
#2813=VECTOR('',#9644,10.);
#2814=VECTOR('',#9645,10.);
#2815=VECTOR('',#9646,10.);
#2816=VECTOR('',#9647,10.);
#2817=VECTOR('',#9648,10.);
#2818=VECTOR('',#9653,10.);
#2819=VECTOR('',#9654,10.);
#2820=VECTOR('',#9655,10.);
#2821=VECTOR('',#9656,10.);
#2822=VECTOR('',#9659,10.);
#2823=VECTOR('',#9660,10.);
#2824=VECTOR('',#9661,10.);
#2825=VECTOR('',#9664,10.);
#2826=VECTOR('',#9665,10.);
#2827=VECTOR('',#9668,10.);
#2828=VECTOR('',#9669,10.);
#2829=VECTOR('',#9670,10.);
#2830=VECTOR('',#9671,10.);
#2831=VECTOR('',#9674,10.);
#2832=VECTOR('',#9675,10.);
#2833=VECTOR('',#9676,10.);
#2834=VECTOR('',#9679,10.);
#2835=VECTOR('',#9680,10.);
#2836=VECTOR('',#9681,10.);
#2837=VECTOR('',#9684,10.);
#2838=VECTOR('',#9685,10.);
#2839=VECTOR('',#9686,10.);
#2840=VECTOR('',#9689,10.);
#2841=VECTOR('',#9690,10.);
#2842=VECTOR('',#9691,10.);
#2843=VECTOR('',#9694,10.);
#2844=VECTOR('',#9695,10.);
#2845=VECTOR('',#9696,10.);
#2846=VECTOR('',#9699,10.);
#2847=VECTOR('',#9700,10.);
#2848=VECTOR('',#9701,10.);
#2849=VECTOR('',#9704,10.);
#2850=VECTOR('',#9705,10.);
#2851=VECTOR('',#9706,10.);
#2852=VECTOR('',#9709,10.);
#2853=VECTOR('',#9710,10.);
#2854=VECTOR('',#9711,10.);
#2855=VECTOR('',#9714,10.);
#2856=VECTOR('',#9715,10.);
#2857=VECTOR('',#9716,10.);
#2858=VECTOR('',#9719,10.);
#2859=VECTOR('',#9720,10.);
#2860=VECTOR('',#9725,10.);
#2861=VECTOR('',#9726,10.);
#2862=VECTOR('',#9727,10.);
#2863=VECTOR('',#9728,10.);
#2864=VECTOR('',#9731,10.);
#2865=VECTOR('',#9732,10.);
#2866=VECTOR('',#9733,10.);
#2867=VECTOR('',#9736,10.);
#2868=VECTOR('',#9737,10.);
#2869=VECTOR('',#9738,10.);
#2870=VECTOR('',#9741,10.);
#2871=VECTOR('',#9742,10.);
#2872=VECTOR('',#9743,10.);
#2873=VECTOR('',#9746,10.);
#2874=VECTOR('',#9747,10.);
#2875=VECTOR('',#9748,10.);
#2876=VECTOR('',#9751,10.);
#2877=VECTOR('',#9752,10.);
#2878=VECTOR('',#9753,10.);
#2879=VECTOR('',#9756,10.);
#2880=VECTOR('',#9757,10.);
#2881=VECTOR('',#9758,10.);
#2882=VECTOR('',#9761,10.);
#2883=VECTOR('',#9762,10.);
#2884=VECTOR('',#9763,10.);
#2885=VECTOR('',#9766,10.);
#2886=VECTOR('',#9767,10.);
#2887=VECTOR('',#9772,10.);
#2888=VECTOR('',#9773,10.);
#2889=VECTOR('',#9774,10.);
#2890=VECTOR('',#9775,10.);
#2891=VECTOR('',#9778,10.);
#2892=VECTOR('',#9779,10.);
#2893=VECTOR('',#9780,10.);
#2894=VECTOR('',#9783,10.);
#2895=VECTOR('',#9784,10.);
#2896=VECTOR('',#9785,10.);
#2897=VECTOR('',#9788,10.);
#2898=VECTOR('',#9789,10.);
#2899=VECTOR('',#9794,10.);
#2900=VECTOR('',#9795,10.);
#2901=VECTOR('',#9796,10.);
#2902=VECTOR('',#9797,10.);
#2903=VECTOR('',#9798,10.);
#2904=VECTOR('',#9799,10.);
#2905=VECTOR('',#9800,10.);
#2906=VECTOR('',#9801,10.);
#2907=VECTOR('',#9802,10.);
#2908=VECTOR('',#9803,10.);
#2909=VECTOR('',#9806,10.);
#2910=VECTOR('',#9807,10.);
#2911=VECTOR('',#9808,10.);
#2912=VECTOR('',#9811,10.);
#2913=VECTOR('',#9812,10.);
#2914=VECTOR('',#9813,10.);
#2915=VECTOR('',#9814,10.);
#2916=VECTOR('',#9815,10.);
#2917=VECTOR('',#9816,10.);
#2918=VECTOR('',#9817,10.);
#2919=VECTOR('',#9818,10.);
#2920=VECTOR('',#9821,10.);
#2921=VECTOR('',#9822,10.);
#2922=VECTOR('',#9823,10.);
#2923=VECTOR('',#9826,10.);
#2924=VECTOR('',#9827,10.);
#2925=VECTOR('',#9828,10.);
#2926=VECTOR('',#9831,10.);
#2927=VECTOR('',#9832,10.);
#2928=VECTOR('',#9835,10.);
#2929=VECTOR('',#9836,10.);
#2930=VECTOR('',#9837,10.);
#2931=VECTOR('',#9840,10.);
#2932=VECTOR('',#9841,10.);
#2933=VECTOR('',#9842,10.);
#2934=VECTOR('',#9845,10.);
#2935=VECTOR('',#9846,10.);
#2936=VECTOR('',#9847,10.);
#2937=VECTOR('',#9850,10.);
#2938=VECTOR('',#9851,10.);
#2939=VECTOR('',#9852,10.);
#2940=VECTOR('',#9853,10.);
#2941=VECTOR('',#9856,10.);
#2942=VECTOR('',#9857,10.);
#2943=VECTOR('',#9858,10.);
#2944=VECTOR('',#9859,10.);
#2945=VECTOR('',#9862,10.);
#2946=VECTOR('',#9863,10.);
#2947=VECTOR('',#9864,10.);
#2948=VECTOR('',#9867,10.);
#2949=VECTOR('',#9868,10.);
#2950=VECTOR('',#9869,10.);
#2951=VECTOR('',#9872,10.);
#2952=VECTOR('',#9873,10.);
#2953=VECTOR('',#9874,10.);
#2954=VECTOR('',#9877,10.);
#2955=VECTOR('',#9878,10.);
#2956=VECTOR('',#9879,10.);
#2957=VECTOR('',#9882,10.);
#2958=VECTOR('',#9883,10.);
#2959=VECTOR('',#9884,10.);
#2960=VECTOR('',#9885,10.);
#2961=VECTOR('',#9886,10.);
#2962=VECTOR('',#9887,10.);
#2963=VECTOR('',#9890,10.);
#2964=VECTOR('',#9891,10.);
#2965=VECTOR('',#9892,10.);
#2966=VECTOR('',#9895,10.);
#2967=VECTOR('',#9896,10.);
#2968=VECTOR('',#9899,10.);
#2969=VECTOR('',#9900,10.);
#2970=VECTOR('',#9901,10.);
#2971=VECTOR('',#9902,10.);
#2972=VECTOR('',#9903,10.);
#2973=VECTOR('',#9904,10.);
#2974=VECTOR('',#9905,10.);
#2975=VECTOR('',#9906,10.);
#2976=VECTOR('',#9907,10.);
#2977=VECTOR('',#9908,10.);
#2978=VECTOR('',#9909,10.);
#2979=VECTOR('',#9910,10.);
#2980=VECTOR('',#9911,10.);
#2981=VECTOR('',#9912,10.);
#2982=VECTOR('',#9917,10.);
#2983=VECTOR('',#9918,10.);
#2984=VECTOR('',#9919,10.);
#2985=VECTOR('',#9920,10.);
#2986=VECTOR('',#9923,10.);
#2987=VECTOR('',#9924,10.);
#2988=VECTOR('',#9925,10.);
#2989=VECTOR('',#9928,10.);
#2990=VECTOR('',#9929,10.);
#2991=VECTOR('',#9930,10.);
#2992=VECTOR('',#9933,10.);
#2993=VECTOR('',#9934,10.);
#2994=VECTOR('',#9935,10.);
#2995=VECTOR('',#9938,10.);
#2996=VECTOR('',#9939,10.);
#2997=VECTOR('',#9940,10.);
#2998=VECTOR('',#9943,10.);
#2999=VECTOR('',#9944,10.);
#3000=VECTOR('',#9945,10.);
#3001=VECTOR('',#9948,10.);
#3002=VECTOR('',#9949,10.);
#3003=VECTOR('',#9950,10.);
#3004=VECTOR('',#9953,10.);
#3005=VECTOR('',#9954,10.);
#3006=VECTOR('',#9955,10.);
#3007=VECTOR('',#9958,10.);
#3008=VECTOR('',#9959,10.);
#3009=VECTOR('',#9960,10.);
#3010=VECTOR('',#9963,10.);
#3011=VECTOR('',#9964,10.);
#3012=VECTOR('',#9965,10.);
#3013=VECTOR('',#9968,10.);
#3014=VECTOR('',#9969,10.);
#3015=VECTOR('',#9970,10.);
#3016=VECTOR('',#9973,10.);
#3017=VECTOR('',#9974,10.);
#3018=VECTOR('',#9975,10.);
#3019=VECTOR('',#9978,10.);
#3020=VECTOR('',#9979,10.);
#3021=VECTOR('',#9982,10.);
#3022=VECTOR('',#9983,10.);
#3023=VECTOR('',#9984,10.);
#3024=VECTOR('',#9987,10.);
#3025=VECTOR('',#9988,10.);
#3026=VECTOR('',#9989,10.);
#3027=VECTOR('',#9992,10.);
#3028=VECTOR('',#9993,10.);
#3029=VECTOR('',#9994,10.);
#3030=VECTOR('',#9997,10.);
#3031=VECTOR('',#9998,10.);
#3032=VECTOR('',#9999,10.);
#3033=VECTOR('',#10000,10.);
#3034=VECTOR('',#10001,10.);
#3035=VECTOR('',#10002,10.);
#3036=VECTOR('',#10005,10.);
#3037=VECTOR('',#10006,10.);
#3038=VECTOR('',#10007,10.);
#3039=VECTOR('',#10010,10.);
#3040=VECTOR('',#10011,10.);
#3041=VECTOR('',#10012,10.);
#3042=VECTOR('',#10015,10.);
#3043=VECTOR('',#10016,10.);
#3044=VECTOR('',#10017,10.);
#3045=VECTOR('',#10020,10.);
#3046=VECTOR('',#10021,10.);
#3047=VECTOR('',#10022,10.);
#3048=VECTOR('',#10025,10.);
#3049=VECTOR('',#10026,10.);
#3050=VECTOR('',#10027,10.);
#3051=VECTOR('',#10028,10.);
#3052=VECTOR('',#10029,10.);
#3053=VECTOR('',#10034,10.);
#3054=VECTOR('',#10035,10.);
#3055=VECTOR('',#10036,10.);
#3056=VECTOR('',#10037,10.);
#3057=VECTOR('',#10040,10.);
#3058=VECTOR('',#10041,10.);
#3059=VECTOR('',#10042,10.);
#3060=VECTOR('',#10045,10.);
#3061=VECTOR('',#10046,10.);
#3062=VECTOR('',#10047,10.);
#3063=VECTOR('',#10050,10.);
#3064=VECTOR('',#10051,10.);
#3065=VECTOR('',#10052,10.);
#3066=VECTOR('',#10055,10.);
#3067=VECTOR('',#10056,10.);
#3068=VECTOR('',#10057,10.);
#3069=VECTOR('',#10060,10.);
#3070=VECTOR('',#10061,10.);
#3071=VECTOR('',#10062,10.);
#3072=VECTOR('',#10065,10.);
#3073=VECTOR('',#10066,10.);
#3074=VECTOR('',#10067,10.);
#3075=VECTOR('',#10070,10.);
#3076=VECTOR('',#10071,10.);
#3077=VECTOR('',#10076,10.);
#3078=VECTOR('',#10077,10.);
#3079=VECTOR('',#10078,10.);
#3080=VECTOR('',#10079,10.);
#3081=VECTOR('',#10082,10.);
#3082=VECTOR('',#10083,10.);
#3083=VECTOR('',#10084,10.);
#3084=VECTOR('',#10085,10.);
#3085=VECTOR('',#10086,10.);
#3086=VECTOR('',#10087,10.);
#3087=VECTOR('',#10088,10.);
#3088=VECTOR('',#10089,10.);
#3089=VECTOR('',#10090,10.);
#3090=VECTOR('',#10091,10.);
#3091=VECTOR('',#10092,10.);
#3092=VECTOR('',#10095,10.);
#3093=VECTOR('',#10096,10.);
#3094=VECTOR('',#10097,10.);
#3095=VECTOR('',#10100,10.);
#3096=VECTOR('',#10101,10.);
#3097=VECTOR('',#10102,10.);
#3098=VECTOR('',#10103,10.);
#3099=VECTOR('',#10104,10.);
#3100=VECTOR('',#10105,10.);
#3101=VECTOR('',#10106,10.);
#3102=VECTOR('',#10107,10.);
#3103=VECTOR('',#10108,10.);
#3104=VECTOR('',#10109,10.);
#3105=VECTOR('',#10114,10.);
#3106=VECTOR('',#10115,10.);
#3107=VECTOR('',#10116,10.);
#3108=VECTOR('',#10117,10.);
#3109=VECTOR('',#10120,10.);
#3110=VECTOR('',#10121,10.);
#3111=VECTOR('',#10122,10.);
#3112=VECTOR('',#10125,10.);
#3113=VECTOR('',#10126,10.);
#3114=VECTOR('',#10127,10.);
#3115=VECTOR('',#10130,10.);
#3116=VECTOR('',#10131,10.);
#3117=VECTOR('',#10132,10.);
#3118=VECTOR('',#10135,10.);
#3119=VECTOR('',#10136,10.);
#3120=VECTOR('',#10137,10.);
#3121=VECTOR('',#10140,10.);
#3122=VECTOR('',#10141,10.);
#3123=VECTOR('',#10142,10.);
#3124=VECTOR('',#10145,10.);
#3125=VECTOR('',#10146,10.);
#3126=VECTOR('',#10147,10.);
#3127=VECTOR('',#10150,10.);
#3128=VECTOR('',#10151,10.);
#3129=VECTOR('',#10152,10.);
#3130=VECTOR('',#10155,10.);
#3131=VECTOR('',#10156,10.);
#3132=VECTOR('',#10157,10.);
#3133=VECTOR('',#10160,10.);
#3134=VECTOR('',#10161,10.);
#3135=VECTOR('',#10162,10.);
#3136=VECTOR('',#10165,10.);
#3137=VECTOR('',#10166,10.);
#3138=VECTOR('',#10167,10.);
#3139=VECTOR('',#10170,10.);
#3140=VECTOR('',#10171,10.);
#3141=VECTOR('',#10174,10.);
#3142=VECTOR('',#10175,10.);
#3143=VECTOR('',#10176,10.);
#3144=VECTOR('',#10177,10.);
#3145=VECTOR('',#10178,10.);
#3146=VECTOR('',#10179,10.);
#3147=VECTOR('',#10180,10.);
#3148=VECTOR('',#10181,10.);
#3149=VECTOR('',#10182,10.);
#3150=VECTOR('',#10183,10.);
#3151=VECTOR('',#10184,10.);
#3152=VECTOR('',#10185,10.);
#3153=VECTOR('',#10186,10.);
#3154=VECTOR('',#10187,10.);
#3155=VECTOR('',#10192,10.);
#3156=VECTOR('',#10193,10.);
#3157=VECTOR('',#10194,10.);
#3158=VECTOR('',#10195,10.);
#3159=VECTOR('',#10198,10.);
#3160=VECTOR('',#10199,10.);
#3161=VECTOR('',#10200,10.);
#3162=VECTOR('',#10203,10.);
#3163=VECTOR('',#10204,10.);
#3164=VECTOR('',#10205,10.);
#3165=VECTOR('',#10208,10.);
#3166=VECTOR('',#10209,10.);
#3167=VECTOR('',#10210,10.);
#3168=VECTOR('',#10213,10.);
#3169=VECTOR('',#10214,10.);
#3170=VECTOR('',#10215,10.);
#3171=VECTOR('',#10218,10.);
#3172=VECTOR('',#10219,10.);
#3173=VECTOR('',#10220,10.);
#3174=VECTOR('',#10223,10.);
#3175=VECTOR('',#10224,10.);
#3176=VECTOR('',#10225,10.);
#3177=VECTOR('',#10228,10.);
#3178=VECTOR('',#10229,10.);
#3179=VECTOR('',#10232,10.);
#3180=VECTOR('',#10233,10.);
#3181=VECTOR('',#10234,10.);
#3182=VECTOR('',#10235,10.);
#3183=VECTOR('',#10236,10.);
#3184=VECTOR('',#10237,10.);
#3185=VECTOR('',#10238,10.);
#3186=VECTOR('',#10239,10.);
#3187=VECTOR('',#10240,10.);
#3188=VECTOR('',#10241,10.);
#3189=VECTOR('',#10242,10.);
#3190=VECTOR('',#10243,10.);
#3191=VECTOR('',#10244,10.);
#3192=VECTOR('',#10247,10.);
#3193=VECTOR('',#10248,10.);
#3194=VECTOR('',#10249,10.);
#3195=VECTOR('',#10250,10.);
#3196=VECTOR('',#10251,10.);
#3197=VECTOR('',#10252,10.);
#3198=VECTOR('',#10253,10.);
#3199=VECTOR('',#10256,10.);
#3200=VECTOR('',#10257,10.);
#3201=VECTOR('',#10258,10.);
#3202=VECTOR('',#10259,10.);
#3203=VECTOR('',#10260,10.);
#3204=VECTOR('',#10263,10.);
#3205=VECTOR('',#10264,10.);
#3206=VECTOR('',#10265,10.);
#3207=VECTOR('',#10268,10.);
#3208=VECTOR('',#10269,10.);
#3209=VECTOR('',#10270,10.);
#3210=VECTOR('',#10273,10.);
#3211=VECTOR('',#10274,10.);
#3212=VECTOR('',#10275,10.);
#3213=VECTOR('',#10278,10.);
#3214=VECTOR('',#10279,10.);
#3215=VECTOR('',#10280,10.);
#3216=VECTOR('',#10281,10.);
#3217=VECTOR('',#10282,10.);
#3218=VECTOR('',#10283,10.);
#3219=VECTOR('',#10284,10.);
#3220=VECTOR('',#10287,10.);
#3221=VECTOR('',#10288,10.);
#3222=VECTOR('',#10289,10.);
#3223=VECTOR('',#10292,10.);
#3224=VECTOR('',#10293,10.);
#3225=VECTOR('',#10294,10.);
#3226=VECTOR('',#10297,10.);
#3227=VECTOR('',#10298,10.);
#3228=VECTOR('',#10299,10.);
#3229=VECTOR('',#10300,10.);
#3230=VECTOR('',#10301,10.);
#3231=VECTOR('',#10302,10.);
#3232=VECTOR('',#10305,10.);
#3233=VECTOR('',#10306,10.);
#3234=VECTOR('',#10307,10.);
#3235=VECTOR('',#10310,10.);
#3236=VECTOR('',#10311,10.);
#3237=VECTOR('',#10312,10.);
#3238=VECTOR('',#10315,10.);
#3239=VECTOR('',#10316,10.);
#3240=VECTOR('',#10317,10.);
#3241=VECTOR('',#10318,10.);
#3242=VECTOR('',#10319,10.);
#3243=VECTOR('',#10320,10.);
#3244=VECTOR('',#10323,10.);
#3245=VECTOR('',#10324,10.);
#3246=VECTOR('',#10325,10.);
#3247=VECTOR('',#10326,10.);
#3248=VECTOR('',#10329,10.);
#3249=VECTOR('',#10330,10.);
#3250=VECTOR('',#10333,10.);
#3251=VECTOR('',#10334,10.);
#3252=VECTOR('',#10335,10.);
#3253=VECTOR('',#10338,10.);
#3254=VECTOR('',#10339,10.);
#3255=VECTOR('',#10340,10.);
#3256=VECTOR('',#10341,10.);
#3257=VECTOR('',#10342,10.);
#3258=VECTOR('',#10343,10.);
#3259=VECTOR('',#10346,10.);
#3260=VECTOR('',#10347,10.);
#3261=VECTOR('',#10348,10.);
#3262=VECTOR('',#10351,10.);
#3263=VECTOR('',#10352,10.);
#3264=VECTOR('',#10353,10.);
#3265=VECTOR('',#10356,10.);
#3266=VECTOR('',#10357,10.);
#3267=VECTOR('',#10358,10.);
#3268=VECTOR('',#10361,10.);
#3269=VECTOR('',#10362,10.);
#3270=VECTOR('',#10363,10.);
#3271=VECTOR('',#10366,10.);
#3272=VECTOR('',#10367,10.);
#3273=VECTOR('',#10368,10.);
#3274=VECTOR('',#10371,10.);
#3275=VECTOR('',#10372,10.);
#3276=VECTOR('',#10373,10.);
#3277=VECTOR('',#10376,10.);
#3278=VECTOR('',#10377,10.);
#3279=VECTOR('',#10378,10.);
#3280=VECTOR('',#10381,10.);
#3281=VECTOR('',#10382,10.);
#3282=VECTOR('',#10383,10.);
#3283=VECTOR('',#10384,10.);
#3284=VECTOR('',#10385,10.);
#3285=VECTOR('',#10386,10.);
#3286=VECTOR('',#10387,10.);
#3287=VECTOR('',#10388,10.);
#3288=VECTOR('',#10389,10.);
#3289=VECTOR('',#10390,10.);
#3290=VECTOR('',#10393,10.);
#3291=VECTOR('',#10394,10.);
#3292=VECTOR('',#10395,10.);
#3293=VECTOR('',#10398,10.);
#3294=VECTOR('',#10399,10.);
#3295=VECTOR('',#10400,10.);
#3296=VECTOR('',#10403,10.);
#3297=VECTOR('',#10404,10.);
#3298=VECTOR('',#10405,10.);
#3299=VECTOR('',#10408,10.);
#3300=VECTOR('',#10409,10.);
#3301=VECTOR('',#10410,10.);
#3302=VECTOR('',#10413,10.);
#3303=VECTOR('',#10414,10.);
#3304=VECTOR('',#10415,10.);
#3305=VECTOR('',#10416,10.);
#3306=VECTOR('',#10417,10.);
#3307=VECTOR('',#10418,10.);
#3308=VECTOR('',#10421,10.);
#3309=VECTOR('',#10422,10.);
#3310=VECTOR('',#10423,10.);
#3311=VECTOR('',#10426,10.);
#3312=VECTOR('',#10427,10.);
#3313=VECTOR('',#10428,10.);
#3314=VECTOR('',#10431,10.);
#3315=VECTOR('',#10432,10.);
#3316=VECTOR('',#10433,10.);
#3317=VECTOR('',#10436,10.);
#3318=VECTOR('',#10437,10.);
#3319=VECTOR('',#10438,10.);
#3320=VECTOR('',#10439,10.);
#3321=VECTOR('',#10440,10.);
#3322=VECTOR('',#10441,10.);
#3323=VECTOR('',#10444,10.);
#3324=VECTOR('',#10445,10.);
#3325=VECTOR('',#10446,10.);
#3326=VECTOR('',#10449,10.);
#3327=VECTOR('',#10450,10.);
#3328=VECTOR('',#10451,10.);
#3329=VECTOR('',#10454,10.);
#3330=VECTOR('',#10455,10.);
#3331=VECTOR('',#10456,10.);
#3332=VECTOR('',#10457,10.);
#3333=VECTOR('',#10458,10.);
#3334=VECTOR('',#10461,10.);
#3335=VECTOR('',#10462,10.);
#3336=VECTOR('',#10463,10.);
#3337=VECTOR('',#10464,10.);
#3338=VECTOR('',#10465,10.);
#3339=VECTOR('',#10466,10.);
#3340=VECTOR('',#10469,10.);
#3341=VECTOR('',#10470,10.);
#3342=VECTOR('',#10471,10.);
#3343=VECTOR('',#10474,10.);
#3344=VECTOR('',#10475,10.);
#3345=VECTOR('',#10476,10.);
#3346=VECTOR('',#10477,10.);
#3347=VECTOR('',#10478,10.);
#3348=VECTOR('',#10479,10.);
#3349=VECTOR('',#10480,10.);
#3350=VECTOR('',#10481,10.);
#3351=VECTOR('',#10482,10.);
#3352=VECTOR('',#10483,10.);
#3353=VECTOR('',#10484,10.);
#3354=VECTOR('',#10487,10.);
#3355=VECTOR('',#10488,10.);
#3356=VECTOR('',#10489,10.);
#3357=VECTOR('',#10492,10.);
#3358=VECTOR('',#10493,10.);
#3359=VECTOR('',#10494,10.);
#3360=VECTOR('',#10495,10.);
#3361=VECTOR('',#10496,10.);
#3362=VECTOR('',#10527,13.);
#3363=CIRCLE('',#8488,14.0010265663335);
#3364=CIRCLE('',#8489,14.0010265663335);
#3365=CIRCLE('',#8493,14.0010265663335);
#3366=CIRCLE('',#8494,14.0010265663335);
#3367=CIRCLE('',#8496,13.3);
#3368=CIRCLE('',#8497,13.3);
#3369=CIRCLE('',#8502,14.0010265663335);
#3370=CIRCLE('',#8503,14.0010265663335);
#3371=CIRCLE('',#8507,13.3);
#3372=CIRCLE('',#8508,13.3);
#3373=CIRCLE('',#8510,13.3);
#3374=CIRCLE('',#8511,13.3);
#3375=CIRCLE('',#8513,13.3);
#3376=CIRCLE('',#8514,13.3);
#3377=CIRCLE('',#8516,4.1);
#3378=CIRCLE('',#8517,0.3);
#3379=CIRCLE('',#8518,3.8);
#3380=CIRCLE('',#8519,3.8);
#3381=CIRCLE('',#8521,3.8);
#3382=CIRCLE('',#8523,3.5);
#3383=CIRCLE('',#8524,3.5);
#3384=CIRCLE('',#8525,2.1);
#3385=CIRCLE('',#8526,2.1);
#3386=CIRCLE('',#8528,4.6);
#3387=CIRCLE('',#8529,4.6);
#3388=CIRCLE('',#8530,0.2);
#3389=CIRCLE('',#8531,4.8);
#3390=CIRCLE('',#8533,4.6);
#3391=CIRCLE('',#8535,13.3);
#3392=CIRCLE('',#8536,13.3);
#3393=CIRCLE('',#8539,13.3);
#3394=CIRCLE('',#8541,13.3);
#3395=CIRCLE('',#8543,3.5);
#3396=CIRCLE('',#8544,2.1);
#3397=CIRCLE('',#8546,3.5);
#3398=CIRCLE('',#8547,2.1);
#3399=CIRCLE('',#8557,2.53);
#3400=CIRCLE('',#8558,2.53);
#3401=CIRCLE('',#8560,3.8);
#3402=CIRCLE('',#8561,3.8);
#3403=CIRCLE('',#8566,2.5);
#3404=CIRCLE('',#8569,2.5);
#3405=CIRCLE('',#8571,2.5);
#3406=CIRCLE('',#8572,2.5);
#3407=CIRCLE('',#8573,2.5);
#3408=CIRCLE('',#8574,2.5);
#3409=CIRCLE('',#8580,13.4);
#3410=CIRCLE('',#8581,14.0010265663335);
#3411=CIRCLE('',#8583,14.0010265663335);
#3412=CIRCLE('',#8584,13.4);
#3413=CIRCLE('',#8586,13.4);
#3414=CIRCLE('',#8587,14.0010265663335);
#3415=CIRCLE('',#8589,13.4);
#3416=CIRCLE('',#8590,13.4);
#3417=CIRCLE('',#8591,13.4);
#3418=CIRCLE('',#8592,13.4);
#3419=CIRCLE('',#8593,13.4);
#3420=CIRCLE('',#8594,13.4);
#3421=CIRCLE('',#8595,13.4);
#3422=CIRCLE('',#8596,13.4);
#3423=CIRCLE('',#8597,13.4);
#3424=CIRCLE('',#8599,13.3010265663335);
#3425=CIRCLE('',#8600,0.7);
#3426=CIRCLE('',#8601,14.0010265663335);
#3427=CIRCLE('',#8602,14.0010265663335);
#3428=CIRCLE('',#8605,14.0010265663335);
#3429=CIRCLE('',#8606,14.0010265663335);
#3430=CIRCLE('',#8607,14.0010265663335);
#3431=CIRCLE('',#8608,14.0010265663335);
#3432=CIRCLE('',#8609,14.0010265663335);
#3433=CIRCLE('',#8610,14.0010265663335);
#3434=CIRCLE('',#8611,14.0010265663335);
#3435=CIRCLE('',#8612,14.0010265663335);
#3436=CIRCLE('',#8614,12.9);
#3437=CIRCLE('',#8615,0.5);
#3438=CIRCLE('',#8634,0.75);
#3439=CIRCLE('',#8635,0.75);
#3440=CIRCLE('',#8638,0.75);
#3441=CIRCLE('',#8639,0.75);
#3442=CIRCLE('',#8641,0.5);
#3443=CIRCLE('',#8643,0.5);
#3444=CIRCLE('',#8644,0.5);
#3445=CIRCLE('',#8646,0.5);
#3446=CIRCLE('',#8648,0.5);
#3447=CIRCLE('',#8650,0.5);
#3448=CIRCLE('',#8653,0.5);
#3449=CIRCLE('',#8656,0.5);
#3450=CIRCLE('',#8659,14.9334358600109);
#3451=CIRCLE('',#8660,14.264260155653);
#3452=CIRCLE('',#8661,14.0111966631848);
#3453=CIRCLE('',#8662,14.264260155653);
#3454=CIRCLE('',#8663,14.9334358600109);
#3455=CIRCLE('',#8667,14.264260155653);
#3456=CIRCLE('',#8669,14.0036105419754);
#3457=CIRCLE('',#8671,14.0036105419754);
#3458=CIRCLE('',#8672,13.852708055914);
#3459=CIRCLE('',#8673,14.0112242314623);
#3460=CIRCLE('',#8674,14.0111966631848);
#3461=CIRCLE('',#8676,14.0036105419754);
#3462=CIRCLE('',#8678,14.0111966631848);
#3463=CIRCLE('',#8679,14.0112242314623);
#3464=CIRCLE('',#8680,13.852708055914);
#3465=CIRCLE('',#8682,14.0036105419754);
#3466=CIRCLE('',#8684,14.264260155653);
#3467=CIRCLE('',#8687,14.0111966631848);
#3468=CIRCLE('',#8693,13.852708055914);
#3469=CIRCLE('',#8695,14.9334358600109);
#3470=CIRCLE('',#8699,13.852708055914);
#3471=CIRCLE('',#8701,14.9334358600109);
#3472=CIRCLE('',#8704,14.0112242314623);
#3473=CIRCLE('',#8706,14.0112242314623);
#3474=CIRCLE('',#8710,0.55);
#3475=CIRCLE('',#8711,0.55);
#3476=CIRCLE('',#8715,0.55);
#3477=CIRCLE('',#8716,0.55);
#3478=CIRCLE('',#8720,0.55);
#3479=CIRCLE('',#8721,0.55);
#3480=CIRCLE('',#8725,0.55);
#3481=CIRCLE('',#8726,0.55);
#3482=CIRCLE('',#8730,0.55);
#3483=CIRCLE('',#8731,0.55);
#3484=CIRCLE('',#8898,13.);
#3485=CIRCLE('',#8911,13.);
#3486=VERTEX_POINT('',#10536);
#3487=VERTEX_POINT('',#10537);
#3488=VERTEX_POINT('',#10539);
#3489=VERTEX_POINT('',#10541);
#3490=VERTEX_POINT('',#10545);
#3491=VERTEX_POINT('',#10547);
#3492=VERTEX_POINT('',#10551);
#3493=VERTEX_POINT('',#10552);
#3494=VERTEX_POINT('',#10554);
#3495=VERTEX_POINT('',#10556);
#3496=VERTEX_POINT('',#10560);
#3497=VERTEX_POINT('',#10562);
#3498=VERTEX_POINT('',#10566);
#3499=VERTEX_POINT('',#10568);
#3500=VERTEX_POINT('',#10572);
#3501=VERTEX_POINT('',#10574);
#3502=VERTEX_POINT('',#10578);
#3503=VERTEX_POINT('',#10580);
#3504=VERTEX_POINT('',#10587);
#3505=VERTEX_POINT('',#10588);
#3506=VERTEX_POINT('',#10590);
#3507=VERTEX_POINT('',#10592);
#3508=VERTEX_POINT('',#10596);
#3509=VERTEX_POINT('',#10598);
#3510=VERTEX_POINT('',#10602);
#3511=VERTEX_POINT('',#10604);
#3512=VERTEX_POINT('',#10608);
#3513=VERTEX_POINT('',#10610);
#3514=VERTEX_POINT('',#10614);
#3515=VERTEX_POINT('',#10616);
#3516=VERTEX_POINT('',#10620);
#3517=VERTEX_POINT('',#10622);
#3518=VERTEX_POINT('',#10626);
#3519=VERTEX_POINT('',#10628);
#3520=VERTEX_POINT('',#10630);
#3521=VERTEX_POINT('',#10634);
#3522=VERTEX_POINT('',#10638);
#3523=VERTEX_POINT('',#10640);
#3524=VERTEX_POINT('',#10643);
#3525=VERTEX_POINT('',#10645);
#3526=VERTEX_POINT('',#10648);
#3527=VERTEX_POINT('',#10650);
#3528=VERTEX_POINT('',#10653);
#3529=VERTEX_POINT('',#10654);
#3530=VERTEX_POINT('',#10657);
#3531=VERTEX_POINT('',#10661);
#3532=VERTEX_POINT('',#10669);
#3533=VERTEX_POINT('',#10671);
#3534=VERTEX_POINT('',#10675);
#3535=VERTEX_POINT('',#10677);
#3536=VERTEX_POINT('',#10681);
#3537=VERTEX_POINT('',#10683);
#3538=VERTEX_POINT('',#10686);
#3539=VERTEX_POINT('',#10689);
#3540=VERTEX_POINT('',#10691);
#3541=VERTEX_POINT('',#10694);
#3542=VERTEX_POINT('',#10711);
#3543=VERTEX_POINT('',#10713);
#3544=VERTEX_POINT('',#10717);
#3545=VERTEX_POINT('',#10719);
#3546=VERTEX_POINT('',#10725);
#3547=VERTEX_POINT('',#10726);
#3548=VERTEX_POINT('',#10728);
#3549=VERTEX_POINT('',#10730);
#3550=VERTEX_POINT('',#10736);
#3551=VERTEX_POINT('',#10737);
#3552=VERTEX_POINT('',#10739);
#3553=VERTEX_POINT('',#10741);
#3554=VERTEX_POINT('',#10748);
#3555=VERTEX_POINT('',#10750);
#3556=VERTEX_POINT('',#10757);
#3557=VERTEX_POINT('',#10758);
#3558=VERTEX_POINT('',#10760);
#3559=VERTEX_POINT('',#10762);
#3560=VERTEX_POINT('',#10766);
#3561=VERTEX_POINT('',#10767);
#3562=VERTEX_POINT('',#10769);
#3563=VERTEX_POINT('',#10771);
#3564=VERTEX_POINT('',#10778);
#3565=VERTEX_POINT('',#10780);
#3566=VERTEX_POINT('',#10784);
#3567=VERTEX_POINT('',#10786);
#3568=VERTEX_POINT('',#10790);
#3569=VERTEX_POINT('',#10791);
#3570=VERTEX_POINT('',#10794);
#3571=VERTEX_POINT('',#10796);
#3572=VERTEX_POINT('',#10798);
#3573=VERTEX_POINT('',#10800);
#3574=VERTEX_POINT('',#10802);
#3575=VERTEX_POINT('',#10804);
#3576=VERTEX_POINT('',#10806);
#3577=VERTEX_POINT('',#10808);
#3578=VERTEX_POINT('',#10810);
#3579=VERTEX_POINT('',#10812);
#3580=VERTEX_POINT('',#10814);
#3581=VERTEX_POINT('',#10816);
#3582=VERTEX_POINT('',#10818);
#3583=VERTEX_POINT('',#10820);
#3584=VERTEX_POINT('',#10825);
#3585=VERTEX_POINT('',#10827);
#3586=VERTEX_POINT('',#10829);
#3587=VERTEX_POINT('',#10834);
#3588=VERTEX_POINT('',#10836);
#3589=VERTEX_POINT('',#10838);
#3590=VERTEX_POINT('',#10840);
#3591=VERTEX_POINT('',#10842);
#3592=VERTEX_POINT('',#10844);
#3593=VERTEX_POINT('',#10847);
#3594=VERTEX_POINT('',#10849);
#3595=VERTEX_POINT('',#10851);
#3596=VERTEX_POINT('',#10853);
#3597=VERTEX_POINT('',#10855);
#3598=VERTEX_POINT('',#10857);
#3599=VERTEX_POINT('',#10859);
#3600=VERTEX_POINT('',#10861);
#3601=VERTEX_POINT('',#10863);
#3602=VERTEX_POINT('',#10867);
#3603=VERTEX_POINT('',#10901);
#3604=VERTEX_POINT('',#10902);
#3605=VERTEX_POINT('',#10904);
#3606=VERTEX_POINT('',#10906);
#3607=VERTEX_POINT('',#10910);
#3608=VERTEX_POINT('',#10912);
#3609=VERTEX_POINT('',#10916);
#3610=VERTEX_POINT('',#10918);
#3611=VERTEX_POINT('',#10925);
#3612=VERTEX_POINT('',#10926);
#3613=VERTEX_POINT('',#10928);
#3614=VERTEX_POINT('',#10930);
#3615=VERTEX_POINT('',#10943);
#3616=VERTEX_POINT('',#10944);
#3617=VERTEX_POINT('',#10946);
#3618=VERTEX_POINT('',#10951);
#3619=VERTEX_POINT('',#10953);
#3620=VERTEX_POINT('',#10955);
#3621=VERTEX_POINT('',#10972);
#3622=VERTEX_POINT('',#10974);
#3623=VERTEX_POINT('',#10976);
#3624=VERTEX_POINT('',#10978);
#3625=VERTEX_POINT('',#10982);
#3626=VERTEX_POINT('',#10986);
#3627=VERTEX_POINT('',#10990);
#3628=VERTEX_POINT('',#10994);
#3629=VERTEX_POINT('',#10996);
#3630=VERTEX_POINT('',#10998);
#3631=VERTEX_POINT('',#11002);
#3632=VERTEX_POINT('',#11004);
#3633=VERTEX_POINT('',#11006);
#3634=VERTEX_POINT('',#11008);
#3635=VERTEX_POINT('',#11010);
#3636=VERTEX_POINT('',#11012);
#3637=VERTEX_POINT('',#11014);
#3638=VERTEX_POINT('',#11016);
#3639=VERTEX_POINT('',#11020);
#3640=VERTEX_POINT('',#11022);
#3641=VERTEX_POINT('',#11024);
#3642=VERTEX_POINT('',#11028);
#3643=VERTEX_POINT('',#11030);
#3644=VERTEX_POINT('',#11032);
#3645=VERTEX_POINT('',#11036);
#3646=VERTEX_POINT('',#11040);
#3647=VERTEX_POINT('',#11044);
#3648=VERTEX_POINT('',#11046);
#3649=VERTEX_POINT('',#11048);
#3650=VERTEX_POINT('',#11052);
#3651=VERTEX_POINT('',#11056);
#3652=VERTEX_POINT('',#11058);
#3653=VERTEX_POINT('',#11062);
#3654=VERTEX_POINT('',#11066);
#3655=VERTEX_POINT('',#11072);
#3656=VERTEX_POINT('',#11074);
#3657=VERTEX_POINT('',#11078);
#3658=VERTEX_POINT('',#11080);
#3659=VERTEX_POINT('',#11084);
#3660=VERTEX_POINT('',#11086);
#3661=VERTEX_POINT('',#11090);
#3662=VERTEX_POINT('',#11094);
#3663=VERTEX_POINT('',#11096);
#3664=VERTEX_POINT('',#11106);
#3665=VERTEX_POINT('',#11108);
#3666=VERTEX_POINT('',#11118);
#3667=VERTEX_POINT('',#11127);
#3668=VERTEX_POINT('',#11129);
#3669=VERTEX_POINT('',#11135);
#3670=VERTEX_POINT('',#11137);
#3671=VERTEX_POINT('',#11143);
#3672=VERTEX_POINT('',#11145);
#3673=VERTEX_POINT('',#11151);
#3674=VERTEX_POINT('',#11153);
#3675=VERTEX_POINT('',#11159);
#3676=VERTEX_POINT('',#11161);
#3677=VERTEX_POINT('',#11167);
#3678=VERTEX_POINT('',#11168);
#3679=VERTEX_POINT('',#11170);
#3680=VERTEX_POINT('',#11172);
#3681=VERTEX_POINT('',#11176);
#3682=VERTEX_POINT('',#11178);
#3683=VERTEX_POINT('',#11182);
#3684=VERTEX_POINT('',#11184);
#3685=VERTEX_POINT('',#11188);
#3686=VERTEX_POINT('',#11190);
#3687=VERTEX_POINT('',#11194);
#3688=VERTEX_POINT('',#11196);
#3689=VERTEX_POINT('',#11200);
#3690=VERTEX_POINT('',#11202);
#3691=VERTEX_POINT('',#11217);
#3692=VERTEX_POINT('',#11218);
#3693=VERTEX_POINT('',#11223);
#3694=VERTEX_POINT('',#11225);
#3695=VERTEX_POINT('',#11239);
#3696=VERTEX_POINT('',#11244);
#3697=VERTEX_POINT('',#11258);
#3698=VERTEX_POINT('',#11263);
#3699=VERTEX_POINT('',#11277);
#3700=VERTEX_POINT('',#11282);
#3701=VERTEX_POINT('',#11312);
#3702=VERTEX_POINT('',#11313);
#3703=VERTEX_POINT('',#11318);
#3704=VERTEX_POINT('',#11320);
#3705=VERTEX_POINT('',#11334);
#3706=VERTEX_POINT('',#11339);
#3707=VERTEX_POINT('',#11353);
#3708=VERTEX_POINT('',#11358);
#3709=VERTEX_POINT('',#11372);
#3710=VERTEX_POINT('',#11377);
#3711=VERTEX_POINT('',#11407);
#3712=VERTEX_POINT('',#11408);
#3713=VERTEX_POINT('',#11413);
#3714=VERTEX_POINT('',#11415);
#3715=VERTEX_POINT('',#11429);
#3716=VERTEX_POINT('',#11434);
#3717=VERTEX_POINT('',#11441);
#3718=VERTEX_POINT('',#11443);
#3719=VERTEX_POINT('',#11454);
#3720=VERTEX_POINT('',#11459);
#3721=VERTEX_POINT('',#11473);
#3722=VERTEX_POINT('',#11478);
#3723=VERTEX_POINT('',#11492);
#3724=VERTEX_POINT('',#11497);
#3725=VERTEX_POINT('',#11511);
#3726=VERTEX_POINT('',#11516);
#3727=VERTEX_POINT('',#11523);
#3728=VERTEX_POINT('',#11525);
#3729=VERTEX_POINT('',#11536);
#3730=VERTEX_POINT('',#11541);
#3731=VERTEX_POINT('',#11555);
#3732=VERTEX_POINT('',#11560);
#3733=VERTEX_POINT('',#11584);
#3734=VERTEX_POINT('',#11585);
#3735=VERTEX_POINT('',#11587);
#3736=VERTEX_POINT('',#11589);
#3737=VERTEX_POINT('',#11593);
#3738=VERTEX_POINT('',#11595);
#3739=VERTEX_POINT('',#11602);
#3740=VERTEX_POINT('',#11603);
#3741=VERTEX_POINT('',#11605);
#3742=VERTEX_POINT('',#11607);
#3743=VERTEX_POINT('',#11611);
#3744=VERTEX_POINT('',#11613);
#3745=VERTEX_POINT('',#11617);
#3746=VERTEX_POINT('',#11619);
#3747=VERTEX_POINT('',#11623);
#3748=VERTEX_POINT('',#11625);
#3749=VERTEX_POINT('',#11629);
#3750=VERTEX_POINT('',#11631);
#3751=VERTEX_POINT('',#11635);
#3752=VERTEX_POINT('',#11637);
#3753=VERTEX_POINT('',#11641);
#3754=VERTEX_POINT('',#11643);
#3755=VERTEX_POINT('',#11647);
#3756=VERTEX_POINT('',#11649);
#3757=VERTEX_POINT('',#11653);
#3758=VERTEX_POINT('',#11655);
#3759=VERTEX_POINT('',#11659);
#3760=VERTEX_POINT('',#11661);
#3761=VERTEX_POINT('',#11669);
#3762=VERTEX_POINT('',#11670);
#3763=VERTEX_POINT('',#11672);
#3764=VERTEX_POINT('',#11674);
#3765=VERTEX_POINT('',#11678);
#3766=VERTEX_POINT('',#11680);
#3767=VERTEX_POINT('',#11684);
#3768=VERTEX_POINT('',#11686);
#3769=VERTEX_POINT('',#11690);
#3770=VERTEX_POINT('',#11692);
#3771=VERTEX_POINT('',#11696);
#3772=VERTEX_POINT('',#11698);
#3773=VERTEX_POINT('',#11702);
#3774=VERTEX_POINT('',#11704);
#3775=VERTEX_POINT('',#11708);
#3776=VERTEX_POINT('',#11710);
#3777=VERTEX_POINT('',#11714);
#3778=VERTEX_POINT('',#11716);
#3779=VERTEX_POINT('',#11724);
#3780=VERTEX_POINT('',#11725);
#3781=VERTEX_POINT('',#11727);
#3782=VERTEX_POINT('',#11729);
#3783=VERTEX_POINT('',#11733);
#3784=VERTEX_POINT('',#11735);
#3785=VERTEX_POINT('',#11739);
#3786=VERTEX_POINT('',#11741);
#3787=VERTEX_POINT('',#11749);
#3788=VERTEX_POINT('',#11750);
#3789=VERTEX_POINT('',#11752);
#3790=VERTEX_POINT('',#11754);
#3791=VERTEX_POINT('',#11765);
#3792=VERTEX_POINT('',#11770);
#3793=VERTEX_POINT('',#11784);
#3794=VERTEX_POINT('',#11789);
#3795=VERTEX_POINT('',#11803);
#3796=VERTEX_POINT('',#11808);
#3797=VERTEX_POINT('',#11822);
#3798=VERTEX_POINT('',#11827);
#3799=VERTEX_POINT('',#11841);
#3800=VERTEX_POINT('',#11846);
#3801=VERTEX_POINT('',#11860);
#3802=VERTEX_POINT('',#11865);
#3803=VERTEX_POINT('',#11872);
#3804=VERTEX_POINT('',#11874);
#3805=VERTEX_POINT('',#11878);
#3806=VERTEX_POINT('',#11880);
#3807=VERTEX_POINT('',#11891);
#3808=VERTEX_POINT('',#11896);
#3809=VERTEX_POINT('',#11910);
#3810=VERTEX_POINT('',#11915);
#3811=VERTEX_POINT('',#11929);
#3812=VERTEX_POINT('',#11934);
#3813=VERTEX_POINT('',#11948);
#3814=VERTEX_POINT('',#11953);
#3815=VERTEX_POINT('',#11967);
#3816=VERTEX_POINT('',#11972);
#3817=VERTEX_POINT('',#11979);
#3818=VERTEX_POINT('',#11981);
#3819=VERTEX_POINT('',#11985);
#3820=VERTEX_POINT('',#11987);
#3821=VERTEX_POINT('',#12002);
#3822=VERTEX_POINT('',#12003);
#3823=VERTEX_POINT('',#12008);
#3824=VERTEX_POINT('',#12010);
#3825=VERTEX_POINT('',#12024);
#3826=VERTEX_POINT('',#12029);
#3827=VERTEX_POINT('',#12036);
#3828=VERTEX_POINT('',#12038);
#3829=VERTEX_POINT('',#12042);
#3830=VERTEX_POINT('',#12044);
#3831=VERTEX_POINT('',#12048);
#3832=VERTEX_POINT('',#12050);
#3833=VERTEX_POINT('',#12061);
#3834=VERTEX_POINT('',#12066);
#3835=VERTEX_POINT('',#12089);
#3836=VERTEX_POINT('',#12090);
#3837=VERTEX_POINT('',#12092);
#3838=VERTEX_POINT('',#12094);
#3839=VERTEX_POINT('',#12098);
#3840=VERTEX_POINT('',#12100);
#3841=VERTEX_POINT('',#12104);
#3842=VERTEX_POINT('',#12106);
#3843=VERTEX_POINT('',#12110);
#3844=VERTEX_POINT('',#12112);
#3845=VERTEX_POINT('',#12116);
#3846=VERTEX_POINT('',#12118);
#3847=VERTEX_POINT('',#12122);
#3848=VERTEX_POINT('',#12124);
#3849=VERTEX_POINT('',#12135);
#3850=VERTEX_POINT('',#12140);
#3851=VERTEX_POINT('',#12154);
#3852=VERTEX_POINT('',#12159);
#3853=VERTEX_POINT('',#12173);
#3854=VERTEX_POINT('',#12178);
#3855=VERTEX_POINT('',#12185);
#3856=VERTEX_POINT('',#12187);
#3857=VERTEX_POINT('',#12202);
#3858=VERTEX_POINT('',#12203);
#3859=VERTEX_POINT('',#12208);
#3860=VERTEX_POINT('',#12210);
#3861=VERTEX_POINT('',#12224);
#3862=VERTEX_POINT('',#12229);
#3863=VERTEX_POINT('',#12243);
#3864=VERTEX_POINT('',#12248);
#3865=VERTEX_POINT('',#12262);
#3866=VERTEX_POINT('',#12267);
#3867=VERTEX_POINT('',#12281);
#3868=VERTEX_POINT('',#12286);
#3869=VERTEX_POINT('',#12316);
#3870=VERTEX_POINT('',#12317);
#3871=VERTEX_POINT('',#12322);
#3872=VERTEX_POINT('',#12324);
#3873=VERTEX_POINT('',#12338);
#3874=VERTEX_POINT('',#12343);
#3875=VERTEX_POINT('',#12357);
#3876=VERTEX_POINT('',#12362);
#3877=VERTEX_POINT('',#12376);
#3878=VERTEX_POINT('',#12381);
#3879=VERTEX_POINT('',#12395);
#3880=VERTEX_POINT('',#12400);
#3881=VERTEX_POINT('',#12414);
#3882=VERTEX_POINT('',#12419);
#3883=VERTEX_POINT('',#12433);
#3884=VERTEX_POINT('',#12438);
#3885=VERTEX_POINT('',#12462);
#3886=VERTEX_POINT('',#12463);
#3887=VERTEX_POINT('',#12465);
#3888=VERTEX_POINT('',#12467);
#3889=VERTEX_POINT('',#12471);
#3890=VERTEX_POINT('',#12473);
#3891=VERTEX_POINT('',#12477);
#3892=VERTEX_POINT('',#12479);
#3893=VERTEX_POINT('',#12483);
#3894=VERTEX_POINT('',#12485);
#3895=VERTEX_POINT('',#12489);
#3896=VERTEX_POINT('',#12491);
#3897=VERTEX_POINT('',#12495);
#3898=VERTEX_POINT('',#12497);
#3899=VERTEX_POINT('',#12501);
#3900=VERTEX_POINT('',#12503);
#3901=VERTEX_POINT('',#12507);
#3902=VERTEX_POINT('',#12509);
#3903=VERTEX_POINT('',#12513);
#3904=VERTEX_POINT('',#12515);
#3905=VERTEX_POINT('',#12519);
#3906=VERTEX_POINT('',#12521);
#3907=VERTEX_POINT('',#12525);
#3908=VERTEX_POINT('',#12527);
#3909=VERTEX_POINT('',#12531);
#3910=VERTEX_POINT('',#12533);
#3911=VERTEX_POINT('',#12548);
#3912=VERTEX_POINT('',#12549);
#3913=VERTEX_POINT('',#12554);
#3914=VERTEX_POINT('',#12556);
#3915=VERTEX_POINT('',#12570);
#3916=VERTEX_POINT('',#12575);
#3917=VERTEX_POINT('',#12582);
#3918=VERTEX_POINT('',#12584);
#3919=VERTEX_POINT('',#12588);
#3920=VERTEX_POINT('',#12590);
#3921=VERTEX_POINT('',#12594);
#3922=VERTEX_POINT('',#12596);
#3923=VERTEX_POINT('',#12607);
#3924=VERTEX_POINT('',#12612);
#3925=VERTEX_POINT('',#12642);
#3926=VERTEX_POINT('',#12643);
#3927=VERTEX_POINT('',#12648);
#3928=VERTEX_POINT('',#12650);
#3929=VERTEX_POINT('',#12657);
#3930=VERTEX_POINT('',#12659);
#3931=VERTEX_POINT('',#12663);
#3932=VERTEX_POINT('',#12665);
#3933=VERTEX_POINT('',#12669);
#3934=VERTEX_POINT('',#12671);
#3935=VERTEX_POINT('',#12675);
#3936=VERTEX_POINT('',#12677);
#3937=VERTEX_POINT('',#12681);
#3938=VERTEX_POINT('',#12683);
#3939=VERTEX_POINT('',#12694);
#3940=VERTEX_POINT('',#12699);
#3941=VERTEX_POINT('',#12713);
#3942=VERTEX_POINT('',#12718);
#3943=VERTEX_POINT('',#12742);
#3944=VERTEX_POINT('',#12743);
#3945=VERTEX_POINT('',#12745);
#3946=VERTEX_POINT('',#12747);
#3947=VERTEX_POINT('',#12751);
#3948=VERTEX_POINT('',#12753);
#3949=VERTEX_POINT('',#12757);
#3950=VERTEX_POINT('',#12759);
#3951=VERTEX_POINT('',#12763);
#3952=VERTEX_POINT('',#12765);
#3953=VERTEX_POINT('',#12769);
#3954=VERTEX_POINT('',#12771);
#3955=VERTEX_POINT('',#12775);
#3956=VERTEX_POINT('',#12777);
#3957=VERTEX_POINT('',#12781);
#3958=VERTEX_POINT('',#12783);
#3959=VERTEX_POINT('',#12791);
#3960=VERTEX_POINT('',#12792);
#3961=VERTEX_POINT('',#12794);
#3962=VERTEX_POINT('',#12796);
#3963=VERTEX_POINT('',#12800);
#3964=VERTEX_POINT('',#12802);
#3965=VERTEX_POINT('',#12813);
#3966=VERTEX_POINT('',#12818);
#3967=VERTEX_POINT('',#12832);
#3968=VERTEX_POINT('',#12837);
#3969=VERTEX_POINT('',#12851);
#3970=VERTEX_POINT('',#12856);
#3971=VERTEX_POINT('',#12870);
#3972=VERTEX_POINT('',#12875);
#3973=VERTEX_POINT('',#12889);
#3974=VERTEX_POINT('',#12894);
#3975=VERTEX_POINT('',#12908);
#3976=VERTEX_POINT('',#12913);
#3977=VERTEX_POINT('',#12927);
#3978=VERTEX_POINT('',#12932);
#3979=VERTEX_POINT('',#12946);
#3980=VERTEX_POINT('',#12951);
#3981=VERTEX_POINT('',#12958);
#3982=VERTEX_POINT('',#12960);
#3983=VERTEX_POINT('',#12964);
#3984=VERTEX_POINT('',#12966);
#3985=VERTEX_POINT('',#12977);
#3986=VERTEX_POINT('',#12982);
#3987=VERTEX_POINT('',#12996);
#3988=VERTEX_POINT('',#13001);
#3989=VERTEX_POINT('',#13015);
#3990=VERTEX_POINT('',#13020);
#3991=VERTEX_POINT('',#13034);
#3992=VERTEX_POINT('',#13039);
#3993=VERTEX_POINT('',#13053);
#3994=VERTEX_POINT('',#13058);
#3995=VERTEX_POINT('',#13072);
#3996=VERTEX_POINT('',#13077);
#3997=VERTEX_POINT('',#13091);
#3998=VERTEX_POINT('',#13096);
#3999=VERTEX_POINT('',#13120);
#4000=VERTEX_POINT('',#13121);
#4001=VERTEX_POINT('',#13123);
#4002=VERTEX_POINT('',#13125);
#4003=VERTEX_POINT('',#13129);
#4004=VERTEX_POINT('',#13131);
#4005=VERTEX_POINT('',#13135);
#4006=VERTEX_POINT('',#13137);
#4007=VERTEX_POINT('',#13141);
#4008=VERTEX_POINT('',#13143);
#4009=VERTEX_POINT('',#13147);
#4010=VERTEX_POINT('',#13149);
#4011=VERTEX_POINT('',#13153);
#4012=VERTEX_POINT('',#13155);
#4013=VERTEX_POINT('',#13159);
#4014=VERTEX_POINT('',#13161);
#4015=VERTEX_POINT('',#13165);
#4016=VERTEX_POINT('',#13167);
#4017=VERTEX_POINT('',#13171);
#4018=VERTEX_POINT('',#13173);
#4019=VERTEX_POINT('',#13177);
#4020=VERTEX_POINT('',#13179);
#4021=VERTEX_POINT('',#13183);
#4022=VERTEX_POINT('',#13185);
#4023=VERTEX_POINT('',#13200);
#4024=VERTEX_POINT('',#13201);
#4025=VERTEX_POINT('',#13206);
#4026=VERTEX_POINT('',#13208);
#4027=VERTEX_POINT('',#13222);
#4028=VERTEX_POINT('',#13227);
#4029=VERTEX_POINT('',#13241);
#4030=VERTEX_POINT('',#13246);
#4031=VERTEX_POINT('',#13260);
#4032=VERTEX_POINT('',#13265);
#4033=VERTEX_POINT('',#13279);
#4034=VERTEX_POINT('',#13284);
#4035=VERTEX_POINT('',#13314);
#4036=VERTEX_POINT('',#13315);
#4037=VERTEX_POINT('',#13320);
#4038=VERTEX_POINT('',#13322);
#4039=VERTEX_POINT('',#13336);
#4040=VERTEX_POINT('',#13341);
#4041=VERTEX_POINT('',#13355);
#4042=VERTEX_POINT('',#13360);
#4043=VERTEX_POINT('',#13374);
#4044=VERTEX_POINT('',#13379);
#4045=VERTEX_POINT('',#13393);
#4046=VERTEX_POINT('',#13398);
#4047=VERTEX_POINT('',#13412);
#4048=VERTEX_POINT('',#13417);
#4049=VERTEX_POINT('',#13431);
#4050=VERTEX_POINT('',#13436);
#4051=VERTEX_POINT('',#13460);
#4052=VERTEX_POINT('',#13461);
#4053=VERTEX_POINT('',#13463);
#4054=VERTEX_POINT('',#13465);
#4055=VERTEX_POINT('',#13469);
#4056=VERTEX_POINT('',#13471);
#4057=VERTEX_POINT('',#13475);
#4058=VERTEX_POINT('',#13477);
#4059=VERTEX_POINT('',#13481);
#4060=VERTEX_POINT('',#13483);
#4061=VERTEX_POINT('',#13487);
#4062=VERTEX_POINT('',#13489);
#4063=VERTEX_POINT('',#13493);
#4064=VERTEX_POINT('',#13495);
#4065=VERTEX_POINT('',#13499);
#4066=VERTEX_POINT('',#13501);
#4067=VERTEX_POINT('',#13516);
#4068=VERTEX_POINT('',#13517);
#4069=VERTEX_POINT('',#13522);
#4070=VERTEX_POINT('',#13524);
#4071=VERTEX_POINT('',#13538);
#4072=VERTEX_POINT('',#13543);
#4073=VERTEX_POINT('',#13557);
#4074=VERTEX_POINT('',#13562);
#4075=VERTEX_POINT('',#13576);
#4076=VERTEX_POINT('',#13581);
#4077=VERTEX_POINT('',#13611);
#4078=VERTEX_POINT('',#13612);
#4079=VERTEX_POINT('',#13617);
#4080=VERTEX_POINT('',#13619);
#4081=VERTEX_POINT('',#13633);
#4082=VERTEX_POINT('',#13638);
#4083=VERTEX_POINT('',#13652);
#4084=VERTEX_POINT('',#13657);
#4085=VERTEX_POINT('',#13671);
#4086=VERTEX_POINT('',#13676);
#4087=VERTEX_POINT('',#13706);
#4088=VERTEX_POINT('',#13707);
#4089=VERTEX_POINT('',#13712);
#4090=VERTEX_POINT('',#13714);
#4091=VERTEX_POINT('',#13728);
#4092=VERTEX_POINT('',#13733);
#4093=VERTEX_POINT('',#13740);
#4094=VERTEX_POINT('',#13742);
#4095=VERTEX_POINT('',#13753);
#4096=VERTEX_POINT('',#13758);
#4097=VERTEX_POINT('',#13772);
#4098=VERTEX_POINT('',#13777);
#4099=VERTEX_POINT('',#13791);
#4100=VERTEX_POINT('',#13796);
#4101=VERTEX_POINT('',#13810);
#4102=VERTEX_POINT('',#13815);
#4103=VERTEX_POINT('',#13822);
#4104=VERTEX_POINT('',#13824);
#4105=VERTEX_POINT('',#13835);
#4106=VERTEX_POINT('',#13840);
#4107=VERTEX_POINT('',#13854);
#4108=VERTEX_POINT('',#13859);
#4109=VERTEX_POINT('',#13890);
#4110=VERTEX_POINT('',#13891);
#4111=VERTEX_POINT('',#13896);
#4112=VERTEX_POINT('',#13898);
#4113=VERTEX_POINT('',#13912);
#4114=VERTEX_POINT('',#13917);
#4115=VERTEX_POINT('',#13924);
#4116=VERTEX_POINT('',#13926);
#4117=VERTEX_POINT('',#13930);
#4118=VERTEX_POINT('',#13932);
#4119=VERTEX_POINT('',#13936);
#4120=VERTEX_POINT('',#13938);
#4121=VERTEX_POINT('',#13949);
#4122=VERTEX_POINT('',#13954);
#4123=VERTEX_POINT('',#13984);
#4124=VERTEX_POINT('',#13985);
#4125=VERTEX_POINT('',#13990);
#4126=VERTEX_POINT('',#13992);
#4127=VERTEX_POINT('',#14006);
#4128=VERTEX_POINT('',#14011);
#4129=VERTEX_POINT('',#14018);
#4130=VERTEX_POINT('',#14020);
#4131=VERTEX_POINT('',#14024);
#4132=VERTEX_POINT('',#14026);
#4133=VERTEX_POINT('',#14030);
#4134=VERTEX_POINT('',#14032);
#4135=VERTEX_POINT('',#14043);
#4136=VERTEX_POINT('',#14048);
#4137=VERTEX_POINT('',#14078);
#4138=VERTEX_POINT('',#14079);
#4139=VERTEX_POINT('',#14084);
#4140=VERTEX_POINT('',#14086);
#4141=VERTEX_POINT('',#14093);
#4142=VERTEX_POINT('',#14095);
#4143=VERTEX_POINT('',#14099);
#4144=VERTEX_POINT('',#14101);
#4145=VERTEX_POINT('',#14105);
#4146=VERTEX_POINT('',#14107);
#4147=VERTEX_POINT('',#14118);
#4148=VERTEX_POINT('',#14123);
#4149=VERTEX_POINT('',#14137);
#4150=VERTEX_POINT('',#14142);
#4151=VERTEX_POINT('',#14156);
#4152=VERTEX_POINT('',#14161);
#4153=VERTEX_POINT('',#14168);
#4154=VERTEX_POINT('',#14170);
#4155=VERTEX_POINT('',#14181);
#4156=VERTEX_POINT('',#14186);
#4157=VERTEX_POINT('',#14217);
#4158=VERTEX_POINT('',#14218);
#4159=VERTEX_POINT('',#14223);
#4160=VERTEX_POINT('',#14225);
#4161=VERTEX_POINT('',#14232);
#4162=VERTEX_POINT('',#14234);
#4163=VERTEX_POINT('',#14238);
#4164=VERTEX_POINT('',#14240);
#4165=VERTEX_POINT('',#14251);
#4166=VERTEX_POINT('',#14256);
#4167=VERTEX_POINT('',#14270);
#4168=VERTEX_POINT('',#14275);
#4169=VERTEX_POINT('',#14289);
#4170=VERTEX_POINT('',#14294);
#4171=VERTEX_POINT('',#14301);
#4172=VERTEX_POINT('',#14303);
#4173=VERTEX_POINT('',#14307);
#4174=VERTEX_POINT('',#14309);
#4175=VERTEX_POINT('',#14313);
#4176=VERTEX_POINT('',#14315);
#4177=VERTEX_POINT('',#14319);
#4178=VERTEX_POINT('',#14321);
#4179=VERTEX_POINT('',#14325);
#4180=VERTEX_POINT('',#14327);
#4181=VERTEX_POINT('',#14355);
#4182=VERTEX_POINT('',#14356);
#4183=VERTEX_POINT('',#14361);
#4184=VERTEX_POINT('',#14363);
#4185=VERTEX_POINT('',#14377);
#4186=VERTEX_POINT('',#14382);
#4187=VERTEX_POINT('',#14389);
#4188=VERTEX_POINT('',#14391);
#4189=VERTEX_POINT('',#14395);
#4190=VERTEX_POINT('',#14397);
#4191=VERTEX_POINT('',#14408);
#4192=VERTEX_POINT('',#14413);
#4193=VERTEX_POINT('',#14427);
#4194=VERTEX_POINT('',#14432);
#4195=VERTEX_POINT('',#14446);
#4196=VERTEX_POINT('',#14451);
#4197=VERTEX_POINT('',#14465);
#4198=VERTEX_POINT('',#14470);
#4199=VERTEX_POINT('',#14484);
#4200=VERTEX_POINT('',#14489);
#4201=VERTEX_POINT('',#14503);
#4202=VERTEX_POINT('',#14508);
#4203=VERTEX_POINT('',#14522);
#4204=VERTEX_POINT('',#14527);
#4205=VERTEX_POINT('',#14534);
#4206=VERTEX_POINT('',#14536);
#4207=VERTEX_POINT('',#14540);
#4208=VERTEX_POINT('',#14542);
#4209=VERTEX_POINT('',#14546);
#4210=VERTEX_POINT('',#14548);
#4211=VERTEX_POINT('',#14552);
#4212=VERTEX_POINT('',#14554);
#4213=VERTEX_POINT('',#14558);
#4214=VERTEX_POINT('',#14560);
#4215=VERTEX_POINT('',#14571);
#4216=VERTEX_POINT('',#14576);
#4217=VERTEX_POINT('',#14590);
#4218=VERTEX_POINT('',#14595);
#4219=VERTEX_POINT('',#14609);
#4220=VERTEX_POINT('',#14614);
#4221=VERTEX_POINT('',#14645);
#4222=VERTEX_POINT('',#14646);
#4223=VERTEX_POINT('',#14651);
#4224=VERTEX_POINT('',#14653);
#4225=VERTEX_POINT('',#14667);
#4226=VERTEX_POINT('',#14672);
#4227=VERTEX_POINT('',#14679);
#4228=VERTEX_POINT('',#14681);
#4229=VERTEX_POINT('',#14685);
#4230=VERTEX_POINT('',#14687);
#4231=VERTEX_POINT('',#14691);
#4232=VERTEX_POINT('',#14693);
#4233=VERTEX_POINT('',#14704);
#4234=VERTEX_POINT('',#14709);
#4235=VERTEX_POINT('',#14739);
#4236=VERTEX_POINT('',#14740);
#4237=VERTEX_POINT('',#14745);
#4238=VERTEX_POINT('',#14747);
#4239=VERTEX_POINT('',#14754);
#4240=VERTEX_POINT('',#14756);
#4241=VERTEX_POINT('',#14760);
#4242=VERTEX_POINT('',#14762);
#4243=VERTEX_POINT('',#14766);
#4244=VERTEX_POINT('',#14768);
#4245=VERTEX_POINT('',#14779);
#4246=VERTEX_POINT('',#14784);
#4247=VERTEX_POINT('',#14798);
#4248=VERTEX_POINT('',#14803);
#4249=VERTEX_POINT('',#14834);
#4250=VERTEX_POINT('',#14835);
#4251=VERTEX_POINT('',#14840);
#4252=VERTEX_POINT('',#14842);
#4253=VERTEX_POINT('',#14856);
#4254=VERTEX_POINT('',#14861);
#4255=VERTEX_POINT('',#14875);
#4256=VERTEX_POINT('',#14880);
#4257=VERTEX_POINT('',#14894);
#4258=VERTEX_POINT('',#14899);
#4259=VERTEX_POINT('',#14913);
#4260=VERTEX_POINT('',#14918);
#4261=VERTEX_POINT('',#14925);
#4262=VERTEX_POINT('',#14927);
#4263=VERTEX_POINT('',#14931);
#4264=VERTEX_POINT('',#14933);
#4265=VERTEX_POINT('',#14944);
#4266=VERTEX_POINT('',#14949);
#4267=VERTEX_POINT('',#14963);
#4268=VERTEX_POINT('',#14968);
#4269=VERTEX_POINT('',#14982);
#4270=VERTEX_POINT('',#14987);
#4271=VERTEX_POINT('',#15001);
#4272=VERTEX_POINT('',#15006);
#4273=VERTEX_POINT('',#15020);
#4274=VERTEX_POINT('',#15025);
#4275=VERTEX_POINT('',#15039);
#4276=VERTEX_POINT('',#15044);
#4277=VERTEX_POINT('',#15058);
#4278=VERTEX_POINT('',#15063);
#4279=VERTEX_POINT('',#15077);
#4280=VERTEX_POINT('',#15082);
#4281=VERTEX_POINT('',#15089);
#4282=VERTEX_POINT('',#15091);
#4283=VERTEX_POINT('',#15095);
#4284=VERTEX_POINT('',#15097);
#4285=VERTEX_POINT('',#15108);
#4286=VERTEX_POINT('',#15113);
#4287=VERTEX_POINT('',#15127);
#4288=VERTEX_POINT('',#15132);
#4289=VERTEX_POINT('',#15156);
#4290=VERTEX_POINT('',#15170);
#4291=EDGE_CURVE('',#3486,#3487,#3363,.T.);
#4292=EDGE_CURVE('',#3488,#3486,#1835,.T.);
#4293=EDGE_CURVE('',#3489,#3488,#3364,.T.);
#4294=EDGE_CURVE('',#3489,#3487,#1836,.T.);
#4295=EDGE_CURVE('',#3487,#3490,#1837,.T.);
#4296=EDGE_CURVE('',#3491,#3489,#1838,.T.);
#4297=EDGE_CURVE('',#3490,#3491,#1839,.T.);
#4298=EDGE_CURVE('',#3492,#3493,#1840,.T.);
#4299=EDGE_CURVE('',#3494,#3492,#1841,.T.);
#4300=EDGE_CURVE('',#3495,#3494,#1842,.T.);
#4301=EDGE_CURVE('',#3495,#3493,#1843,.T.);
#4302=EDGE_CURVE('',#3493,#3496,#3365,.T.);
#4303=EDGE_CURVE('',#3497,#3495,#3366,.T.);
#4304=EDGE_CURVE('',#3496,#3497,#1844,.T.);
#4305=EDGE_CURVE('',#3491,#3498,#3367,.T.);
#4306=EDGE_CURVE('',#3499,#3498,#1845,.T.);
#4307=EDGE_CURVE('',#3499,#3490,#3368,.T.);
#4308=EDGE_CURVE('',#3500,#3486,#1846,.T.);
#4309=EDGE_CURVE('',#3501,#3500,#1847,.T.);
#4310=EDGE_CURVE('',#3488,#3501,#1848,.T.);
#4311=EDGE_CURVE('',#3502,#3497,#1849,.T.);
#4312=EDGE_CURVE('',#3502,#3503,#1850,.T.);
#4313=EDGE_CURVE('',#3496,#3503,#1851,.T.);
#4314=EDGE_CURVE('',#3503,#3500,#1852,.T.);
#4315=EDGE_CURVE('',#3501,#3502,#1853,.T.);
#4316=EDGE_CURVE('',#3504,#3505,#3369,.T.);
#4317=EDGE_CURVE('',#3506,#3504,#1854,.T.);
#4318=EDGE_CURVE('',#3507,#3506,#3370,.T.);
#4319=EDGE_CURVE('',#3507,#3505,#1855,.T.);
#4320=EDGE_CURVE('',#3505,#3508,#1856,.T.);
#4321=EDGE_CURVE('',#3509,#3507,#1857,.T.);
#4322=EDGE_CURVE('',#3508,#3509,#1858,.T.);
#4323=EDGE_CURVE('',#3510,#3504,#1859,.T.);
#4324=EDGE_CURVE('',#3511,#3510,#1860,.T.);
#4325=EDGE_CURVE('',#3506,#3511,#1861,.T.);
#4326=EDGE_CURVE('',#3492,#3512,#3371,.T.);
#4327=EDGE_CURVE('',#3512,#3513,#1862,.T.);
#4328=EDGE_CURVE('',#3513,#3494,#3372,.T.);
#4329=EDGE_CURVE('',#3510,#3514,#3373,.T.);
#4330=EDGE_CURVE('',#3514,#3515,#1863,.T.);
#4331=EDGE_CURVE('',#3515,#3511,#3374,.T.);
#4332=EDGE_CURVE('',#3509,#3516,#3375,.T.);
#4333=EDGE_CURVE('',#3517,#3516,#1864,.T.);
#4334=EDGE_CURVE('',#3517,#3508,#3376,.T.);
#4335=EDGE_CURVE('',#3518,#3518,#3377,.T.);
#4336=EDGE_CURVE('',#3518,#3519,#3378,.T.);
#4337=EDGE_CURVE('',#3519,#3520,#3379,.T.);
#4338=EDGE_CURVE('',#3520,#3519,#3380,.T.);
#4339=EDGE_CURVE('',#3521,#3521,#3381,.T.);
#4340=EDGE_CURVE('',#3521,#3520,#1865,.T.);
#4341=EDGE_CURVE('',#3522,#3499,#1866,.T.);
#4342=EDGE_CURVE('',#3523,#3522,#3382,.T.);
#4343=EDGE_CURVE('',#3514,#3523,#1867,.T.);
#4344=EDGE_CURVE('',#3524,#3517,#1868,.T.);
#4345=EDGE_CURVE('',#3525,#3524,#3383,.T.);
#4346=EDGE_CURVE('',#3512,#3525,#1869,.T.);
#4347=EDGE_CURVE('',#3526,#3526,#3384,.T.);
#4348=EDGE_CURVE('',#3527,#3527,#3385,.T.);
#4349=EDGE_CURVE('',#3528,#3529,#3386,.T.);
#4350=EDGE_CURVE('',#3529,#3528,#3387,.T.);
#4351=EDGE_CURVE('',#3528,#3530,#3388,.T.);
#4352=EDGE_CURVE('',#3530,#3530,#3389,.T.);
#4353=EDGE_CURVE('',#3531,#3531,#3390,.T.);
#4354=EDGE_CURVE('',#3531,#3529,#1870,.T.);
#4355=EDGE_CURVE('',#3516,#3513,#3391,.T.);
#4356=EDGE_CURVE('',#3498,#3515,#3392,.T.);
#4357=EDGE_CURVE('',#3515,#3532,#1871,.T.);
#4358=EDGE_CURVE('',#3533,#3532,#3393,.T.);
#4359=EDGE_CURVE('',#3498,#3533,#1872,.T.);
#4360=EDGE_CURVE('',#3516,#3534,#1873,.T.);
#4361=EDGE_CURVE('',#3513,#3535,#1874,.T.);
#4362=EDGE_CURVE('',#3534,#3535,#3394,.T.);
#4363=EDGE_CURVE('',#3532,#3536,#1875,.T.);
#4364=EDGE_CURVE('',#3536,#3537,#3395,.T.);
#4365=EDGE_CURVE('',#3537,#3533,#1876,.T.);
#4366=EDGE_CURVE('',#3538,#3538,#3396,.T.);
#4367=EDGE_CURVE('',#3535,#3539,#1877,.T.);
#4368=EDGE_CURVE('',#3539,#3540,#3397,.T.);
#4369=EDGE_CURVE('',#3540,#3534,#1878,.T.);
#4370=EDGE_CURVE('',#3541,#3541,#3398,.T.);
#4371=EDGE_CURVE('',#3538,#3526,#1879,.T.);
#4372=EDGE_CURVE('',#3541,#3527,#1880,.T.);
#4373=EDGE_CURVE('',#3522,#3537,#1881,.T.);
#4374=EDGE_CURVE('',#3523,#3536,#1882,.T.);
#4375=EDGE_CURVE('',#3524,#3540,#1883,.T.);
#4376=EDGE_CURVE('',#3525,#3539,#1884,.T.);
#4377=EDGE_CURVE('',#3542,#3542,#3399,.T.);
#4378=EDGE_CURVE('',#3542,#3543,#1885,.T.);
#4379=EDGE_CURVE('',#3543,#3543,#3400,.T.);
#4380=EDGE_CURVE('',#3544,#3544,#3401,.T.);
#4381=EDGE_CURVE('',#3544,#3545,#1886,.T.);
#4382=EDGE_CURVE('',#3545,#3545,#3402,.T.);
#4383=EDGE_CURVE('',#3546,#3547,#1887,.T.);
#4384=EDGE_CURVE('',#3548,#3546,#1888,.T.);
#4385=EDGE_CURVE('',#3548,#3549,#1889,.T.);
#4386=EDGE_CURVE('',#3547,#3549,#1890,.T.);
#4387=EDGE_CURVE('',#3549,#3548,#3403,.T.);
#4388=EDGE_CURVE('',#3550,#3551,#1891,.T.);
#4389=EDGE_CURVE('',#3552,#3550,#1892,.T.);
#4390=EDGE_CURVE('',#3552,#3553,#1893,.T.);
#4391=EDGE_CURVE('',#3551,#3553,#1894,.T.);
#4392=EDGE_CURVE('',#3553,#3552,#3404,.T.);
#4393=EDGE_CURVE('',#3546,#3551,#3405,.T.);
#4394=EDGE_CURVE('',#3550,#3554,#3406,.T.);
#4395=EDGE_CURVE('',#3554,#3555,#1895,.T.);
#4396=EDGE_CURVE('',#3555,#3555,#3407,.T.);
#4397=EDGE_CURVE('',#3554,#3547,#3408,.T.);
#4398=EDGE_CURVE('',#3556,#3557,#1896,.T.);
#4399=EDGE_CURVE('',#3558,#3556,#1897,.T.);
#4400=EDGE_CURVE('',#3558,#3559,#1898,.T.);
#4401=EDGE_CURVE('',#3557,#3559,#1899,.T.);
#4402=EDGE_CURVE('',#3560,#3561,#1900,.T.);
#4403=EDGE_CURVE('',#3562,#3560,#1901,.T.);
#4404=EDGE_CURVE('',#3562,#3563,#1902,.T.);
#4405=EDGE_CURVE('',#3561,#3563,#1903,.T.);
#4406=EDGE_CURVE('',#3559,#3562,#3409,.T.);
#4407=EDGE_CURVE('',#3563,#3558,#3410,.T.);
#4408=EDGE_CURVE('',#3564,#3561,#3411,.T.);
#4409=EDGE_CURVE('',#3564,#3565,#1904,.T.);
#4410=EDGE_CURVE('',#3560,#3565,#3412,.T.);
#4411=EDGE_CURVE('',#3566,#3557,#3413,.T.);
#4412=EDGE_CURVE('',#3566,#3567,#1905,.T.);
#4413=EDGE_CURVE('',#3556,#3567,#3414,.T.);
#4414=EDGE_CURVE('',#3568,#3569,#3415,.T.);
#4415=EDGE_CURVE('',#3568,#3566,#1906,.T.);
#4416=EDGE_CURVE('',#3570,#3565,#1907,.T.);
#4417=EDGE_CURVE('',#3571,#3570,#3416,.T.);
#4418=EDGE_CURVE('',#3571,#3572,#1908,.T.);
#4419=EDGE_CURVE('',#3572,#3573,#3417,.T.);
#4420=EDGE_CURVE('',#3574,#3573,#1909,.T.);
#4421=EDGE_CURVE('',#3575,#3574,#3418,.T.);
#4422=EDGE_CURVE('',#3575,#3576,#1910,.T.);
#4423=EDGE_CURVE('',#3576,#3577,#3419,.T.);
#4424=EDGE_CURVE('',#3578,#3577,#1911,.T.);
#4425=EDGE_CURVE('',#3579,#3578,#3420,.T.);
#4426=EDGE_CURVE('',#3579,#3580,#1912,.T.);
#4427=EDGE_CURVE('',#3580,#3581,#3421,.T.);
#4428=EDGE_CURVE('',#3582,#3581,#1913,.T.);
#4429=EDGE_CURVE('',#3583,#3582,#3422,.T.);
#4430=EDGE_CURVE('',#3583,#3566,#1914,.T.);
#4431=EDGE_CURVE('',#3569,#3568,#3423,.T.);
#4432=EDGE_CURVE('',#3584,#3584,#3424,.T.);
#4433=EDGE_CURVE('',#3584,#3585,#3425,.T.);
#4434=EDGE_CURVE('',#3585,#3586,#3426,.T.);
#4435=EDGE_CURVE('',#3586,#3585,#3427,.T.);
#4436=EDGE_CURVE('',#3586,#3587,#1915,.T.);
#4437=EDGE_CURVE('',#3588,#3587,#3428,.T.);
#4438=EDGE_CURVE('',#3589,#3588,#1916,.T.);
#4439=EDGE_CURVE('',#3589,#3590,#3429,.T.);
#4440=EDGE_CURVE('',#3591,#3590,#1917,.T.);
#4441=EDGE_CURVE('',#3592,#3591,#3430,.T.);
#4442=EDGE_CURVE('',#3564,#3592,#1918,.T.);
#4443=EDGE_CURVE('',#3593,#3567,#1919,.T.);
#4444=EDGE_CURVE('',#3594,#3593,#3431,.T.);
#4445=EDGE_CURVE('',#3595,#3594,#1920,.T.);
#4446=EDGE_CURVE('',#3595,#3596,#3432,.T.);
#4447=EDGE_CURVE('',#3596,#3597,#1921,.T.);
#4448=EDGE_CURVE('',#3598,#3597,#3433,.T.);
#4449=EDGE_CURVE('',#3598,#3599,#1922,.T.);
#4450=EDGE_CURVE('',#3599,#3600,#3434,.T.);
#4451=EDGE_CURVE('',#3601,#3600,#1923,.T.);
#4452=EDGE_CURVE('',#3587,#3601,#3435,.T.);
#4453=EDGE_CURVE('',#3602,#3602,#3436,.T.);
#4454=EDGE_CURVE('',#3602,#3569,#3437,.T.);
#4455=EDGE_CURVE('',#3572,#3590,#1924,.T.);
#4456=EDGE_CURVE('',#3589,#3573,#1925,.T.);
#4457=EDGE_CURVE('',#3599,#3577,#1926,.T.);
#4458=EDGE_CURVE('',#3576,#3600,#1927,.T.);
#4459=EDGE_CURVE('',#3595,#3581,#1928,.T.);
#4460=EDGE_CURVE('',#3580,#3596,#1929,.T.);
#4461=EDGE_CURVE('',#3574,#3588,#1930,.T.);
#4462=EDGE_CURVE('',#3601,#3575,#1931,.T.);
#4463=EDGE_CURVE('',#3570,#3592,#1932,.T.);
#4464=EDGE_CURVE('',#3591,#3571,#1933,.T.);
#4465=EDGE_CURVE('',#3597,#3579,#1934,.T.);
#4466=EDGE_CURVE('',#3578,#3598,#1935,.T.);
#4467=EDGE_CURVE('',#3582,#3594,#1936,.T.);
#4468=EDGE_CURVE('',#3593,#3583,#1937,.T.);
#4469=EDGE_CURVE('',#3603,#3604,#1938,.T.);
#4470=EDGE_CURVE('',#3605,#3603,#1939,.T.);
#4471=EDGE_CURVE('',#3606,#3605,#1940,.T.);
#4472=EDGE_CURVE('',#3606,#3604,#1941,.T.);
#4473=EDGE_CURVE('',#3604,#3607,#3438,.T.);
#4474=EDGE_CURVE('',#3608,#3606,#3439,.T.);
#4475=EDGE_CURVE('',#3608,#3607,#1942,.T.);
#4476=EDGE_CURVE('',#3607,#3609,#1943,.T.);
#4477=EDGE_CURVE('',#3610,#3608,#1944,.T.);
#4478=EDGE_CURVE('',#3610,#3609,#1945,.T.);
#4479=EDGE_CURVE('',#3609,#3603,#3440,.T.);
#4480=EDGE_CURVE('',#3605,#3610,#3441,.T.);
#4481=EDGE_CURVE('',#3611,#3612,#3442,.T.);
#4482=EDGE_CURVE('',#3612,#3613,#1946,.T.);
#4483=EDGE_CURVE('',#3613,#3614,#179,.F.);
#4484=EDGE_CURVE('',#3614,#3611,#1947,.T.);
#4485=EDGE_CURVE('',#3615,#3616,#3443,.T.);
#4486=EDGE_CURVE('',#3616,#3617,#1948,.T.);
#4487=EDGE_CURVE('',#3617,#3611,#3444,.T.);
#4488=EDGE_CURVE('',#3611,#3615,#1949,.T.);
#4489=EDGE_CURVE('',#3618,#3615,#3445,.T.);
#4490=EDGE_CURVE('',#3615,#3619,#1950,.T.);
#4491=EDGE_CURVE('',#3619,#3620,#180,.F.);
#4492=EDGE_CURVE('',#3620,#3618,#1951,.T.);
#4493=EDGE_CURVE('',#3618,#3616,#3446,.T.);
#4494=EDGE_CURVE('',#3617,#3612,#3447,.T.);
#4495=EDGE_CURVE('',#3621,#3612,#1952,.T.);
#4496=EDGE_CURVE('',#3622,#3621,#1953,.T.);
#4497=EDGE_CURVE('',#3622,#3623,#1954,.T.);
#4498=EDGE_CURVE('',#3623,#3624,#1955,.T.);
#4499=EDGE_CURVE('',#3624,#3613,#1956,.T.);
#4500=EDGE_CURVE('',#3617,#3625,#1957,.T.);
#4501=EDGE_CURVE('',#3625,#3621,#3448,.T.);
#4502=EDGE_CURVE('',#3626,#3616,#1958,.T.);
#4503=EDGE_CURVE('',#3625,#3626,#1959,.T.);
#4504=EDGE_CURVE('',#3618,#3627,#1960,.T.);
#4505=EDGE_CURVE('',#3627,#3626,#3449,.T.);
#4506=EDGE_CURVE('',#3620,#3628,#1961,.T.);
#4507=EDGE_CURVE('',#3628,#3629,#1962,.T.);
#4508=EDGE_CURVE('',#3630,#3629,#1963,.T.);
#4509=EDGE_CURVE('',#3627,#3630,#1964,.T.);
#4510=EDGE_CURVE('',#3631,#3614,#3450,.T.);
#4511=EDGE_CURVE('',#3632,#3631,#1965,.T.);
#4512=EDGE_CURVE('',#3632,#3633,#3451,.T.);
#4513=EDGE_CURVE('',#3633,#3634,#1966,.T.);
#4514=EDGE_CURVE('',#3634,#3635,#3452,.T.);
#4515=EDGE_CURVE('',#3635,#3636,#1967,.T.);
#4516=EDGE_CURVE('',#3636,#3637,#3453,.T.);
#4517=EDGE_CURVE('',#3637,#3638,#1968,.T.);
#4518=EDGE_CURVE('',#3638,#3619,#3454,.T.);
#4519=EDGE_CURVE('',#3639,#3633,#1969,.T.);
#4520=EDGE_CURVE('',#3640,#3639,#1970,.T.);
#4521=EDGE_CURVE('',#3641,#3640,#1971,.T.);
#4522=EDGE_CURVE('',#3634,#3641,#1972,.T.);
#4523=EDGE_CURVE('',#3642,#3635,#1973,.T.);
#4524=EDGE_CURVE('',#3643,#3642,#1974,.T.);
#4525=EDGE_CURVE('',#3644,#3643,#1975,.T.);
#4526=EDGE_CURVE('',#3636,#3644,#1976,.T.);
#4527=EDGE_CURVE('',#3645,#3644,#3455,.T.);
#4528=EDGE_CURVE('',#3637,#3645,#1977,.T.);
#4529=EDGE_CURVE('',#3643,#3646,#3456,.T.);
#4530=EDGE_CURVE('',#3646,#3645,#1978,.T.);
#4531=EDGE_CURVE('',#3647,#3641,#3457,.T.);
#4532=EDGE_CURVE('',#3648,#3647,#3458,.T.);
#4533=EDGE_CURVE('',#3648,#3649,#3459,.T.);
#4534=EDGE_CURVE('',#3649,#3634,#3460,.T.);
#4535=EDGE_CURVE('',#3642,#3650,#3461,.T.);
#4536=EDGE_CURVE('',#3650,#3646,#1979,.T.);
#4537=EDGE_CURVE('',#3635,#3651,#3462,.T.);
#4538=EDGE_CURVE('',#3651,#3652,#3463,.T.);
#4539=EDGE_CURVE('',#3652,#3650,#3464,.T.);
#4540=EDGE_CURVE('',#3653,#3640,#3465,.T.);
#4541=EDGE_CURVE('',#3647,#3653,#1980,.T.);
#4542=EDGE_CURVE('',#3632,#3654,#1981,.T.);
#4543=EDGE_CURVE('',#3639,#3654,#3466,.T.);
#4544=EDGE_CURVE('',#3654,#3653,#1982,.T.);
#4545=EDGE_CURVE('',#3655,#3649,#1983,.T.);
#4546=EDGE_CURVE('',#3656,#3655,#3467,.T.);
#4547=EDGE_CURVE('',#3656,#3651,#1984,.T.);
#4548=EDGE_CURVE('',#3657,#3655,#1985,.T.);
#4549=EDGE_CURVE('',#3658,#3657,#1986,.T.);
#4550=EDGE_CURVE('',#3656,#3658,#1987,.T.);
#4551=EDGE_CURVE('',#3659,#3658,#1988,.T.);
#4552=EDGE_CURVE('',#3660,#3659,#1989,.T.);
#4553=EDGE_CURVE('',#3660,#3656,#1990,.T.);
#4554=EDGE_CURVE('',#3661,#3657,#1991,.T.);
#4555=EDGE_CURVE('',#3659,#3661,#1992,.T.);
#4556=EDGE_CURVE('',#3662,#3631,#1993,.T.);
#4557=EDGE_CURVE('',#3662,#3663,#1994,.T.);
#4558=EDGE_CURVE('',#3663,#3647,#1995,.T.);
#4559=EDGE_CURVE('',#3663,#3623,#3468,.T.);
#4560=EDGE_CURVE('',#3623,#3648,#1996,.T.);
#4561=EDGE_CURVE('',#3624,#3662,#3469,.T.);
#4562=EDGE_CURVE('',#3664,#3650,#1997,.T.);
#4563=EDGE_CURVE('',#3665,#3664,#1998,.T.);
#4564=EDGE_CURVE('',#3665,#3638,#1999,.T.);
#4565=EDGE_CURVE('',#3629,#3652,#2000,.T.);
#4566=EDGE_CURVE('',#3664,#3629,#3470,.T.);
#4567=EDGE_CURVE('',#3628,#3665,#3471,.T.);
#4568=EDGE_CURVE('',#3666,#3622,#3472,.T.);
#4569=EDGE_CURVE('',#3666,#3655,#2001,.T.);
#4570=EDGE_CURVE('',#3630,#3660,#3473,.T.);
#4571=EDGE_CURVE('',#3661,#3666,#2002,.T.);
#4572=EDGE_CURVE('',#3667,#3667,#3474,.T.);
#4573=EDGE_CURVE('',#3667,#3668,#2003,.T.);
#4574=EDGE_CURVE('',#3668,#3668,#3475,.T.);
#4575=EDGE_CURVE('',#3669,#3669,#3476,.T.);
#4576=EDGE_CURVE('',#3669,#3670,#2004,.T.);
#4577=EDGE_CURVE('',#3670,#3670,#3477,.T.);
#4578=EDGE_CURVE('',#3671,#3671,#3478,.T.);
#4579=EDGE_CURVE('',#3671,#3672,#2005,.T.);
#4580=EDGE_CURVE('',#3672,#3672,#3479,.T.);
#4581=EDGE_CURVE('',#3673,#3673,#3480,.T.);
#4582=EDGE_CURVE('',#3673,#3674,#2006,.T.);
#4583=EDGE_CURVE('',#3674,#3674,#3481,.T.);
#4584=EDGE_CURVE('',#3675,#3675,#3482,.T.);
#4585=EDGE_CURVE('',#3675,#3676,#2007,.T.);
#4586=EDGE_CURVE('',#3676,#3676,#3483,.T.);
#4587=EDGE_CURVE('',#3677,#3678,#2008,.T.);
#4588=EDGE_CURVE('',#3677,#3679,#2009,.T.);
#4589=EDGE_CURVE('',#3680,#3679,#2010,.T.);
#4590=EDGE_CURVE('',#3678,#3680,#2011,.T.);
#4591=EDGE_CURVE('',#3678,#3681,#2012,.T.);
#4592=EDGE_CURVE('',#3682,#3680,#2013,.T.);
#4593=EDGE_CURVE('',#3681,#3682,#2014,.T.);
#4594=EDGE_CURVE('',#3681,#3683,#2015,.T.);
#4595=EDGE_CURVE('',#3684,#3682,#2016,.T.);
#4596=EDGE_CURVE('',#3683,#3684,#2017,.T.);
#4597=EDGE_CURVE('',#3683,#3685,#2018,.T.);
#4598=EDGE_CURVE('',#3686,#3684,#2019,.T.);
#4599=EDGE_CURVE('',#3685,#3686,#2020,.T.);
#4600=EDGE_CURVE('',#3685,#3687,#2021,.T.);
#4601=EDGE_CURVE('',#3688,#3686,#2022,.T.);
#4602=EDGE_CURVE('',#3687,#3688,#2023,.T.);
#4603=EDGE_CURVE('',#3687,#3689,#2024,.T.);
#4604=EDGE_CURVE('',#3690,#3688,#2025,.T.);
#4605=EDGE_CURVE('',#3689,#3690,#2026,.T.);
#4606=EDGE_CURVE('',#3689,#3677,#2027,.T.);
#4607=EDGE_CURVE('',#3679,#3690,#2028,.T.);
#4608=EDGE_CURVE('',#3691,#3692,#181,.T.);
#4609=EDGE_CURVE('',#3691,#3693,#2029,.T.);
#4610=EDGE_CURVE('',#3694,#3693,#182,.T.);
#4611=EDGE_CURVE('',#3692,#3694,#2030,.T.);
#4612=EDGE_CURVE('',#3695,#3691,#183,.T.);
#4613=EDGE_CURVE('',#3695,#3696,#2031,.T.);
#4614=EDGE_CURVE('',#3693,#3696,#184,.T.);
#4615=EDGE_CURVE('',#3697,#3695,#185,.T.);
#4616=EDGE_CURVE('',#3697,#3698,#2032,.T.);
#4617=EDGE_CURVE('',#3696,#3698,#186,.T.);
#4618=EDGE_CURVE('',#3699,#3697,#187,.T.);
#4619=EDGE_CURVE('',#3699,#3700,#2033,.T.);
#4620=EDGE_CURVE('',#3698,#3700,#188,.T.);
#4621=EDGE_CURVE('',#3692,#3699,#189,.T.);
#4622=EDGE_CURVE('',#3700,#3694,#190,.T.);
#4623=EDGE_CURVE('',#3701,#3702,#191,.T.);
#4624=EDGE_CURVE('',#3701,#3703,#2034,.T.);
#4625=EDGE_CURVE('',#3704,#3703,#192,.T.);
#4626=EDGE_CURVE('',#3702,#3704,#2035,.T.);
#4627=EDGE_CURVE('',#3705,#3701,#193,.T.);
#4628=EDGE_CURVE('',#3705,#3706,#2036,.T.);
#4629=EDGE_CURVE('',#3703,#3706,#194,.T.);
#4630=EDGE_CURVE('',#3707,#3705,#195,.T.);
#4631=EDGE_CURVE('',#3707,#3708,#2037,.T.);
#4632=EDGE_CURVE('',#3706,#3708,#196,.T.);
#4633=EDGE_CURVE('',#3709,#3707,#197,.T.);
#4634=EDGE_CURVE('',#3709,#3710,#2038,.T.);
#4635=EDGE_CURVE('',#3708,#3710,#198,.T.);
#4636=EDGE_CURVE('',#3702,#3709,#199,.T.);
#4637=EDGE_CURVE('',#3710,#3704,#200,.T.);
#4638=EDGE_CURVE('',#3711,#3712,#201,.T.);
#4639=EDGE_CURVE('',#3711,#3713,#2039,.T.);
#4640=EDGE_CURVE('',#3714,#3713,#202,.T.);
#4641=EDGE_CURVE('',#3712,#3714,#2040,.T.);
#4642=EDGE_CURVE('',#3712,#3715,#203,.T.);
#4643=EDGE_CURVE('',#3716,#3714,#204,.T.);
#4644=EDGE_CURVE('',#3715,#3716,#2041,.T.);
#4645=EDGE_CURVE('',#3715,#3717,#2042,.T.);
#4646=EDGE_CURVE('',#3718,#3716,#2043,.T.);
#4647=EDGE_CURVE('',#3717,#3718,#2044,.T.);
#4648=EDGE_CURVE('',#3717,#3719,#205,.T.);
#4649=EDGE_CURVE('',#3720,#3718,#206,.T.);
#4650=EDGE_CURVE('',#3719,#3720,#2045,.T.);
#4651=EDGE_CURVE('',#3719,#3721,#207,.T.);
#4652=EDGE_CURVE('',#3722,#3720,#208,.T.);
#4653=EDGE_CURVE('',#3721,#3722,#2046,.T.);
#4654=EDGE_CURVE('',#3721,#3723,#209,.T.);
#4655=EDGE_CURVE('',#3724,#3722,#210,.T.);
#4656=EDGE_CURVE('',#3723,#3724,#2047,.T.);
#4657=EDGE_CURVE('',#3723,#3725,#211,.T.);
#4658=EDGE_CURVE('',#3726,#3724,#212,.T.);
#4659=EDGE_CURVE('',#3725,#3726,#2048,.T.);
#4660=EDGE_CURVE('',#3725,#3727,#2049,.T.);
#4661=EDGE_CURVE('',#3728,#3726,#2050,.T.);
#4662=EDGE_CURVE('',#3727,#3728,#2051,.T.);
#4663=EDGE_CURVE('',#3727,#3729,#213,.T.);
#4664=EDGE_CURVE('',#3730,#3728,#214,.T.);
#4665=EDGE_CURVE('',#3729,#3730,#2052,.T.);
#4666=EDGE_CURVE('',#3729,#3731,#215,.T.);
#4667=EDGE_CURVE('',#3732,#3730,#216,.T.);
#4668=EDGE_CURVE('',#3731,#3732,#2053,.T.);
#4669=EDGE_CURVE('',#3731,#3711,#217,.T.);
#4670=EDGE_CURVE('',#3713,#3732,#218,.T.);
#4671=EDGE_CURVE('',#3733,#3734,#2054,.T.);
#4672=EDGE_CURVE('',#3733,#3735,#2055,.T.);
#4673=EDGE_CURVE('',#3736,#3735,#2056,.T.);
#4674=EDGE_CURVE('',#3734,#3736,#2057,.T.);
#4675=EDGE_CURVE('',#3737,#3733,#2058,.T.);
#4676=EDGE_CURVE('',#3737,#3738,#2059,.T.);
#4677=EDGE_CURVE('',#3735,#3738,#2060,.T.);
#4678=EDGE_CURVE('',#3734,#3737,#2061,.T.);
#4679=EDGE_CURVE('',#3738,#3736,#2062,.T.);
#4680=EDGE_CURVE('',#3739,#3740,#2063,.T.);
#4681=EDGE_CURVE('',#3739,#3741,#2064,.T.);
#4682=EDGE_CURVE('',#3742,#3741,#2065,.T.);
#4683=EDGE_CURVE('',#3740,#3742,#2066,.T.);
#4684=EDGE_CURVE('',#3740,#3743,#2067,.T.);
#4685=EDGE_CURVE('',#3744,#3742,#2068,.T.);
#4686=EDGE_CURVE('',#3743,#3744,#2069,.T.);
#4687=EDGE_CURVE('',#3743,#3745,#2070,.T.);
#4688=EDGE_CURVE('',#3746,#3744,#2071,.T.);
#4689=EDGE_CURVE('',#3745,#3746,#2072,.T.);
#4690=EDGE_CURVE('',#3745,#3747,#2073,.T.);
#4691=EDGE_CURVE('',#3748,#3746,#2074,.T.);
#4692=EDGE_CURVE('',#3747,#3748,#2075,.T.);
#4693=EDGE_CURVE('',#3747,#3749,#2076,.T.);
#4694=EDGE_CURVE('',#3750,#3748,#2077,.T.);
#4695=EDGE_CURVE('',#3749,#3750,#2078,.T.);
#4696=EDGE_CURVE('',#3749,#3751,#2079,.T.);
#4697=EDGE_CURVE('',#3752,#3750,#2080,.T.);
#4698=EDGE_CURVE('',#3751,#3752,#2081,.T.);
#4699=EDGE_CURVE('',#3751,#3753,#2082,.T.);
#4700=EDGE_CURVE('',#3754,#3752,#2083,.T.);
#4701=EDGE_CURVE('',#3753,#3754,#2084,.T.);
#4702=EDGE_CURVE('',#3753,#3755,#2085,.T.);
#4703=EDGE_CURVE('',#3756,#3754,#2086,.T.);
#4704=EDGE_CURVE('',#3755,#3756,#2087,.T.);
#4705=EDGE_CURVE('',#3755,#3757,#2088,.T.);
#4706=EDGE_CURVE('',#3758,#3756,#2089,.T.);
#4707=EDGE_CURVE('',#3757,#3758,#2090,.T.);
#4708=EDGE_CURVE('',#3757,#3759,#2091,.T.);
#4709=EDGE_CURVE('',#3760,#3758,#2092,.T.);
#4710=EDGE_CURVE('',#3759,#3760,#2093,.T.);
#4711=EDGE_CURVE('',#3759,#3739,#2094,.T.);
#4712=EDGE_CURVE('',#3741,#3760,#2095,.T.);
#4713=EDGE_CURVE('',#3761,#3762,#2096,.T.);
#4714=EDGE_CURVE('',#3761,#3763,#2097,.T.);
#4715=EDGE_CURVE('',#3764,#3763,#2098,.T.);
#4716=EDGE_CURVE('',#3762,#3764,#2099,.T.);
#4717=EDGE_CURVE('',#3762,#3765,#2100,.T.);
#4718=EDGE_CURVE('',#3766,#3764,#2101,.T.);
#4719=EDGE_CURVE('',#3765,#3766,#2102,.T.);
#4720=EDGE_CURVE('',#3765,#3767,#2103,.T.);
#4721=EDGE_CURVE('',#3768,#3766,#2104,.T.);
#4722=EDGE_CURVE('',#3767,#3768,#2105,.T.);
#4723=EDGE_CURVE('',#3767,#3769,#2106,.T.);
#4724=EDGE_CURVE('',#3770,#3768,#2107,.T.);
#4725=EDGE_CURVE('',#3769,#3770,#2108,.T.);
#4726=EDGE_CURVE('',#3769,#3771,#2109,.T.);
#4727=EDGE_CURVE('',#3772,#3770,#2110,.T.);
#4728=EDGE_CURVE('',#3771,#3772,#2111,.T.);
#4729=EDGE_CURVE('',#3771,#3773,#2112,.T.);
#4730=EDGE_CURVE('',#3774,#3772,#2113,.T.);
#4731=EDGE_CURVE('',#3773,#3774,#2114,.T.);
#4732=EDGE_CURVE('',#3773,#3775,#2115,.T.);
#4733=EDGE_CURVE('',#3776,#3774,#2116,.T.);
#4734=EDGE_CURVE('',#3775,#3776,#2117,.T.);
#4735=EDGE_CURVE('',#3775,#3777,#2118,.T.);
#4736=EDGE_CURVE('',#3778,#3776,#2119,.T.);
#4737=EDGE_CURVE('',#3777,#3778,#2120,.T.);
#4738=EDGE_CURVE('',#3777,#3761,#2121,.T.);
#4739=EDGE_CURVE('',#3763,#3778,#2122,.T.);
#4740=EDGE_CURVE('',#3779,#3780,#2123,.T.);
#4741=EDGE_CURVE('',#3779,#3781,#2124,.T.);
#4742=EDGE_CURVE('',#3782,#3781,#2125,.T.);
#4743=EDGE_CURVE('',#3780,#3782,#2126,.T.);
#4744=EDGE_CURVE('',#3780,#3783,#2127,.T.);
#4745=EDGE_CURVE('',#3784,#3782,#2128,.T.);
#4746=EDGE_CURVE('',#3783,#3784,#2129,.T.);
#4747=EDGE_CURVE('',#3783,#3785,#2130,.T.);
#4748=EDGE_CURVE('',#3786,#3784,#2131,.T.);
#4749=EDGE_CURVE('',#3785,#3786,#2132,.T.);
#4750=EDGE_CURVE('',#3785,#3779,#2133,.T.);
#4751=EDGE_CURVE('',#3781,#3786,#2134,.T.);
#4752=EDGE_CURVE('',#3787,#3788,#2135,.T.);
#4753=EDGE_CURVE('',#3787,#3789,#2136,.T.);
#4754=EDGE_CURVE('',#3790,#3789,#2137,.T.);
#4755=EDGE_CURVE('',#3788,#3790,#2138,.T.);
#4756=EDGE_CURVE('',#3788,#3791,#219,.T.);
#4757=EDGE_CURVE('',#3792,#3790,#220,.T.);
#4758=EDGE_CURVE('',#3791,#3792,#2139,.T.);
#4759=EDGE_CURVE('',#3791,#3793,#221,.T.);
#4760=EDGE_CURVE('',#3794,#3792,#222,.T.);
#4761=EDGE_CURVE('',#3793,#3794,#2140,.T.);
#4762=EDGE_CURVE('',#3793,#3795,#223,.T.);
#4763=EDGE_CURVE('',#3796,#3794,#224,.T.);
#4764=EDGE_CURVE('',#3795,#3796,#2141,.T.);
#4765=EDGE_CURVE('',#3795,#3797,#225,.T.);
#4766=EDGE_CURVE('',#3798,#3796,#226,.T.);
#4767=EDGE_CURVE('',#3797,#3798,#2142,.T.);
#4768=EDGE_CURVE('',#3797,#3799,#227,.T.);
#4769=EDGE_CURVE('',#3800,#3798,#228,.T.);
#4770=EDGE_CURVE('',#3799,#3800,#2143,.T.);
#4771=EDGE_CURVE('',#3799,#3801,#229,.T.);
#4772=EDGE_CURVE('',#3802,#3800,#230,.T.);
#4773=EDGE_CURVE('',#3801,#3802,#2144,.T.);
#4774=EDGE_CURVE('',#3801,#3803,#2145,.T.);
#4775=EDGE_CURVE('',#3804,#3802,#2146,.T.);
#4776=EDGE_CURVE('',#3803,#3804,#2147,.T.);
#4777=EDGE_CURVE('',#3803,#3805,#2148,.T.);
#4778=EDGE_CURVE('',#3806,#3804,#2149,.T.);
#4779=EDGE_CURVE('',#3805,#3806,#2150,.T.);
#4780=EDGE_CURVE('',#3805,#3807,#231,.T.);
#4781=EDGE_CURVE('',#3808,#3806,#232,.T.);
#4782=EDGE_CURVE('',#3807,#3808,#2151,.T.);
#4783=EDGE_CURVE('',#3807,#3809,#233,.T.);
#4784=EDGE_CURVE('',#3810,#3808,#234,.T.);
#4785=EDGE_CURVE('',#3809,#3810,#2152,.T.);
#4786=EDGE_CURVE('',#3809,#3811,#235,.T.);
#4787=EDGE_CURVE('',#3812,#3810,#236,.T.);
#4788=EDGE_CURVE('',#3811,#3812,#2153,.T.);
#4789=EDGE_CURVE('',#3811,#3813,#237,.T.);
#4790=EDGE_CURVE('',#3814,#3812,#238,.T.);
#4791=EDGE_CURVE('',#3813,#3814,#2154,.T.);
#4792=EDGE_CURVE('',#3813,#3815,#239,.T.);
#4793=EDGE_CURVE('',#3816,#3814,#240,.T.);
#4794=EDGE_CURVE('',#3815,#3816,#2155,.T.);
#4795=EDGE_CURVE('',#3815,#3817,#2156,.T.);
#4796=EDGE_CURVE('',#3818,#3816,#2157,.T.);
#4797=EDGE_CURVE('',#3817,#3818,#2158,.T.);
#4798=EDGE_CURVE('',#3817,#3819,#2159,.T.);
#4799=EDGE_CURVE('',#3820,#3818,#2160,.T.);
#4800=EDGE_CURVE('',#3819,#3820,#2161,.T.);
#4801=EDGE_CURVE('',#3819,#3787,#2162,.T.);
#4802=EDGE_CURVE('',#3789,#3820,#2163,.T.);
#4803=EDGE_CURVE('',#3821,#3822,#241,.T.);
#4804=EDGE_CURVE('',#3821,#3823,#2164,.T.);
#4805=EDGE_CURVE('',#3824,#3823,#242,.T.);
#4806=EDGE_CURVE('',#3822,#3824,#2165,.T.);
#4807=EDGE_CURVE('',#3825,#3821,#243,.T.);
#4808=EDGE_CURVE('',#3825,#3826,#2166,.T.);
#4809=EDGE_CURVE('',#3823,#3826,#244,.T.);
#4810=EDGE_CURVE('',#3827,#3825,#2167,.T.);
#4811=EDGE_CURVE('',#3827,#3828,#2168,.T.);
#4812=EDGE_CURVE('',#3826,#3828,#2169,.T.);
#4813=EDGE_CURVE('',#3829,#3827,#2170,.T.);
#4814=EDGE_CURVE('',#3829,#3830,#2171,.T.);
#4815=EDGE_CURVE('',#3828,#3830,#2172,.T.);
#4816=EDGE_CURVE('',#3831,#3829,#2173,.T.);
#4817=EDGE_CURVE('',#3831,#3832,#2174,.T.);
#4818=EDGE_CURVE('',#3830,#3832,#2175,.T.);
#4819=EDGE_CURVE('',#3833,#3831,#245,.T.);
#4820=EDGE_CURVE('',#3833,#3834,#2176,.T.);
#4821=EDGE_CURVE('',#3832,#3834,#246,.T.);
#4822=EDGE_CURVE('',#3822,#3833,#247,.T.);
#4823=EDGE_CURVE('',#3834,#3824,#248,.T.);
#4824=EDGE_CURVE('',#3835,#3836,#2177,.T.);
#4825=EDGE_CURVE('',#3835,#3837,#2178,.T.);
#4826=EDGE_CURVE('',#3838,#3837,#2179,.T.);
#4827=EDGE_CURVE('',#3836,#3838,#2180,.T.);
#4828=EDGE_CURVE('',#3836,#3839,#2181,.T.);
#4829=EDGE_CURVE('',#3840,#3838,#2182,.T.);
#4830=EDGE_CURVE('',#3839,#3840,#2183,.T.);
#4831=EDGE_CURVE('',#3839,#3841,#2184,.T.);
#4832=EDGE_CURVE('',#3842,#3840,#2185,.T.);
#4833=EDGE_CURVE('',#3841,#3842,#2186,.T.);
#4834=EDGE_CURVE('',#3841,#3843,#2187,.T.);
#4835=EDGE_CURVE('',#3844,#3842,#2188,.T.);
#4836=EDGE_CURVE('',#3843,#3844,#2189,.T.);
#4837=EDGE_CURVE('',#3843,#3845,#2190,.T.);
#4838=EDGE_CURVE('',#3846,#3844,#2191,.T.);
#4839=EDGE_CURVE('',#3845,#3846,#2192,.T.);
#4840=EDGE_CURVE('',#3845,#3847,#2193,.T.);
#4841=EDGE_CURVE('',#3848,#3846,#2194,.T.);
#4842=EDGE_CURVE('',#3847,#3848,#2195,.T.);
#4843=EDGE_CURVE('',#3847,#3849,#249,.T.);
#4844=EDGE_CURVE('',#3850,#3848,#250,.T.);
#4845=EDGE_CURVE('',#3849,#3850,#2196,.T.);
#4846=EDGE_CURVE('',#3849,#3851,#251,.T.);
#4847=EDGE_CURVE('',#3852,#3850,#252,.T.);
#4848=EDGE_CURVE('',#3851,#3852,#2197,.T.);
#4849=EDGE_CURVE('',#3851,#3853,#253,.T.);
#4850=EDGE_CURVE('',#3854,#3852,#254,.T.);
#4851=EDGE_CURVE('',#3853,#3854,#2198,.T.);
#4852=EDGE_CURVE('',#3853,#3855,#2199,.T.);
#4853=EDGE_CURVE('',#3856,#3854,#2200,.T.);
#4854=EDGE_CURVE('',#3855,#3856,#2201,.T.);
#4855=EDGE_CURVE('',#3855,#3835,#2202,.T.);
#4856=EDGE_CURVE('',#3837,#3856,#2203,.T.);
#4857=EDGE_CURVE('',#3857,#3858,#255,.T.);
#4858=EDGE_CURVE('',#3857,#3859,#2204,.T.);
#4859=EDGE_CURVE('',#3860,#3859,#256,.T.);
#4860=EDGE_CURVE('',#3858,#3860,#2205,.T.);
#4861=EDGE_CURVE('',#3861,#3857,#257,.T.);
#4862=EDGE_CURVE('',#3861,#3862,#2206,.T.);
#4863=EDGE_CURVE('',#3859,#3862,#258,.T.);
#4864=EDGE_CURVE('',#3863,#3861,#259,.T.);
#4865=EDGE_CURVE('',#3863,#3864,#2207,.T.);
#4866=EDGE_CURVE('',#3862,#3864,#260,.T.);
#4867=EDGE_CURVE('',#3865,#3863,#261,.T.);
#4868=EDGE_CURVE('',#3865,#3866,#2208,.T.);
#4869=EDGE_CURVE('',#3864,#3866,#262,.T.);
#4870=EDGE_CURVE('',#3867,#3865,#263,.T.);
#4871=EDGE_CURVE('',#3867,#3868,#2209,.T.);
#4872=EDGE_CURVE('',#3866,#3868,#264,.T.);
#4873=EDGE_CURVE('',#3858,#3867,#265,.T.);
#4874=EDGE_CURVE('',#3868,#3860,#266,.T.);
#4875=EDGE_CURVE('',#3869,#3870,#267,.T.);
#4876=EDGE_CURVE('',#3869,#3871,#2210,.T.);
#4877=EDGE_CURVE('',#3872,#3871,#268,.T.);
#4878=EDGE_CURVE('',#3870,#3872,#2211,.T.);
#4879=EDGE_CURVE('',#3870,#3873,#269,.T.);
#4880=EDGE_CURVE('',#3874,#3872,#270,.T.);
#4881=EDGE_CURVE('',#3873,#3874,#2212,.T.);
#4882=EDGE_CURVE('',#3873,#3875,#271,.T.);
#4883=EDGE_CURVE('',#3876,#3874,#272,.T.);
#4884=EDGE_CURVE('',#3875,#3876,#2213,.T.);
#4885=EDGE_CURVE('',#3875,#3877,#273,.T.);
#4886=EDGE_CURVE('',#3878,#3876,#274,.T.);
#4887=EDGE_CURVE('',#3877,#3878,#2214,.T.);
#4888=EDGE_CURVE('',#3877,#3879,#275,.T.);
#4889=EDGE_CURVE('',#3880,#3878,#276,.T.);
#4890=EDGE_CURVE('',#3879,#3880,#2215,.T.);
#4891=EDGE_CURVE('',#3879,#3881,#277,.T.);
#4892=EDGE_CURVE('',#3882,#3880,#278,.T.);
#4893=EDGE_CURVE('',#3881,#3882,#2216,.T.);
#4894=EDGE_CURVE('',#3881,#3883,#279,.T.);
#4895=EDGE_CURVE('',#3884,#3882,#280,.T.);
#4896=EDGE_CURVE('',#3883,#3884,#2217,.T.);
#4897=EDGE_CURVE('',#3883,#3869,#281,.T.);
#4898=EDGE_CURVE('',#3871,#3884,#282,.T.);
#4899=EDGE_CURVE('',#3885,#3886,#2218,.T.);
#4900=EDGE_CURVE('',#3885,#3887,#2219,.T.);
#4901=EDGE_CURVE('',#3888,#3887,#2220,.T.);
#4902=EDGE_CURVE('',#3886,#3888,#2221,.T.);
#4903=EDGE_CURVE('',#3886,#3889,#2222,.T.);
#4904=EDGE_CURVE('',#3890,#3888,#2223,.T.);
#4905=EDGE_CURVE('',#3889,#3890,#2224,.T.);
#4906=EDGE_CURVE('',#3889,#3891,#2225,.T.);
#4907=EDGE_CURVE('',#3892,#3890,#2226,.T.);
#4908=EDGE_CURVE('',#3891,#3892,#2227,.T.);
#4909=EDGE_CURVE('',#3891,#3893,#2228,.T.);
#4910=EDGE_CURVE('',#3894,#3892,#2229,.T.);
#4911=EDGE_CURVE('',#3893,#3894,#2230,.T.);
#4912=EDGE_CURVE('',#3893,#3895,#2231,.T.);
#4913=EDGE_CURVE('',#3896,#3894,#2232,.T.);
#4914=EDGE_CURVE('',#3895,#3896,#2233,.T.);
#4915=EDGE_CURVE('',#3895,#3897,#2234,.T.);
#4916=EDGE_CURVE('',#3898,#3896,#2235,.T.);
#4917=EDGE_CURVE('',#3897,#3898,#2236,.T.);
#4918=EDGE_CURVE('',#3897,#3899,#2237,.T.);
#4919=EDGE_CURVE('',#3900,#3898,#2238,.T.);
#4920=EDGE_CURVE('',#3899,#3900,#2239,.T.);
#4921=EDGE_CURVE('',#3899,#3901,#2240,.T.);
#4922=EDGE_CURVE('',#3902,#3900,#2241,.T.);
#4923=EDGE_CURVE('',#3901,#3902,#2242,.T.);
#4924=EDGE_CURVE('',#3901,#3903,#2243,.T.);
#4925=EDGE_CURVE('',#3904,#3902,#2244,.T.);
#4926=EDGE_CURVE('',#3903,#3904,#2245,.T.);
#4927=EDGE_CURVE('',#3903,#3905,#2246,.T.);
#4928=EDGE_CURVE('',#3906,#3904,#2247,.T.);
#4929=EDGE_CURVE('',#3905,#3906,#2248,.T.);
#4930=EDGE_CURVE('',#3905,#3907,#2249,.T.);
#4931=EDGE_CURVE('',#3908,#3906,#2250,.T.);
#4932=EDGE_CURVE('',#3907,#3908,#2251,.T.);
#4933=EDGE_CURVE('',#3907,#3909,#2252,.T.);
#4934=EDGE_CURVE('',#3910,#3908,#2253,.T.);
#4935=EDGE_CURVE('',#3909,#3910,#2254,.T.);
#4936=EDGE_CURVE('',#3909,#3885,#2255,.T.);
#4937=EDGE_CURVE('',#3887,#3910,#2256,.T.);
#4938=EDGE_CURVE('',#3911,#3912,#283,.T.);
#4939=EDGE_CURVE('',#3911,#3913,#2257,.T.);
#4940=EDGE_CURVE('',#3914,#3913,#284,.T.);
#4941=EDGE_CURVE('',#3912,#3914,#2258,.T.);
#4942=EDGE_CURVE('',#3915,#3911,#285,.T.);
#4943=EDGE_CURVE('',#3915,#3916,#2259,.T.);
#4944=EDGE_CURVE('',#3913,#3916,#286,.T.);
#4945=EDGE_CURVE('',#3917,#3915,#2260,.T.);
#4946=EDGE_CURVE('',#3917,#3918,#2261,.T.);
#4947=EDGE_CURVE('',#3916,#3918,#2262,.T.);
#4948=EDGE_CURVE('',#3919,#3917,#2263,.T.);
#4949=EDGE_CURVE('',#3919,#3920,#2264,.T.);
#4950=EDGE_CURVE('',#3918,#3920,#2265,.T.);
#4951=EDGE_CURVE('',#3921,#3919,#2266,.T.);
#4952=EDGE_CURVE('',#3921,#3922,#2267,.T.);
#4953=EDGE_CURVE('',#3920,#3922,#2268,.T.);
#4954=EDGE_CURVE('',#3923,#3921,#287,.T.);
#4955=EDGE_CURVE('',#3923,#3924,#2269,.T.);
#4956=EDGE_CURVE('',#3922,#3924,#288,.T.);
#4957=EDGE_CURVE('',#3912,#3923,#289,.T.);
#4958=EDGE_CURVE('',#3924,#3914,#290,.T.);
#4959=EDGE_CURVE('',#3925,#3926,#291,.T.);
#4960=EDGE_CURVE('',#3925,#3927,#2270,.T.);
#4961=EDGE_CURVE('',#3928,#3927,#292,.T.);
#4962=EDGE_CURVE('',#3926,#3928,#2271,.T.);
#4963=EDGE_CURVE('',#3926,#3929,#2272,.T.);
#4964=EDGE_CURVE('',#3930,#3928,#2273,.T.);
#4965=EDGE_CURVE('',#3929,#3930,#2274,.T.);
#4966=EDGE_CURVE('',#3929,#3931,#2275,.T.);
#4967=EDGE_CURVE('',#3932,#3930,#2276,.T.);
#4968=EDGE_CURVE('',#3931,#3932,#2277,.T.);
#4969=EDGE_CURVE('',#3931,#3933,#2278,.T.);
#4970=EDGE_CURVE('',#3934,#3932,#2279,.T.);
#4971=EDGE_CURVE('',#3933,#3934,#2280,.T.);
#4972=EDGE_CURVE('',#3933,#3935,#2281,.T.);
#4973=EDGE_CURVE('',#3936,#3934,#2282,.T.);
#4974=EDGE_CURVE('',#3935,#3936,#2283,.T.);
#4975=EDGE_CURVE('',#3935,#3937,#2284,.T.);
#4976=EDGE_CURVE('',#3938,#3936,#2285,.T.);
#4977=EDGE_CURVE('',#3937,#3938,#2286,.T.);
#4978=EDGE_CURVE('',#3937,#3939,#293,.T.);
#4979=EDGE_CURVE('',#3940,#3938,#294,.T.);
#4980=EDGE_CURVE('',#3939,#3940,#2287,.T.);
#4981=EDGE_CURVE('',#3939,#3941,#295,.T.);
#4982=EDGE_CURVE('',#3942,#3940,#296,.T.);
#4983=EDGE_CURVE('',#3941,#3942,#2288,.T.);
#4984=EDGE_CURVE('',#3941,#3925,#297,.T.);
#4985=EDGE_CURVE('',#3927,#3942,#298,.T.);
#4986=EDGE_CURVE('',#3943,#3944,#2289,.T.);
#4987=EDGE_CURVE('',#3943,#3945,#2290,.T.);
#4988=EDGE_CURVE('',#3946,#3945,#2291,.T.);
#4989=EDGE_CURVE('',#3944,#3946,#2292,.T.);
#4990=EDGE_CURVE('',#3944,#3947,#2293,.T.);
#4991=EDGE_CURVE('',#3948,#3946,#2294,.T.);
#4992=EDGE_CURVE('',#3947,#3948,#2295,.T.);
#4993=EDGE_CURVE('',#3947,#3949,#2296,.T.);
#4994=EDGE_CURVE('',#3950,#3948,#2297,.T.);
#4995=EDGE_CURVE('',#3949,#3950,#2298,.T.);
#4996=EDGE_CURVE('',#3949,#3951,#2299,.T.);
#4997=EDGE_CURVE('',#3952,#3950,#2300,.T.);
#4998=EDGE_CURVE('',#3951,#3952,#2301,.T.);
#4999=EDGE_CURVE('',#3951,#3953,#2302,.T.);
#5000=EDGE_CURVE('',#3954,#3952,#2303,.T.);
#5001=EDGE_CURVE('',#3953,#3954,#2304,.T.);
#5002=EDGE_CURVE('',#3953,#3955,#2305,.T.);
#5003=EDGE_CURVE('',#3956,#3954,#2306,.T.);
#5004=EDGE_CURVE('',#3955,#3956,#2307,.T.);
#5005=EDGE_CURVE('',#3955,#3957,#2308,.T.);
#5006=EDGE_CURVE('',#3958,#3956,#2309,.T.);
#5007=EDGE_CURVE('',#3957,#3958,#2310,.T.);
#5008=EDGE_CURVE('',#3957,#3943,#2311,.T.);
#5009=EDGE_CURVE('',#3945,#3958,#2312,.T.);
#5010=EDGE_CURVE('',#3959,#3960,#2313,.T.);
#5011=EDGE_CURVE('',#3959,#3961,#2314,.T.);
#5012=EDGE_CURVE('',#3962,#3961,#2315,.T.);
#5013=EDGE_CURVE('',#3960,#3962,#2316,.T.);
#5014=EDGE_CURVE('',#3960,#3963,#2317,.T.);
#5015=EDGE_CURVE('',#3964,#3962,#2318,.T.);
#5016=EDGE_CURVE('',#3963,#3964,#2319,.T.);
#5017=EDGE_CURVE('',#3963,#3965,#299,.T.);
#5018=EDGE_CURVE('',#3966,#3964,#300,.T.);
#5019=EDGE_CURVE('',#3965,#3966,#2320,.T.);
#5020=EDGE_CURVE('',#3965,#3967,#301,.T.);
#5021=EDGE_CURVE('',#3968,#3966,#302,.T.);
#5022=EDGE_CURVE('',#3967,#3968,#2321,.T.);
#5023=EDGE_CURVE('',#3967,#3969,#303,.T.);
#5024=EDGE_CURVE('',#3970,#3968,#304,.T.);
#5025=EDGE_CURVE('',#3969,#3970,#2322,.T.);
#5026=EDGE_CURVE('',#3969,#3971,#305,.T.);
#5027=EDGE_CURVE('',#3972,#3970,#306,.T.);
#5028=EDGE_CURVE('',#3971,#3972,#2323,.T.);
#5029=EDGE_CURVE('',#3971,#3973,#307,.T.);
#5030=EDGE_CURVE('',#3974,#3972,#308,.T.);
#5031=EDGE_CURVE('',#3973,#3974,#2324,.T.);
#5032=EDGE_CURVE('',#3973,#3975,#309,.T.);
#5033=EDGE_CURVE('',#3976,#3974,#310,.T.);
#5034=EDGE_CURVE('',#3975,#3976,#2325,.T.);
#5035=EDGE_CURVE('',#3975,#3977,#311,.T.);
#5036=EDGE_CURVE('',#3978,#3976,#312,.T.);
#5037=EDGE_CURVE('',#3977,#3978,#2326,.T.);
#5038=EDGE_CURVE('',#3977,#3979,#313,.T.);
#5039=EDGE_CURVE('',#3980,#3978,#314,.T.);
#5040=EDGE_CURVE('',#3979,#3980,#2327,.T.);
#5041=EDGE_CURVE('',#3979,#3981,#2328,.T.);
#5042=EDGE_CURVE('',#3982,#3980,#2329,.T.);
#5043=EDGE_CURVE('',#3981,#3982,#2330,.T.);
#5044=EDGE_CURVE('',#3981,#3983,#2331,.T.);
#5045=EDGE_CURVE('',#3984,#3982,#2332,.T.);
#5046=EDGE_CURVE('',#3983,#3984,#2333,.T.);
#5047=EDGE_CURVE('',#3983,#3985,#315,.T.);
#5048=EDGE_CURVE('',#3986,#3984,#316,.T.);
#5049=EDGE_CURVE('',#3985,#3986,#2334,.T.);
#5050=EDGE_CURVE('',#3985,#3987,#317,.T.);
#5051=EDGE_CURVE('',#3988,#3986,#318,.T.);
#5052=EDGE_CURVE('',#3987,#3988,#2335,.T.);
#5053=EDGE_CURVE('',#3987,#3989,#319,.T.);
#5054=EDGE_CURVE('',#3990,#3988,#320,.T.);
#5055=EDGE_CURVE('',#3989,#3990,#2336,.T.);
#5056=EDGE_CURVE('',#3989,#3991,#321,.T.);
#5057=EDGE_CURVE('',#3992,#3990,#322,.T.);
#5058=EDGE_CURVE('',#3991,#3992,#2337,.T.);
#5059=EDGE_CURVE('',#3991,#3993,#323,.T.);
#5060=EDGE_CURVE('',#3994,#3992,#324,.T.);
#5061=EDGE_CURVE('',#3993,#3994,#2338,.T.);
#5062=EDGE_CURVE('',#3993,#3995,#325,.T.);
#5063=EDGE_CURVE('',#3996,#3994,#326,.T.);
#5064=EDGE_CURVE('',#3995,#3996,#2339,.T.);
#5065=EDGE_CURVE('',#3995,#3997,#327,.T.);
#5066=EDGE_CURVE('',#3998,#3996,#328,.T.);
#5067=EDGE_CURVE('',#3997,#3998,#2340,.T.);
#5068=EDGE_CURVE('',#3997,#3959,#329,.T.);
#5069=EDGE_CURVE('',#3961,#3998,#330,.T.);
#5070=EDGE_CURVE('',#3999,#4000,#2341,.T.);
#5071=EDGE_CURVE('',#3999,#4001,#2342,.T.);
#5072=EDGE_CURVE('',#4002,#4001,#2343,.T.);
#5073=EDGE_CURVE('',#4000,#4002,#2344,.T.);
#5074=EDGE_CURVE('',#4000,#4003,#2345,.T.);
#5075=EDGE_CURVE('',#4004,#4002,#2346,.T.);
#5076=EDGE_CURVE('',#4003,#4004,#2347,.T.);
#5077=EDGE_CURVE('',#4003,#4005,#2348,.T.);
#5078=EDGE_CURVE('',#4006,#4004,#2349,.T.);
#5079=EDGE_CURVE('',#4005,#4006,#2350,.T.);
#5080=EDGE_CURVE('',#4005,#4007,#2351,.T.);
#5081=EDGE_CURVE('',#4008,#4006,#2352,.T.);
#5082=EDGE_CURVE('',#4007,#4008,#2353,.T.);
#5083=EDGE_CURVE('',#4007,#4009,#2354,.T.);
#5084=EDGE_CURVE('',#4010,#4008,#2355,.T.);
#5085=EDGE_CURVE('',#4009,#4010,#2356,.T.);
#5086=EDGE_CURVE('',#4009,#4011,#2357,.T.);
#5087=EDGE_CURVE('',#4012,#4010,#2358,.T.);
#5088=EDGE_CURVE('',#4011,#4012,#2359,.T.);
#5089=EDGE_CURVE('',#4011,#4013,#2360,.T.);
#5090=EDGE_CURVE('',#4014,#4012,#2361,.T.);
#5091=EDGE_CURVE('',#4013,#4014,#2362,.T.);
#5092=EDGE_CURVE('',#4013,#4015,#2363,.T.);
#5093=EDGE_CURVE('',#4016,#4014,#2364,.T.);
#5094=EDGE_CURVE('',#4015,#4016,#2365,.T.);
#5095=EDGE_CURVE('',#4015,#4017,#2366,.T.);
#5096=EDGE_CURVE('',#4018,#4016,#2367,.T.);
#5097=EDGE_CURVE('',#4017,#4018,#2368,.T.);
#5098=EDGE_CURVE('',#4017,#4019,#2369,.T.);
#5099=EDGE_CURVE('',#4020,#4018,#2370,.T.);
#5100=EDGE_CURVE('',#4019,#4020,#2371,.T.);
#5101=EDGE_CURVE('',#4019,#4021,#2372,.T.);
#5102=EDGE_CURVE('',#4022,#4020,#2373,.T.);
#5103=EDGE_CURVE('',#4021,#4022,#2374,.T.);
#5104=EDGE_CURVE('',#4021,#3999,#2375,.T.);
#5105=EDGE_CURVE('',#4001,#4022,#2376,.T.);
#5106=EDGE_CURVE('',#4023,#4024,#331,.T.);
#5107=EDGE_CURVE('',#4023,#4025,#2377,.T.);
#5108=EDGE_CURVE('',#4026,#4025,#332,.T.);
#5109=EDGE_CURVE('',#4024,#4026,#2378,.T.);
#5110=EDGE_CURVE('',#4027,#4023,#333,.T.);
#5111=EDGE_CURVE('',#4027,#4028,#2379,.T.);
#5112=EDGE_CURVE('',#4025,#4028,#334,.T.);
#5113=EDGE_CURVE('',#4029,#4027,#335,.T.);
#5114=EDGE_CURVE('',#4029,#4030,#2380,.T.);
#5115=EDGE_CURVE('',#4028,#4030,#336,.T.);
#5116=EDGE_CURVE('',#4031,#4029,#337,.T.);
#5117=EDGE_CURVE('',#4031,#4032,#2381,.T.);
#5118=EDGE_CURVE('',#4030,#4032,#338,.T.);
#5119=EDGE_CURVE('',#4033,#4031,#339,.T.);
#5120=EDGE_CURVE('',#4033,#4034,#2382,.T.);
#5121=EDGE_CURVE('',#4032,#4034,#340,.T.);
#5122=EDGE_CURVE('',#4024,#4033,#341,.T.);
#5123=EDGE_CURVE('',#4034,#4026,#342,.T.);
#5124=EDGE_CURVE('',#4035,#4036,#343,.T.);
#5125=EDGE_CURVE('',#4035,#4037,#2383,.T.);
#5126=EDGE_CURVE('',#4038,#4037,#344,.T.);
#5127=EDGE_CURVE('',#4036,#4038,#2384,.T.);
#5128=EDGE_CURVE('',#4036,#4039,#345,.T.);
#5129=EDGE_CURVE('',#4040,#4038,#346,.T.);
#5130=EDGE_CURVE('',#4039,#4040,#2385,.T.);
#5131=EDGE_CURVE('',#4039,#4041,#347,.T.);
#5132=EDGE_CURVE('',#4042,#4040,#348,.T.);
#5133=EDGE_CURVE('',#4041,#4042,#2386,.T.);
#5134=EDGE_CURVE('',#4041,#4043,#349,.T.);
#5135=EDGE_CURVE('',#4044,#4042,#350,.T.);
#5136=EDGE_CURVE('',#4043,#4044,#2387,.T.);
#5137=EDGE_CURVE('',#4043,#4045,#351,.T.);
#5138=EDGE_CURVE('',#4046,#4044,#352,.T.);
#5139=EDGE_CURVE('',#4045,#4046,#2388,.T.);
#5140=EDGE_CURVE('',#4045,#4047,#353,.T.);
#5141=EDGE_CURVE('',#4048,#4046,#354,.T.);
#5142=EDGE_CURVE('',#4047,#4048,#2389,.T.);
#5143=EDGE_CURVE('',#4047,#4049,#355,.T.);
#5144=EDGE_CURVE('',#4050,#4048,#356,.T.);
#5145=EDGE_CURVE('',#4049,#4050,#2390,.T.);
#5146=EDGE_CURVE('',#4049,#4035,#357,.T.);
#5147=EDGE_CURVE('',#4037,#4050,#358,.T.);
#5148=EDGE_CURVE('',#4051,#4052,#2391,.T.);
#5149=EDGE_CURVE('',#4051,#4053,#2392,.T.);
#5150=EDGE_CURVE('',#4054,#4053,#2393,.T.);
#5151=EDGE_CURVE('',#4052,#4054,#2394,.T.);
#5152=EDGE_CURVE('',#4052,#4055,#2395,.T.);
#5153=EDGE_CURVE('',#4056,#4054,#2396,.T.);
#5154=EDGE_CURVE('',#4055,#4056,#2397,.T.);
#5155=EDGE_CURVE('',#4055,#4057,#2398,.T.);
#5156=EDGE_CURVE('',#4058,#4056,#2399,.T.);
#5157=EDGE_CURVE('',#4057,#4058,#2400,.T.);
#5158=EDGE_CURVE('',#4057,#4059,#2401,.T.);
#5159=EDGE_CURVE('',#4060,#4058,#2402,.T.);
#5160=EDGE_CURVE('',#4059,#4060,#2403,.T.);
#5161=EDGE_CURVE('',#4059,#4061,#2404,.T.);
#5162=EDGE_CURVE('',#4062,#4060,#2405,.T.);
#5163=EDGE_CURVE('',#4061,#4062,#2406,.T.);
#5164=EDGE_CURVE('',#4061,#4063,#2407,.T.);
#5165=EDGE_CURVE('',#4064,#4062,#2408,.T.);
#5166=EDGE_CURVE('',#4063,#4064,#2409,.T.);
#5167=EDGE_CURVE('',#4063,#4065,#2410,.T.);
#5168=EDGE_CURVE('',#4066,#4064,#2411,.T.);
#5169=EDGE_CURVE('',#4065,#4066,#2412,.T.);
#5170=EDGE_CURVE('',#4065,#4051,#2413,.T.);
#5171=EDGE_CURVE('',#4053,#4066,#2414,.T.);
#5172=EDGE_CURVE('',#4067,#4068,#359,.T.);
#5173=EDGE_CURVE('',#4067,#4069,#2415,.T.);
#5174=EDGE_CURVE('',#4070,#4069,#360,.T.);
#5175=EDGE_CURVE('',#4068,#4070,#2416,.T.);
#5176=EDGE_CURVE('',#4071,#4067,#361,.T.);
#5177=EDGE_CURVE('',#4071,#4072,#2417,.T.);
#5178=EDGE_CURVE('',#4069,#4072,#362,.T.);
#5179=EDGE_CURVE('',#4073,#4071,#363,.T.);
#5180=EDGE_CURVE('',#4073,#4074,#2418,.T.);
#5181=EDGE_CURVE('',#4072,#4074,#364,.T.);
#5182=EDGE_CURVE('',#4075,#4073,#365,.T.);
#5183=EDGE_CURVE('',#4075,#4076,#2419,.T.);
#5184=EDGE_CURVE('',#4074,#4076,#366,.T.);
#5185=EDGE_CURVE('',#4068,#4075,#367,.T.);
#5186=EDGE_CURVE('',#4076,#4070,#368,.T.);
#5187=EDGE_CURVE('',#4077,#4078,#369,.T.);
#5188=EDGE_CURVE('',#4077,#4079,#2420,.T.);
#5189=EDGE_CURVE('',#4080,#4079,#370,.T.);
#5190=EDGE_CURVE('',#4078,#4080,#2421,.T.);
#5191=EDGE_CURVE('',#4081,#4077,#371,.T.);
#5192=EDGE_CURVE('',#4081,#4082,#2422,.T.);
#5193=EDGE_CURVE('',#4079,#4082,#372,.T.);
#5194=EDGE_CURVE('',#4083,#4081,#373,.T.);
#5195=EDGE_CURVE('',#4083,#4084,#2423,.T.);
#5196=EDGE_CURVE('',#4082,#4084,#374,.T.);
#5197=EDGE_CURVE('',#4085,#4083,#375,.T.);
#5198=EDGE_CURVE('',#4085,#4086,#2424,.T.);
#5199=EDGE_CURVE('',#4084,#4086,#376,.T.);
#5200=EDGE_CURVE('',#4078,#4085,#377,.T.);
#5201=EDGE_CURVE('',#4086,#4080,#378,.T.);
#5202=EDGE_CURVE('',#4087,#4088,#379,.T.);
#5203=EDGE_CURVE('',#4087,#4089,#2425,.T.);
#5204=EDGE_CURVE('',#4090,#4089,#380,.T.);
#5205=EDGE_CURVE('',#4088,#4090,#2426,.T.);
#5206=EDGE_CURVE('',#4088,#4091,#381,.T.);
#5207=EDGE_CURVE('',#4092,#4090,#382,.T.);
#5208=EDGE_CURVE('',#4091,#4092,#2427,.T.);
#5209=EDGE_CURVE('',#4091,#4093,#2428,.T.);
#5210=EDGE_CURVE('',#4094,#4092,#2429,.T.);
#5211=EDGE_CURVE('',#4093,#4094,#2430,.T.);
#5212=EDGE_CURVE('',#4093,#4095,#383,.T.);
#5213=EDGE_CURVE('',#4096,#4094,#384,.T.);
#5214=EDGE_CURVE('',#4095,#4096,#2431,.T.);
#5215=EDGE_CURVE('',#4095,#4097,#385,.T.);
#5216=EDGE_CURVE('',#4098,#4096,#386,.T.);
#5217=EDGE_CURVE('',#4097,#4098,#2432,.T.);
#5218=EDGE_CURVE('',#4097,#4099,#387,.T.);
#5219=EDGE_CURVE('',#4100,#4098,#388,.T.);
#5220=EDGE_CURVE('',#4099,#4100,#2433,.T.);
#5221=EDGE_CURVE('',#4099,#4101,#389,.T.);
#5222=EDGE_CURVE('',#4102,#4100,#390,.T.);
#5223=EDGE_CURVE('',#4101,#4102,#2434,.T.);
#5224=EDGE_CURVE('',#4101,#4103,#2435,.T.);
#5225=EDGE_CURVE('',#4104,#4102,#2436,.T.);
#5226=EDGE_CURVE('',#4103,#4104,#2437,.T.);
#5227=EDGE_CURVE('',#4103,#4105,#391,.T.);
#5228=EDGE_CURVE('',#4106,#4104,#392,.T.);
#5229=EDGE_CURVE('',#4105,#4106,#2438,.T.);
#5230=EDGE_CURVE('',#4105,#4107,#393,.T.);
#5231=EDGE_CURVE('',#4108,#4106,#394,.T.);
#5232=EDGE_CURVE('',#4107,#4108,#2439,.T.);
#5233=EDGE_CURVE('',#4107,#4087,#395,.T.);
#5234=EDGE_CURVE('',#4089,#4108,#396,.T.);
#5235=EDGE_CURVE('',#4109,#4110,#397,.T.);
#5236=EDGE_CURVE('',#4109,#4111,#2440,.T.);
#5237=EDGE_CURVE('',#4112,#4111,#398,.T.);
#5238=EDGE_CURVE('',#4110,#4112,#2441,.T.);
#5239=EDGE_CURVE('',#4113,#4109,#399,.T.);
#5240=EDGE_CURVE('',#4113,#4114,#2442,.T.);
#5241=EDGE_CURVE('',#4111,#4114,#400,.T.);
#5242=EDGE_CURVE('',#4115,#4113,#2443,.T.);
#5243=EDGE_CURVE('',#4115,#4116,#2444,.T.);
#5244=EDGE_CURVE('',#4114,#4116,#2445,.T.);
#5245=EDGE_CURVE('',#4117,#4115,#2446,.T.);
#5246=EDGE_CURVE('',#4117,#4118,#2447,.T.);
#5247=EDGE_CURVE('',#4116,#4118,#2448,.T.);
#5248=EDGE_CURVE('',#4119,#4117,#2449,.T.);
#5249=EDGE_CURVE('',#4119,#4120,#2450,.T.);
#5250=EDGE_CURVE('',#4118,#4120,#2451,.T.);
#5251=EDGE_CURVE('',#4121,#4119,#401,.T.);
#5252=EDGE_CURVE('',#4121,#4122,#2452,.T.);
#5253=EDGE_CURVE('',#4120,#4122,#402,.T.);
#5254=EDGE_CURVE('',#4110,#4121,#403,.T.);
#5255=EDGE_CURVE('',#4122,#4112,#404,.T.);
#5256=EDGE_CURVE('',#4123,#4124,#405,.T.);
#5257=EDGE_CURVE('',#4123,#4125,#2453,.T.);
#5258=EDGE_CURVE('',#4126,#4125,#406,.T.);
#5259=EDGE_CURVE('',#4124,#4126,#2454,.T.);
#5260=EDGE_CURVE('',#4127,#4123,#407,.T.);
#5261=EDGE_CURVE('',#4127,#4128,#2455,.T.);
#5262=EDGE_CURVE('',#4125,#4128,#408,.T.);
#5263=EDGE_CURVE('',#4129,#4127,#2456,.T.);
#5264=EDGE_CURVE('',#4129,#4130,#2457,.T.);
#5265=EDGE_CURVE('',#4128,#4130,#2458,.T.);
#5266=EDGE_CURVE('',#4131,#4129,#2459,.T.);
#5267=EDGE_CURVE('',#4131,#4132,#2460,.T.);
#5268=EDGE_CURVE('',#4130,#4132,#2461,.T.);
#5269=EDGE_CURVE('',#4133,#4131,#2462,.T.);
#5270=EDGE_CURVE('',#4133,#4134,#2463,.T.);
#5271=EDGE_CURVE('',#4132,#4134,#2464,.T.);
#5272=EDGE_CURVE('',#4135,#4133,#409,.T.);
#5273=EDGE_CURVE('',#4135,#4136,#2465,.T.);
#5274=EDGE_CURVE('',#4134,#4136,#410,.T.);
#5275=EDGE_CURVE('',#4124,#4135,#411,.T.);
#5276=EDGE_CURVE('',#4136,#4126,#412,.T.);
#5277=EDGE_CURVE('',#4137,#4138,#413,.T.);
#5278=EDGE_CURVE('',#4137,#4139,#2466,.T.);
#5279=EDGE_CURVE('',#4140,#4139,#414,.T.);
#5280=EDGE_CURVE('',#4138,#4140,#2467,.T.);
#5281=EDGE_CURVE('',#4138,#4141,#2468,.T.);
#5282=EDGE_CURVE('',#4142,#4140,#2469,.T.);
#5283=EDGE_CURVE('',#4141,#4142,#2470,.T.);
#5284=EDGE_CURVE('',#4141,#4143,#2471,.T.);
#5285=EDGE_CURVE('',#4144,#4142,#2472,.T.);
#5286=EDGE_CURVE('',#4143,#4144,#2473,.T.);
#5287=EDGE_CURVE('',#4143,#4145,#2474,.T.);
#5288=EDGE_CURVE('',#4146,#4144,#2475,.T.);
#5289=EDGE_CURVE('',#4145,#4146,#2476,.T.);
#5290=EDGE_CURVE('',#4145,#4147,#415,.T.);
#5291=EDGE_CURVE('',#4148,#4146,#416,.T.);
#5292=EDGE_CURVE('',#4147,#4148,#2477,.T.);
#5293=EDGE_CURVE('',#4147,#4149,#417,.T.);
#5294=EDGE_CURVE('',#4150,#4148,#418,.T.);
#5295=EDGE_CURVE('',#4149,#4150,#2478,.T.);
#5296=EDGE_CURVE('',#4149,#4151,#419,.T.);
#5297=EDGE_CURVE('',#4152,#4150,#420,.T.);
#5298=EDGE_CURVE('',#4151,#4152,#2479,.T.);
#5299=EDGE_CURVE('',#4151,#4153,#2480,.T.);
#5300=EDGE_CURVE('',#4154,#4152,#2481,.T.);
#5301=EDGE_CURVE('',#4153,#4154,#2482,.T.);
#5302=EDGE_CURVE('',#4153,#4155,#421,.T.);
#5303=EDGE_CURVE('',#4156,#4154,#422,.T.);
#5304=EDGE_CURVE('',#4155,#4156,#2483,.T.);
#5305=EDGE_CURVE('',#4155,#4137,#423,.T.);
#5306=EDGE_CURVE('',#4139,#4156,#424,.T.);
#5307=EDGE_CURVE('',#4157,#4158,#425,.T.);
#5308=EDGE_CURVE('',#4157,#4159,#2484,.T.);
#5309=EDGE_CURVE('',#4160,#4159,#426,.T.);
#5310=EDGE_CURVE('',#4158,#4160,#2485,.T.);
#5311=EDGE_CURVE('',#4158,#4161,#2486,.T.);
#5312=EDGE_CURVE('',#4162,#4160,#2487,.T.);
#5313=EDGE_CURVE('',#4161,#4162,#2488,.T.);
#5314=EDGE_CURVE('',#4161,#4163,#2489,.T.);
#5315=EDGE_CURVE('',#4164,#4162,#2490,.T.);
#5316=EDGE_CURVE('',#4163,#4164,#2491,.T.);
#5317=EDGE_CURVE('',#4163,#4165,#427,.T.);
#5318=EDGE_CURVE('',#4166,#4164,#428,.T.);
#5319=EDGE_CURVE('',#4165,#4166,#2492,.T.);
#5320=EDGE_CURVE('',#4165,#4167,#429,.T.);
#5321=EDGE_CURVE('',#4168,#4166,#430,.T.);
#5322=EDGE_CURVE('',#4167,#4168,#2493,.T.);
#5323=EDGE_CURVE('',#4167,#4169,#431,.T.);
#5324=EDGE_CURVE('',#4170,#4168,#432,.T.);
#5325=EDGE_CURVE('',#4169,#4170,#2494,.T.);
#5326=EDGE_CURVE('',#4169,#4171,#2495,.T.);
#5327=EDGE_CURVE('',#4172,#4170,#2496,.T.);
#5328=EDGE_CURVE('',#4171,#4172,#2497,.T.);
#5329=EDGE_CURVE('',#4171,#4173,#2498,.T.);
#5330=EDGE_CURVE('',#4174,#4172,#2499,.T.);
#5331=EDGE_CURVE('',#4173,#4174,#2500,.T.);
#5332=EDGE_CURVE('',#4173,#4175,#2501,.T.);
#5333=EDGE_CURVE('',#4176,#4174,#2502,.T.);
#5334=EDGE_CURVE('',#4175,#4176,#2503,.T.);
#5335=EDGE_CURVE('',#4175,#4177,#2504,.T.);
#5336=EDGE_CURVE('',#4178,#4176,#2505,.T.);
#5337=EDGE_CURVE('',#4177,#4178,#2506,.T.);
#5338=EDGE_CURVE('',#4177,#4179,#2507,.T.);
#5339=EDGE_CURVE('',#4180,#4178,#2508,.T.);
#5340=EDGE_CURVE('',#4179,#4180,#2509,.T.);
#5341=EDGE_CURVE('',#4179,#4157,#433,.T.);
#5342=EDGE_CURVE('',#4159,#4180,#434,.T.);
#5343=EDGE_CURVE('',#4181,#4182,#435,.T.);
#5344=EDGE_CURVE('',#4181,#4183,#2510,.T.);
#5345=EDGE_CURVE('',#4184,#4183,#436,.T.);
#5346=EDGE_CURVE('',#4182,#4184,#2511,.T.);
#5347=EDGE_CURVE('',#4182,#4185,#437,.T.);
#5348=EDGE_CURVE('',#4186,#4184,#438,.T.);
#5349=EDGE_CURVE('',#4185,#4186,#2512,.T.);
#5350=EDGE_CURVE('',#4185,#4187,#2513,.T.);
#5351=EDGE_CURVE('',#4188,#4186,#2514,.T.);
#5352=EDGE_CURVE('',#4187,#4188,#2515,.T.);
#5353=EDGE_CURVE('',#4187,#4189,#2516,.T.);
#5354=EDGE_CURVE('',#4190,#4188,#2517,.T.);
#5355=EDGE_CURVE('',#4189,#4190,#2518,.T.);
#5356=EDGE_CURVE('',#4189,#4191,#439,.T.);
#5357=EDGE_CURVE('',#4192,#4190,#440,.T.);
#5358=EDGE_CURVE('',#4191,#4192,#2519,.T.);
#5359=EDGE_CURVE('',#4191,#4193,#441,.T.);
#5360=EDGE_CURVE('',#4194,#4192,#442,.T.);
#5361=EDGE_CURVE('',#4193,#4194,#2520,.T.);
#5362=EDGE_CURVE('',#4193,#4195,#443,.T.);
#5363=EDGE_CURVE('',#4196,#4194,#444,.T.);
#5364=EDGE_CURVE('',#4195,#4196,#2521,.T.);
#5365=EDGE_CURVE('',#4195,#4197,#445,.T.);
#5366=EDGE_CURVE('',#4198,#4196,#446,.T.);
#5367=EDGE_CURVE('',#4197,#4198,#2522,.T.);
#5368=EDGE_CURVE('',#4197,#4199,#447,.T.);
#5369=EDGE_CURVE('',#4200,#4198,#448,.T.);
#5370=EDGE_CURVE('',#4199,#4200,#2523,.T.);
#5371=EDGE_CURVE('',#4199,#4201,#449,.T.);
#5372=EDGE_CURVE('',#4202,#4200,#450,.T.);
#5373=EDGE_CURVE('',#4201,#4202,#2524,.T.);
#5374=EDGE_CURVE('',#4201,#4203,#451,.T.);
#5375=EDGE_CURVE('',#4204,#4202,#452,.T.);
#5376=EDGE_CURVE('',#4203,#4204,#2525,.T.);
#5377=EDGE_CURVE('',#4203,#4205,#2526,.T.);
#5378=EDGE_CURVE('',#4206,#4204,#2527,.T.);
#5379=EDGE_CURVE('',#4205,#4206,#2528,.T.);
#5380=EDGE_CURVE('',#4205,#4207,#2529,.T.);
#5381=EDGE_CURVE('',#4208,#4206,#2530,.T.);
#5382=EDGE_CURVE('',#4207,#4208,#2531,.T.);
#5383=EDGE_CURVE('',#4207,#4209,#2532,.T.);
#5384=EDGE_CURVE('',#4210,#4208,#2533,.T.);
#5385=EDGE_CURVE('',#4209,#4210,#2534,.T.);
#5386=EDGE_CURVE('',#4209,#4211,#2535,.T.);
#5387=EDGE_CURVE('',#4212,#4210,#2536,.T.);
#5388=EDGE_CURVE('',#4211,#4212,#2537,.T.);
#5389=EDGE_CURVE('',#4211,#4213,#2538,.T.);
#5390=EDGE_CURVE('',#4214,#4212,#2539,.T.);
#5391=EDGE_CURVE('',#4213,#4214,#2540,.T.);
#5392=EDGE_CURVE('',#4213,#4215,#453,.T.);
#5393=EDGE_CURVE('',#4216,#4214,#454,.T.);
#5394=EDGE_CURVE('',#4215,#4216,#2541,.T.);
#5395=EDGE_CURVE('',#4215,#4217,#455,.T.);
#5396=EDGE_CURVE('',#4218,#4216,#456,.T.);
#5397=EDGE_CURVE('',#4217,#4218,#2542,.T.);
#5398=EDGE_CURVE('',#4217,#4219,#457,.T.);
#5399=EDGE_CURVE('',#4220,#4218,#458,.T.);
#5400=EDGE_CURVE('',#4219,#4220,#2543,.T.);
#5401=EDGE_CURVE('',#4219,#4181,#459,.T.);
#5402=EDGE_CURVE('',#4183,#4220,#460,.T.);
#5403=EDGE_CURVE('',#4221,#4222,#461,.T.);
#5404=EDGE_CURVE('',#4221,#4223,#2544,.T.);
#5405=EDGE_CURVE('',#4224,#4223,#462,.T.);
#5406=EDGE_CURVE('',#4222,#4224,#2545,.T.);
#5407=EDGE_CURVE('',#4225,#4221,#463,.T.);
#5408=EDGE_CURVE('',#4225,#4226,#2546,.T.);
#5409=EDGE_CURVE('',#4223,#4226,#464,.T.);
#5410=EDGE_CURVE('',#4227,#4225,#2547,.T.);
#5411=EDGE_CURVE('',#4227,#4228,#2548,.T.);
#5412=EDGE_CURVE('',#4226,#4228,#2549,.T.);
#5413=EDGE_CURVE('',#4229,#4227,#2550,.T.);
#5414=EDGE_CURVE('',#4229,#4230,#2551,.T.);
#5415=EDGE_CURVE('',#4228,#4230,#2552,.T.);
#5416=EDGE_CURVE('',#4231,#4229,#2553,.T.);
#5417=EDGE_CURVE('',#4231,#4232,#2554,.T.);
#5418=EDGE_CURVE('',#4230,#4232,#2555,.T.);
#5419=EDGE_CURVE('',#4233,#4231,#465,.T.);
#5420=EDGE_CURVE('',#4233,#4234,#2556,.T.);
#5421=EDGE_CURVE('',#4232,#4234,#466,.T.);
#5422=EDGE_CURVE('',#4222,#4233,#467,.T.);
#5423=EDGE_CURVE('',#4234,#4224,#468,.T.);
#5424=EDGE_CURVE('',#4235,#4236,#469,.T.);
#5425=EDGE_CURVE('',#4235,#4237,#2557,.T.);
#5426=EDGE_CURVE('',#4238,#4237,#470,.T.);
#5427=EDGE_CURVE('',#4236,#4238,#2558,.T.);
#5428=EDGE_CURVE('',#4236,#4239,#2559,.T.);
#5429=EDGE_CURVE('',#4240,#4238,#2560,.T.);
#5430=EDGE_CURVE('',#4239,#4240,#2561,.T.);
#5431=EDGE_CURVE('',#4239,#4241,#2562,.T.);
#5432=EDGE_CURVE('',#4242,#4240,#2563,.T.);
#5433=EDGE_CURVE('',#4241,#4242,#2564,.T.);
#5434=EDGE_CURVE('',#4241,#4243,#2565,.T.);
#5435=EDGE_CURVE('',#4244,#4242,#2566,.T.);
#5436=EDGE_CURVE('',#4243,#4244,#2567,.T.);
#5437=EDGE_CURVE('',#4243,#4245,#471,.T.);
#5438=EDGE_CURVE('',#4246,#4244,#472,.T.);
#5439=EDGE_CURVE('',#4245,#4246,#2568,.T.);
#5440=EDGE_CURVE('',#4245,#4247,#473,.T.);
#5441=EDGE_CURVE('',#4248,#4246,#474,.T.);
#5442=EDGE_CURVE('',#4247,#4248,#2569,.T.);
#5443=EDGE_CURVE('',#4247,#4235,#475,.T.);
#5444=EDGE_CURVE('',#4237,#4248,#476,.T.);
#5445=EDGE_CURVE('',#4249,#4250,#477,.T.);
#5446=EDGE_CURVE('',#4249,#4251,#2570,.T.);
#5447=EDGE_CURVE('',#4252,#4251,#478,.T.);
#5448=EDGE_CURVE('',#4250,#4252,#2571,.T.);
#5449=EDGE_CURVE('',#4250,#4253,#479,.T.);
#5450=EDGE_CURVE('',#4254,#4252,#480,.T.);
#5451=EDGE_CURVE('',#4253,#4254,#2572,.T.);
#5452=EDGE_CURVE('',#4253,#4255,#481,.T.);
#5453=EDGE_CURVE('',#4256,#4254,#482,.T.);
#5454=EDGE_CURVE('',#4255,#4256,#2573,.T.);
#5455=EDGE_CURVE('',#4255,#4257,#483,.T.);
#5456=EDGE_CURVE('',#4258,#4256,#484,.T.);
#5457=EDGE_CURVE('',#4257,#4258,#2574,.T.);
#5458=EDGE_CURVE('',#4257,#4259,#485,.T.);
#5459=EDGE_CURVE('',#4260,#4258,#486,.T.);
#5460=EDGE_CURVE('',#4259,#4260,#2575,.T.);
#5461=EDGE_CURVE('',#4259,#4261,#2576,.T.);
#5462=EDGE_CURVE('',#4262,#4260,#2577,.T.);
#5463=EDGE_CURVE('',#4261,#4262,#2578,.T.);
#5464=EDGE_CURVE('',#4261,#4263,#2579,.T.);
#5465=EDGE_CURVE('',#4264,#4262,#2580,.T.);
#5466=EDGE_CURVE('',#4263,#4264,#2581,.T.);
#5467=EDGE_CURVE('',#4263,#4265,#487,.T.);
#5468=EDGE_CURVE('',#4266,#4264,#488,.T.);
#5469=EDGE_CURVE('',#4265,#4266,#2582,.T.);
#5470=EDGE_CURVE('',#4265,#4267,#489,.T.);
#5471=EDGE_CURVE('',#4268,#4266,#490,.T.);
#5472=EDGE_CURVE('',#4267,#4268,#2583,.T.);
#5473=EDGE_CURVE('',#4267,#4269,#491,.T.);
#5474=EDGE_CURVE('',#4270,#4268,#492,.T.);
#5475=EDGE_CURVE('',#4269,#4270,#2584,.T.);
#5476=EDGE_CURVE('',#4269,#4271,#493,.T.);
#5477=EDGE_CURVE('',#4272,#4270,#494,.T.);
#5478=EDGE_CURVE('',#4271,#4272,#2585,.T.);
#5479=EDGE_CURVE('',#4271,#4273,#495,.T.);
#5480=EDGE_CURVE('',#4274,#4272,#496,.T.);
#5481=EDGE_CURVE('',#4273,#4274,#2586,.T.);
#5482=EDGE_CURVE('',#4273,#4275,#497,.T.);
#5483=EDGE_CURVE('',#4276,#4274,#498,.T.);
#5484=EDGE_CURVE('',#4275,#4276,#2587,.T.);
#5485=EDGE_CURVE('',#4275,#4277,#499,.T.);
#5486=EDGE_CURVE('',#4278,#4276,#500,.T.);
#5487=EDGE_CURVE('',#4277,#4278,#2588,.T.);
#5488=EDGE_CURVE('',#4277,#4279,#501,.T.);
#5489=EDGE_CURVE('',#4280,#4278,#502,.T.);
#5490=EDGE_CURVE('',#4279,#4280,#2589,.T.);
#5491=EDGE_CURVE('',#4279,#4281,#2590,.T.);
#5492=EDGE_CURVE('',#4282,#4280,#2591,.T.);
#5493=EDGE_CURVE('',#4281,#4282,#2592,.T.);
#5494=EDGE_CURVE('',#4281,#4283,#2593,.T.);
#5495=EDGE_CURVE('',#4284,#4282,#2594,.T.);
#5496=EDGE_CURVE('',#4283,#4284,#2595,.T.);
#5497=EDGE_CURVE('',#4283,#4285,#503,.T.);
#5498=EDGE_CURVE('',#4286,#4284,#504,.T.);
#5499=EDGE_CURVE('',#4285,#4286,#2596,.T.);
#5500=EDGE_CURVE('',#4285,#4287,#505,.T.);
#5501=EDGE_CURVE('',#4288,#4286,#506,.T.);
#5502=EDGE_CURVE('',#4287,#4288,#2597,.T.);
#5503=EDGE_CURVE('',#4287,#4249,#507,.T.);
#5504=EDGE_CURVE('',#4251,#4288,#508,.T.);
#5505=EDGE_CURVE('',#4289,#4289,#3484,.T.);
#5506=EDGE_CURVE('',#4289,#4290,#2598,.T.);
#5507=EDGE_CURVE('',#4290,#4290,#3485,.T.);
#5508=ORIENTED_EDGE('',*,*,#4291,.F.);
#5509=ORIENTED_EDGE('',*,*,#4292,.F.);
#5510=ORIENTED_EDGE('',*,*,#4293,.F.);
#5511=ORIENTED_EDGE('',*,*,#4294,.T.);
#5512=ORIENTED_EDGE('',*,*,#4295,.F.);
#5513=ORIENTED_EDGE('',*,*,#4294,.F.);
#5514=ORIENTED_EDGE('',*,*,#4296,.F.);
#5515=ORIENTED_EDGE('',*,*,#4297,.F.);
#5516=ORIENTED_EDGE('',*,*,#4298,.F.);
#5517=ORIENTED_EDGE('',*,*,#4299,.F.);
#5518=ORIENTED_EDGE('',*,*,#4300,.F.);
#5519=ORIENTED_EDGE('',*,*,#4301,.T.);
#5520=ORIENTED_EDGE('',*,*,#4302,.F.);
#5521=ORIENTED_EDGE('',*,*,#4301,.F.);
#5522=ORIENTED_EDGE('',*,*,#4303,.F.);
#5523=ORIENTED_EDGE('',*,*,#4304,.F.);
#5524=ORIENTED_EDGE('',*,*,#4297,.T.);
#5525=ORIENTED_EDGE('',*,*,#4305,.T.);
#5526=ORIENTED_EDGE('',*,*,#4306,.F.);
#5527=ORIENTED_EDGE('',*,*,#4307,.T.);
#5528=ORIENTED_EDGE('',*,*,#4292,.T.);
#5529=ORIENTED_EDGE('',*,*,#4308,.F.);
#5530=ORIENTED_EDGE('',*,*,#4309,.F.);
#5531=ORIENTED_EDGE('',*,*,#4310,.F.);
#5532=ORIENTED_EDGE('',*,*,#4304,.T.);
#5533=ORIENTED_EDGE('',*,*,#4311,.F.);
#5534=ORIENTED_EDGE('',*,*,#4312,.T.);
#5535=ORIENTED_EDGE('',*,*,#4313,.F.);
#5536=ORIENTED_EDGE('',*,*,#4314,.F.);
#5537=ORIENTED_EDGE('',*,*,#4312,.F.);
#5538=ORIENTED_EDGE('',*,*,#4315,.F.);
#5539=ORIENTED_EDGE('',*,*,#4309,.T.);
#5540=ORIENTED_EDGE('',*,*,#4316,.F.);
#5541=ORIENTED_EDGE('',*,*,#4317,.F.);
#5542=ORIENTED_EDGE('',*,*,#4318,.F.);
#5543=ORIENTED_EDGE('',*,*,#4319,.T.);
#5544=ORIENTED_EDGE('',*,*,#4320,.F.);
#5545=ORIENTED_EDGE('',*,*,#4319,.F.);
#5546=ORIENTED_EDGE('',*,*,#4321,.F.);
#5547=ORIENTED_EDGE('',*,*,#4322,.F.);
#5548=ORIENTED_EDGE('',*,*,#4323,.F.);
#5549=ORIENTED_EDGE('',*,*,#4324,.F.);
#5550=ORIENTED_EDGE('',*,*,#4325,.F.);
#5551=ORIENTED_EDGE('',*,*,#4317,.T.);
#5552=ORIENTED_EDGE('',*,*,#4299,.T.);
#5553=ORIENTED_EDGE('',*,*,#4326,.T.);
#5554=ORIENTED_EDGE('',*,*,#4327,.T.);
#5555=ORIENTED_EDGE('',*,*,#4328,.T.);
#5556=ORIENTED_EDGE('',*,*,#4324,.T.);
#5557=ORIENTED_EDGE('',*,*,#4329,.T.);
#5558=ORIENTED_EDGE('',*,*,#4330,.T.);
#5559=ORIENTED_EDGE('',*,*,#4331,.T.);
#5560=ORIENTED_EDGE('',*,*,#4322,.T.);
#5561=ORIENTED_EDGE('',*,*,#4332,.T.);
#5562=ORIENTED_EDGE('',*,*,#4333,.F.);
#5563=ORIENTED_EDGE('',*,*,#4334,.T.);
#5564=ORIENTED_EDGE('',*,*,#4335,.T.);
#5565=ORIENTED_EDGE('',*,*,#4336,.T.);
#5566=ORIENTED_EDGE('',*,*,#4337,.T.);
#5567=ORIENTED_EDGE('',*,*,#4338,.T.);
#5568=ORIENTED_EDGE('',*,*,#4336,.F.);
#5569=ORIENTED_EDGE('',*,*,#4339,.F.);
#5570=ORIENTED_EDGE('',*,*,#4340,.T.);
#5571=ORIENTED_EDGE('',*,*,#4337,.F.);
#5572=ORIENTED_EDGE('',*,*,#4338,.F.);
#5573=ORIENTED_EDGE('',*,*,#4340,.F.);
#5574=ORIENTED_EDGE('',*,*,#4341,.F.);
#5575=ORIENTED_EDGE('',*,*,#4342,.F.);
#5576=ORIENTED_EDGE('',*,*,#4343,.F.);
#5577=ORIENTED_EDGE('',*,*,#4329,.F.);
#5578=ORIENTED_EDGE('',*,*,#4323,.T.);
#5579=ORIENTED_EDGE('',*,*,#4316,.T.);
#5580=ORIENTED_EDGE('',*,*,#4320,.T.);
#5581=ORIENTED_EDGE('',*,*,#4334,.F.);
#5582=ORIENTED_EDGE('',*,*,#4344,.F.);
#5583=ORIENTED_EDGE('',*,*,#4345,.F.);
#5584=ORIENTED_EDGE('',*,*,#4346,.F.);
#5585=ORIENTED_EDGE('',*,*,#4326,.F.);
#5586=ORIENTED_EDGE('',*,*,#4298,.T.);
#5587=ORIENTED_EDGE('',*,*,#4302,.T.);
#5588=ORIENTED_EDGE('',*,*,#4313,.T.);
#5589=ORIENTED_EDGE('',*,*,#4314,.T.);
#5590=ORIENTED_EDGE('',*,*,#4308,.T.);
#5591=ORIENTED_EDGE('',*,*,#4291,.T.);
#5592=ORIENTED_EDGE('',*,*,#4295,.T.);
#5593=ORIENTED_EDGE('',*,*,#4307,.F.);
#5594=ORIENTED_EDGE('',*,*,#4347,.F.);
#5595=ORIENTED_EDGE('',*,*,#4348,.F.);
#5596=ORIENTED_EDGE('',*,*,#4335,.F.);
#5597=ORIENTED_EDGE('',*,*,#4349,.T.);
#5598=ORIENTED_EDGE('',*,*,#4350,.T.);
#5599=ORIENTED_EDGE('',*,*,#4351,.T.);
#5600=ORIENTED_EDGE('',*,*,#4352,.T.);
#5601=ORIENTED_EDGE('',*,*,#4351,.F.);
#5602=ORIENTED_EDGE('',*,*,#4353,.F.);
#5603=ORIENTED_EDGE('',*,*,#4354,.T.);
#5604=ORIENTED_EDGE('',*,*,#4349,.F.);
#5605=ORIENTED_EDGE('',*,*,#4350,.F.);
#5606=ORIENTED_EDGE('',*,*,#4354,.F.);
#5607=ORIENTED_EDGE('',*,*,#4355,.F.);
#5608=ORIENTED_EDGE('',*,*,#4332,.F.);
#5609=ORIENTED_EDGE('',*,*,#4321,.T.);
#5610=ORIENTED_EDGE('',*,*,#4318,.T.);
#5611=ORIENTED_EDGE('',*,*,#4325,.T.);
#5612=ORIENTED_EDGE('',*,*,#4331,.F.);
#5613=ORIENTED_EDGE('',*,*,#4356,.F.);
#5614=ORIENTED_EDGE('',*,*,#4305,.F.);
#5615=ORIENTED_EDGE('',*,*,#4296,.T.);
#5616=ORIENTED_EDGE('',*,*,#4293,.T.);
#5617=ORIENTED_EDGE('',*,*,#4310,.T.);
#5618=ORIENTED_EDGE('',*,*,#4315,.T.);
#5619=ORIENTED_EDGE('',*,*,#4311,.T.);
#5620=ORIENTED_EDGE('',*,*,#4303,.T.);
#5621=ORIENTED_EDGE('',*,*,#4300,.T.);
#5622=ORIENTED_EDGE('',*,*,#4328,.F.);
#5623=ORIENTED_EDGE('',*,*,#4352,.F.);
#5624=ORIENTED_EDGE('',*,*,#4353,.T.);
#5625=ORIENTED_EDGE('',*,*,#4339,.T.);
#5626=ORIENTED_EDGE('',*,*,#4357,.T.);
#5627=ORIENTED_EDGE('',*,*,#4358,.F.);
#5628=ORIENTED_EDGE('',*,*,#4359,.F.);
#5629=ORIENTED_EDGE('',*,*,#4356,.T.);
#5630=ORIENTED_EDGE('',*,*,#4360,.F.);
#5631=ORIENTED_EDGE('',*,*,#4355,.T.);
#5632=ORIENTED_EDGE('',*,*,#4361,.T.);
#5633=ORIENTED_EDGE('',*,*,#4362,.F.);
#5634=ORIENTED_EDGE('',*,*,#4358,.T.);
#5635=ORIENTED_EDGE('',*,*,#4363,.T.);
#5636=ORIENTED_EDGE('',*,*,#4364,.T.);
#5637=ORIENTED_EDGE('',*,*,#4365,.T.);
#5638=ORIENTED_EDGE('',*,*,#4366,.T.);
#5639=ORIENTED_EDGE('',*,*,#4362,.T.);
#5640=ORIENTED_EDGE('',*,*,#4367,.T.);
#5641=ORIENTED_EDGE('',*,*,#4368,.T.);
#5642=ORIENTED_EDGE('',*,*,#4369,.T.);
#5643=ORIENTED_EDGE('',*,*,#4370,.T.);
#5644=ORIENTED_EDGE('',*,*,#4366,.F.);
#5645=ORIENTED_EDGE('',*,*,#4371,.T.);
#5646=ORIENTED_EDGE('',*,*,#4347,.T.);
#5647=ORIENTED_EDGE('',*,*,#4371,.F.);
#5648=ORIENTED_EDGE('',*,*,#4370,.F.);
#5649=ORIENTED_EDGE('',*,*,#4372,.T.);
#5650=ORIENTED_EDGE('',*,*,#4348,.T.);
#5651=ORIENTED_EDGE('',*,*,#4372,.F.);
#5652=ORIENTED_EDGE('',*,*,#4342,.T.);
#5653=ORIENTED_EDGE('',*,*,#4373,.T.);
#5654=ORIENTED_EDGE('',*,*,#4364,.F.);
#5655=ORIENTED_EDGE('',*,*,#4374,.F.);
#5656=ORIENTED_EDGE('',*,*,#4343,.T.);
#5657=ORIENTED_EDGE('',*,*,#4374,.T.);
#5658=ORIENTED_EDGE('',*,*,#4363,.F.);
#5659=ORIENTED_EDGE('',*,*,#4357,.F.);
#5660=ORIENTED_EDGE('',*,*,#4330,.F.);
#5661=ORIENTED_EDGE('',*,*,#4344,.T.);
#5662=ORIENTED_EDGE('',*,*,#4333,.T.);
#5663=ORIENTED_EDGE('',*,*,#4360,.T.);
#5664=ORIENTED_EDGE('',*,*,#4369,.F.);
#5665=ORIENTED_EDGE('',*,*,#4375,.F.);
#5666=ORIENTED_EDGE('',*,*,#4345,.T.);
#5667=ORIENTED_EDGE('',*,*,#4375,.T.);
#5668=ORIENTED_EDGE('',*,*,#4368,.F.);
#5669=ORIENTED_EDGE('',*,*,#4376,.F.);
#5670=ORIENTED_EDGE('',*,*,#4346,.T.);
#5671=ORIENTED_EDGE('',*,*,#4376,.T.);
#5672=ORIENTED_EDGE('',*,*,#4367,.F.);
#5673=ORIENTED_EDGE('',*,*,#4361,.F.);
#5674=ORIENTED_EDGE('',*,*,#4327,.F.);
#5675=ORIENTED_EDGE('',*,*,#4341,.T.);
#5676=ORIENTED_EDGE('',*,*,#4306,.T.);
#5677=ORIENTED_EDGE('',*,*,#4359,.T.);
#5678=ORIENTED_EDGE('',*,*,#4365,.F.);
#5679=ORIENTED_EDGE('',*,*,#4373,.F.);
#5680=ORIENTED_EDGE('',*,*,#4377,.F.);
#5681=ORIENTED_EDGE('',*,*,#4378,.T.);
#5682=ORIENTED_EDGE('',*,*,#4379,.F.);
#5683=ORIENTED_EDGE('',*,*,#4378,.F.);
#5684=ORIENTED_EDGE('',*,*,#4380,.F.);
#5685=ORIENTED_EDGE('',*,*,#4381,.T.);
#5686=ORIENTED_EDGE('',*,*,#4382,.F.);
#5687=ORIENTED_EDGE('',*,*,#4381,.F.);
#5688=ORIENTED_EDGE('',*,*,#4382,.T.);
#5689=ORIENTED_EDGE('',*,*,#4379,.T.);
#5690=ORIENTED_EDGE('',*,*,#4380,.T.);
#5691=ORIENTED_EDGE('',*,*,#4377,.T.);
#5692=ORIENTED_EDGE('',*,*,#4383,.F.);
#5693=ORIENTED_EDGE('',*,*,#4384,.F.);
#5694=ORIENTED_EDGE('',*,*,#4385,.T.);
#5695=ORIENTED_EDGE('',*,*,#4386,.F.);
#5696=ORIENTED_EDGE('',*,*,#4387,.F.);
#5697=ORIENTED_EDGE('',*,*,#4385,.F.);
#5698=ORIENTED_EDGE('',*,*,#4388,.F.);
#5699=ORIENTED_EDGE('',*,*,#4389,.F.);
#5700=ORIENTED_EDGE('',*,*,#4390,.T.);
#5701=ORIENTED_EDGE('',*,*,#4391,.F.);
#5702=ORIENTED_EDGE('',*,*,#4392,.F.);
#5703=ORIENTED_EDGE('',*,*,#4390,.F.);
#5704=ORIENTED_EDGE('',*,*,#4386,.T.);
#5705=ORIENTED_EDGE('',*,*,#4387,.T.);
#5706=ORIENTED_EDGE('',*,*,#4384,.T.);
#5707=ORIENTED_EDGE('',*,*,#4393,.T.);
#5708=ORIENTED_EDGE('',*,*,#4391,.T.);
#5709=ORIENTED_EDGE('',*,*,#4392,.T.);
#5710=ORIENTED_EDGE('',*,*,#4389,.T.);
#5711=ORIENTED_EDGE('',*,*,#4394,.T.);
#5712=ORIENTED_EDGE('',*,*,#4395,.T.);
#5713=ORIENTED_EDGE('',*,*,#4396,.F.);
#5714=ORIENTED_EDGE('',*,*,#4395,.F.);
#5715=ORIENTED_EDGE('',*,*,#4397,.T.);
#5716=ORIENTED_EDGE('',*,*,#4396,.T.);
#5717=ORIENTED_EDGE('',*,*,#4383,.T.);
#5718=ORIENTED_EDGE('',*,*,#4397,.F.);
#5719=ORIENTED_EDGE('',*,*,#4394,.F.);
#5720=ORIENTED_EDGE('',*,*,#4388,.T.);
#5721=ORIENTED_EDGE('',*,*,#4393,.F.);
#5722=ORIENTED_EDGE('',*,*,#4398,.F.);
#5723=ORIENTED_EDGE('',*,*,#4399,.F.);
#5724=ORIENTED_EDGE('',*,*,#4400,.T.);
#5725=ORIENTED_EDGE('',*,*,#4401,.F.);
#5726=ORIENTED_EDGE('',*,*,#4402,.F.);
#5727=ORIENTED_EDGE('',*,*,#4403,.F.);
#5728=ORIENTED_EDGE('',*,*,#4404,.T.);
#5729=ORIENTED_EDGE('',*,*,#4405,.F.);
#5730=ORIENTED_EDGE('',*,*,#4406,.F.);
#5731=ORIENTED_EDGE('',*,*,#4400,.F.);
#5732=ORIENTED_EDGE('',*,*,#4407,.F.);
#5733=ORIENTED_EDGE('',*,*,#4404,.F.);
#5734=ORIENTED_EDGE('',*,*,#4402,.T.);
#5735=ORIENTED_EDGE('',*,*,#4408,.F.);
#5736=ORIENTED_EDGE('',*,*,#4409,.T.);
#5737=ORIENTED_EDGE('',*,*,#4410,.F.);
#5738=ORIENTED_EDGE('',*,*,#4398,.T.);
#5739=ORIENTED_EDGE('',*,*,#4411,.F.);
#5740=ORIENTED_EDGE('',*,*,#4412,.T.);
#5741=ORIENTED_EDGE('',*,*,#4413,.F.);
#5742=ORIENTED_EDGE('',*,*,#4414,.F.);
#5743=ORIENTED_EDGE('',*,*,#4415,.T.);
#5744=ORIENTED_EDGE('',*,*,#4411,.T.);
#5745=ORIENTED_EDGE('',*,*,#4401,.T.);
#5746=ORIENTED_EDGE('',*,*,#4406,.T.);
#5747=ORIENTED_EDGE('',*,*,#4403,.T.);
#5748=ORIENTED_EDGE('',*,*,#4410,.T.);
#5749=ORIENTED_EDGE('',*,*,#4416,.F.);
#5750=ORIENTED_EDGE('',*,*,#4417,.F.);
#5751=ORIENTED_EDGE('',*,*,#4418,.T.);
#5752=ORIENTED_EDGE('',*,*,#4419,.T.);
#5753=ORIENTED_EDGE('',*,*,#4420,.F.);
#5754=ORIENTED_EDGE('',*,*,#4421,.F.);
#5755=ORIENTED_EDGE('',*,*,#4422,.T.);
#5756=ORIENTED_EDGE('',*,*,#4423,.T.);
#5757=ORIENTED_EDGE('',*,*,#4424,.F.);
#5758=ORIENTED_EDGE('',*,*,#4425,.F.);
#5759=ORIENTED_EDGE('',*,*,#4426,.T.);
#5760=ORIENTED_EDGE('',*,*,#4427,.T.);
#5761=ORIENTED_EDGE('',*,*,#4428,.F.);
#5762=ORIENTED_EDGE('',*,*,#4429,.F.);
#5763=ORIENTED_EDGE('',*,*,#4430,.T.);
#5764=ORIENTED_EDGE('',*,*,#4415,.F.);
#5765=ORIENTED_EDGE('',*,*,#4431,.F.);
#5766=ORIENTED_EDGE('',*,*,#4432,.T.);
#5767=ORIENTED_EDGE('',*,*,#4433,.T.);
#5768=ORIENTED_EDGE('',*,*,#4434,.T.);
#5769=ORIENTED_EDGE('',*,*,#4435,.T.);
#5770=ORIENTED_EDGE('',*,*,#4433,.F.);
#5771=ORIENTED_EDGE('',*,*,#4432,.F.);
#5772=ORIENTED_EDGE('',*,*,#4434,.F.);
#5773=ORIENTED_EDGE('',*,*,#4435,.F.);
#5774=ORIENTED_EDGE('',*,*,#4436,.T.);
#5775=ORIENTED_EDGE('',*,*,#4437,.F.);
#5776=ORIENTED_EDGE('',*,*,#4438,.F.);
#5777=ORIENTED_EDGE('',*,*,#4439,.T.);
#5778=ORIENTED_EDGE('',*,*,#4440,.F.);
#5779=ORIENTED_EDGE('',*,*,#4441,.F.);
#5780=ORIENTED_EDGE('',*,*,#4442,.F.);
#5781=ORIENTED_EDGE('',*,*,#4408,.T.);
#5782=ORIENTED_EDGE('',*,*,#4405,.T.);
#5783=ORIENTED_EDGE('',*,*,#4407,.T.);
#5784=ORIENTED_EDGE('',*,*,#4399,.T.);
#5785=ORIENTED_EDGE('',*,*,#4413,.T.);
#5786=ORIENTED_EDGE('',*,*,#4443,.F.);
#5787=ORIENTED_EDGE('',*,*,#4444,.F.);
#5788=ORIENTED_EDGE('',*,*,#4445,.F.);
#5789=ORIENTED_EDGE('',*,*,#4446,.T.);
#5790=ORIENTED_EDGE('',*,*,#4447,.T.);
#5791=ORIENTED_EDGE('',*,*,#4448,.F.);
#5792=ORIENTED_EDGE('',*,*,#4449,.T.);
#5793=ORIENTED_EDGE('',*,*,#4450,.T.);
#5794=ORIENTED_EDGE('',*,*,#4451,.F.);
#5795=ORIENTED_EDGE('',*,*,#4452,.F.);
#5796=ORIENTED_EDGE('',*,*,#4436,.F.);
#5797=ORIENTED_EDGE('',*,*,#4453,.T.);
#5798=ORIENTED_EDGE('',*,*,#4454,.T.);
#5799=ORIENTED_EDGE('',*,*,#4431,.T.);
#5800=ORIENTED_EDGE('',*,*,#4414,.T.);
#5801=ORIENTED_EDGE('',*,*,#4454,.F.);
#5802=ORIENTED_EDGE('',*,*,#4453,.F.);
#5803=ORIENTED_EDGE('',*,*,#4455,.T.);
#5804=ORIENTED_EDGE('',*,*,#4439,.F.);
#5805=ORIENTED_EDGE('',*,*,#4456,.T.);
#5806=ORIENTED_EDGE('',*,*,#4419,.F.);
#5807=ORIENTED_EDGE('',*,*,#4457,.T.);
#5808=ORIENTED_EDGE('',*,*,#4423,.F.);
#5809=ORIENTED_EDGE('',*,*,#4458,.T.);
#5810=ORIENTED_EDGE('',*,*,#4450,.F.);
#5811=ORIENTED_EDGE('',*,*,#4459,.T.);
#5812=ORIENTED_EDGE('',*,*,#4427,.F.);
#5813=ORIENTED_EDGE('',*,*,#4460,.T.);
#5814=ORIENTED_EDGE('',*,*,#4446,.F.);
#5815=ORIENTED_EDGE('',*,*,#4461,.T.);
#5816=ORIENTED_EDGE('',*,*,#4437,.T.);
#5817=ORIENTED_EDGE('',*,*,#4452,.T.);
#5818=ORIENTED_EDGE('',*,*,#4462,.T.);
#5819=ORIENTED_EDGE('',*,*,#4421,.T.);
#5820=ORIENTED_EDGE('',*,*,#4451,.T.);
#5821=ORIENTED_EDGE('',*,*,#4458,.F.);
#5822=ORIENTED_EDGE('',*,*,#4422,.F.);
#5823=ORIENTED_EDGE('',*,*,#4462,.F.);
#5824=ORIENTED_EDGE('',*,*,#4420,.T.);
#5825=ORIENTED_EDGE('',*,*,#4456,.F.);
#5826=ORIENTED_EDGE('',*,*,#4438,.T.);
#5827=ORIENTED_EDGE('',*,*,#4461,.F.);
#5828=ORIENTED_EDGE('',*,*,#4463,.T.);
#5829=ORIENTED_EDGE('',*,*,#4441,.T.);
#5830=ORIENTED_EDGE('',*,*,#4464,.T.);
#5831=ORIENTED_EDGE('',*,*,#4417,.T.);
#5832=ORIENTED_EDGE('',*,*,#4440,.T.);
#5833=ORIENTED_EDGE('',*,*,#4455,.F.);
#5834=ORIENTED_EDGE('',*,*,#4418,.F.);
#5835=ORIENTED_EDGE('',*,*,#4464,.F.);
#5836=ORIENTED_EDGE('',*,*,#4416,.T.);
#5837=ORIENTED_EDGE('',*,*,#4409,.F.);
#5838=ORIENTED_EDGE('',*,*,#4442,.T.);
#5839=ORIENTED_EDGE('',*,*,#4463,.F.);
#5840=ORIENTED_EDGE('',*,*,#4448,.T.);
#5841=ORIENTED_EDGE('',*,*,#4465,.T.);
#5842=ORIENTED_EDGE('',*,*,#4425,.T.);
#5843=ORIENTED_EDGE('',*,*,#4466,.T.);
#5844=ORIENTED_EDGE('',*,*,#4447,.F.);
#5845=ORIENTED_EDGE('',*,*,#4460,.F.);
#5846=ORIENTED_EDGE('',*,*,#4426,.F.);
#5847=ORIENTED_EDGE('',*,*,#4465,.F.);
#5848=ORIENTED_EDGE('',*,*,#4424,.T.);
#5849=ORIENTED_EDGE('',*,*,#4457,.F.);
#5850=ORIENTED_EDGE('',*,*,#4449,.F.);
#5851=ORIENTED_EDGE('',*,*,#4466,.F.);
#5852=ORIENTED_EDGE('',*,*,#4467,.T.);
#5853=ORIENTED_EDGE('',*,*,#4444,.T.);
#5854=ORIENTED_EDGE('',*,*,#4468,.T.);
#5855=ORIENTED_EDGE('',*,*,#4429,.T.);
#5856=ORIENTED_EDGE('',*,*,#4443,.T.);
#5857=ORIENTED_EDGE('',*,*,#4412,.F.);
#5858=ORIENTED_EDGE('',*,*,#4430,.F.);
#5859=ORIENTED_EDGE('',*,*,#4468,.F.);
#5860=ORIENTED_EDGE('',*,*,#4428,.T.);
#5861=ORIENTED_EDGE('',*,*,#4459,.F.);
#5862=ORIENTED_EDGE('',*,*,#4445,.T.);
#5863=ORIENTED_EDGE('',*,*,#4467,.F.);
#5864=ORIENTED_EDGE('',*,*,#4469,.F.);
#5865=ORIENTED_EDGE('',*,*,#4470,.F.);
#5866=ORIENTED_EDGE('',*,*,#4471,.F.);
#5867=ORIENTED_EDGE('',*,*,#4472,.T.);
#5868=ORIENTED_EDGE('',*,*,#4473,.F.);
#5869=ORIENTED_EDGE('',*,*,#4472,.F.);
#5870=ORIENTED_EDGE('',*,*,#4474,.F.);
#5871=ORIENTED_EDGE('',*,*,#4475,.T.);
#5872=ORIENTED_EDGE('',*,*,#4476,.F.);
#5873=ORIENTED_EDGE('',*,*,#4475,.F.);
#5874=ORIENTED_EDGE('',*,*,#4477,.F.);
#5875=ORIENTED_EDGE('',*,*,#4478,.T.);
#5876=ORIENTED_EDGE('',*,*,#4479,.F.);
#5877=ORIENTED_EDGE('',*,*,#4478,.F.);
#5878=ORIENTED_EDGE('',*,*,#4480,.F.);
#5879=ORIENTED_EDGE('',*,*,#4470,.T.);
#5880=ORIENTED_EDGE('',*,*,#4481,.T.);
#5881=ORIENTED_EDGE('',*,*,#4482,.T.);
#5882=ORIENTED_EDGE('',*,*,#4483,.T.);
#5883=ORIENTED_EDGE('',*,*,#4484,.T.);
#5884=ORIENTED_EDGE('',*,*,#4485,.T.);
#5885=ORIENTED_EDGE('',*,*,#4486,.T.);
#5886=ORIENTED_EDGE('',*,*,#4487,.T.);
#5887=ORIENTED_EDGE('',*,*,#4488,.T.);
#5888=ORIENTED_EDGE('',*,*,#4489,.T.);
#5889=ORIENTED_EDGE('',*,*,#4490,.T.);
#5890=ORIENTED_EDGE('',*,*,#4491,.T.);
#5891=ORIENTED_EDGE('',*,*,#4492,.T.);
#5892=ORIENTED_EDGE('',*,*,#4489,.F.);
#5893=ORIENTED_EDGE('',*,*,#4493,.T.);
#5894=ORIENTED_EDGE('',*,*,#4485,.F.);
#5895=ORIENTED_EDGE('',*,*,#4487,.F.);
#5896=ORIENTED_EDGE('',*,*,#4494,.T.);
#5897=ORIENTED_EDGE('',*,*,#4481,.F.);
#5898=ORIENTED_EDGE('',*,*,#4482,.F.);
#5899=ORIENTED_EDGE('',*,*,#4495,.F.);
#5900=ORIENTED_EDGE('',*,*,#4496,.F.);
#5901=ORIENTED_EDGE('',*,*,#4497,.T.);
#5902=ORIENTED_EDGE('',*,*,#4498,.T.);
#5903=ORIENTED_EDGE('',*,*,#4499,.T.);
#5904=ORIENTED_EDGE('',*,*,#4494,.F.);
#5905=ORIENTED_EDGE('',*,*,#4500,.T.);
#5906=ORIENTED_EDGE('',*,*,#4501,.T.);
#5907=ORIENTED_EDGE('',*,*,#4495,.T.);
#5908=ORIENTED_EDGE('',*,*,#4486,.F.);
#5909=ORIENTED_EDGE('',*,*,#4502,.F.);
#5910=ORIENTED_EDGE('',*,*,#4503,.F.);
#5911=ORIENTED_EDGE('',*,*,#4500,.F.);
#5912=ORIENTED_EDGE('',*,*,#4471,.T.);
#5913=ORIENTED_EDGE('',*,*,#4480,.T.);
#5914=ORIENTED_EDGE('',*,*,#4477,.T.);
#5915=ORIENTED_EDGE('',*,*,#4474,.T.);
#5916=ORIENTED_EDGE('',*,*,#4493,.F.);
#5917=ORIENTED_EDGE('',*,*,#4504,.T.);
#5918=ORIENTED_EDGE('',*,*,#4505,.T.);
#5919=ORIENTED_EDGE('',*,*,#4502,.T.);
#5920=ORIENTED_EDGE('',*,*,#4492,.F.);
#5921=ORIENTED_EDGE('',*,*,#4506,.T.);
#5922=ORIENTED_EDGE('',*,*,#4507,.T.);
#5923=ORIENTED_EDGE('',*,*,#4508,.F.);
#5924=ORIENTED_EDGE('',*,*,#4509,.F.);
#5925=ORIENTED_EDGE('',*,*,#4504,.F.);
#5926=ORIENTED_EDGE('',*,*,#4510,.F.);
#5927=ORIENTED_EDGE('',*,*,#4511,.F.);
#5928=ORIENTED_EDGE('',*,*,#4512,.T.);
#5929=ORIENTED_EDGE('',*,*,#4513,.T.);
#5930=ORIENTED_EDGE('',*,*,#4514,.T.);
#5931=ORIENTED_EDGE('',*,*,#4515,.T.);
#5932=ORIENTED_EDGE('',*,*,#4516,.T.);
#5933=ORIENTED_EDGE('',*,*,#4517,.T.);
#5934=ORIENTED_EDGE('',*,*,#4518,.T.);
#5935=ORIENTED_EDGE('',*,*,#4490,.F.);
#5936=ORIENTED_EDGE('',*,*,#4488,.F.);
#5937=ORIENTED_EDGE('',*,*,#4484,.F.);
#5938=ORIENTED_EDGE('',*,*,#4513,.F.);
#5939=ORIENTED_EDGE('',*,*,#4519,.F.);
#5940=ORIENTED_EDGE('',*,*,#4520,.F.);
#5941=ORIENTED_EDGE('',*,*,#4521,.F.);
#5942=ORIENTED_EDGE('',*,*,#4522,.F.);
#5943=ORIENTED_EDGE('',*,*,#4523,.F.);
#5944=ORIENTED_EDGE('',*,*,#4524,.F.);
#5945=ORIENTED_EDGE('',*,*,#4525,.F.);
#5946=ORIENTED_EDGE('',*,*,#4526,.F.);
#5947=ORIENTED_EDGE('',*,*,#4515,.F.);
#5948=ORIENTED_EDGE('',*,*,#4526,.T.);
#5949=ORIENTED_EDGE('',*,*,#4527,.F.);
#5950=ORIENTED_EDGE('',*,*,#4528,.F.);
#5951=ORIENTED_EDGE('',*,*,#4516,.F.);
#5952=ORIENTED_EDGE('',*,*,#4525,.T.);
#5953=ORIENTED_EDGE('',*,*,#4529,.T.);
#5954=ORIENTED_EDGE('',*,*,#4530,.T.);
#5955=ORIENTED_EDGE('',*,*,#4527,.T.);
#5956=ORIENTED_EDGE('',*,*,#4522,.T.);
#5957=ORIENTED_EDGE('',*,*,#4531,.F.);
#5958=ORIENTED_EDGE('',*,*,#4532,.F.);
#5959=ORIENTED_EDGE('',*,*,#4533,.T.);
#5960=ORIENTED_EDGE('',*,*,#4534,.T.);
#5961=ORIENTED_EDGE('',*,*,#4524,.T.);
#5962=ORIENTED_EDGE('',*,*,#4535,.T.);
#5963=ORIENTED_EDGE('',*,*,#4536,.T.);
#5964=ORIENTED_EDGE('',*,*,#4529,.F.);
#5965=ORIENTED_EDGE('',*,*,#4523,.T.);
#5966=ORIENTED_EDGE('',*,*,#4537,.T.);
#5967=ORIENTED_EDGE('',*,*,#4538,.T.);
#5968=ORIENTED_EDGE('',*,*,#4539,.T.);
#5969=ORIENTED_EDGE('',*,*,#4535,.F.);
#5970=ORIENTED_EDGE('',*,*,#4521,.T.);
#5971=ORIENTED_EDGE('',*,*,#4540,.F.);
#5972=ORIENTED_EDGE('',*,*,#4541,.F.);
#5973=ORIENTED_EDGE('',*,*,#4531,.T.);
#5974=ORIENTED_EDGE('',*,*,#4519,.T.);
#5975=ORIENTED_EDGE('',*,*,#4512,.F.);
#5976=ORIENTED_EDGE('',*,*,#4542,.T.);
#5977=ORIENTED_EDGE('',*,*,#4543,.F.);
#5978=ORIENTED_EDGE('',*,*,#4520,.T.);
#5979=ORIENTED_EDGE('',*,*,#4543,.T.);
#5980=ORIENTED_EDGE('',*,*,#4544,.T.);
#5981=ORIENTED_EDGE('',*,*,#4540,.T.);
#5982=ORIENTED_EDGE('',*,*,#4534,.F.);
#5983=ORIENTED_EDGE('',*,*,#4545,.F.);
#5984=ORIENTED_EDGE('',*,*,#4546,.F.);
#5985=ORIENTED_EDGE('',*,*,#4547,.T.);
#5986=ORIENTED_EDGE('',*,*,#4537,.F.);
#5987=ORIENTED_EDGE('',*,*,#4514,.F.);
#5988=ORIENTED_EDGE('',*,*,#4548,.F.);
#5989=ORIENTED_EDGE('',*,*,#4549,.F.);
#5990=ORIENTED_EDGE('',*,*,#4550,.F.);
#5991=ORIENTED_EDGE('',*,*,#4546,.T.);
#5992=ORIENTED_EDGE('',*,*,#4550,.T.);
#5993=ORIENTED_EDGE('',*,*,#4551,.F.);
#5994=ORIENTED_EDGE('',*,*,#4552,.F.);
#5995=ORIENTED_EDGE('',*,*,#4553,.T.);
#5996=ORIENTED_EDGE('',*,*,#4549,.T.);
#5997=ORIENTED_EDGE('',*,*,#4554,.F.);
#5998=ORIENTED_EDGE('',*,*,#4555,.F.);
#5999=ORIENTED_EDGE('',*,*,#4551,.T.);
#6000=ORIENTED_EDGE('',*,*,#4469,.T.);
#6001=ORIENTED_EDGE('',*,*,#4473,.T.);
#6002=ORIENTED_EDGE('',*,*,#4476,.T.);
#6003=ORIENTED_EDGE('',*,*,#4479,.T.);
#6004=ORIENTED_EDGE('',*,*,#4511,.T.);
#6005=ORIENTED_EDGE('',*,*,#4556,.F.);
#6006=ORIENTED_EDGE('',*,*,#4557,.T.);
#6007=ORIENTED_EDGE('',*,*,#4558,.T.);
#6008=ORIENTED_EDGE('',*,*,#4541,.T.);
#6009=ORIENTED_EDGE('',*,*,#4544,.F.);
#6010=ORIENTED_EDGE('',*,*,#4542,.F.);
#6011=ORIENTED_EDGE('',*,*,#4532,.T.);
#6012=ORIENTED_EDGE('',*,*,#4558,.F.);
#6013=ORIENTED_EDGE('',*,*,#4559,.T.);
#6014=ORIENTED_EDGE('',*,*,#4560,.T.);
#6015=ORIENTED_EDGE('',*,*,#4510,.T.);
#6016=ORIENTED_EDGE('',*,*,#4483,.F.);
#6017=ORIENTED_EDGE('',*,*,#4499,.F.);
#6018=ORIENTED_EDGE('',*,*,#4561,.T.);
#6019=ORIENTED_EDGE('',*,*,#4556,.T.);
#6020=ORIENTED_EDGE('',*,*,#4557,.F.);
#6021=ORIENTED_EDGE('',*,*,#4561,.F.);
#6022=ORIENTED_EDGE('',*,*,#4498,.F.);
#6023=ORIENTED_EDGE('',*,*,#4559,.F.);
#6024=ORIENTED_EDGE('',*,*,#4562,.F.);
#6025=ORIENTED_EDGE('',*,*,#4563,.F.);
#6026=ORIENTED_EDGE('',*,*,#4564,.T.);
#6027=ORIENTED_EDGE('',*,*,#4517,.F.);
#6028=ORIENTED_EDGE('',*,*,#4528,.T.);
#6029=ORIENTED_EDGE('',*,*,#4530,.F.);
#6030=ORIENTED_EDGE('',*,*,#4536,.F.);
#6031=ORIENTED_EDGE('',*,*,#4539,.F.);
#6032=ORIENTED_EDGE('',*,*,#4565,.F.);
#6033=ORIENTED_EDGE('',*,*,#4566,.F.);
#6034=ORIENTED_EDGE('',*,*,#4562,.T.);
#6035=ORIENTED_EDGE('',*,*,#4518,.F.);
#6036=ORIENTED_EDGE('',*,*,#4564,.F.);
#6037=ORIENTED_EDGE('',*,*,#4567,.F.);
#6038=ORIENTED_EDGE('',*,*,#4506,.F.);
#6039=ORIENTED_EDGE('',*,*,#4491,.F.);
#6040=ORIENTED_EDGE('',*,*,#4563,.T.);
#6041=ORIENTED_EDGE('',*,*,#4566,.T.);
#6042=ORIENTED_EDGE('',*,*,#4507,.F.);
#6043=ORIENTED_EDGE('',*,*,#4567,.T.);
#6044=ORIENTED_EDGE('',*,*,#4568,.F.);
#6045=ORIENTED_EDGE('',*,*,#4569,.T.);
#6046=ORIENTED_EDGE('',*,*,#4545,.T.);
#6047=ORIENTED_EDGE('',*,*,#4533,.F.);
#6048=ORIENTED_EDGE('',*,*,#4560,.F.);
#6049=ORIENTED_EDGE('',*,*,#4497,.F.);
#6050=ORIENTED_EDGE('',*,*,#4570,.F.);
#6051=ORIENTED_EDGE('',*,*,#4508,.T.);
#6052=ORIENTED_EDGE('',*,*,#4565,.T.);
#6053=ORIENTED_EDGE('',*,*,#4538,.F.);
#6054=ORIENTED_EDGE('',*,*,#4547,.F.);
#6055=ORIENTED_EDGE('',*,*,#4553,.F.);
#6056=ORIENTED_EDGE('',*,*,#4548,.T.);
#6057=ORIENTED_EDGE('',*,*,#4569,.F.);
#6058=ORIENTED_EDGE('',*,*,#4571,.F.);
#6059=ORIENTED_EDGE('',*,*,#4554,.T.);
#6060=ORIENTED_EDGE('',*,*,#4505,.F.);
#6061=ORIENTED_EDGE('',*,*,#4509,.T.);
#6062=ORIENTED_EDGE('',*,*,#4570,.T.);
#6063=ORIENTED_EDGE('',*,*,#4552,.T.);
#6064=ORIENTED_EDGE('',*,*,#4555,.T.);
#6065=ORIENTED_EDGE('',*,*,#4571,.T.);
#6066=ORIENTED_EDGE('',*,*,#4568,.T.);
#6067=ORIENTED_EDGE('',*,*,#4496,.T.);
#6068=ORIENTED_EDGE('',*,*,#4501,.F.);
#6069=ORIENTED_EDGE('',*,*,#4503,.T.);
#6070=ORIENTED_EDGE('',*,*,#4572,.F.);
#6071=ORIENTED_EDGE('',*,*,#4573,.T.);
#6072=ORIENTED_EDGE('',*,*,#4574,.F.);
#6073=ORIENTED_EDGE('',*,*,#4573,.F.);
#6074=ORIENTED_EDGE('',*,*,#4574,.T.);
#6075=ORIENTED_EDGE('',*,*,#4572,.T.);
#6076=ORIENTED_EDGE('',*,*,#4575,.F.);
#6077=ORIENTED_EDGE('',*,*,#4576,.T.);
#6078=ORIENTED_EDGE('',*,*,#4577,.F.);
#6079=ORIENTED_EDGE('',*,*,#4576,.F.);
#6080=ORIENTED_EDGE('',*,*,#4577,.T.);
#6081=ORIENTED_EDGE('',*,*,#4575,.T.);
#6082=ORIENTED_EDGE('',*,*,#4578,.F.);
#6083=ORIENTED_EDGE('',*,*,#4579,.T.);
#6084=ORIENTED_EDGE('',*,*,#4580,.F.);
#6085=ORIENTED_EDGE('',*,*,#4579,.F.);
#6086=ORIENTED_EDGE('',*,*,#4580,.T.);
#6087=ORIENTED_EDGE('',*,*,#4578,.T.);
#6088=ORIENTED_EDGE('',*,*,#4581,.F.);
#6089=ORIENTED_EDGE('',*,*,#4582,.T.);
#6090=ORIENTED_EDGE('',*,*,#4583,.F.);
#6091=ORIENTED_EDGE('',*,*,#4582,.F.);
#6092=ORIENTED_EDGE('',*,*,#4583,.T.);
#6093=ORIENTED_EDGE('',*,*,#4581,.T.);
#6094=ORIENTED_EDGE('',*,*,#4584,.F.);
#6095=ORIENTED_EDGE('',*,*,#4585,.T.);
#6096=ORIENTED_EDGE('',*,*,#4586,.F.);
#6097=ORIENTED_EDGE('',*,*,#4585,.F.);
#6098=ORIENTED_EDGE('',*,*,#4586,.T.);
#6099=ORIENTED_EDGE('',*,*,#4584,.T.);
#6100=ORIENTED_EDGE('',*,*,#4587,.F.);
#6101=ORIENTED_EDGE('',*,*,#4588,.T.);
#6102=ORIENTED_EDGE('',*,*,#4589,.F.);
#6103=ORIENTED_EDGE('',*,*,#4590,.F.);
#6104=ORIENTED_EDGE('',*,*,#4591,.F.);
#6105=ORIENTED_EDGE('',*,*,#4590,.T.);
#6106=ORIENTED_EDGE('',*,*,#4592,.F.);
#6107=ORIENTED_EDGE('',*,*,#4593,.F.);
#6108=ORIENTED_EDGE('',*,*,#4594,.F.);
#6109=ORIENTED_EDGE('',*,*,#4593,.T.);
#6110=ORIENTED_EDGE('',*,*,#4595,.F.);
#6111=ORIENTED_EDGE('',*,*,#4596,.F.);
#6112=ORIENTED_EDGE('',*,*,#4597,.F.);
#6113=ORIENTED_EDGE('',*,*,#4596,.T.);
#6114=ORIENTED_EDGE('',*,*,#4598,.F.);
#6115=ORIENTED_EDGE('',*,*,#4599,.F.);
#6116=ORIENTED_EDGE('',*,*,#4600,.F.);
#6117=ORIENTED_EDGE('',*,*,#4599,.T.);
#6118=ORIENTED_EDGE('',*,*,#4601,.F.);
#6119=ORIENTED_EDGE('',*,*,#4602,.F.);
#6120=ORIENTED_EDGE('',*,*,#4603,.F.);
#6121=ORIENTED_EDGE('',*,*,#4602,.T.);
#6122=ORIENTED_EDGE('',*,*,#4604,.F.);
#6123=ORIENTED_EDGE('',*,*,#4605,.F.);
#6124=ORIENTED_EDGE('',*,*,#4606,.F.);
#6125=ORIENTED_EDGE('',*,*,#4605,.T.);
#6126=ORIENTED_EDGE('',*,*,#4607,.F.);
#6127=ORIENTED_EDGE('',*,*,#4588,.F.);
#6128=ORIENTED_EDGE('',*,*,#4607,.T.);
#6129=ORIENTED_EDGE('',*,*,#4604,.T.);
#6130=ORIENTED_EDGE('',*,*,#4601,.T.);
#6131=ORIENTED_EDGE('',*,*,#4598,.T.);
#6132=ORIENTED_EDGE('',*,*,#4595,.T.);
#6133=ORIENTED_EDGE('',*,*,#4592,.T.);
#6134=ORIENTED_EDGE('',*,*,#4589,.T.);
#6135=ORIENTED_EDGE('',*,*,#4608,.F.);
#6136=ORIENTED_EDGE('',*,*,#4609,.T.);
#6137=ORIENTED_EDGE('',*,*,#4610,.F.);
#6138=ORIENTED_EDGE('',*,*,#4611,.F.);
#6139=ORIENTED_EDGE('',*,*,#4612,.F.);
#6140=ORIENTED_EDGE('',*,*,#4613,.T.);
#6141=ORIENTED_EDGE('',*,*,#4614,.F.);
#6142=ORIENTED_EDGE('',*,*,#4609,.F.);
#6143=ORIENTED_EDGE('',*,*,#4615,.F.);
#6144=ORIENTED_EDGE('',*,*,#4616,.T.);
#6145=ORIENTED_EDGE('',*,*,#4617,.F.);
#6146=ORIENTED_EDGE('',*,*,#4613,.F.);
#6147=ORIENTED_EDGE('',*,*,#4618,.F.);
#6148=ORIENTED_EDGE('',*,*,#4619,.T.);
#6149=ORIENTED_EDGE('',*,*,#4620,.F.);
#6150=ORIENTED_EDGE('',*,*,#4616,.F.);
#6151=ORIENTED_EDGE('',*,*,#4621,.F.);
#6152=ORIENTED_EDGE('',*,*,#4611,.T.);
#6153=ORIENTED_EDGE('',*,*,#4622,.F.);
#6154=ORIENTED_EDGE('',*,*,#4619,.F.);
#6155=ORIENTED_EDGE('',*,*,#4623,.F.);
#6156=ORIENTED_EDGE('',*,*,#4624,.T.);
#6157=ORIENTED_EDGE('',*,*,#4625,.F.);
#6158=ORIENTED_EDGE('',*,*,#4626,.F.);
#6159=ORIENTED_EDGE('',*,*,#4627,.F.);
#6160=ORIENTED_EDGE('',*,*,#4628,.T.);
#6161=ORIENTED_EDGE('',*,*,#4629,.F.);
#6162=ORIENTED_EDGE('',*,*,#4624,.F.);
#6163=ORIENTED_EDGE('',*,*,#4630,.F.);
#6164=ORIENTED_EDGE('',*,*,#4631,.T.);
#6165=ORIENTED_EDGE('',*,*,#4632,.F.);
#6166=ORIENTED_EDGE('',*,*,#4628,.F.);
#6167=ORIENTED_EDGE('',*,*,#4633,.F.);
#6168=ORIENTED_EDGE('',*,*,#4634,.T.);
#6169=ORIENTED_EDGE('',*,*,#4635,.F.);
#6170=ORIENTED_EDGE('',*,*,#4631,.F.);
#6171=ORIENTED_EDGE('',*,*,#4636,.F.);
#6172=ORIENTED_EDGE('',*,*,#4626,.T.);
#6173=ORIENTED_EDGE('',*,*,#4637,.F.);
#6174=ORIENTED_EDGE('',*,*,#4634,.F.);
#6175=ORIENTED_EDGE('',*,*,#4638,.F.);
#6176=ORIENTED_EDGE('',*,*,#4639,.T.);
#6177=ORIENTED_EDGE('',*,*,#4640,.F.);
#6178=ORIENTED_EDGE('',*,*,#4641,.F.);
#6179=ORIENTED_EDGE('',*,*,#4642,.F.);
#6180=ORIENTED_EDGE('',*,*,#4641,.T.);
#6181=ORIENTED_EDGE('',*,*,#4643,.F.);
#6182=ORIENTED_EDGE('',*,*,#4644,.F.);
#6183=ORIENTED_EDGE('',*,*,#4645,.F.);
#6184=ORIENTED_EDGE('',*,*,#4644,.T.);
#6185=ORIENTED_EDGE('',*,*,#4646,.F.);
#6186=ORIENTED_EDGE('',*,*,#4647,.F.);
#6187=ORIENTED_EDGE('',*,*,#4648,.F.);
#6188=ORIENTED_EDGE('',*,*,#4647,.T.);
#6189=ORIENTED_EDGE('',*,*,#4649,.F.);
#6190=ORIENTED_EDGE('',*,*,#4650,.F.);
#6191=ORIENTED_EDGE('',*,*,#4651,.F.);
#6192=ORIENTED_EDGE('',*,*,#4650,.T.);
#6193=ORIENTED_EDGE('',*,*,#4652,.F.);
#6194=ORIENTED_EDGE('',*,*,#4653,.F.);
#6195=ORIENTED_EDGE('',*,*,#4654,.F.);
#6196=ORIENTED_EDGE('',*,*,#4653,.T.);
#6197=ORIENTED_EDGE('',*,*,#4655,.F.);
#6198=ORIENTED_EDGE('',*,*,#4656,.F.);
#6199=ORIENTED_EDGE('',*,*,#4657,.F.);
#6200=ORIENTED_EDGE('',*,*,#4656,.T.);
#6201=ORIENTED_EDGE('',*,*,#4658,.F.);
#6202=ORIENTED_EDGE('',*,*,#4659,.F.);
#6203=ORIENTED_EDGE('',*,*,#4660,.F.);
#6204=ORIENTED_EDGE('',*,*,#4659,.T.);
#6205=ORIENTED_EDGE('',*,*,#4661,.F.);
#6206=ORIENTED_EDGE('',*,*,#4662,.F.);
#6207=ORIENTED_EDGE('',*,*,#4663,.F.);
#6208=ORIENTED_EDGE('',*,*,#4662,.T.);
#6209=ORIENTED_EDGE('',*,*,#4664,.F.);
#6210=ORIENTED_EDGE('',*,*,#4665,.F.);
#6211=ORIENTED_EDGE('',*,*,#4666,.F.);
#6212=ORIENTED_EDGE('',*,*,#4665,.T.);
#6213=ORIENTED_EDGE('',*,*,#4667,.F.);
#6214=ORIENTED_EDGE('',*,*,#4668,.F.);
#6215=ORIENTED_EDGE('',*,*,#4669,.F.);
#6216=ORIENTED_EDGE('',*,*,#4668,.T.);
#6217=ORIENTED_EDGE('',*,*,#4670,.F.);
#6218=ORIENTED_EDGE('',*,*,#4639,.F.);
#6219=ORIENTED_EDGE('',*,*,#4670,.T.);
#6220=ORIENTED_EDGE('',*,*,#4667,.T.);
#6221=ORIENTED_EDGE('',*,*,#4664,.T.);
#6222=ORIENTED_EDGE('',*,*,#4661,.T.);
#6223=ORIENTED_EDGE('',*,*,#4658,.T.);
#6224=ORIENTED_EDGE('',*,*,#4655,.T.);
#6225=ORIENTED_EDGE('',*,*,#4652,.T.);
#6226=ORIENTED_EDGE('',*,*,#4649,.T.);
#6227=ORIENTED_EDGE('',*,*,#4646,.T.);
#6228=ORIENTED_EDGE('',*,*,#4643,.T.);
#6229=ORIENTED_EDGE('',*,*,#4640,.T.);
#6230=ORIENTED_EDGE('',*,*,#4610,.T.);
#6231=ORIENTED_EDGE('',*,*,#4614,.T.);
#6232=ORIENTED_EDGE('',*,*,#4617,.T.);
#6233=ORIENTED_EDGE('',*,*,#4620,.T.);
#6234=ORIENTED_EDGE('',*,*,#4622,.T.);
#6235=ORIENTED_EDGE('',*,*,#4625,.T.);
#6236=ORIENTED_EDGE('',*,*,#4629,.T.);
#6237=ORIENTED_EDGE('',*,*,#4632,.T.);
#6238=ORIENTED_EDGE('',*,*,#4635,.T.);
#6239=ORIENTED_EDGE('',*,*,#4637,.T.);
#6240=ORIENTED_EDGE('',*,*,#4671,.F.);
#6241=ORIENTED_EDGE('',*,*,#4672,.T.);
#6242=ORIENTED_EDGE('',*,*,#4673,.F.);
#6243=ORIENTED_EDGE('',*,*,#4674,.F.);
#6244=ORIENTED_EDGE('',*,*,#4675,.F.);
#6245=ORIENTED_EDGE('',*,*,#4676,.T.);
#6246=ORIENTED_EDGE('',*,*,#4677,.F.);
#6247=ORIENTED_EDGE('',*,*,#4672,.F.);
#6248=ORIENTED_EDGE('',*,*,#4678,.F.);
#6249=ORIENTED_EDGE('',*,*,#4674,.T.);
#6250=ORIENTED_EDGE('',*,*,#4679,.F.);
#6251=ORIENTED_EDGE('',*,*,#4676,.F.);
#6252=ORIENTED_EDGE('',*,*,#4680,.F.);
#6253=ORIENTED_EDGE('',*,*,#4681,.T.);
#6254=ORIENTED_EDGE('',*,*,#4682,.F.);
#6255=ORIENTED_EDGE('',*,*,#4683,.F.);
#6256=ORIENTED_EDGE('',*,*,#4684,.F.);
#6257=ORIENTED_EDGE('',*,*,#4683,.T.);
#6258=ORIENTED_EDGE('',*,*,#4685,.F.);
#6259=ORIENTED_EDGE('',*,*,#4686,.F.);
#6260=ORIENTED_EDGE('',*,*,#4687,.F.);
#6261=ORIENTED_EDGE('',*,*,#4686,.T.);
#6262=ORIENTED_EDGE('',*,*,#4688,.F.);
#6263=ORIENTED_EDGE('',*,*,#4689,.F.);
#6264=ORIENTED_EDGE('',*,*,#4690,.F.);
#6265=ORIENTED_EDGE('',*,*,#4689,.T.);
#6266=ORIENTED_EDGE('',*,*,#4691,.F.);
#6267=ORIENTED_EDGE('',*,*,#4692,.F.);
#6268=ORIENTED_EDGE('',*,*,#4693,.F.);
#6269=ORIENTED_EDGE('',*,*,#4692,.T.);
#6270=ORIENTED_EDGE('',*,*,#4694,.F.);
#6271=ORIENTED_EDGE('',*,*,#4695,.F.);
#6272=ORIENTED_EDGE('',*,*,#4696,.F.);
#6273=ORIENTED_EDGE('',*,*,#4695,.T.);
#6274=ORIENTED_EDGE('',*,*,#4697,.F.);
#6275=ORIENTED_EDGE('',*,*,#4698,.F.);
#6276=ORIENTED_EDGE('',*,*,#4699,.F.);
#6277=ORIENTED_EDGE('',*,*,#4698,.T.);
#6278=ORIENTED_EDGE('',*,*,#4700,.F.);
#6279=ORIENTED_EDGE('',*,*,#4701,.F.);
#6280=ORIENTED_EDGE('',*,*,#4702,.F.);
#6281=ORIENTED_EDGE('',*,*,#4701,.T.);
#6282=ORIENTED_EDGE('',*,*,#4703,.F.);
#6283=ORIENTED_EDGE('',*,*,#4704,.F.);
#6284=ORIENTED_EDGE('',*,*,#4705,.F.);
#6285=ORIENTED_EDGE('',*,*,#4704,.T.);
#6286=ORIENTED_EDGE('',*,*,#4706,.F.);
#6287=ORIENTED_EDGE('',*,*,#4707,.F.);
#6288=ORIENTED_EDGE('',*,*,#4708,.F.);
#6289=ORIENTED_EDGE('',*,*,#4707,.T.);
#6290=ORIENTED_EDGE('',*,*,#4709,.F.);
#6291=ORIENTED_EDGE('',*,*,#4710,.F.);
#6292=ORIENTED_EDGE('',*,*,#4711,.F.);
#6293=ORIENTED_EDGE('',*,*,#4710,.T.);
#6294=ORIENTED_EDGE('',*,*,#4712,.F.);
#6295=ORIENTED_EDGE('',*,*,#4681,.F.);
#6296=ORIENTED_EDGE('',*,*,#4712,.T.);
#6297=ORIENTED_EDGE('',*,*,#4709,.T.);
#6298=ORIENTED_EDGE('',*,*,#4706,.T.);
#6299=ORIENTED_EDGE('',*,*,#4703,.T.);
#6300=ORIENTED_EDGE('',*,*,#4700,.T.);
#6301=ORIENTED_EDGE('',*,*,#4697,.T.);
#6302=ORIENTED_EDGE('',*,*,#4694,.T.);
#6303=ORIENTED_EDGE('',*,*,#4691,.T.);
#6304=ORIENTED_EDGE('',*,*,#4688,.T.);
#6305=ORIENTED_EDGE('',*,*,#4685,.T.);
#6306=ORIENTED_EDGE('',*,*,#4682,.T.);
#6307=ORIENTED_EDGE('',*,*,#4673,.T.);
#6308=ORIENTED_EDGE('',*,*,#4677,.T.);
#6309=ORIENTED_EDGE('',*,*,#4679,.T.);
#6310=ORIENTED_EDGE('',*,*,#4713,.F.);
#6311=ORIENTED_EDGE('',*,*,#4714,.T.);
#6312=ORIENTED_EDGE('',*,*,#4715,.F.);
#6313=ORIENTED_EDGE('',*,*,#4716,.F.);
#6314=ORIENTED_EDGE('',*,*,#4717,.F.);
#6315=ORIENTED_EDGE('',*,*,#4716,.T.);
#6316=ORIENTED_EDGE('',*,*,#4718,.F.);
#6317=ORIENTED_EDGE('',*,*,#4719,.F.);
#6318=ORIENTED_EDGE('',*,*,#4720,.F.);
#6319=ORIENTED_EDGE('',*,*,#4719,.T.);
#6320=ORIENTED_EDGE('',*,*,#4721,.F.);
#6321=ORIENTED_EDGE('',*,*,#4722,.F.);
#6322=ORIENTED_EDGE('',*,*,#4723,.F.);
#6323=ORIENTED_EDGE('',*,*,#4722,.T.);
#6324=ORIENTED_EDGE('',*,*,#4724,.F.);
#6325=ORIENTED_EDGE('',*,*,#4725,.F.);
#6326=ORIENTED_EDGE('',*,*,#4726,.F.);
#6327=ORIENTED_EDGE('',*,*,#4725,.T.);
#6328=ORIENTED_EDGE('',*,*,#4727,.F.);
#6329=ORIENTED_EDGE('',*,*,#4728,.F.);
#6330=ORIENTED_EDGE('',*,*,#4729,.F.);
#6331=ORIENTED_EDGE('',*,*,#4728,.T.);
#6332=ORIENTED_EDGE('',*,*,#4730,.F.);
#6333=ORIENTED_EDGE('',*,*,#4731,.F.);
#6334=ORIENTED_EDGE('',*,*,#4732,.F.);
#6335=ORIENTED_EDGE('',*,*,#4731,.T.);
#6336=ORIENTED_EDGE('',*,*,#4733,.F.);
#6337=ORIENTED_EDGE('',*,*,#4734,.F.);
#6338=ORIENTED_EDGE('',*,*,#4735,.F.);
#6339=ORIENTED_EDGE('',*,*,#4734,.T.);
#6340=ORIENTED_EDGE('',*,*,#4736,.F.);
#6341=ORIENTED_EDGE('',*,*,#4737,.F.);
#6342=ORIENTED_EDGE('',*,*,#4738,.F.);
#6343=ORIENTED_EDGE('',*,*,#4737,.T.);
#6344=ORIENTED_EDGE('',*,*,#4739,.F.);
#6345=ORIENTED_EDGE('',*,*,#4714,.F.);
#6346=ORIENTED_EDGE('',*,*,#4739,.T.);
#6347=ORIENTED_EDGE('',*,*,#4736,.T.);
#6348=ORIENTED_EDGE('',*,*,#4733,.T.);
#6349=ORIENTED_EDGE('',*,*,#4730,.T.);
#6350=ORIENTED_EDGE('',*,*,#4727,.T.);
#6351=ORIENTED_EDGE('',*,*,#4724,.T.);
#6352=ORIENTED_EDGE('',*,*,#4721,.T.);
#6353=ORIENTED_EDGE('',*,*,#4718,.T.);
#6354=ORIENTED_EDGE('',*,*,#4715,.T.);
#6355=ORIENTED_EDGE('',*,*,#4740,.F.);
#6356=ORIENTED_EDGE('',*,*,#4741,.T.);
#6357=ORIENTED_EDGE('',*,*,#4742,.F.);
#6358=ORIENTED_EDGE('',*,*,#4743,.F.);
#6359=ORIENTED_EDGE('',*,*,#4744,.F.);
#6360=ORIENTED_EDGE('',*,*,#4743,.T.);
#6361=ORIENTED_EDGE('',*,*,#4745,.F.);
#6362=ORIENTED_EDGE('',*,*,#4746,.F.);
#6363=ORIENTED_EDGE('',*,*,#4747,.F.);
#6364=ORIENTED_EDGE('',*,*,#4746,.T.);
#6365=ORIENTED_EDGE('',*,*,#4748,.F.);
#6366=ORIENTED_EDGE('',*,*,#4749,.F.);
#6367=ORIENTED_EDGE('',*,*,#4750,.F.);
#6368=ORIENTED_EDGE('',*,*,#4749,.T.);
#6369=ORIENTED_EDGE('',*,*,#4751,.F.);
#6370=ORIENTED_EDGE('',*,*,#4741,.F.);
#6371=ORIENTED_EDGE('',*,*,#4751,.T.);
#6372=ORIENTED_EDGE('',*,*,#4748,.T.);
#6373=ORIENTED_EDGE('',*,*,#4745,.T.);
#6374=ORIENTED_EDGE('',*,*,#4742,.T.);
#6375=ORIENTED_EDGE('',*,*,#4752,.F.);
#6376=ORIENTED_EDGE('',*,*,#4753,.T.);
#6377=ORIENTED_EDGE('',*,*,#4754,.F.);
#6378=ORIENTED_EDGE('',*,*,#4755,.F.);
#6379=ORIENTED_EDGE('',*,*,#4756,.F.);
#6380=ORIENTED_EDGE('',*,*,#4755,.T.);
#6381=ORIENTED_EDGE('',*,*,#4757,.F.);
#6382=ORIENTED_EDGE('',*,*,#4758,.F.);
#6383=ORIENTED_EDGE('',*,*,#4759,.F.);
#6384=ORIENTED_EDGE('',*,*,#4758,.T.);
#6385=ORIENTED_EDGE('',*,*,#4760,.F.);
#6386=ORIENTED_EDGE('',*,*,#4761,.F.);
#6387=ORIENTED_EDGE('',*,*,#4762,.F.);
#6388=ORIENTED_EDGE('',*,*,#4761,.T.);
#6389=ORIENTED_EDGE('',*,*,#4763,.F.);
#6390=ORIENTED_EDGE('',*,*,#4764,.F.);
#6391=ORIENTED_EDGE('',*,*,#4765,.F.);
#6392=ORIENTED_EDGE('',*,*,#4764,.T.);
#6393=ORIENTED_EDGE('',*,*,#4766,.F.);
#6394=ORIENTED_EDGE('',*,*,#4767,.F.);
#6395=ORIENTED_EDGE('',*,*,#4768,.F.);
#6396=ORIENTED_EDGE('',*,*,#4767,.T.);
#6397=ORIENTED_EDGE('',*,*,#4769,.F.);
#6398=ORIENTED_EDGE('',*,*,#4770,.F.);
#6399=ORIENTED_EDGE('',*,*,#4771,.F.);
#6400=ORIENTED_EDGE('',*,*,#4770,.T.);
#6401=ORIENTED_EDGE('',*,*,#4772,.F.);
#6402=ORIENTED_EDGE('',*,*,#4773,.F.);
#6403=ORIENTED_EDGE('',*,*,#4774,.F.);
#6404=ORIENTED_EDGE('',*,*,#4773,.T.);
#6405=ORIENTED_EDGE('',*,*,#4775,.F.);
#6406=ORIENTED_EDGE('',*,*,#4776,.F.);
#6407=ORIENTED_EDGE('',*,*,#4777,.F.);
#6408=ORIENTED_EDGE('',*,*,#4776,.T.);
#6409=ORIENTED_EDGE('',*,*,#4778,.F.);
#6410=ORIENTED_EDGE('',*,*,#4779,.F.);
#6411=ORIENTED_EDGE('',*,*,#4780,.F.);
#6412=ORIENTED_EDGE('',*,*,#4779,.T.);
#6413=ORIENTED_EDGE('',*,*,#4781,.F.);
#6414=ORIENTED_EDGE('',*,*,#4782,.F.);
#6415=ORIENTED_EDGE('',*,*,#4783,.F.);
#6416=ORIENTED_EDGE('',*,*,#4782,.T.);
#6417=ORIENTED_EDGE('',*,*,#4784,.F.);
#6418=ORIENTED_EDGE('',*,*,#4785,.F.);
#6419=ORIENTED_EDGE('',*,*,#4786,.F.);
#6420=ORIENTED_EDGE('',*,*,#4785,.T.);
#6421=ORIENTED_EDGE('',*,*,#4787,.F.);
#6422=ORIENTED_EDGE('',*,*,#4788,.F.);
#6423=ORIENTED_EDGE('',*,*,#4789,.F.);
#6424=ORIENTED_EDGE('',*,*,#4788,.T.);
#6425=ORIENTED_EDGE('',*,*,#4790,.F.);
#6426=ORIENTED_EDGE('',*,*,#4791,.F.);
#6427=ORIENTED_EDGE('',*,*,#4792,.F.);
#6428=ORIENTED_EDGE('',*,*,#4791,.T.);
#6429=ORIENTED_EDGE('',*,*,#4793,.F.);
#6430=ORIENTED_EDGE('',*,*,#4794,.F.);
#6431=ORIENTED_EDGE('',*,*,#4795,.F.);
#6432=ORIENTED_EDGE('',*,*,#4794,.T.);
#6433=ORIENTED_EDGE('',*,*,#4796,.F.);
#6434=ORIENTED_EDGE('',*,*,#4797,.F.);
#6435=ORIENTED_EDGE('',*,*,#4798,.F.);
#6436=ORIENTED_EDGE('',*,*,#4797,.T.);
#6437=ORIENTED_EDGE('',*,*,#4799,.F.);
#6438=ORIENTED_EDGE('',*,*,#4800,.F.);
#6439=ORIENTED_EDGE('',*,*,#4801,.F.);
#6440=ORIENTED_EDGE('',*,*,#4800,.T.);
#6441=ORIENTED_EDGE('',*,*,#4802,.F.);
#6442=ORIENTED_EDGE('',*,*,#4753,.F.);
#6443=ORIENTED_EDGE('',*,*,#4802,.T.);
#6444=ORIENTED_EDGE('',*,*,#4799,.T.);
#6445=ORIENTED_EDGE('',*,*,#4796,.T.);
#6446=ORIENTED_EDGE('',*,*,#4793,.T.);
#6447=ORIENTED_EDGE('',*,*,#4790,.T.);
#6448=ORIENTED_EDGE('',*,*,#4787,.T.);
#6449=ORIENTED_EDGE('',*,*,#4784,.T.);
#6450=ORIENTED_EDGE('',*,*,#4781,.T.);
#6451=ORIENTED_EDGE('',*,*,#4778,.T.);
#6452=ORIENTED_EDGE('',*,*,#4775,.T.);
#6453=ORIENTED_EDGE('',*,*,#4772,.T.);
#6454=ORIENTED_EDGE('',*,*,#4769,.T.);
#6455=ORIENTED_EDGE('',*,*,#4766,.T.);
#6456=ORIENTED_EDGE('',*,*,#4763,.T.);
#6457=ORIENTED_EDGE('',*,*,#4760,.T.);
#6458=ORIENTED_EDGE('',*,*,#4757,.T.);
#6459=ORIENTED_EDGE('',*,*,#4754,.T.);
#6460=ORIENTED_EDGE('',*,*,#4803,.F.);
#6461=ORIENTED_EDGE('',*,*,#4804,.T.);
#6462=ORIENTED_EDGE('',*,*,#4805,.F.);
#6463=ORIENTED_EDGE('',*,*,#4806,.F.);
#6464=ORIENTED_EDGE('',*,*,#4807,.F.);
#6465=ORIENTED_EDGE('',*,*,#4808,.T.);
#6466=ORIENTED_EDGE('',*,*,#4809,.F.);
#6467=ORIENTED_EDGE('',*,*,#4804,.F.);
#6468=ORIENTED_EDGE('',*,*,#4810,.F.);
#6469=ORIENTED_EDGE('',*,*,#4811,.T.);
#6470=ORIENTED_EDGE('',*,*,#4812,.F.);
#6471=ORIENTED_EDGE('',*,*,#4808,.F.);
#6472=ORIENTED_EDGE('',*,*,#4813,.F.);
#6473=ORIENTED_EDGE('',*,*,#4814,.T.);
#6474=ORIENTED_EDGE('',*,*,#4815,.F.);
#6475=ORIENTED_EDGE('',*,*,#4811,.F.);
#6476=ORIENTED_EDGE('',*,*,#4816,.F.);
#6477=ORIENTED_EDGE('',*,*,#4817,.T.);
#6478=ORIENTED_EDGE('',*,*,#4818,.F.);
#6479=ORIENTED_EDGE('',*,*,#4814,.F.);
#6480=ORIENTED_EDGE('',*,*,#4819,.F.);
#6481=ORIENTED_EDGE('',*,*,#4820,.T.);
#6482=ORIENTED_EDGE('',*,*,#4821,.F.);
#6483=ORIENTED_EDGE('',*,*,#4817,.F.);
#6484=ORIENTED_EDGE('',*,*,#4822,.F.);
#6485=ORIENTED_EDGE('',*,*,#4806,.T.);
#6486=ORIENTED_EDGE('',*,*,#4823,.F.);
#6487=ORIENTED_EDGE('',*,*,#4820,.F.);
#6488=ORIENTED_EDGE('',*,*,#4824,.F.);
#6489=ORIENTED_EDGE('',*,*,#4825,.T.);
#6490=ORIENTED_EDGE('',*,*,#4826,.F.);
#6491=ORIENTED_EDGE('',*,*,#4827,.F.);
#6492=ORIENTED_EDGE('',*,*,#4828,.F.);
#6493=ORIENTED_EDGE('',*,*,#4827,.T.);
#6494=ORIENTED_EDGE('',*,*,#4829,.F.);
#6495=ORIENTED_EDGE('',*,*,#4830,.F.);
#6496=ORIENTED_EDGE('',*,*,#4831,.F.);
#6497=ORIENTED_EDGE('',*,*,#4830,.T.);
#6498=ORIENTED_EDGE('',*,*,#4832,.F.);
#6499=ORIENTED_EDGE('',*,*,#4833,.F.);
#6500=ORIENTED_EDGE('',*,*,#4834,.F.);
#6501=ORIENTED_EDGE('',*,*,#4833,.T.);
#6502=ORIENTED_EDGE('',*,*,#4835,.F.);
#6503=ORIENTED_EDGE('',*,*,#4836,.F.);
#6504=ORIENTED_EDGE('',*,*,#4837,.F.);
#6505=ORIENTED_EDGE('',*,*,#4836,.T.);
#6506=ORIENTED_EDGE('',*,*,#4838,.F.);
#6507=ORIENTED_EDGE('',*,*,#4839,.F.);
#6508=ORIENTED_EDGE('',*,*,#4840,.F.);
#6509=ORIENTED_EDGE('',*,*,#4839,.T.);
#6510=ORIENTED_EDGE('',*,*,#4841,.F.);
#6511=ORIENTED_EDGE('',*,*,#4842,.F.);
#6512=ORIENTED_EDGE('',*,*,#4843,.F.);
#6513=ORIENTED_EDGE('',*,*,#4842,.T.);
#6514=ORIENTED_EDGE('',*,*,#4844,.F.);
#6515=ORIENTED_EDGE('',*,*,#4845,.F.);
#6516=ORIENTED_EDGE('',*,*,#4846,.F.);
#6517=ORIENTED_EDGE('',*,*,#4845,.T.);
#6518=ORIENTED_EDGE('',*,*,#4847,.F.);
#6519=ORIENTED_EDGE('',*,*,#4848,.F.);
#6520=ORIENTED_EDGE('',*,*,#4849,.F.);
#6521=ORIENTED_EDGE('',*,*,#4848,.T.);
#6522=ORIENTED_EDGE('',*,*,#4850,.F.);
#6523=ORIENTED_EDGE('',*,*,#4851,.F.);
#6524=ORIENTED_EDGE('',*,*,#4852,.F.);
#6525=ORIENTED_EDGE('',*,*,#4851,.T.);
#6526=ORIENTED_EDGE('',*,*,#4853,.F.);
#6527=ORIENTED_EDGE('',*,*,#4854,.F.);
#6528=ORIENTED_EDGE('',*,*,#4855,.F.);
#6529=ORIENTED_EDGE('',*,*,#4854,.T.);
#6530=ORIENTED_EDGE('',*,*,#4856,.F.);
#6531=ORIENTED_EDGE('',*,*,#4825,.F.);
#6532=ORIENTED_EDGE('',*,*,#4856,.T.);
#6533=ORIENTED_EDGE('',*,*,#4853,.T.);
#6534=ORIENTED_EDGE('',*,*,#4850,.T.);
#6535=ORIENTED_EDGE('',*,*,#4847,.T.);
#6536=ORIENTED_EDGE('',*,*,#4844,.T.);
#6537=ORIENTED_EDGE('',*,*,#4841,.T.);
#6538=ORIENTED_EDGE('',*,*,#4838,.T.);
#6539=ORIENTED_EDGE('',*,*,#4835,.T.);
#6540=ORIENTED_EDGE('',*,*,#4832,.T.);
#6541=ORIENTED_EDGE('',*,*,#4829,.T.);
#6542=ORIENTED_EDGE('',*,*,#4826,.T.);
#6543=ORIENTED_EDGE('',*,*,#4805,.T.);
#6544=ORIENTED_EDGE('',*,*,#4809,.T.);
#6545=ORIENTED_EDGE('',*,*,#4812,.T.);
#6546=ORIENTED_EDGE('',*,*,#4815,.T.);
#6547=ORIENTED_EDGE('',*,*,#4818,.T.);
#6548=ORIENTED_EDGE('',*,*,#4821,.T.);
#6549=ORIENTED_EDGE('',*,*,#4823,.T.);
#6550=ORIENTED_EDGE('',*,*,#4857,.F.);
#6551=ORIENTED_EDGE('',*,*,#4858,.T.);
#6552=ORIENTED_EDGE('',*,*,#4859,.F.);
#6553=ORIENTED_EDGE('',*,*,#4860,.F.);
#6554=ORIENTED_EDGE('',*,*,#4861,.F.);
#6555=ORIENTED_EDGE('',*,*,#4862,.T.);
#6556=ORIENTED_EDGE('',*,*,#4863,.F.);
#6557=ORIENTED_EDGE('',*,*,#4858,.F.);
#6558=ORIENTED_EDGE('',*,*,#4864,.F.);
#6559=ORIENTED_EDGE('',*,*,#4865,.T.);
#6560=ORIENTED_EDGE('',*,*,#4866,.F.);
#6561=ORIENTED_EDGE('',*,*,#4862,.F.);
#6562=ORIENTED_EDGE('',*,*,#4867,.F.);
#6563=ORIENTED_EDGE('',*,*,#4868,.T.);
#6564=ORIENTED_EDGE('',*,*,#4869,.F.);
#6565=ORIENTED_EDGE('',*,*,#4865,.F.);
#6566=ORIENTED_EDGE('',*,*,#4870,.F.);
#6567=ORIENTED_EDGE('',*,*,#4871,.T.);
#6568=ORIENTED_EDGE('',*,*,#4872,.F.);
#6569=ORIENTED_EDGE('',*,*,#4868,.F.);
#6570=ORIENTED_EDGE('',*,*,#4873,.F.);
#6571=ORIENTED_EDGE('',*,*,#4860,.T.);
#6572=ORIENTED_EDGE('',*,*,#4874,.F.);
#6573=ORIENTED_EDGE('',*,*,#4871,.F.);
#6574=ORIENTED_EDGE('',*,*,#4875,.F.);
#6575=ORIENTED_EDGE('',*,*,#4876,.T.);
#6576=ORIENTED_EDGE('',*,*,#4877,.F.);
#6577=ORIENTED_EDGE('',*,*,#4878,.F.);
#6578=ORIENTED_EDGE('',*,*,#4879,.F.);
#6579=ORIENTED_EDGE('',*,*,#4878,.T.);
#6580=ORIENTED_EDGE('',*,*,#4880,.F.);
#6581=ORIENTED_EDGE('',*,*,#4881,.F.);
#6582=ORIENTED_EDGE('',*,*,#4882,.F.);
#6583=ORIENTED_EDGE('',*,*,#4881,.T.);
#6584=ORIENTED_EDGE('',*,*,#4883,.F.);
#6585=ORIENTED_EDGE('',*,*,#4884,.F.);
#6586=ORIENTED_EDGE('',*,*,#4885,.F.);
#6587=ORIENTED_EDGE('',*,*,#4884,.T.);
#6588=ORIENTED_EDGE('',*,*,#4886,.F.);
#6589=ORIENTED_EDGE('',*,*,#4887,.F.);
#6590=ORIENTED_EDGE('',*,*,#4888,.F.);
#6591=ORIENTED_EDGE('',*,*,#4887,.T.);
#6592=ORIENTED_EDGE('',*,*,#4889,.F.);
#6593=ORIENTED_EDGE('',*,*,#4890,.F.);
#6594=ORIENTED_EDGE('',*,*,#4891,.F.);
#6595=ORIENTED_EDGE('',*,*,#4890,.T.);
#6596=ORIENTED_EDGE('',*,*,#4892,.F.);
#6597=ORIENTED_EDGE('',*,*,#4893,.F.);
#6598=ORIENTED_EDGE('',*,*,#4894,.F.);
#6599=ORIENTED_EDGE('',*,*,#4893,.T.);
#6600=ORIENTED_EDGE('',*,*,#4895,.F.);
#6601=ORIENTED_EDGE('',*,*,#4896,.F.);
#6602=ORIENTED_EDGE('',*,*,#4897,.F.);
#6603=ORIENTED_EDGE('',*,*,#4896,.T.);
#6604=ORIENTED_EDGE('',*,*,#4898,.F.);
#6605=ORIENTED_EDGE('',*,*,#4876,.F.);
#6606=ORIENTED_EDGE('',*,*,#4898,.T.);
#6607=ORIENTED_EDGE('',*,*,#4895,.T.);
#6608=ORIENTED_EDGE('',*,*,#4892,.T.);
#6609=ORIENTED_EDGE('',*,*,#4889,.T.);
#6610=ORIENTED_EDGE('',*,*,#4886,.T.);
#6611=ORIENTED_EDGE('',*,*,#4883,.T.);
#6612=ORIENTED_EDGE('',*,*,#4880,.T.);
#6613=ORIENTED_EDGE('',*,*,#4877,.T.);
#6614=ORIENTED_EDGE('',*,*,#4859,.T.);
#6615=ORIENTED_EDGE('',*,*,#4863,.T.);
#6616=ORIENTED_EDGE('',*,*,#4866,.T.);
#6617=ORIENTED_EDGE('',*,*,#4869,.T.);
#6618=ORIENTED_EDGE('',*,*,#4872,.T.);
#6619=ORIENTED_EDGE('',*,*,#4874,.T.);
#6620=ORIENTED_EDGE('',*,*,#4899,.F.);
#6621=ORIENTED_EDGE('',*,*,#4900,.T.);
#6622=ORIENTED_EDGE('',*,*,#4901,.F.);
#6623=ORIENTED_EDGE('',*,*,#4902,.F.);
#6624=ORIENTED_EDGE('',*,*,#4903,.F.);
#6625=ORIENTED_EDGE('',*,*,#4902,.T.);
#6626=ORIENTED_EDGE('',*,*,#4904,.F.);
#6627=ORIENTED_EDGE('',*,*,#4905,.F.);
#6628=ORIENTED_EDGE('',*,*,#4906,.F.);
#6629=ORIENTED_EDGE('',*,*,#4905,.T.);
#6630=ORIENTED_EDGE('',*,*,#4907,.F.);
#6631=ORIENTED_EDGE('',*,*,#4908,.F.);
#6632=ORIENTED_EDGE('',*,*,#4909,.F.);
#6633=ORIENTED_EDGE('',*,*,#4908,.T.);
#6634=ORIENTED_EDGE('',*,*,#4910,.F.);
#6635=ORIENTED_EDGE('',*,*,#4911,.F.);
#6636=ORIENTED_EDGE('',*,*,#4912,.F.);
#6637=ORIENTED_EDGE('',*,*,#4911,.T.);
#6638=ORIENTED_EDGE('',*,*,#4913,.F.);
#6639=ORIENTED_EDGE('',*,*,#4914,.F.);
#6640=ORIENTED_EDGE('',*,*,#4915,.F.);
#6641=ORIENTED_EDGE('',*,*,#4914,.T.);
#6642=ORIENTED_EDGE('',*,*,#4916,.F.);
#6643=ORIENTED_EDGE('',*,*,#4917,.F.);
#6644=ORIENTED_EDGE('',*,*,#4918,.F.);
#6645=ORIENTED_EDGE('',*,*,#4917,.T.);
#6646=ORIENTED_EDGE('',*,*,#4919,.F.);
#6647=ORIENTED_EDGE('',*,*,#4920,.F.);
#6648=ORIENTED_EDGE('',*,*,#4921,.F.);
#6649=ORIENTED_EDGE('',*,*,#4920,.T.);
#6650=ORIENTED_EDGE('',*,*,#4922,.F.);
#6651=ORIENTED_EDGE('',*,*,#4923,.F.);
#6652=ORIENTED_EDGE('',*,*,#4924,.F.);
#6653=ORIENTED_EDGE('',*,*,#4923,.T.);
#6654=ORIENTED_EDGE('',*,*,#4925,.F.);
#6655=ORIENTED_EDGE('',*,*,#4926,.F.);
#6656=ORIENTED_EDGE('',*,*,#4927,.F.);
#6657=ORIENTED_EDGE('',*,*,#4926,.T.);
#6658=ORIENTED_EDGE('',*,*,#4928,.F.);
#6659=ORIENTED_EDGE('',*,*,#4929,.F.);
#6660=ORIENTED_EDGE('',*,*,#4930,.F.);
#6661=ORIENTED_EDGE('',*,*,#4929,.T.);
#6662=ORIENTED_EDGE('',*,*,#4931,.F.);
#6663=ORIENTED_EDGE('',*,*,#4932,.F.);
#6664=ORIENTED_EDGE('',*,*,#4933,.F.);
#6665=ORIENTED_EDGE('',*,*,#4932,.T.);
#6666=ORIENTED_EDGE('',*,*,#4934,.F.);
#6667=ORIENTED_EDGE('',*,*,#4935,.F.);
#6668=ORIENTED_EDGE('',*,*,#4936,.F.);
#6669=ORIENTED_EDGE('',*,*,#4935,.T.);
#6670=ORIENTED_EDGE('',*,*,#4937,.F.);
#6671=ORIENTED_EDGE('',*,*,#4900,.F.);
#6672=ORIENTED_EDGE('',*,*,#4937,.T.);
#6673=ORIENTED_EDGE('',*,*,#4934,.T.);
#6674=ORIENTED_EDGE('',*,*,#4931,.T.);
#6675=ORIENTED_EDGE('',*,*,#4928,.T.);
#6676=ORIENTED_EDGE('',*,*,#4925,.T.);
#6677=ORIENTED_EDGE('',*,*,#4922,.T.);
#6678=ORIENTED_EDGE('',*,*,#4919,.T.);
#6679=ORIENTED_EDGE('',*,*,#4916,.T.);
#6680=ORIENTED_EDGE('',*,*,#4913,.T.);
#6681=ORIENTED_EDGE('',*,*,#4910,.T.);
#6682=ORIENTED_EDGE('',*,*,#4907,.T.);
#6683=ORIENTED_EDGE('',*,*,#4904,.T.);
#6684=ORIENTED_EDGE('',*,*,#4901,.T.);
#6685=ORIENTED_EDGE('',*,*,#4938,.F.);
#6686=ORIENTED_EDGE('',*,*,#4939,.T.);
#6687=ORIENTED_EDGE('',*,*,#4940,.F.);
#6688=ORIENTED_EDGE('',*,*,#4941,.F.);
#6689=ORIENTED_EDGE('',*,*,#4942,.F.);
#6690=ORIENTED_EDGE('',*,*,#4943,.T.);
#6691=ORIENTED_EDGE('',*,*,#4944,.F.);
#6692=ORIENTED_EDGE('',*,*,#4939,.F.);
#6693=ORIENTED_EDGE('',*,*,#4945,.F.);
#6694=ORIENTED_EDGE('',*,*,#4946,.T.);
#6695=ORIENTED_EDGE('',*,*,#4947,.F.);
#6696=ORIENTED_EDGE('',*,*,#4943,.F.);
#6697=ORIENTED_EDGE('',*,*,#4948,.F.);
#6698=ORIENTED_EDGE('',*,*,#4949,.T.);
#6699=ORIENTED_EDGE('',*,*,#4950,.F.);
#6700=ORIENTED_EDGE('',*,*,#4946,.F.);
#6701=ORIENTED_EDGE('',*,*,#4951,.F.);
#6702=ORIENTED_EDGE('',*,*,#4952,.T.);
#6703=ORIENTED_EDGE('',*,*,#4953,.F.);
#6704=ORIENTED_EDGE('',*,*,#4949,.F.);
#6705=ORIENTED_EDGE('',*,*,#4954,.F.);
#6706=ORIENTED_EDGE('',*,*,#4955,.T.);
#6707=ORIENTED_EDGE('',*,*,#4956,.F.);
#6708=ORIENTED_EDGE('',*,*,#4952,.F.);
#6709=ORIENTED_EDGE('',*,*,#4957,.F.);
#6710=ORIENTED_EDGE('',*,*,#4941,.T.);
#6711=ORIENTED_EDGE('',*,*,#4958,.F.);
#6712=ORIENTED_EDGE('',*,*,#4955,.F.);
#6713=ORIENTED_EDGE('',*,*,#4959,.F.);
#6714=ORIENTED_EDGE('',*,*,#4960,.T.);
#6715=ORIENTED_EDGE('',*,*,#4961,.F.);
#6716=ORIENTED_EDGE('',*,*,#4962,.F.);
#6717=ORIENTED_EDGE('',*,*,#4963,.F.);
#6718=ORIENTED_EDGE('',*,*,#4962,.T.);
#6719=ORIENTED_EDGE('',*,*,#4964,.F.);
#6720=ORIENTED_EDGE('',*,*,#4965,.F.);
#6721=ORIENTED_EDGE('',*,*,#4966,.F.);
#6722=ORIENTED_EDGE('',*,*,#4965,.T.);
#6723=ORIENTED_EDGE('',*,*,#4967,.F.);
#6724=ORIENTED_EDGE('',*,*,#4968,.F.);
#6725=ORIENTED_EDGE('',*,*,#4969,.F.);
#6726=ORIENTED_EDGE('',*,*,#4968,.T.);
#6727=ORIENTED_EDGE('',*,*,#4970,.F.);
#6728=ORIENTED_EDGE('',*,*,#4971,.F.);
#6729=ORIENTED_EDGE('',*,*,#4972,.F.);
#6730=ORIENTED_EDGE('',*,*,#4971,.T.);
#6731=ORIENTED_EDGE('',*,*,#4973,.F.);
#6732=ORIENTED_EDGE('',*,*,#4974,.F.);
#6733=ORIENTED_EDGE('',*,*,#4975,.F.);
#6734=ORIENTED_EDGE('',*,*,#4974,.T.);
#6735=ORIENTED_EDGE('',*,*,#4976,.F.);
#6736=ORIENTED_EDGE('',*,*,#4977,.F.);
#6737=ORIENTED_EDGE('',*,*,#4978,.F.);
#6738=ORIENTED_EDGE('',*,*,#4977,.T.);
#6739=ORIENTED_EDGE('',*,*,#4979,.F.);
#6740=ORIENTED_EDGE('',*,*,#4980,.F.);
#6741=ORIENTED_EDGE('',*,*,#4981,.F.);
#6742=ORIENTED_EDGE('',*,*,#4980,.T.);
#6743=ORIENTED_EDGE('',*,*,#4982,.F.);
#6744=ORIENTED_EDGE('',*,*,#4983,.F.);
#6745=ORIENTED_EDGE('',*,*,#4984,.F.);
#6746=ORIENTED_EDGE('',*,*,#4983,.T.);
#6747=ORIENTED_EDGE('',*,*,#4985,.F.);
#6748=ORIENTED_EDGE('',*,*,#4960,.F.);
#6749=ORIENTED_EDGE('',*,*,#4985,.T.);
#6750=ORIENTED_EDGE('',*,*,#4982,.T.);
#6751=ORIENTED_EDGE('',*,*,#4979,.T.);
#6752=ORIENTED_EDGE('',*,*,#4976,.T.);
#6753=ORIENTED_EDGE('',*,*,#4973,.T.);
#6754=ORIENTED_EDGE('',*,*,#4970,.T.);
#6755=ORIENTED_EDGE('',*,*,#4967,.T.);
#6756=ORIENTED_EDGE('',*,*,#4964,.T.);
#6757=ORIENTED_EDGE('',*,*,#4961,.T.);
#6758=ORIENTED_EDGE('',*,*,#4940,.T.);
#6759=ORIENTED_EDGE('',*,*,#4944,.T.);
#6760=ORIENTED_EDGE('',*,*,#4947,.T.);
#6761=ORIENTED_EDGE('',*,*,#4950,.T.);
#6762=ORIENTED_EDGE('',*,*,#4953,.T.);
#6763=ORIENTED_EDGE('',*,*,#4956,.T.);
#6764=ORIENTED_EDGE('',*,*,#4958,.T.);
#6765=ORIENTED_EDGE('',*,*,#4986,.F.);
#6766=ORIENTED_EDGE('',*,*,#4987,.T.);
#6767=ORIENTED_EDGE('',*,*,#4988,.F.);
#6768=ORIENTED_EDGE('',*,*,#4989,.F.);
#6769=ORIENTED_EDGE('',*,*,#4990,.F.);
#6770=ORIENTED_EDGE('',*,*,#4989,.T.);
#6771=ORIENTED_EDGE('',*,*,#4991,.F.);
#6772=ORIENTED_EDGE('',*,*,#4992,.F.);
#6773=ORIENTED_EDGE('',*,*,#4993,.F.);
#6774=ORIENTED_EDGE('',*,*,#4992,.T.);
#6775=ORIENTED_EDGE('',*,*,#4994,.F.);
#6776=ORIENTED_EDGE('',*,*,#4995,.F.);
#6777=ORIENTED_EDGE('',*,*,#4996,.F.);
#6778=ORIENTED_EDGE('',*,*,#4995,.T.);
#6779=ORIENTED_EDGE('',*,*,#4997,.F.);
#6780=ORIENTED_EDGE('',*,*,#4998,.F.);
#6781=ORIENTED_EDGE('',*,*,#4999,.F.);
#6782=ORIENTED_EDGE('',*,*,#4998,.T.);
#6783=ORIENTED_EDGE('',*,*,#5000,.F.);
#6784=ORIENTED_EDGE('',*,*,#5001,.F.);
#6785=ORIENTED_EDGE('',*,*,#5002,.F.);
#6786=ORIENTED_EDGE('',*,*,#5001,.T.);
#6787=ORIENTED_EDGE('',*,*,#5003,.F.);
#6788=ORIENTED_EDGE('',*,*,#5004,.F.);
#6789=ORIENTED_EDGE('',*,*,#5005,.F.);
#6790=ORIENTED_EDGE('',*,*,#5004,.T.);
#6791=ORIENTED_EDGE('',*,*,#5006,.F.);
#6792=ORIENTED_EDGE('',*,*,#5007,.F.);
#6793=ORIENTED_EDGE('',*,*,#5008,.F.);
#6794=ORIENTED_EDGE('',*,*,#5007,.T.);
#6795=ORIENTED_EDGE('',*,*,#5009,.F.);
#6796=ORIENTED_EDGE('',*,*,#4987,.F.);
#6797=ORIENTED_EDGE('',*,*,#5009,.T.);
#6798=ORIENTED_EDGE('',*,*,#5006,.T.);
#6799=ORIENTED_EDGE('',*,*,#5003,.T.);
#6800=ORIENTED_EDGE('',*,*,#5000,.T.);
#6801=ORIENTED_EDGE('',*,*,#4997,.T.);
#6802=ORIENTED_EDGE('',*,*,#4994,.T.);
#6803=ORIENTED_EDGE('',*,*,#4991,.T.);
#6804=ORIENTED_EDGE('',*,*,#4988,.T.);
#6805=ORIENTED_EDGE('',*,*,#5010,.F.);
#6806=ORIENTED_EDGE('',*,*,#5011,.T.);
#6807=ORIENTED_EDGE('',*,*,#5012,.F.);
#6808=ORIENTED_EDGE('',*,*,#5013,.F.);
#6809=ORIENTED_EDGE('',*,*,#5014,.F.);
#6810=ORIENTED_EDGE('',*,*,#5013,.T.);
#6811=ORIENTED_EDGE('',*,*,#5015,.F.);
#6812=ORIENTED_EDGE('',*,*,#5016,.F.);
#6813=ORIENTED_EDGE('',*,*,#5017,.F.);
#6814=ORIENTED_EDGE('',*,*,#5016,.T.);
#6815=ORIENTED_EDGE('',*,*,#5018,.F.);
#6816=ORIENTED_EDGE('',*,*,#5019,.F.);
#6817=ORIENTED_EDGE('',*,*,#5020,.F.);
#6818=ORIENTED_EDGE('',*,*,#5019,.T.);
#6819=ORIENTED_EDGE('',*,*,#5021,.F.);
#6820=ORIENTED_EDGE('',*,*,#5022,.F.);
#6821=ORIENTED_EDGE('',*,*,#5023,.F.);
#6822=ORIENTED_EDGE('',*,*,#5022,.T.);
#6823=ORIENTED_EDGE('',*,*,#5024,.F.);
#6824=ORIENTED_EDGE('',*,*,#5025,.F.);
#6825=ORIENTED_EDGE('',*,*,#5026,.F.);
#6826=ORIENTED_EDGE('',*,*,#5025,.T.);
#6827=ORIENTED_EDGE('',*,*,#5027,.F.);
#6828=ORIENTED_EDGE('',*,*,#5028,.F.);
#6829=ORIENTED_EDGE('',*,*,#5029,.F.);
#6830=ORIENTED_EDGE('',*,*,#5028,.T.);
#6831=ORIENTED_EDGE('',*,*,#5030,.F.);
#6832=ORIENTED_EDGE('',*,*,#5031,.F.);
#6833=ORIENTED_EDGE('',*,*,#5032,.F.);
#6834=ORIENTED_EDGE('',*,*,#5031,.T.);
#6835=ORIENTED_EDGE('',*,*,#5033,.F.);
#6836=ORIENTED_EDGE('',*,*,#5034,.F.);
#6837=ORIENTED_EDGE('',*,*,#5035,.F.);
#6838=ORIENTED_EDGE('',*,*,#5034,.T.);
#6839=ORIENTED_EDGE('',*,*,#5036,.F.);
#6840=ORIENTED_EDGE('',*,*,#5037,.F.);
#6841=ORIENTED_EDGE('',*,*,#5038,.F.);
#6842=ORIENTED_EDGE('',*,*,#5037,.T.);
#6843=ORIENTED_EDGE('',*,*,#5039,.F.);
#6844=ORIENTED_EDGE('',*,*,#5040,.F.);
#6845=ORIENTED_EDGE('',*,*,#5041,.F.);
#6846=ORIENTED_EDGE('',*,*,#5040,.T.);
#6847=ORIENTED_EDGE('',*,*,#5042,.F.);
#6848=ORIENTED_EDGE('',*,*,#5043,.F.);
#6849=ORIENTED_EDGE('',*,*,#5044,.F.);
#6850=ORIENTED_EDGE('',*,*,#5043,.T.);
#6851=ORIENTED_EDGE('',*,*,#5045,.F.);
#6852=ORIENTED_EDGE('',*,*,#5046,.F.);
#6853=ORIENTED_EDGE('',*,*,#5047,.F.);
#6854=ORIENTED_EDGE('',*,*,#5046,.T.);
#6855=ORIENTED_EDGE('',*,*,#5048,.F.);
#6856=ORIENTED_EDGE('',*,*,#5049,.F.);
#6857=ORIENTED_EDGE('',*,*,#5050,.F.);
#6858=ORIENTED_EDGE('',*,*,#5049,.T.);
#6859=ORIENTED_EDGE('',*,*,#5051,.F.);
#6860=ORIENTED_EDGE('',*,*,#5052,.F.);
#6861=ORIENTED_EDGE('',*,*,#5053,.F.);
#6862=ORIENTED_EDGE('',*,*,#5052,.T.);
#6863=ORIENTED_EDGE('',*,*,#5054,.F.);
#6864=ORIENTED_EDGE('',*,*,#5055,.F.);
#6865=ORIENTED_EDGE('',*,*,#5056,.F.);
#6866=ORIENTED_EDGE('',*,*,#5055,.T.);
#6867=ORIENTED_EDGE('',*,*,#5057,.F.);
#6868=ORIENTED_EDGE('',*,*,#5058,.F.);
#6869=ORIENTED_EDGE('',*,*,#5059,.F.);
#6870=ORIENTED_EDGE('',*,*,#5058,.T.);
#6871=ORIENTED_EDGE('',*,*,#5060,.F.);
#6872=ORIENTED_EDGE('',*,*,#5061,.F.);
#6873=ORIENTED_EDGE('',*,*,#5062,.F.);
#6874=ORIENTED_EDGE('',*,*,#5061,.T.);
#6875=ORIENTED_EDGE('',*,*,#5063,.F.);
#6876=ORIENTED_EDGE('',*,*,#5064,.F.);
#6877=ORIENTED_EDGE('',*,*,#5065,.F.);
#6878=ORIENTED_EDGE('',*,*,#5064,.T.);
#6879=ORIENTED_EDGE('',*,*,#5066,.F.);
#6880=ORIENTED_EDGE('',*,*,#5067,.F.);
#6881=ORIENTED_EDGE('',*,*,#5068,.F.);
#6882=ORIENTED_EDGE('',*,*,#5067,.T.);
#6883=ORIENTED_EDGE('',*,*,#5069,.F.);
#6884=ORIENTED_EDGE('',*,*,#5011,.F.);
#6885=ORIENTED_EDGE('',*,*,#5069,.T.);
#6886=ORIENTED_EDGE('',*,*,#5066,.T.);
#6887=ORIENTED_EDGE('',*,*,#5063,.T.);
#6888=ORIENTED_EDGE('',*,*,#5060,.T.);
#6889=ORIENTED_EDGE('',*,*,#5057,.T.);
#6890=ORIENTED_EDGE('',*,*,#5054,.T.);
#6891=ORIENTED_EDGE('',*,*,#5051,.T.);
#6892=ORIENTED_EDGE('',*,*,#5048,.T.);
#6893=ORIENTED_EDGE('',*,*,#5045,.T.);
#6894=ORIENTED_EDGE('',*,*,#5042,.T.);
#6895=ORIENTED_EDGE('',*,*,#5039,.T.);
#6896=ORIENTED_EDGE('',*,*,#5036,.T.);
#6897=ORIENTED_EDGE('',*,*,#5033,.T.);
#6898=ORIENTED_EDGE('',*,*,#5030,.T.);
#6899=ORIENTED_EDGE('',*,*,#5027,.T.);
#6900=ORIENTED_EDGE('',*,*,#5024,.T.);
#6901=ORIENTED_EDGE('',*,*,#5021,.T.);
#6902=ORIENTED_EDGE('',*,*,#5018,.T.);
#6903=ORIENTED_EDGE('',*,*,#5015,.T.);
#6904=ORIENTED_EDGE('',*,*,#5012,.T.);
#6905=ORIENTED_EDGE('',*,*,#5070,.F.);
#6906=ORIENTED_EDGE('',*,*,#5071,.T.);
#6907=ORIENTED_EDGE('',*,*,#5072,.F.);
#6908=ORIENTED_EDGE('',*,*,#5073,.F.);
#6909=ORIENTED_EDGE('',*,*,#5074,.F.);
#6910=ORIENTED_EDGE('',*,*,#5073,.T.);
#6911=ORIENTED_EDGE('',*,*,#5075,.F.);
#6912=ORIENTED_EDGE('',*,*,#5076,.F.);
#6913=ORIENTED_EDGE('',*,*,#5077,.F.);
#6914=ORIENTED_EDGE('',*,*,#5076,.T.);
#6915=ORIENTED_EDGE('',*,*,#5078,.F.);
#6916=ORIENTED_EDGE('',*,*,#5079,.F.);
#6917=ORIENTED_EDGE('',*,*,#5080,.F.);
#6918=ORIENTED_EDGE('',*,*,#5079,.T.);
#6919=ORIENTED_EDGE('',*,*,#5081,.F.);
#6920=ORIENTED_EDGE('',*,*,#5082,.F.);
#6921=ORIENTED_EDGE('',*,*,#5083,.F.);
#6922=ORIENTED_EDGE('',*,*,#5082,.T.);
#6923=ORIENTED_EDGE('',*,*,#5084,.F.);
#6924=ORIENTED_EDGE('',*,*,#5085,.F.);
#6925=ORIENTED_EDGE('',*,*,#5086,.F.);
#6926=ORIENTED_EDGE('',*,*,#5085,.T.);
#6927=ORIENTED_EDGE('',*,*,#5087,.F.);
#6928=ORIENTED_EDGE('',*,*,#5088,.F.);
#6929=ORIENTED_EDGE('',*,*,#5089,.F.);
#6930=ORIENTED_EDGE('',*,*,#5088,.T.);
#6931=ORIENTED_EDGE('',*,*,#5090,.F.);
#6932=ORIENTED_EDGE('',*,*,#5091,.F.);
#6933=ORIENTED_EDGE('',*,*,#5092,.F.);
#6934=ORIENTED_EDGE('',*,*,#5091,.T.);
#6935=ORIENTED_EDGE('',*,*,#5093,.F.);
#6936=ORIENTED_EDGE('',*,*,#5094,.F.);
#6937=ORIENTED_EDGE('',*,*,#5095,.F.);
#6938=ORIENTED_EDGE('',*,*,#5094,.T.);
#6939=ORIENTED_EDGE('',*,*,#5096,.F.);
#6940=ORIENTED_EDGE('',*,*,#5097,.F.);
#6941=ORIENTED_EDGE('',*,*,#5098,.F.);
#6942=ORIENTED_EDGE('',*,*,#5097,.T.);
#6943=ORIENTED_EDGE('',*,*,#5099,.F.);
#6944=ORIENTED_EDGE('',*,*,#5100,.F.);
#6945=ORIENTED_EDGE('',*,*,#5101,.F.);
#6946=ORIENTED_EDGE('',*,*,#5100,.T.);
#6947=ORIENTED_EDGE('',*,*,#5102,.F.);
#6948=ORIENTED_EDGE('',*,*,#5103,.F.);
#6949=ORIENTED_EDGE('',*,*,#5104,.F.);
#6950=ORIENTED_EDGE('',*,*,#5103,.T.);
#6951=ORIENTED_EDGE('',*,*,#5105,.F.);
#6952=ORIENTED_EDGE('',*,*,#5071,.F.);
#6953=ORIENTED_EDGE('',*,*,#5105,.T.);
#6954=ORIENTED_EDGE('',*,*,#5102,.T.);
#6955=ORIENTED_EDGE('',*,*,#5099,.T.);
#6956=ORIENTED_EDGE('',*,*,#5096,.T.);
#6957=ORIENTED_EDGE('',*,*,#5093,.T.);
#6958=ORIENTED_EDGE('',*,*,#5090,.T.);
#6959=ORIENTED_EDGE('',*,*,#5087,.T.);
#6960=ORIENTED_EDGE('',*,*,#5084,.T.);
#6961=ORIENTED_EDGE('',*,*,#5081,.T.);
#6962=ORIENTED_EDGE('',*,*,#5078,.T.);
#6963=ORIENTED_EDGE('',*,*,#5075,.T.);
#6964=ORIENTED_EDGE('',*,*,#5072,.T.);
#6965=ORIENTED_EDGE('',*,*,#5106,.F.);
#6966=ORIENTED_EDGE('',*,*,#5107,.T.);
#6967=ORIENTED_EDGE('',*,*,#5108,.F.);
#6968=ORIENTED_EDGE('',*,*,#5109,.F.);
#6969=ORIENTED_EDGE('',*,*,#5110,.F.);
#6970=ORIENTED_EDGE('',*,*,#5111,.T.);
#6971=ORIENTED_EDGE('',*,*,#5112,.F.);
#6972=ORIENTED_EDGE('',*,*,#5107,.F.);
#6973=ORIENTED_EDGE('',*,*,#5113,.F.);
#6974=ORIENTED_EDGE('',*,*,#5114,.T.);
#6975=ORIENTED_EDGE('',*,*,#5115,.F.);
#6976=ORIENTED_EDGE('',*,*,#5111,.F.);
#6977=ORIENTED_EDGE('',*,*,#5116,.F.);
#6978=ORIENTED_EDGE('',*,*,#5117,.T.);
#6979=ORIENTED_EDGE('',*,*,#5118,.F.);
#6980=ORIENTED_EDGE('',*,*,#5114,.F.);
#6981=ORIENTED_EDGE('',*,*,#5119,.F.);
#6982=ORIENTED_EDGE('',*,*,#5120,.T.);
#6983=ORIENTED_EDGE('',*,*,#5121,.F.);
#6984=ORIENTED_EDGE('',*,*,#5117,.F.);
#6985=ORIENTED_EDGE('',*,*,#5122,.F.);
#6986=ORIENTED_EDGE('',*,*,#5109,.T.);
#6987=ORIENTED_EDGE('',*,*,#5123,.F.);
#6988=ORIENTED_EDGE('',*,*,#5120,.F.);
#6989=ORIENTED_EDGE('',*,*,#5124,.F.);
#6990=ORIENTED_EDGE('',*,*,#5125,.T.);
#6991=ORIENTED_EDGE('',*,*,#5126,.F.);
#6992=ORIENTED_EDGE('',*,*,#5127,.F.);
#6993=ORIENTED_EDGE('',*,*,#5128,.F.);
#6994=ORIENTED_EDGE('',*,*,#5127,.T.);
#6995=ORIENTED_EDGE('',*,*,#5129,.F.);
#6996=ORIENTED_EDGE('',*,*,#5130,.F.);
#6997=ORIENTED_EDGE('',*,*,#5131,.F.);
#6998=ORIENTED_EDGE('',*,*,#5130,.T.);
#6999=ORIENTED_EDGE('',*,*,#5132,.F.);
#7000=ORIENTED_EDGE('',*,*,#5133,.F.);
#7001=ORIENTED_EDGE('',*,*,#5134,.F.);
#7002=ORIENTED_EDGE('',*,*,#5133,.T.);
#7003=ORIENTED_EDGE('',*,*,#5135,.F.);
#7004=ORIENTED_EDGE('',*,*,#5136,.F.);
#7005=ORIENTED_EDGE('',*,*,#5137,.F.);
#7006=ORIENTED_EDGE('',*,*,#5136,.T.);
#7007=ORIENTED_EDGE('',*,*,#5138,.F.);
#7008=ORIENTED_EDGE('',*,*,#5139,.F.);
#7009=ORIENTED_EDGE('',*,*,#5140,.F.);
#7010=ORIENTED_EDGE('',*,*,#5139,.T.);
#7011=ORIENTED_EDGE('',*,*,#5141,.F.);
#7012=ORIENTED_EDGE('',*,*,#5142,.F.);
#7013=ORIENTED_EDGE('',*,*,#5143,.F.);
#7014=ORIENTED_EDGE('',*,*,#5142,.T.);
#7015=ORIENTED_EDGE('',*,*,#5144,.F.);
#7016=ORIENTED_EDGE('',*,*,#5145,.F.);
#7017=ORIENTED_EDGE('',*,*,#5146,.F.);
#7018=ORIENTED_EDGE('',*,*,#5145,.T.);
#7019=ORIENTED_EDGE('',*,*,#5147,.F.);
#7020=ORIENTED_EDGE('',*,*,#5125,.F.);
#7021=ORIENTED_EDGE('',*,*,#5147,.T.);
#7022=ORIENTED_EDGE('',*,*,#5144,.T.);
#7023=ORIENTED_EDGE('',*,*,#5141,.T.);
#7024=ORIENTED_EDGE('',*,*,#5138,.T.);
#7025=ORIENTED_EDGE('',*,*,#5135,.T.);
#7026=ORIENTED_EDGE('',*,*,#5132,.T.);
#7027=ORIENTED_EDGE('',*,*,#5129,.T.);
#7028=ORIENTED_EDGE('',*,*,#5126,.T.);
#7029=ORIENTED_EDGE('',*,*,#5108,.T.);
#7030=ORIENTED_EDGE('',*,*,#5112,.T.);
#7031=ORIENTED_EDGE('',*,*,#5115,.T.);
#7032=ORIENTED_EDGE('',*,*,#5118,.T.);
#7033=ORIENTED_EDGE('',*,*,#5121,.T.);
#7034=ORIENTED_EDGE('',*,*,#5123,.T.);
#7035=ORIENTED_EDGE('',*,*,#5148,.F.);
#7036=ORIENTED_EDGE('',*,*,#5149,.T.);
#7037=ORIENTED_EDGE('',*,*,#5150,.F.);
#7038=ORIENTED_EDGE('',*,*,#5151,.F.);
#7039=ORIENTED_EDGE('',*,*,#5152,.F.);
#7040=ORIENTED_EDGE('',*,*,#5151,.T.);
#7041=ORIENTED_EDGE('',*,*,#5153,.F.);
#7042=ORIENTED_EDGE('',*,*,#5154,.F.);
#7043=ORIENTED_EDGE('',*,*,#5155,.F.);
#7044=ORIENTED_EDGE('',*,*,#5154,.T.);
#7045=ORIENTED_EDGE('',*,*,#5156,.F.);
#7046=ORIENTED_EDGE('',*,*,#5157,.F.);
#7047=ORIENTED_EDGE('',*,*,#5158,.F.);
#7048=ORIENTED_EDGE('',*,*,#5157,.T.);
#7049=ORIENTED_EDGE('',*,*,#5159,.F.);
#7050=ORIENTED_EDGE('',*,*,#5160,.F.);
#7051=ORIENTED_EDGE('',*,*,#5161,.F.);
#7052=ORIENTED_EDGE('',*,*,#5160,.T.);
#7053=ORIENTED_EDGE('',*,*,#5162,.F.);
#7054=ORIENTED_EDGE('',*,*,#5163,.F.);
#7055=ORIENTED_EDGE('',*,*,#5164,.F.);
#7056=ORIENTED_EDGE('',*,*,#5163,.T.);
#7057=ORIENTED_EDGE('',*,*,#5165,.F.);
#7058=ORIENTED_EDGE('',*,*,#5166,.F.);
#7059=ORIENTED_EDGE('',*,*,#5167,.F.);
#7060=ORIENTED_EDGE('',*,*,#5166,.T.);
#7061=ORIENTED_EDGE('',*,*,#5168,.F.);
#7062=ORIENTED_EDGE('',*,*,#5169,.F.);
#7063=ORIENTED_EDGE('',*,*,#5170,.F.);
#7064=ORIENTED_EDGE('',*,*,#5169,.T.);
#7065=ORIENTED_EDGE('',*,*,#5171,.F.);
#7066=ORIENTED_EDGE('',*,*,#5149,.F.);
#7067=ORIENTED_EDGE('',*,*,#5171,.T.);
#7068=ORIENTED_EDGE('',*,*,#5168,.T.);
#7069=ORIENTED_EDGE('',*,*,#5165,.T.);
#7070=ORIENTED_EDGE('',*,*,#5162,.T.);
#7071=ORIENTED_EDGE('',*,*,#5159,.T.);
#7072=ORIENTED_EDGE('',*,*,#5156,.T.);
#7073=ORIENTED_EDGE('',*,*,#5153,.T.);
#7074=ORIENTED_EDGE('',*,*,#5150,.T.);
#7075=ORIENTED_EDGE('',*,*,#5172,.F.);
#7076=ORIENTED_EDGE('',*,*,#5173,.T.);
#7077=ORIENTED_EDGE('',*,*,#5174,.F.);
#7078=ORIENTED_EDGE('',*,*,#5175,.F.);
#7079=ORIENTED_EDGE('',*,*,#5176,.F.);
#7080=ORIENTED_EDGE('',*,*,#5177,.T.);
#7081=ORIENTED_EDGE('',*,*,#5178,.F.);
#7082=ORIENTED_EDGE('',*,*,#5173,.F.);
#7083=ORIENTED_EDGE('',*,*,#5179,.F.);
#7084=ORIENTED_EDGE('',*,*,#5180,.T.);
#7085=ORIENTED_EDGE('',*,*,#5181,.F.);
#7086=ORIENTED_EDGE('',*,*,#5177,.F.);
#7087=ORIENTED_EDGE('',*,*,#5182,.F.);
#7088=ORIENTED_EDGE('',*,*,#5183,.T.);
#7089=ORIENTED_EDGE('',*,*,#5184,.F.);
#7090=ORIENTED_EDGE('',*,*,#5180,.F.);
#7091=ORIENTED_EDGE('',*,*,#5185,.F.);
#7092=ORIENTED_EDGE('',*,*,#5175,.T.);
#7093=ORIENTED_EDGE('',*,*,#5186,.F.);
#7094=ORIENTED_EDGE('',*,*,#5183,.F.);
#7095=ORIENTED_EDGE('',*,*,#5187,.F.);
#7096=ORIENTED_EDGE('',*,*,#5188,.T.);
#7097=ORIENTED_EDGE('',*,*,#5189,.F.);
#7098=ORIENTED_EDGE('',*,*,#5190,.F.);
#7099=ORIENTED_EDGE('',*,*,#5191,.F.);
#7100=ORIENTED_EDGE('',*,*,#5192,.T.);
#7101=ORIENTED_EDGE('',*,*,#5193,.F.);
#7102=ORIENTED_EDGE('',*,*,#5188,.F.);
#7103=ORIENTED_EDGE('',*,*,#5194,.F.);
#7104=ORIENTED_EDGE('',*,*,#5195,.T.);
#7105=ORIENTED_EDGE('',*,*,#5196,.F.);
#7106=ORIENTED_EDGE('',*,*,#5192,.F.);
#7107=ORIENTED_EDGE('',*,*,#5197,.F.);
#7108=ORIENTED_EDGE('',*,*,#5198,.T.);
#7109=ORIENTED_EDGE('',*,*,#5199,.F.);
#7110=ORIENTED_EDGE('',*,*,#5195,.F.);
#7111=ORIENTED_EDGE('',*,*,#5200,.F.);
#7112=ORIENTED_EDGE('',*,*,#5190,.T.);
#7113=ORIENTED_EDGE('',*,*,#5201,.F.);
#7114=ORIENTED_EDGE('',*,*,#5198,.F.);
#7115=ORIENTED_EDGE('',*,*,#5202,.F.);
#7116=ORIENTED_EDGE('',*,*,#5203,.T.);
#7117=ORIENTED_EDGE('',*,*,#5204,.F.);
#7118=ORIENTED_EDGE('',*,*,#5205,.F.);
#7119=ORIENTED_EDGE('',*,*,#5206,.F.);
#7120=ORIENTED_EDGE('',*,*,#5205,.T.);
#7121=ORIENTED_EDGE('',*,*,#5207,.F.);
#7122=ORIENTED_EDGE('',*,*,#5208,.F.);
#7123=ORIENTED_EDGE('',*,*,#5209,.F.);
#7124=ORIENTED_EDGE('',*,*,#5208,.T.);
#7125=ORIENTED_EDGE('',*,*,#5210,.F.);
#7126=ORIENTED_EDGE('',*,*,#5211,.F.);
#7127=ORIENTED_EDGE('',*,*,#5212,.F.);
#7128=ORIENTED_EDGE('',*,*,#5211,.T.);
#7129=ORIENTED_EDGE('',*,*,#5213,.F.);
#7130=ORIENTED_EDGE('',*,*,#5214,.F.);
#7131=ORIENTED_EDGE('',*,*,#5215,.F.);
#7132=ORIENTED_EDGE('',*,*,#5214,.T.);
#7133=ORIENTED_EDGE('',*,*,#5216,.F.);
#7134=ORIENTED_EDGE('',*,*,#5217,.F.);
#7135=ORIENTED_EDGE('',*,*,#5218,.F.);
#7136=ORIENTED_EDGE('',*,*,#5217,.T.);
#7137=ORIENTED_EDGE('',*,*,#5219,.F.);
#7138=ORIENTED_EDGE('',*,*,#5220,.F.);
#7139=ORIENTED_EDGE('',*,*,#5221,.F.);
#7140=ORIENTED_EDGE('',*,*,#5220,.T.);
#7141=ORIENTED_EDGE('',*,*,#5222,.F.);
#7142=ORIENTED_EDGE('',*,*,#5223,.F.);
#7143=ORIENTED_EDGE('',*,*,#5224,.F.);
#7144=ORIENTED_EDGE('',*,*,#5223,.T.);
#7145=ORIENTED_EDGE('',*,*,#5225,.F.);
#7146=ORIENTED_EDGE('',*,*,#5226,.F.);
#7147=ORIENTED_EDGE('',*,*,#5227,.F.);
#7148=ORIENTED_EDGE('',*,*,#5226,.T.);
#7149=ORIENTED_EDGE('',*,*,#5228,.F.);
#7150=ORIENTED_EDGE('',*,*,#5229,.F.);
#7151=ORIENTED_EDGE('',*,*,#5230,.F.);
#7152=ORIENTED_EDGE('',*,*,#5229,.T.);
#7153=ORIENTED_EDGE('',*,*,#5231,.F.);
#7154=ORIENTED_EDGE('',*,*,#5232,.F.);
#7155=ORIENTED_EDGE('',*,*,#5233,.F.);
#7156=ORIENTED_EDGE('',*,*,#5232,.T.);
#7157=ORIENTED_EDGE('',*,*,#5234,.F.);
#7158=ORIENTED_EDGE('',*,*,#5203,.F.);
#7159=ORIENTED_EDGE('',*,*,#5234,.T.);
#7160=ORIENTED_EDGE('',*,*,#5231,.T.);
#7161=ORIENTED_EDGE('',*,*,#5228,.T.);
#7162=ORIENTED_EDGE('',*,*,#5225,.T.);
#7163=ORIENTED_EDGE('',*,*,#5222,.T.);
#7164=ORIENTED_EDGE('',*,*,#5219,.T.);
#7165=ORIENTED_EDGE('',*,*,#5216,.T.);
#7166=ORIENTED_EDGE('',*,*,#5213,.T.);
#7167=ORIENTED_EDGE('',*,*,#5210,.T.);
#7168=ORIENTED_EDGE('',*,*,#5207,.T.);
#7169=ORIENTED_EDGE('',*,*,#5204,.T.);
#7170=ORIENTED_EDGE('',*,*,#5174,.T.);
#7171=ORIENTED_EDGE('',*,*,#5178,.T.);
#7172=ORIENTED_EDGE('',*,*,#5181,.T.);
#7173=ORIENTED_EDGE('',*,*,#5184,.T.);
#7174=ORIENTED_EDGE('',*,*,#5186,.T.);
#7175=ORIENTED_EDGE('',*,*,#5189,.T.);
#7176=ORIENTED_EDGE('',*,*,#5193,.T.);
#7177=ORIENTED_EDGE('',*,*,#5196,.T.);
#7178=ORIENTED_EDGE('',*,*,#5199,.T.);
#7179=ORIENTED_EDGE('',*,*,#5201,.T.);
#7180=ORIENTED_EDGE('',*,*,#5235,.F.);
#7181=ORIENTED_EDGE('',*,*,#5236,.T.);
#7182=ORIENTED_EDGE('',*,*,#5237,.F.);
#7183=ORIENTED_EDGE('',*,*,#5238,.F.);
#7184=ORIENTED_EDGE('',*,*,#5239,.F.);
#7185=ORIENTED_EDGE('',*,*,#5240,.T.);
#7186=ORIENTED_EDGE('',*,*,#5241,.F.);
#7187=ORIENTED_EDGE('',*,*,#5236,.F.);
#7188=ORIENTED_EDGE('',*,*,#5242,.F.);
#7189=ORIENTED_EDGE('',*,*,#5243,.T.);
#7190=ORIENTED_EDGE('',*,*,#5244,.F.);
#7191=ORIENTED_EDGE('',*,*,#5240,.F.);
#7192=ORIENTED_EDGE('',*,*,#5245,.F.);
#7193=ORIENTED_EDGE('',*,*,#5246,.T.);
#7194=ORIENTED_EDGE('',*,*,#5247,.F.);
#7195=ORIENTED_EDGE('',*,*,#5243,.F.);
#7196=ORIENTED_EDGE('',*,*,#5248,.F.);
#7197=ORIENTED_EDGE('',*,*,#5249,.T.);
#7198=ORIENTED_EDGE('',*,*,#5250,.F.);
#7199=ORIENTED_EDGE('',*,*,#5246,.F.);
#7200=ORIENTED_EDGE('',*,*,#5251,.F.);
#7201=ORIENTED_EDGE('',*,*,#5252,.T.);
#7202=ORIENTED_EDGE('',*,*,#5253,.F.);
#7203=ORIENTED_EDGE('',*,*,#5249,.F.);
#7204=ORIENTED_EDGE('',*,*,#5254,.F.);
#7205=ORIENTED_EDGE('',*,*,#5238,.T.);
#7206=ORIENTED_EDGE('',*,*,#5255,.F.);
#7207=ORIENTED_EDGE('',*,*,#5252,.F.);
#7208=ORIENTED_EDGE('',*,*,#5256,.F.);
#7209=ORIENTED_EDGE('',*,*,#5257,.T.);
#7210=ORIENTED_EDGE('',*,*,#5258,.F.);
#7211=ORIENTED_EDGE('',*,*,#5259,.F.);
#7212=ORIENTED_EDGE('',*,*,#5260,.F.);
#7213=ORIENTED_EDGE('',*,*,#5261,.T.);
#7214=ORIENTED_EDGE('',*,*,#5262,.F.);
#7215=ORIENTED_EDGE('',*,*,#5257,.F.);
#7216=ORIENTED_EDGE('',*,*,#5263,.F.);
#7217=ORIENTED_EDGE('',*,*,#5264,.T.);
#7218=ORIENTED_EDGE('',*,*,#5265,.F.);
#7219=ORIENTED_EDGE('',*,*,#5261,.F.);
#7220=ORIENTED_EDGE('',*,*,#5266,.F.);
#7221=ORIENTED_EDGE('',*,*,#5267,.T.);
#7222=ORIENTED_EDGE('',*,*,#5268,.F.);
#7223=ORIENTED_EDGE('',*,*,#5264,.F.);
#7224=ORIENTED_EDGE('',*,*,#5269,.F.);
#7225=ORIENTED_EDGE('',*,*,#5270,.T.);
#7226=ORIENTED_EDGE('',*,*,#5271,.F.);
#7227=ORIENTED_EDGE('',*,*,#5267,.F.);
#7228=ORIENTED_EDGE('',*,*,#5272,.F.);
#7229=ORIENTED_EDGE('',*,*,#5273,.T.);
#7230=ORIENTED_EDGE('',*,*,#5274,.F.);
#7231=ORIENTED_EDGE('',*,*,#5270,.F.);
#7232=ORIENTED_EDGE('',*,*,#5275,.F.);
#7233=ORIENTED_EDGE('',*,*,#5259,.T.);
#7234=ORIENTED_EDGE('',*,*,#5276,.F.);
#7235=ORIENTED_EDGE('',*,*,#5273,.F.);
#7236=ORIENTED_EDGE('',*,*,#5277,.F.);
#7237=ORIENTED_EDGE('',*,*,#5278,.T.);
#7238=ORIENTED_EDGE('',*,*,#5279,.F.);
#7239=ORIENTED_EDGE('',*,*,#5280,.F.);
#7240=ORIENTED_EDGE('',*,*,#5281,.F.);
#7241=ORIENTED_EDGE('',*,*,#5280,.T.);
#7242=ORIENTED_EDGE('',*,*,#5282,.F.);
#7243=ORIENTED_EDGE('',*,*,#5283,.F.);
#7244=ORIENTED_EDGE('',*,*,#5284,.F.);
#7245=ORIENTED_EDGE('',*,*,#5283,.T.);
#7246=ORIENTED_EDGE('',*,*,#5285,.F.);
#7247=ORIENTED_EDGE('',*,*,#5286,.F.);
#7248=ORIENTED_EDGE('',*,*,#5287,.F.);
#7249=ORIENTED_EDGE('',*,*,#5286,.T.);
#7250=ORIENTED_EDGE('',*,*,#5288,.F.);
#7251=ORIENTED_EDGE('',*,*,#5289,.F.);
#7252=ORIENTED_EDGE('',*,*,#5290,.F.);
#7253=ORIENTED_EDGE('',*,*,#5289,.T.);
#7254=ORIENTED_EDGE('',*,*,#5291,.F.);
#7255=ORIENTED_EDGE('',*,*,#5292,.F.);
#7256=ORIENTED_EDGE('',*,*,#5293,.F.);
#7257=ORIENTED_EDGE('',*,*,#5292,.T.);
#7258=ORIENTED_EDGE('',*,*,#5294,.F.);
#7259=ORIENTED_EDGE('',*,*,#5295,.F.);
#7260=ORIENTED_EDGE('',*,*,#5296,.F.);
#7261=ORIENTED_EDGE('',*,*,#5295,.T.);
#7262=ORIENTED_EDGE('',*,*,#5297,.F.);
#7263=ORIENTED_EDGE('',*,*,#5298,.F.);
#7264=ORIENTED_EDGE('',*,*,#5299,.F.);
#7265=ORIENTED_EDGE('',*,*,#5298,.T.);
#7266=ORIENTED_EDGE('',*,*,#5300,.F.);
#7267=ORIENTED_EDGE('',*,*,#5301,.F.);
#7268=ORIENTED_EDGE('',*,*,#5302,.F.);
#7269=ORIENTED_EDGE('',*,*,#5301,.T.);
#7270=ORIENTED_EDGE('',*,*,#5303,.F.);
#7271=ORIENTED_EDGE('',*,*,#5304,.F.);
#7272=ORIENTED_EDGE('',*,*,#5305,.F.);
#7273=ORIENTED_EDGE('',*,*,#5304,.T.);
#7274=ORIENTED_EDGE('',*,*,#5306,.F.);
#7275=ORIENTED_EDGE('',*,*,#5278,.F.);
#7276=ORIENTED_EDGE('',*,*,#5306,.T.);
#7277=ORIENTED_EDGE('',*,*,#5303,.T.);
#7278=ORIENTED_EDGE('',*,*,#5300,.T.);
#7279=ORIENTED_EDGE('',*,*,#5297,.T.);
#7280=ORIENTED_EDGE('',*,*,#5294,.T.);
#7281=ORIENTED_EDGE('',*,*,#5291,.T.);
#7282=ORIENTED_EDGE('',*,*,#5288,.T.);
#7283=ORIENTED_EDGE('',*,*,#5285,.T.);
#7284=ORIENTED_EDGE('',*,*,#5282,.T.);
#7285=ORIENTED_EDGE('',*,*,#5279,.T.);
#7286=ORIENTED_EDGE('',*,*,#5237,.T.);
#7287=ORIENTED_EDGE('',*,*,#5241,.T.);
#7288=ORIENTED_EDGE('',*,*,#5244,.T.);
#7289=ORIENTED_EDGE('',*,*,#5247,.T.);
#7290=ORIENTED_EDGE('',*,*,#5250,.T.);
#7291=ORIENTED_EDGE('',*,*,#5253,.T.);
#7292=ORIENTED_EDGE('',*,*,#5255,.T.);
#7293=ORIENTED_EDGE('',*,*,#5258,.T.);
#7294=ORIENTED_EDGE('',*,*,#5262,.T.);
#7295=ORIENTED_EDGE('',*,*,#5265,.T.);
#7296=ORIENTED_EDGE('',*,*,#5268,.T.);
#7297=ORIENTED_EDGE('',*,*,#5271,.T.);
#7298=ORIENTED_EDGE('',*,*,#5274,.T.);
#7299=ORIENTED_EDGE('',*,*,#5276,.T.);
#7300=ORIENTED_EDGE('',*,*,#5307,.F.);
#7301=ORIENTED_EDGE('',*,*,#5308,.T.);
#7302=ORIENTED_EDGE('',*,*,#5309,.F.);
#7303=ORIENTED_EDGE('',*,*,#5310,.F.);
#7304=ORIENTED_EDGE('',*,*,#5311,.F.);
#7305=ORIENTED_EDGE('',*,*,#5310,.T.);
#7306=ORIENTED_EDGE('',*,*,#5312,.F.);
#7307=ORIENTED_EDGE('',*,*,#5313,.F.);
#7308=ORIENTED_EDGE('',*,*,#5314,.F.);
#7309=ORIENTED_EDGE('',*,*,#5313,.T.);
#7310=ORIENTED_EDGE('',*,*,#5315,.F.);
#7311=ORIENTED_EDGE('',*,*,#5316,.F.);
#7312=ORIENTED_EDGE('',*,*,#5317,.F.);
#7313=ORIENTED_EDGE('',*,*,#5316,.T.);
#7314=ORIENTED_EDGE('',*,*,#5318,.F.);
#7315=ORIENTED_EDGE('',*,*,#5319,.F.);
#7316=ORIENTED_EDGE('',*,*,#5320,.F.);
#7317=ORIENTED_EDGE('',*,*,#5319,.T.);
#7318=ORIENTED_EDGE('',*,*,#5321,.F.);
#7319=ORIENTED_EDGE('',*,*,#5322,.F.);
#7320=ORIENTED_EDGE('',*,*,#5323,.F.);
#7321=ORIENTED_EDGE('',*,*,#5322,.T.);
#7322=ORIENTED_EDGE('',*,*,#5324,.F.);
#7323=ORIENTED_EDGE('',*,*,#5325,.F.);
#7324=ORIENTED_EDGE('',*,*,#5326,.F.);
#7325=ORIENTED_EDGE('',*,*,#5325,.T.);
#7326=ORIENTED_EDGE('',*,*,#5327,.F.);
#7327=ORIENTED_EDGE('',*,*,#5328,.F.);
#7328=ORIENTED_EDGE('',*,*,#5329,.F.);
#7329=ORIENTED_EDGE('',*,*,#5328,.T.);
#7330=ORIENTED_EDGE('',*,*,#5330,.F.);
#7331=ORIENTED_EDGE('',*,*,#5331,.F.);
#7332=ORIENTED_EDGE('',*,*,#5332,.F.);
#7333=ORIENTED_EDGE('',*,*,#5331,.T.);
#7334=ORIENTED_EDGE('',*,*,#5333,.F.);
#7335=ORIENTED_EDGE('',*,*,#5334,.F.);
#7336=ORIENTED_EDGE('',*,*,#5335,.F.);
#7337=ORIENTED_EDGE('',*,*,#5334,.T.);
#7338=ORIENTED_EDGE('',*,*,#5336,.F.);
#7339=ORIENTED_EDGE('',*,*,#5337,.F.);
#7340=ORIENTED_EDGE('',*,*,#5338,.F.);
#7341=ORIENTED_EDGE('',*,*,#5337,.T.);
#7342=ORIENTED_EDGE('',*,*,#5339,.F.);
#7343=ORIENTED_EDGE('',*,*,#5340,.F.);
#7344=ORIENTED_EDGE('',*,*,#5341,.F.);
#7345=ORIENTED_EDGE('',*,*,#5340,.T.);
#7346=ORIENTED_EDGE('',*,*,#5342,.F.);
#7347=ORIENTED_EDGE('',*,*,#5308,.F.);
#7348=ORIENTED_EDGE('',*,*,#5342,.T.);
#7349=ORIENTED_EDGE('',*,*,#5339,.T.);
#7350=ORIENTED_EDGE('',*,*,#5336,.T.);
#7351=ORIENTED_EDGE('',*,*,#5333,.T.);
#7352=ORIENTED_EDGE('',*,*,#5330,.T.);
#7353=ORIENTED_EDGE('',*,*,#5327,.T.);
#7354=ORIENTED_EDGE('',*,*,#5324,.T.);
#7355=ORIENTED_EDGE('',*,*,#5321,.T.);
#7356=ORIENTED_EDGE('',*,*,#5318,.T.);
#7357=ORIENTED_EDGE('',*,*,#5315,.T.);
#7358=ORIENTED_EDGE('',*,*,#5312,.T.);
#7359=ORIENTED_EDGE('',*,*,#5309,.T.);
#7360=ORIENTED_EDGE('',*,*,#5343,.F.);
#7361=ORIENTED_EDGE('',*,*,#5344,.T.);
#7362=ORIENTED_EDGE('',*,*,#5345,.F.);
#7363=ORIENTED_EDGE('',*,*,#5346,.F.);
#7364=ORIENTED_EDGE('',*,*,#5347,.F.);
#7365=ORIENTED_EDGE('',*,*,#5346,.T.);
#7366=ORIENTED_EDGE('',*,*,#5348,.F.);
#7367=ORIENTED_EDGE('',*,*,#5349,.F.);
#7368=ORIENTED_EDGE('',*,*,#5350,.F.);
#7369=ORIENTED_EDGE('',*,*,#5349,.T.);
#7370=ORIENTED_EDGE('',*,*,#5351,.F.);
#7371=ORIENTED_EDGE('',*,*,#5352,.F.);
#7372=ORIENTED_EDGE('',*,*,#5353,.F.);
#7373=ORIENTED_EDGE('',*,*,#5352,.T.);
#7374=ORIENTED_EDGE('',*,*,#5354,.F.);
#7375=ORIENTED_EDGE('',*,*,#5355,.F.);
#7376=ORIENTED_EDGE('',*,*,#5356,.F.);
#7377=ORIENTED_EDGE('',*,*,#5355,.T.);
#7378=ORIENTED_EDGE('',*,*,#5357,.F.);
#7379=ORIENTED_EDGE('',*,*,#5358,.F.);
#7380=ORIENTED_EDGE('',*,*,#5359,.F.);
#7381=ORIENTED_EDGE('',*,*,#5358,.T.);
#7382=ORIENTED_EDGE('',*,*,#5360,.F.);
#7383=ORIENTED_EDGE('',*,*,#5361,.F.);
#7384=ORIENTED_EDGE('',*,*,#5362,.F.);
#7385=ORIENTED_EDGE('',*,*,#5361,.T.);
#7386=ORIENTED_EDGE('',*,*,#5363,.F.);
#7387=ORIENTED_EDGE('',*,*,#5364,.F.);
#7388=ORIENTED_EDGE('',*,*,#5365,.F.);
#7389=ORIENTED_EDGE('',*,*,#5364,.T.);
#7390=ORIENTED_EDGE('',*,*,#5366,.F.);
#7391=ORIENTED_EDGE('',*,*,#5367,.F.);
#7392=ORIENTED_EDGE('',*,*,#5368,.F.);
#7393=ORIENTED_EDGE('',*,*,#5367,.T.);
#7394=ORIENTED_EDGE('',*,*,#5369,.F.);
#7395=ORIENTED_EDGE('',*,*,#5370,.F.);
#7396=ORIENTED_EDGE('',*,*,#5371,.F.);
#7397=ORIENTED_EDGE('',*,*,#5370,.T.);
#7398=ORIENTED_EDGE('',*,*,#5372,.F.);
#7399=ORIENTED_EDGE('',*,*,#5373,.F.);
#7400=ORIENTED_EDGE('',*,*,#5374,.F.);
#7401=ORIENTED_EDGE('',*,*,#5373,.T.);
#7402=ORIENTED_EDGE('',*,*,#5375,.F.);
#7403=ORIENTED_EDGE('',*,*,#5376,.F.);
#7404=ORIENTED_EDGE('',*,*,#5377,.F.);
#7405=ORIENTED_EDGE('',*,*,#5376,.T.);
#7406=ORIENTED_EDGE('',*,*,#5378,.F.);
#7407=ORIENTED_EDGE('',*,*,#5379,.F.);
#7408=ORIENTED_EDGE('',*,*,#5380,.F.);
#7409=ORIENTED_EDGE('',*,*,#5379,.T.);
#7410=ORIENTED_EDGE('',*,*,#5381,.F.);
#7411=ORIENTED_EDGE('',*,*,#5382,.F.);
#7412=ORIENTED_EDGE('',*,*,#5383,.F.);
#7413=ORIENTED_EDGE('',*,*,#5382,.T.);
#7414=ORIENTED_EDGE('',*,*,#5384,.F.);
#7415=ORIENTED_EDGE('',*,*,#5385,.F.);
#7416=ORIENTED_EDGE('',*,*,#5386,.F.);
#7417=ORIENTED_EDGE('',*,*,#5385,.T.);
#7418=ORIENTED_EDGE('',*,*,#5387,.F.);
#7419=ORIENTED_EDGE('',*,*,#5388,.F.);
#7420=ORIENTED_EDGE('',*,*,#5389,.F.);
#7421=ORIENTED_EDGE('',*,*,#5388,.T.);
#7422=ORIENTED_EDGE('',*,*,#5390,.F.);
#7423=ORIENTED_EDGE('',*,*,#5391,.F.);
#7424=ORIENTED_EDGE('',*,*,#5392,.F.);
#7425=ORIENTED_EDGE('',*,*,#5391,.T.);
#7426=ORIENTED_EDGE('',*,*,#5393,.F.);
#7427=ORIENTED_EDGE('',*,*,#5394,.F.);
#7428=ORIENTED_EDGE('',*,*,#5395,.F.);
#7429=ORIENTED_EDGE('',*,*,#5394,.T.);
#7430=ORIENTED_EDGE('',*,*,#5396,.F.);
#7431=ORIENTED_EDGE('',*,*,#5397,.F.);
#7432=ORIENTED_EDGE('',*,*,#5398,.F.);
#7433=ORIENTED_EDGE('',*,*,#5397,.T.);
#7434=ORIENTED_EDGE('',*,*,#5399,.F.);
#7435=ORIENTED_EDGE('',*,*,#5400,.F.);
#7436=ORIENTED_EDGE('',*,*,#5401,.F.);
#7437=ORIENTED_EDGE('',*,*,#5400,.T.);
#7438=ORIENTED_EDGE('',*,*,#5402,.F.);
#7439=ORIENTED_EDGE('',*,*,#5344,.F.);
#7440=ORIENTED_EDGE('',*,*,#5402,.T.);
#7441=ORIENTED_EDGE('',*,*,#5399,.T.);
#7442=ORIENTED_EDGE('',*,*,#5396,.T.);
#7443=ORIENTED_EDGE('',*,*,#5393,.T.);
#7444=ORIENTED_EDGE('',*,*,#5390,.T.);
#7445=ORIENTED_EDGE('',*,*,#5387,.T.);
#7446=ORIENTED_EDGE('',*,*,#5384,.T.);
#7447=ORIENTED_EDGE('',*,*,#5381,.T.);
#7448=ORIENTED_EDGE('',*,*,#5378,.T.);
#7449=ORIENTED_EDGE('',*,*,#5375,.T.);
#7450=ORIENTED_EDGE('',*,*,#5372,.T.);
#7451=ORIENTED_EDGE('',*,*,#5369,.T.);
#7452=ORIENTED_EDGE('',*,*,#5366,.T.);
#7453=ORIENTED_EDGE('',*,*,#5363,.T.);
#7454=ORIENTED_EDGE('',*,*,#5360,.T.);
#7455=ORIENTED_EDGE('',*,*,#5357,.T.);
#7456=ORIENTED_EDGE('',*,*,#5354,.T.);
#7457=ORIENTED_EDGE('',*,*,#5351,.T.);
#7458=ORIENTED_EDGE('',*,*,#5348,.T.);
#7459=ORIENTED_EDGE('',*,*,#5345,.T.);
#7460=ORIENTED_EDGE('',*,*,#5403,.F.);
#7461=ORIENTED_EDGE('',*,*,#5404,.T.);
#7462=ORIENTED_EDGE('',*,*,#5405,.F.);
#7463=ORIENTED_EDGE('',*,*,#5406,.F.);
#7464=ORIENTED_EDGE('',*,*,#5407,.F.);
#7465=ORIENTED_EDGE('',*,*,#5408,.T.);
#7466=ORIENTED_EDGE('',*,*,#5409,.F.);
#7467=ORIENTED_EDGE('',*,*,#5404,.F.);
#7468=ORIENTED_EDGE('',*,*,#5410,.F.);
#7469=ORIENTED_EDGE('',*,*,#5411,.T.);
#7470=ORIENTED_EDGE('',*,*,#5412,.F.);
#7471=ORIENTED_EDGE('',*,*,#5408,.F.);
#7472=ORIENTED_EDGE('',*,*,#5413,.F.);
#7473=ORIENTED_EDGE('',*,*,#5414,.T.);
#7474=ORIENTED_EDGE('',*,*,#5415,.F.);
#7475=ORIENTED_EDGE('',*,*,#5411,.F.);
#7476=ORIENTED_EDGE('',*,*,#5416,.F.);
#7477=ORIENTED_EDGE('',*,*,#5417,.T.);
#7478=ORIENTED_EDGE('',*,*,#5418,.F.);
#7479=ORIENTED_EDGE('',*,*,#5414,.F.);
#7480=ORIENTED_EDGE('',*,*,#5419,.F.);
#7481=ORIENTED_EDGE('',*,*,#5420,.T.);
#7482=ORIENTED_EDGE('',*,*,#5421,.F.);
#7483=ORIENTED_EDGE('',*,*,#5417,.F.);
#7484=ORIENTED_EDGE('',*,*,#5422,.F.);
#7485=ORIENTED_EDGE('',*,*,#5406,.T.);
#7486=ORIENTED_EDGE('',*,*,#5423,.F.);
#7487=ORIENTED_EDGE('',*,*,#5420,.F.);
#7488=ORIENTED_EDGE('',*,*,#5424,.F.);
#7489=ORIENTED_EDGE('',*,*,#5425,.T.);
#7490=ORIENTED_EDGE('',*,*,#5426,.F.);
#7491=ORIENTED_EDGE('',*,*,#5427,.F.);
#7492=ORIENTED_EDGE('',*,*,#5428,.F.);
#7493=ORIENTED_EDGE('',*,*,#5427,.T.);
#7494=ORIENTED_EDGE('',*,*,#5429,.F.);
#7495=ORIENTED_EDGE('',*,*,#5430,.F.);
#7496=ORIENTED_EDGE('',*,*,#5431,.F.);
#7497=ORIENTED_EDGE('',*,*,#5430,.T.);
#7498=ORIENTED_EDGE('',*,*,#5432,.F.);
#7499=ORIENTED_EDGE('',*,*,#5433,.F.);
#7500=ORIENTED_EDGE('',*,*,#5434,.F.);
#7501=ORIENTED_EDGE('',*,*,#5433,.T.);
#7502=ORIENTED_EDGE('',*,*,#5435,.F.);
#7503=ORIENTED_EDGE('',*,*,#5436,.F.);
#7504=ORIENTED_EDGE('',*,*,#5437,.F.);
#7505=ORIENTED_EDGE('',*,*,#5436,.T.);
#7506=ORIENTED_EDGE('',*,*,#5438,.F.);
#7507=ORIENTED_EDGE('',*,*,#5439,.F.);
#7508=ORIENTED_EDGE('',*,*,#5440,.F.);
#7509=ORIENTED_EDGE('',*,*,#5439,.T.);
#7510=ORIENTED_EDGE('',*,*,#5441,.F.);
#7511=ORIENTED_EDGE('',*,*,#5442,.F.);
#7512=ORIENTED_EDGE('',*,*,#5443,.F.);
#7513=ORIENTED_EDGE('',*,*,#5442,.T.);
#7514=ORIENTED_EDGE('',*,*,#5444,.F.);
#7515=ORIENTED_EDGE('',*,*,#5425,.F.);
#7516=ORIENTED_EDGE('',*,*,#5444,.T.);
#7517=ORIENTED_EDGE('',*,*,#5441,.T.);
#7518=ORIENTED_EDGE('',*,*,#5438,.T.);
#7519=ORIENTED_EDGE('',*,*,#5435,.T.);
#7520=ORIENTED_EDGE('',*,*,#5432,.T.);
#7521=ORIENTED_EDGE('',*,*,#5429,.T.);
#7522=ORIENTED_EDGE('',*,*,#5426,.T.);
#7523=ORIENTED_EDGE('',*,*,#5405,.T.);
#7524=ORIENTED_EDGE('',*,*,#5409,.T.);
#7525=ORIENTED_EDGE('',*,*,#5412,.T.);
#7526=ORIENTED_EDGE('',*,*,#5415,.T.);
#7527=ORIENTED_EDGE('',*,*,#5418,.T.);
#7528=ORIENTED_EDGE('',*,*,#5421,.T.);
#7529=ORIENTED_EDGE('',*,*,#5423,.T.);
#7530=ORIENTED_EDGE('',*,*,#5445,.F.);
#7531=ORIENTED_EDGE('',*,*,#5446,.T.);
#7532=ORIENTED_EDGE('',*,*,#5447,.F.);
#7533=ORIENTED_EDGE('',*,*,#5448,.F.);
#7534=ORIENTED_EDGE('',*,*,#5449,.F.);
#7535=ORIENTED_EDGE('',*,*,#5448,.T.);
#7536=ORIENTED_EDGE('',*,*,#5450,.F.);
#7537=ORIENTED_EDGE('',*,*,#5451,.F.);
#7538=ORIENTED_EDGE('',*,*,#5452,.F.);
#7539=ORIENTED_EDGE('',*,*,#5451,.T.);
#7540=ORIENTED_EDGE('',*,*,#5453,.F.);
#7541=ORIENTED_EDGE('',*,*,#5454,.F.);
#7542=ORIENTED_EDGE('',*,*,#5455,.F.);
#7543=ORIENTED_EDGE('',*,*,#5454,.T.);
#7544=ORIENTED_EDGE('',*,*,#5456,.F.);
#7545=ORIENTED_EDGE('',*,*,#5457,.F.);
#7546=ORIENTED_EDGE('',*,*,#5458,.F.);
#7547=ORIENTED_EDGE('',*,*,#5457,.T.);
#7548=ORIENTED_EDGE('',*,*,#5459,.F.);
#7549=ORIENTED_EDGE('',*,*,#5460,.F.);
#7550=ORIENTED_EDGE('',*,*,#5461,.F.);
#7551=ORIENTED_EDGE('',*,*,#5460,.T.);
#7552=ORIENTED_EDGE('',*,*,#5462,.F.);
#7553=ORIENTED_EDGE('',*,*,#5463,.F.);
#7554=ORIENTED_EDGE('',*,*,#5464,.F.);
#7555=ORIENTED_EDGE('',*,*,#5463,.T.);
#7556=ORIENTED_EDGE('',*,*,#5465,.F.);
#7557=ORIENTED_EDGE('',*,*,#5466,.F.);
#7558=ORIENTED_EDGE('',*,*,#5467,.F.);
#7559=ORIENTED_EDGE('',*,*,#5466,.T.);
#7560=ORIENTED_EDGE('',*,*,#5468,.F.);
#7561=ORIENTED_EDGE('',*,*,#5469,.F.);
#7562=ORIENTED_EDGE('',*,*,#5470,.F.);
#7563=ORIENTED_EDGE('',*,*,#5469,.T.);
#7564=ORIENTED_EDGE('',*,*,#5471,.F.);
#7565=ORIENTED_EDGE('',*,*,#5472,.F.);
#7566=ORIENTED_EDGE('',*,*,#5473,.F.);
#7567=ORIENTED_EDGE('',*,*,#5472,.T.);
#7568=ORIENTED_EDGE('',*,*,#5474,.F.);
#7569=ORIENTED_EDGE('',*,*,#5475,.F.);
#7570=ORIENTED_EDGE('',*,*,#5476,.F.);
#7571=ORIENTED_EDGE('',*,*,#5475,.T.);
#7572=ORIENTED_EDGE('',*,*,#5477,.F.);
#7573=ORIENTED_EDGE('',*,*,#5478,.F.);
#7574=ORIENTED_EDGE('',*,*,#5479,.F.);
#7575=ORIENTED_EDGE('',*,*,#5478,.T.);
#7576=ORIENTED_EDGE('',*,*,#5480,.F.);
#7577=ORIENTED_EDGE('',*,*,#5481,.F.);
#7578=ORIENTED_EDGE('',*,*,#5482,.F.);
#7579=ORIENTED_EDGE('',*,*,#5481,.T.);
#7580=ORIENTED_EDGE('',*,*,#5483,.F.);
#7581=ORIENTED_EDGE('',*,*,#5484,.F.);
#7582=ORIENTED_EDGE('',*,*,#5485,.F.);
#7583=ORIENTED_EDGE('',*,*,#5484,.T.);
#7584=ORIENTED_EDGE('',*,*,#5486,.F.);
#7585=ORIENTED_EDGE('',*,*,#5487,.F.);
#7586=ORIENTED_EDGE('',*,*,#5488,.F.);
#7587=ORIENTED_EDGE('',*,*,#5487,.T.);
#7588=ORIENTED_EDGE('',*,*,#5489,.F.);
#7589=ORIENTED_EDGE('',*,*,#5490,.F.);
#7590=ORIENTED_EDGE('',*,*,#5491,.F.);
#7591=ORIENTED_EDGE('',*,*,#5490,.T.);
#7592=ORIENTED_EDGE('',*,*,#5492,.F.);
#7593=ORIENTED_EDGE('',*,*,#5493,.F.);
#7594=ORIENTED_EDGE('',*,*,#5494,.F.);
#7595=ORIENTED_EDGE('',*,*,#5493,.T.);
#7596=ORIENTED_EDGE('',*,*,#5495,.F.);
#7597=ORIENTED_EDGE('',*,*,#5496,.F.);
#7598=ORIENTED_EDGE('',*,*,#5497,.F.);
#7599=ORIENTED_EDGE('',*,*,#5496,.T.);
#7600=ORIENTED_EDGE('',*,*,#5498,.F.);
#7601=ORIENTED_EDGE('',*,*,#5499,.F.);
#7602=ORIENTED_EDGE('',*,*,#5500,.F.);
#7603=ORIENTED_EDGE('',*,*,#5499,.T.);
#7604=ORIENTED_EDGE('',*,*,#5501,.F.);
#7605=ORIENTED_EDGE('',*,*,#5502,.F.);
#7606=ORIENTED_EDGE('',*,*,#5503,.F.);
#7607=ORIENTED_EDGE('',*,*,#5502,.T.);
#7608=ORIENTED_EDGE('',*,*,#5504,.F.);
#7609=ORIENTED_EDGE('',*,*,#5446,.F.);
#7610=ORIENTED_EDGE('',*,*,#5504,.T.);
#7611=ORIENTED_EDGE('',*,*,#5501,.T.);
#7612=ORIENTED_EDGE('',*,*,#5498,.T.);
#7613=ORIENTED_EDGE('',*,*,#5495,.T.);
#7614=ORIENTED_EDGE('',*,*,#5492,.T.);
#7615=ORIENTED_EDGE('',*,*,#5489,.T.);
#7616=ORIENTED_EDGE('',*,*,#5486,.T.);
#7617=ORIENTED_EDGE('',*,*,#5483,.T.);
#7618=ORIENTED_EDGE('',*,*,#5480,.T.);
#7619=ORIENTED_EDGE('',*,*,#5477,.T.);
#7620=ORIENTED_EDGE('',*,*,#5474,.T.);
#7621=ORIENTED_EDGE('',*,*,#5471,.T.);
#7622=ORIENTED_EDGE('',*,*,#5468,.T.);
#7623=ORIENTED_EDGE('',*,*,#5465,.T.);
#7624=ORIENTED_EDGE('',*,*,#5462,.T.);
#7625=ORIENTED_EDGE('',*,*,#5459,.T.);
#7626=ORIENTED_EDGE('',*,*,#5456,.T.);
#7627=ORIENTED_EDGE('',*,*,#5453,.T.);
#7628=ORIENTED_EDGE('',*,*,#5450,.T.);
#7629=ORIENTED_EDGE('',*,*,#5447,.T.);
#7630=ORIENTED_EDGE('',*,*,#5505,.T.);
#7631=ORIENTED_EDGE('',*,*,#4587,.T.);
#7632=ORIENTED_EDGE('',*,*,#4591,.T.);
#7633=ORIENTED_EDGE('',*,*,#4594,.T.);
#7634=ORIENTED_EDGE('',*,*,#4597,.T.);
#7635=ORIENTED_EDGE('',*,*,#4600,.T.);
#7636=ORIENTED_EDGE('',*,*,#4603,.T.);
#7637=ORIENTED_EDGE('',*,*,#4606,.T.);
#7638=ORIENTED_EDGE('',*,*,#4638,.T.);
#7639=ORIENTED_EDGE('',*,*,#4642,.T.);
#7640=ORIENTED_EDGE('',*,*,#4645,.T.);
#7641=ORIENTED_EDGE('',*,*,#4648,.T.);
#7642=ORIENTED_EDGE('',*,*,#4651,.T.);
#7643=ORIENTED_EDGE('',*,*,#4654,.T.);
#7644=ORIENTED_EDGE('',*,*,#4657,.T.);
#7645=ORIENTED_EDGE('',*,*,#4660,.T.);
#7646=ORIENTED_EDGE('',*,*,#4663,.T.);
#7647=ORIENTED_EDGE('',*,*,#4666,.T.);
#7648=ORIENTED_EDGE('',*,*,#4669,.T.);
#7649=ORIENTED_EDGE('',*,*,#4680,.T.);
#7650=ORIENTED_EDGE('',*,*,#4684,.T.);
#7651=ORIENTED_EDGE('',*,*,#4687,.T.);
#7652=ORIENTED_EDGE('',*,*,#4690,.T.);
#7653=ORIENTED_EDGE('',*,*,#4693,.T.);
#7654=ORIENTED_EDGE('',*,*,#4696,.T.);
#7655=ORIENTED_EDGE('',*,*,#4699,.T.);
#7656=ORIENTED_EDGE('',*,*,#4702,.T.);
#7657=ORIENTED_EDGE('',*,*,#4705,.T.);
#7658=ORIENTED_EDGE('',*,*,#4708,.T.);
#7659=ORIENTED_EDGE('',*,*,#4711,.T.);
#7660=ORIENTED_EDGE('',*,*,#4713,.T.);
#7661=ORIENTED_EDGE('',*,*,#4717,.T.);
#7662=ORIENTED_EDGE('',*,*,#4720,.T.);
#7663=ORIENTED_EDGE('',*,*,#4723,.T.);
#7664=ORIENTED_EDGE('',*,*,#4726,.T.);
#7665=ORIENTED_EDGE('',*,*,#4729,.T.);
#7666=ORIENTED_EDGE('',*,*,#4732,.T.);
#7667=ORIENTED_EDGE('',*,*,#4735,.T.);
#7668=ORIENTED_EDGE('',*,*,#4738,.T.);
#7669=ORIENTED_EDGE('',*,*,#4740,.T.);
#7670=ORIENTED_EDGE('',*,*,#4744,.T.);
#7671=ORIENTED_EDGE('',*,*,#4747,.T.);
#7672=ORIENTED_EDGE('',*,*,#4750,.T.);
#7673=ORIENTED_EDGE('',*,*,#4752,.T.);
#7674=ORIENTED_EDGE('',*,*,#4756,.T.);
#7675=ORIENTED_EDGE('',*,*,#4759,.T.);
#7676=ORIENTED_EDGE('',*,*,#4762,.T.);
#7677=ORIENTED_EDGE('',*,*,#4765,.T.);
#7678=ORIENTED_EDGE('',*,*,#4768,.T.);
#7679=ORIENTED_EDGE('',*,*,#4771,.T.);
#7680=ORIENTED_EDGE('',*,*,#4774,.T.);
#7681=ORIENTED_EDGE('',*,*,#4777,.T.);
#7682=ORIENTED_EDGE('',*,*,#4780,.T.);
#7683=ORIENTED_EDGE('',*,*,#4783,.T.);
#7684=ORIENTED_EDGE('',*,*,#4786,.T.);
#7685=ORIENTED_EDGE('',*,*,#4789,.T.);
#7686=ORIENTED_EDGE('',*,*,#4792,.T.);
#7687=ORIENTED_EDGE('',*,*,#4795,.T.);
#7688=ORIENTED_EDGE('',*,*,#4798,.T.);
#7689=ORIENTED_EDGE('',*,*,#4801,.T.);
#7690=ORIENTED_EDGE('',*,*,#4824,.T.);
#7691=ORIENTED_EDGE('',*,*,#4828,.T.);
#7692=ORIENTED_EDGE('',*,*,#4831,.T.);
#7693=ORIENTED_EDGE('',*,*,#4834,.T.);
#7694=ORIENTED_EDGE('',*,*,#4837,.T.);
#7695=ORIENTED_EDGE('',*,*,#4840,.T.);
#7696=ORIENTED_EDGE('',*,*,#4843,.T.);
#7697=ORIENTED_EDGE('',*,*,#4846,.T.);
#7698=ORIENTED_EDGE('',*,*,#4849,.T.);
#7699=ORIENTED_EDGE('',*,*,#4852,.T.);
#7700=ORIENTED_EDGE('',*,*,#4855,.T.);
#7701=ORIENTED_EDGE('',*,*,#4875,.T.);
#7702=ORIENTED_EDGE('',*,*,#4879,.T.);
#7703=ORIENTED_EDGE('',*,*,#4882,.T.);
#7704=ORIENTED_EDGE('',*,*,#4885,.T.);
#7705=ORIENTED_EDGE('',*,*,#4888,.T.);
#7706=ORIENTED_EDGE('',*,*,#4891,.T.);
#7707=ORIENTED_EDGE('',*,*,#4894,.T.);
#7708=ORIENTED_EDGE('',*,*,#4897,.T.);
#7709=ORIENTED_EDGE('',*,*,#4899,.T.);
#7710=ORIENTED_EDGE('',*,*,#4903,.T.);
#7711=ORIENTED_EDGE('',*,*,#4906,.T.);
#7712=ORIENTED_EDGE('',*,*,#4909,.T.);
#7713=ORIENTED_EDGE('',*,*,#4912,.T.);
#7714=ORIENTED_EDGE('',*,*,#4915,.T.);
#7715=ORIENTED_EDGE('',*,*,#4918,.T.);
#7716=ORIENTED_EDGE('',*,*,#4921,.T.);
#7717=ORIENTED_EDGE('',*,*,#4924,.T.);
#7718=ORIENTED_EDGE('',*,*,#4927,.T.);
#7719=ORIENTED_EDGE('',*,*,#4930,.T.);
#7720=ORIENTED_EDGE('',*,*,#4933,.T.);
#7721=ORIENTED_EDGE('',*,*,#4936,.T.);
#7722=ORIENTED_EDGE('',*,*,#4959,.T.);
#7723=ORIENTED_EDGE('',*,*,#4963,.T.);
#7724=ORIENTED_EDGE('',*,*,#4966,.T.);
#7725=ORIENTED_EDGE('',*,*,#4969,.T.);
#7726=ORIENTED_EDGE('',*,*,#4972,.T.);
#7727=ORIENTED_EDGE('',*,*,#4975,.T.);
#7728=ORIENTED_EDGE('',*,*,#4978,.T.);
#7729=ORIENTED_EDGE('',*,*,#4981,.T.);
#7730=ORIENTED_EDGE('',*,*,#4984,.T.);
#7731=ORIENTED_EDGE('',*,*,#4986,.T.);
#7732=ORIENTED_EDGE('',*,*,#4990,.T.);
#7733=ORIENTED_EDGE('',*,*,#4993,.T.);
#7734=ORIENTED_EDGE('',*,*,#4996,.T.);
#7735=ORIENTED_EDGE('',*,*,#4999,.T.);
#7736=ORIENTED_EDGE('',*,*,#5002,.T.);
#7737=ORIENTED_EDGE('',*,*,#5005,.T.);
#7738=ORIENTED_EDGE('',*,*,#5008,.T.);
#7739=ORIENTED_EDGE('',*,*,#5010,.T.);
#7740=ORIENTED_EDGE('',*,*,#5014,.T.);
#7741=ORIENTED_EDGE('',*,*,#5017,.T.);
#7742=ORIENTED_EDGE('',*,*,#5020,.T.);
#7743=ORIENTED_EDGE('',*,*,#5023,.T.);
#7744=ORIENTED_EDGE('',*,*,#5026,.T.);
#7745=ORIENTED_EDGE('',*,*,#5029,.T.);
#7746=ORIENTED_EDGE('',*,*,#5032,.T.);
#7747=ORIENTED_EDGE('',*,*,#5035,.T.);
#7748=ORIENTED_EDGE('',*,*,#5038,.T.);
#7749=ORIENTED_EDGE('',*,*,#5041,.T.);
#7750=ORIENTED_EDGE('',*,*,#5044,.T.);
#7751=ORIENTED_EDGE('',*,*,#5047,.T.);
#7752=ORIENTED_EDGE('',*,*,#5050,.T.);
#7753=ORIENTED_EDGE('',*,*,#5053,.T.);
#7754=ORIENTED_EDGE('',*,*,#5056,.T.);
#7755=ORIENTED_EDGE('',*,*,#5059,.T.);
#7756=ORIENTED_EDGE('',*,*,#5062,.T.);
#7757=ORIENTED_EDGE('',*,*,#5065,.T.);
#7758=ORIENTED_EDGE('',*,*,#5068,.T.);
#7759=ORIENTED_EDGE('',*,*,#5070,.T.);
#7760=ORIENTED_EDGE('',*,*,#5074,.T.);
#7761=ORIENTED_EDGE('',*,*,#5077,.T.);
#7762=ORIENTED_EDGE('',*,*,#5080,.T.);
#7763=ORIENTED_EDGE('',*,*,#5083,.T.);
#7764=ORIENTED_EDGE('',*,*,#5086,.T.);
#7765=ORIENTED_EDGE('',*,*,#5089,.T.);
#7766=ORIENTED_EDGE('',*,*,#5092,.T.);
#7767=ORIENTED_EDGE('',*,*,#5095,.T.);
#7768=ORIENTED_EDGE('',*,*,#5098,.T.);
#7769=ORIENTED_EDGE('',*,*,#5101,.T.);
#7770=ORIENTED_EDGE('',*,*,#5104,.T.);
#7771=ORIENTED_EDGE('',*,*,#5124,.T.);
#7772=ORIENTED_EDGE('',*,*,#5128,.T.);
#7773=ORIENTED_EDGE('',*,*,#5131,.T.);
#7774=ORIENTED_EDGE('',*,*,#5134,.T.);
#7775=ORIENTED_EDGE('',*,*,#5137,.T.);
#7776=ORIENTED_EDGE('',*,*,#5140,.T.);
#7777=ORIENTED_EDGE('',*,*,#5143,.T.);
#7778=ORIENTED_EDGE('',*,*,#5146,.T.);
#7779=ORIENTED_EDGE('',*,*,#5148,.T.);
#7780=ORIENTED_EDGE('',*,*,#5152,.T.);
#7781=ORIENTED_EDGE('',*,*,#5155,.T.);
#7782=ORIENTED_EDGE('',*,*,#5158,.T.);
#7783=ORIENTED_EDGE('',*,*,#5161,.T.);
#7784=ORIENTED_EDGE('',*,*,#5164,.T.);
#7785=ORIENTED_EDGE('',*,*,#5167,.T.);
#7786=ORIENTED_EDGE('',*,*,#5170,.T.);
#7787=ORIENTED_EDGE('',*,*,#5202,.T.);
#7788=ORIENTED_EDGE('',*,*,#5206,.T.);
#7789=ORIENTED_EDGE('',*,*,#5209,.T.);
#7790=ORIENTED_EDGE('',*,*,#5212,.T.);
#7791=ORIENTED_EDGE('',*,*,#5215,.T.);
#7792=ORIENTED_EDGE('',*,*,#5218,.T.);
#7793=ORIENTED_EDGE('',*,*,#5221,.T.);
#7794=ORIENTED_EDGE('',*,*,#5224,.T.);
#7795=ORIENTED_EDGE('',*,*,#5227,.T.);
#7796=ORIENTED_EDGE('',*,*,#5230,.T.);
#7797=ORIENTED_EDGE('',*,*,#5233,.T.);
#7798=ORIENTED_EDGE('',*,*,#5277,.T.);
#7799=ORIENTED_EDGE('',*,*,#5281,.T.);
#7800=ORIENTED_EDGE('',*,*,#5284,.T.);
#7801=ORIENTED_EDGE('',*,*,#5287,.T.);
#7802=ORIENTED_EDGE('',*,*,#5290,.T.);
#7803=ORIENTED_EDGE('',*,*,#5293,.T.);
#7804=ORIENTED_EDGE('',*,*,#5296,.T.);
#7805=ORIENTED_EDGE('',*,*,#5299,.T.);
#7806=ORIENTED_EDGE('',*,*,#5302,.T.);
#7807=ORIENTED_EDGE('',*,*,#5305,.T.);
#7808=ORIENTED_EDGE('',*,*,#5307,.T.);
#7809=ORIENTED_EDGE('',*,*,#5311,.T.);
#7810=ORIENTED_EDGE('',*,*,#5314,.T.);
#7811=ORIENTED_EDGE('',*,*,#5317,.T.);
#7812=ORIENTED_EDGE('',*,*,#5320,.T.);
#7813=ORIENTED_EDGE('',*,*,#5323,.T.);
#7814=ORIENTED_EDGE('',*,*,#5326,.T.);
#7815=ORIENTED_EDGE('',*,*,#5329,.T.);
#7816=ORIENTED_EDGE('',*,*,#5332,.T.);
#7817=ORIENTED_EDGE('',*,*,#5335,.T.);
#7818=ORIENTED_EDGE('',*,*,#5338,.T.);
#7819=ORIENTED_EDGE('',*,*,#5341,.T.);
#7820=ORIENTED_EDGE('',*,*,#5343,.T.);
#7821=ORIENTED_EDGE('',*,*,#5347,.T.);
#7822=ORIENTED_EDGE('',*,*,#5350,.T.);
#7823=ORIENTED_EDGE('',*,*,#5353,.T.);
#7824=ORIENTED_EDGE('',*,*,#5356,.T.);
#7825=ORIENTED_EDGE('',*,*,#5359,.T.);
#7826=ORIENTED_EDGE('',*,*,#5362,.T.);
#7827=ORIENTED_EDGE('',*,*,#5365,.T.);
#7828=ORIENTED_EDGE('',*,*,#5368,.T.);
#7829=ORIENTED_EDGE('',*,*,#5371,.T.);
#7830=ORIENTED_EDGE('',*,*,#5374,.T.);
#7831=ORIENTED_EDGE('',*,*,#5377,.T.);
#7832=ORIENTED_EDGE('',*,*,#5380,.T.);
#7833=ORIENTED_EDGE('',*,*,#5383,.T.);
#7834=ORIENTED_EDGE('',*,*,#5386,.T.);
#7835=ORIENTED_EDGE('',*,*,#5389,.T.);
#7836=ORIENTED_EDGE('',*,*,#5392,.T.);
#7837=ORIENTED_EDGE('',*,*,#5395,.T.);
#7838=ORIENTED_EDGE('',*,*,#5398,.T.);
#7839=ORIENTED_EDGE('',*,*,#5401,.T.);
#7840=ORIENTED_EDGE('',*,*,#5424,.T.);
#7841=ORIENTED_EDGE('',*,*,#5428,.T.);
#7842=ORIENTED_EDGE('',*,*,#5431,.T.);
#7843=ORIENTED_EDGE('',*,*,#5434,.T.);
#7844=ORIENTED_EDGE('',*,*,#5437,.T.);
#7845=ORIENTED_EDGE('',*,*,#5440,.T.);
#7846=ORIENTED_EDGE('',*,*,#5443,.T.);
#7847=ORIENTED_EDGE('',*,*,#5445,.T.);
#7848=ORIENTED_EDGE('',*,*,#5449,.T.);
#7849=ORIENTED_EDGE('',*,*,#5452,.T.);
#7850=ORIENTED_EDGE('',*,*,#5455,.T.);
#7851=ORIENTED_EDGE('',*,*,#5458,.T.);
#7852=ORIENTED_EDGE('',*,*,#5461,.T.);
#7853=ORIENTED_EDGE('',*,*,#5464,.T.);
#7854=ORIENTED_EDGE('',*,*,#5467,.T.);
#7855=ORIENTED_EDGE('',*,*,#5470,.T.);
#7856=ORIENTED_EDGE('',*,*,#5473,.T.);
#7857=ORIENTED_EDGE('',*,*,#5476,.T.);
#7858=ORIENTED_EDGE('',*,*,#5479,.T.);
#7859=ORIENTED_EDGE('',*,*,#5482,.T.);
#7860=ORIENTED_EDGE('',*,*,#5485,.T.);
#7861=ORIENTED_EDGE('',*,*,#5488,.T.);
#7862=ORIENTED_EDGE('',*,*,#5491,.T.);
#7863=ORIENTED_EDGE('',*,*,#5494,.T.);
#7864=ORIENTED_EDGE('',*,*,#5497,.T.);
#7865=ORIENTED_EDGE('',*,*,#5500,.T.);
#7866=ORIENTED_EDGE('',*,*,#5503,.T.);
#7867=ORIENTED_EDGE('',*,*,#5403,.T.);
#7868=ORIENTED_EDGE('',*,*,#5422,.T.);
#7869=ORIENTED_EDGE('',*,*,#5419,.T.);
#7870=ORIENTED_EDGE('',*,*,#5416,.T.);
#7871=ORIENTED_EDGE('',*,*,#5413,.T.);
#7872=ORIENTED_EDGE('',*,*,#5410,.T.);
#7873=ORIENTED_EDGE('',*,*,#5407,.T.);
#7874=ORIENTED_EDGE('',*,*,#5256,.T.);
#7875=ORIENTED_EDGE('',*,*,#5275,.T.);
#7876=ORIENTED_EDGE('',*,*,#5272,.T.);
#7877=ORIENTED_EDGE('',*,*,#5269,.T.);
#7878=ORIENTED_EDGE('',*,*,#5266,.T.);
#7879=ORIENTED_EDGE('',*,*,#5263,.T.);
#7880=ORIENTED_EDGE('',*,*,#5260,.T.);
#7881=ORIENTED_EDGE('',*,*,#5235,.T.);
#7882=ORIENTED_EDGE('',*,*,#5254,.T.);
#7883=ORIENTED_EDGE('',*,*,#5251,.T.);
#7884=ORIENTED_EDGE('',*,*,#5248,.T.);
#7885=ORIENTED_EDGE('',*,*,#5245,.T.);
#7886=ORIENTED_EDGE('',*,*,#5242,.T.);
#7887=ORIENTED_EDGE('',*,*,#5239,.T.);
#7888=ORIENTED_EDGE('',*,*,#5187,.T.);
#7889=ORIENTED_EDGE('',*,*,#5200,.T.);
#7890=ORIENTED_EDGE('',*,*,#5197,.T.);
#7891=ORIENTED_EDGE('',*,*,#5194,.T.);
#7892=ORIENTED_EDGE('',*,*,#5191,.T.);
#7893=ORIENTED_EDGE('',*,*,#5172,.T.);
#7894=ORIENTED_EDGE('',*,*,#5185,.T.);
#7895=ORIENTED_EDGE('',*,*,#5182,.T.);
#7896=ORIENTED_EDGE('',*,*,#5179,.T.);
#7897=ORIENTED_EDGE('',*,*,#5176,.T.);
#7898=ORIENTED_EDGE('',*,*,#5106,.T.);
#7899=ORIENTED_EDGE('',*,*,#5122,.T.);
#7900=ORIENTED_EDGE('',*,*,#5119,.T.);
#7901=ORIENTED_EDGE('',*,*,#5116,.T.);
#7902=ORIENTED_EDGE('',*,*,#5113,.T.);
#7903=ORIENTED_EDGE('',*,*,#5110,.T.);
#7904=ORIENTED_EDGE('',*,*,#4938,.T.);
#7905=ORIENTED_EDGE('',*,*,#4957,.T.);
#7906=ORIENTED_EDGE('',*,*,#4954,.T.);
#7907=ORIENTED_EDGE('',*,*,#4951,.T.);
#7908=ORIENTED_EDGE('',*,*,#4948,.T.);
#7909=ORIENTED_EDGE('',*,*,#4945,.T.);
#7910=ORIENTED_EDGE('',*,*,#4942,.T.);
#7911=ORIENTED_EDGE('',*,*,#4857,.T.);
#7912=ORIENTED_EDGE('',*,*,#4873,.T.);
#7913=ORIENTED_EDGE('',*,*,#4870,.T.);
#7914=ORIENTED_EDGE('',*,*,#4867,.T.);
#7915=ORIENTED_EDGE('',*,*,#4864,.T.);
#7916=ORIENTED_EDGE('',*,*,#4861,.T.);
#7917=ORIENTED_EDGE('',*,*,#4803,.T.);
#7918=ORIENTED_EDGE('',*,*,#4822,.T.);
#7919=ORIENTED_EDGE('',*,*,#4819,.T.);
#7920=ORIENTED_EDGE('',*,*,#4816,.T.);
#7921=ORIENTED_EDGE('',*,*,#4813,.T.);
#7922=ORIENTED_EDGE('',*,*,#4810,.T.);
#7923=ORIENTED_EDGE('',*,*,#4807,.T.);
#7924=ORIENTED_EDGE('',*,*,#4671,.T.);
#7925=ORIENTED_EDGE('',*,*,#4678,.T.);
#7926=ORIENTED_EDGE('',*,*,#4675,.T.);
#7927=ORIENTED_EDGE('',*,*,#4623,.T.);
#7928=ORIENTED_EDGE('',*,*,#4636,.T.);
#7929=ORIENTED_EDGE('',*,*,#4633,.T.);
#7930=ORIENTED_EDGE('',*,*,#4630,.T.);
#7931=ORIENTED_EDGE('',*,*,#4627,.T.);
#7932=ORIENTED_EDGE('',*,*,#5505,.F.);
#7933=ORIENTED_EDGE('',*,*,#5506,.T.);
#7934=ORIENTED_EDGE('',*,*,#5507,.T.);
#7935=ORIENTED_EDGE('',*,*,#5506,.F.);
#7936=ORIENTED_EDGE('',*,*,#4608,.T.);
#7937=ORIENTED_EDGE('',*,*,#4621,.T.);
#7938=ORIENTED_EDGE('',*,*,#4618,.T.);
#7939=ORIENTED_EDGE('',*,*,#4615,.T.);
#7940=ORIENTED_EDGE('',*,*,#4612,.T.);
#7941=ORIENTED_EDGE('',*,*,#5507,.F.);
#7942=CYLINDRICAL_SURFACE('',#8487,14.0010265663335);
#7943=CYLINDRICAL_SURFACE('',#8492,14.0010265663335);
#7944=CYLINDRICAL_SURFACE('',#8495,13.3);
#7945=CYLINDRICAL_SURFACE('',#8501,14.0010265663335);
#7946=CYLINDRICAL_SURFACE('',#8506,13.3);
#7947=CYLINDRICAL_SURFACE('',#8509,13.3);
#7948=CYLINDRICAL_SURFACE('',#8512,13.3);
#7949=CYLINDRICAL_SURFACE('',#8520,3.8);
#7950=CYLINDRICAL_SURFACE('',#8532,4.6);
#7951=CYLINDRICAL_SURFACE('',#8538,13.3);
#7952=CYLINDRICAL_SURFACE('',#8540,13.3);
#7953=CYLINDRICAL_SURFACE('',#8548,2.1);
#7954=CYLINDRICAL_SURFACE('',#8549,2.1);
#7955=CYLINDRICAL_SURFACE('',#8550,3.5);
#7956=CYLINDRICAL_SURFACE('',#8553,3.5);
#7957=CYLINDRICAL_SURFACE('',#8556,2.53);
#7958=CYLINDRICAL_SURFACE('',#8559,3.8);
#7959=CYLINDRICAL_SURFACE('',#8570,2.5);
#7960=CYLINDRICAL_SURFACE('',#8588,13.4);
#7961=CYLINDRICAL_SURFACE('',#8604,14.0010265663335);
#7962=CYLINDRICAL_SURFACE('',#8633,0.75);
#7963=CYLINDRICAL_SURFACE('',#8637,0.75);
#7964=CYLINDRICAL_SURFACE('',#8640,0.5);
#7965=CYLINDRICAL_SURFACE('',#8642,0.5);
#7966=CYLINDRICAL_SURFACE('',#8645,0.5);
#7967=CYLINDRICAL_SURFACE('',#8652,0.5);
#7968=CYLINDRICAL_SURFACE('',#8655,0.5);
#7969=CYLINDRICAL_SURFACE('',#8666,14.264260155653);
#7970=CYLINDRICAL_SURFACE('',#8675,14.0036105419754);
#7971=CYLINDRICAL_SURFACE('',#8681,14.0036105419754);
#7972=CYLINDRICAL_SURFACE('',#8683,14.264260155653);
#7973=CYLINDRICAL_SURFACE('',#8686,14.0111966631848);
#7974=CYLINDRICAL_SURFACE('',#8692,13.852708055914);
#7975=CYLINDRICAL_SURFACE('',#8694,14.9334358600109);
#7976=CYLINDRICAL_SURFACE('',#8698,13.852708055914);
#7977=CYLINDRICAL_SURFACE('',#8700,14.9334358600109);
#7978=CYLINDRICAL_SURFACE('',#8703,14.0112242314623);
#7979=CYLINDRICAL_SURFACE('',#8705,14.0112242314623);
#7980=CYLINDRICAL_SURFACE('',#8709,0.55);
#7981=CYLINDRICAL_SURFACE('',#8714,0.55);
#7982=CYLINDRICAL_SURFACE('',#8719,0.55);
#7983=CYLINDRICAL_SURFACE('',#8724,0.55);
#7984=CYLINDRICAL_SURFACE('',#8729,0.55);
#7985=CYLINDRICAL_SURFACE('',#8910,13.);
#7986=ADVANCED_FACE('',(#855),#7942,.T.);
#7987=ADVANCED_FACE('',(#856),#601,.T.);
#7988=ADVANCED_FACE('',(#857),#602,.T.);
#7989=ADVANCED_FACE('',(#858),#7943,.T.);
#7990=ADVANCED_FACE('',(#859),#7944,.T.);
#7991=ADVANCED_FACE('',(#860),#603,.T.);
#7992=ADVANCED_FACE('',(#861),#604,.T.);
#7993=ADVANCED_FACE('',(#862),#605,.T.);
#7994=ADVANCED_FACE('',(#863),#7945,.T.);
#7995=ADVANCED_FACE('',(#864),#606,.T.);
#7996=ADVANCED_FACE('',(#865),#607,.T.);
#7997=ADVANCED_FACE('',(#866),#7946,.T.);
#7998=ADVANCED_FACE('',(#867),#7947,.T.);
#7999=ADVANCED_FACE('',(#868),#7948,.T.);
#8000=ADVANCED_FACE('',(#869),#597,.T.);
#8001=ADVANCED_FACE('',(#870),#7949,.F.);
#8002=ADVANCED_FACE('',(#871,#553,#554,#555),#608,.F.);
#8003=ADVANCED_FACE('',(#872),#598,.F.);
#8004=ADVANCED_FACE('',(#873),#7950,.T.);
#8005=ADVANCED_FACE('',(#874,#556),#609,.T.);
#8006=ADVANCED_FACE('',(#875,#557),#610,.T.);
#8007=ADVANCED_FACE('',(#876),#7951,.F.);
#8008=ADVANCED_FACE('',(#877),#7952,.F.);
#8009=ADVANCED_FACE('',(#878,#558),#611,.T.);
#8010=ADVANCED_FACE('',(#879,#559),#612,.T.);
#8011=ADVANCED_FACE('',(#880),#7953,.F.);
#8012=ADVANCED_FACE('',(#881),#7954,.F.);
#8013=ADVANCED_FACE('',(#882),#7955,.T.);
#8014=ADVANCED_FACE('',(#883),#613,.T.);
#8015=ADVANCED_FACE('',(#884),#614,.T.);
#8016=ADVANCED_FACE('',(#885),#7956,.T.);
#8017=ADVANCED_FACE('',(#886),#615,.T.);
#8018=ADVANCED_FACE('',(#887),#616,.T.);
#8019=ADVANCED_FACE('',(#888),#7957,.F.);
#8020=ADVANCED_FACE('',(#889),#7958,.T.);
#8021=ADVANCED_FACE('',(#890,#560),#617,.T.);
#8022=ADVANCED_FACE('',(#891,#561),#618,.F.);
#8023=ADVANCED_FACE('',(#892),#619,.F.);
#8024=ADVANCED_FACE('',(#893),#620,.T.);
#8025=ADVANCED_FACE('',(#894),#621,.F.);
#8026=ADVANCED_FACE('',(#895),#622,.T.);
#8027=ADVANCED_FACE('',(#896),#7959,.T.);
#8028=ADVANCED_FACE('',(#897),#623,.T.);
#8029=ADVANCED_FACE('',(#898),#624,.T.);
#8030=ADVANCED_FACE('',(#899),#625,.F.);
#8031=ADVANCED_FACE('',(#900),#626,.F.);
#8032=ADVANCED_FACE('',(#901),#627,.T.);
#8033=ADVANCED_FACE('',(#902),#628,.F.);
#8034=ADVANCED_FACE('',(#903),#629,.F.);
#8035=ADVANCED_FACE('',(#904),#7960,.F.);
#8036=ADVANCED_FACE('',(#905),#599,.T.);
#8037=ADVANCED_FACE('',(#906),#630,.F.);
#8038=ADVANCED_FACE('',(#907),#7961,.T.);
#8039=ADVANCED_FACE('',(#908),#600,.F.);
#8040=ADVANCED_FACE('',(#909),#631,.F.);
#8041=ADVANCED_FACE('',(#910),#632,.F.);
#8042=ADVANCED_FACE('',(#911),#633,.F.);
#8043=ADVANCED_FACE('',(#912),#634,.F.);
#8044=ADVANCED_FACE('',(#913),#635,.F.);
#8045=ADVANCED_FACE('',(#914),#636,.T.);
#8046=ADVANCED_FACE('',(#915),#637,.T.);
#8047=ADVANCED_FACE('',(#916),#638,.F.);
#8048=ADVANCED_FACE('',(#917),#639,.T.);
#8049=ADVANCED_FACE('',(#918),#640,.T.);
#8050=ADVANCED_FACE('',(#919),#641,.F.);
#8051=ADVANCED_FACE('',(#920),#642,.T.);
#8052=ADVANCED_FACE('',(#921),#643,.T.);
#8053=ADVANCED_FACE('',(#922),#644,.F.);
#8054=ADVANCED_FACE('',(#923),#645,.T.);
#8055=ADVANCED_FACE('',(#924),#646,.T.);
#8056=ADVANCED_FACE('',(#925),#647,.F.);
#8057=ADVANCED_FACE('',(#926),#7962,.F.);
#8058=ADVANCED_FACE('',(#927),#648,.F.);
#8059=ADVANCED_FACE('',(#928),#7963,.F.);
#8060=ADVANCED_FACE('',(#929),#7964,.T.);
#8061=ADVANCED_FACE('',(#930),#7965,.T.);
#8062=ADVANCED_FACE('',(#931),#7966,.T.);
#8063=ADVANCED_FACE('',(#932),#177,.T.);
#8064=ADVANCED_FACE('',(#933),#178,.T.);
#8065=ADVANCED_FACE('',(#934),#649,.T.);
#8066=ADVANCED_FACE('',(#935),#7967,.T.);
#8067=ADVANCED_FACE('',(#936,#562),#650,.T.);
#8068=ADVANCED_FACE('',(#937),#7968,.T.);
#8069=ADVANCED_FACE('',(#938),#651,.T.);
#8070=ADVANCED_FACE('',(#939),#652,.F.);
#8071=ADVANCED_FACE('',(#940),#653,.F.);
#8072=ADVANCED_FACE('',(#941),#654,.F.);
#8073=ADVANCED_FACE('',(#942),#7969,.T.);
#8074=ADVANCED_FACE('',(#943),#655,.T.);
#8075=ADVANCED_FACE('',(#944),#656,.F.);
#8076=ADVANCED_FACE('',(#945),#7970,.F.);
#8077=ADVANCED_FACE('',(#946),#657,.F.);
#8078=ADVANCED_FACE('',(#947),#7971,.F.);
#8079=ADVANCED_FACE('',(#948),#7972,.T.);
#8080=ADVANCED_FACE('',(#949),#658,.T.);
#8081=ADVANCED_FACE('',(#950),#7973,.F.);
#8082=ADVANCED_FACE('',(#951),#659,.F.);
#8083=ADVANCED_FACE('',(#952),#660,.T.);
#8084=ADVANCED_FACE('',(#953,#563),#661,.T.);
#8085=ADVANCED_FACE('',(#954),#662,.F.);
#8086=ADVANCED_FACE('',(#955),#7974,.F.);
#8087=ADVANCED_FACE('',(#956),#7975,.T.);
#8088=ADVANCED_FACE('',(#957),#663,.F.);
#8089=ADVANCED_FACE('',(#958),#664,.T.);
#8090=ADVANCED_FACE('',(#959),#7976,.F.);
#8091=ADVANCED_FACE('',(#960),#7977,.T.);
#8092=ADVANCED_FACE('',(#961),#665,.T.);
#8093=ADVANCED_FACE('',(#962),#7978,.F.);
#8094=ADVANCED_FACE('',(#963),#7979,.F.);
#8095=ADVANCED_FACE('',(#964),#666,.T.);
#8096=ADVANCED_FACE('',(#965),#667,.T.);
#8097=ADVANCED_FACE('',(#966),#7980,.T.);
#8098=ADVANCED_FACE('',(#967),#668,.T.);
#8099=ADVANCED_FACE('',(#968),#669,.F.);
#8100=ADVANCED_FACE('',(#969),#7981,.T.);
#8101=ADVANCED_FACE('',(#970),#670,.T.);
#8102=ADVANCED_FACE('',(#971),#671,.F.);
#8103=ADVANCED_FACE('',(#972),#7982,.T.);
#8104=ADVANCED_FACE('',(#973),#672,.T.);
#8105=ADVANCED_FACE('',(#974),#673,.F.);
#8106=ADVANCED_FACE('',(#975),#7983,.T.);
#8107=ADVANCED_FACE('',(#976),#674,.T.);
#8108=ADVANCED_FACE('',(#977),#675,.F.);
#8109=ADVANCED_FACE('',(#978),#7984,.T.);
#8110=ADVANCED_FACE('',(#979),#676,.T.);
#8111=ADVANCED_FACE('',(#980),#677,.F.);
#8112=ADVANCED_FACE('',(#981),#678,.T.);
#8113=ADVANCED_FACE('',(#982),#679,.T.);
#8114=ADVANCED_FACE('',(#983),#680,.T.);
#8115=ADVANCED_FACE('',(#984),#681,.T.);
#8116=ADVANCED_FACE('',(#985),#682,.T.);
#8117=ADVANCED_FACE('',(#986),#683,.T.);
#8118=ADVANCED_FACE('',(#987),#684,.T.);
#8119=ADVANCED_FACE('',(#988),#685,.T.);
#8120=ADVANCED_FACE('',(#989),#13,.F.);
#8121=ADVANCED_FACE('',(#990),#14,.F.);
#8122=ADVANCED_FACE('',(#991),#15,.F.);
#8123=ADVANCED_FACE('',(#992),#16,.F.);
#8124=ADVANCED_FACE('',(#993),#17,.F.);
#8125=ADVANCED_FACE('',(#994),#18,.F.);
#8126=ADVANCED_FACE('',(#995),#19,.F.);
#8127=ADVANCED_FACE('',(#996),#20,.F.);
#8128=ADVANCED_FACE('',(#997),#21,.F.);
#8129=ADVANCED_FACE('',(#998),#22,.F.);
#8130=ADVANCED_FACE('',(#999),#23,.T.);
#8131=ADVANCED_FACE('',(#1000),#24,.T.);
#8132=ADVANCED_FACE('',(#1001),#686,.T.);
#8133=ADVANCED_FACE('',(#1002),#25,.T.);
#8134=ADVANCED_FACE('',(#1003),#26,.T.);
#8135=ADVANCED_FACE('',(#1004),#27,.T.);
#8136=ADVANCED_FACE('',(#1005),#28,.T.);
#8137=ADVANCED_FACE('',(#1006),#687,.T.);
#8138=ADVANCED_FACE('',(#1007),#29,.T.);
#8139=ADVANCED_FACE('',(#1008),#30,.T.);
#8140=ADVANCED_FACE('',(#1009),#31,.T.);
#8141=ADVANCED_FACE('',(#1010,#564,#565),#688,.F.);
#8142=ADVANCED_FACE('',(#1011),#689,.F.);
#8143=ADVANCED_FACE('',(#1012),#690,.F.);
#8144=ADVANCED_FACE('',(#1013),#691,.F.);
#8145=ADVANCED_FACE('',(#1014),#692,.T.);
#8146=ADVANCED_FACE('',(#1015),#693,.T.);
#8147=ADVANCED_FACE('',(#1016),#694,.T.);
#8148=ADVANCED_FACE('',(#1017),#695,.T.);
#8149=ADVANCED_FACE('',(#1018),#696,.T.);
#8150=ADVANCED_FACE('',(#1019),#697,.T.);
#8151=ADVANCED_FACE('',(#1020),#698,.T.);
#8152=ADVANCED_FACE('',(#1021),#699,.T.);
#8153=ADVANCED_FACE('',(#1022),#700,.T.);
#8154=ADVANCED_FACE('',(#1023),#701,.T.);
#8155=ADVANCED_FACE('',(#1024),#702,.T.);
#8156=ADVANCED_FACE('',(#1025,#566),#703,.T.);
#8157=ADVANCED_FACE('',(#1026),#704,.T.);
#8158=ADVANCED_FACE('',(#1027),#705,.T.);
#8159=ADVANCED_FACE('',(#1028),#706,.T.);
#8160=ADVANCED_FACE('',(#1029),#707,.T.);
#8161=ADVANCED_FACE('',(#1030),#708,.T.);
#8162=ADVANCED_FACE('',(#1031),#709,.T.);
#8163=ADVANCED_FACE('',(#1032),#710,.T.);
#8164=ADVANCED_FACE('',(#1033),#711,.T.);
#8165=ADVANCED_FACE('',(#1034),#712,.T.);
#8166=ADVANCED_FACE('',(#1035),#713,.T.);
#8167=ADVANCED_FACE('',(#1036),#714,.T.);
#8168=ADVANCED_FACE('',(#1037),#715,.T.);
#8169=ADVANCED_FACE('',(#1038),#716,.T.);
#8170=ADVANCED_FACE('',(#1039),#717,.T.);
#8171=ADVANCED_FACE('',(#1040),#718,.T.);
#8172=ADVANCED_FACE('',(#1041),#719,.T.);
#8173=ADVANCED_FACE('',(#1042),#32,.T.);
#8174=ADVANCED_FACE('',(#1043),#33,.T.);
#8175=ADVANCED_FACE('',(#1044),#34,.T.);
#8176=ADVANCED_FACE('',(#1045),#35,.T.);
#8177=ADVANCED_FACE('',(#1046),#36,.T.);
#8178=ADVANCED_FACE('',(#1047),#37,.T.);
#8179=ADVANCED_FACE('',(#1048),#720,.T.);
#8180=ADVANCED_FACE('',(#1049),#721,.T.);
#8181=ADVANCED_FACE('',(#1050),#38,.T.);
#8182=ADVANCED_FACE('',(#1051),#39,.T.);
#8183=ADVANCED_FACE('',(#1052),#40,.T.);
#8184=ADVANCED_FACE('',(#1053),#41,.T.);
#8185=ADVANCED_FACE('',(#1054),#42,.T.);
#8186=ADVANCED_FACE('',(#1055),#722,.T.);
#8187=ADVANCED_FACE('',(#1056),#723,.T.);
#8188=ADVANCED_FACE('',(#1057),#724,.T.);
#8189=ADVANCED_FACE('',(#1058),#725,.F.);
#8190=ADVANCED_FACE('',(#1059),#43,.F.);
#8191=ADVANCED_FACE('',(#1060),#44,.F.);
#8192=ADVANCED_FACE('',(#1061),#726,.F.);
#8193=ADVANCED_FACE('',(#1062),#727,.F.);
#8194=ADVANCED_FACE('',(#1063),#728,.F.);
#8195=ADVANCED_FACE('',(#1064),#45,.F.);
#8196=ADVANCED_FACE('',(#1065),#46,.F.);
#8197=ADVANCED_FACE('',(#1066),#729,.T.);
#8198=ADVANCED_FACE('',(#1067),#730,.T.);
#8199=ADVANCED_FACE('',(#1068),#731,.T.);
#8200=ADVANCED_FACE('',(#1069),#732,.T.);
#8201=ADVANCED_FACE('',(#1070),#733,.T.);
#8202=ADVANCED_FACE('',(#1071),#734,.T.);
#8203=ADVANCED_FACE('',(#1072),#47,.T.);
#8204=ADVANCED_FACE('',(#1073),#48,.T.);
#8205=ADVANCED_FACE('',(#1074),#49,.T.);
#8206=ADVANCED_FACE('',(#1075),#735,.T.);
#8207=ADVANCED_FACE('',(#1076),#736,.T.);
#8208=ADVANCED_FACE('',(#1077,#567),#737,.F.);
#8209=ADVANCED_FACE('',(#1078),#50,.F.);
#8210=ADVANCED_FACE('',(#1079),#51,.F.);
#8211=ADVANCED_FACE('',(#1080),#52,.F.);
#8212=ADVANCED_FACE('',(#1081),#53,.F.);
#8213=ADVANCED_FACE('',(#1082),#54,.F.);
#8214=ADVANCED_FACE('',(#1083),#55,.F.);
#8215=ADVANCED_FACE('',(#1084),#56,.T.);
#8216=ADVANCED_FACE('',(#1085),#57,.T.);
#8217=ADVANCED_FACE('',(#1086),#58,.T.);
#8218=ADVANCED_FACE('',(#1087),#59,.T.);
#8219=ADVANCED_FACE('',(#1088),#60,.T.);
#8220=ADVANCED_FACE('',(#1089),#61,.T.);
#8221=ADVANCED_FACE('',(#1090),#62,.T.);
#8222=ADVANCED_FACE('',(#1091),#63,.T.);
#8223=ADVANCED_FACE('',(#1092,#568),#738,.F.);
#8224=ADVANCED_FACE('',(#1093),#739,.T.);
#8225=ADVANCED_FACE('',(#1094),#740,.T.);
#8226=ADVANCED_FACE('',(#1095),#741,.T.);
#8227=ADVANCED_FACE('',(#1096),#742,.T.);
#8228=ADVANCED_FACE('',(#1097),#743,.T.);
#8229=ADVANCED_FACE('',(#1098),#744,.T.);
#8230=ADVANCED_FACE('',(#1099),#745,.T.);
#8231=ADVANCED_FACE('',(#1100),#746,.T.);
#8232=ADVANCED_FACE('',(#1101),#747,.T.);
#8233=ADVANCED_FACE('',(#1102),#748,.T.);
#8234=ADVANCED_FACE('',(#1103),#749,.T.);
#8235=ADVANCED_FACE('',(#1104),#750,.T.);
#8236=ADVANCED_FACE('',(#1105),#751,.T.);
#8237=ADVANCED_FACE('',(#1106),#752,.T.);
#8238=ADVANCED_FACE('',(#1107),#64,.F.);
#8239=ADVANCED_FACE('',(#1108),#65,.F.);
#8240=ADVANCED_FACE('',(#1109),#753,.F.);
#8241=ADVANCED_FACE('',(#1110),#754,.F.);
#8242=ADVANCED_FACE('',(#1111),#755,.F.);
#8243=ADVANCED_FACE('',(#1112),#66,.F.);
#8244=ADVANCED_FACE('',(#1113),#67,.F.);
#8245=ADVANCED_FACE('',(#1114),#68,.T.);
#8246=ADVANCED_FACE('',(#1115),#756,.T.);
#8247=ADVANCED_FACE('',(#1116),#757,.T.);
#8248=ADVANCED_FACE('',(#1117),#758,.T.);
#8249=ADVANCED_FACE('',(#1118),#759,.T.);
#8250=ADVANCED_FACE('',(#1119),#760,.T.);
#8251=ADVANCED_FACE('',(#1120),#69,.T.);
#8252=ADVANCED_FACE('',(#1121),#70,.T.);
#8253=ADVANCED_FACE('',(#1122),#71,.T.);
#8254=ADVANCED_FACE('',(#1123,#569),#761,.F.);
#8255=ADVANCED_FACE('',(#1124),#762,.T.);
#8256=ADVANCED_FACE('',(#1125),#763,.T.);
#8257=ADVANCED_FACE('',(#1126),#764,.T.);
#8258=ADVANCED_FACE('',(#1127),#765,.T.);
#8259=ADVANCED_FACE('',(#1128),#766,.T.);
#8260=ADVANCED_FACE('',(#1129),#767,.T.);
#8261=ADVANCED_FACE('',(#1130),#768,.T.);
#8262=ADVANCED_FACE('',(#1131),#769,.T.);
#8263=ADVANCED_FACE('',(#1132),#770,.T.);
#8264=ADVANCED_FACE('',(#1133),#771,.T.);
#8265=ADVANCED_FACE('',(#1134),#772,.T.);
#8266=ADVANCED_FACE('',(#1135),#72,.T.);
#8267=ADVANCED_FACE('',(#1136),#73,.T.);
#8268=ADVANCED_FACE('',(#1137),#74,.T.);
#8269=ADVANCED_FACE('',(#1138),#75,.T.);
#8270=ADVANCED_FACE('',(#1139),#76,.T.);
#8271=ADVANCED_FACE('',(#1140),#77,.T.);
#8272=ADVANCED_FACE('',(#1141),#78,.T.);
#8273=ADVANCED_FACE('',(#1142),#79,.T.);
#8274=ADVANCED_FACE('',(#1143),#773,.T.);
#8275=ADVANCED_FACE('',(#1144),#774,.T.);
#8276=ADVANCED_FACE('',(#1145),#80,.T.);
#8277=ADVANCED_FACE('',(#1146),#81,.T.);
#8278=ADVANCED_FACE('',(#1147),#82,.T.);
#8279=ADVANCED_FACE('',(#1148),#83,.T.);
#8280=ADVANCED_FACE('',(#1149),#84,.T.);
#8281=ADVANCED_FACE('',(#1150),#85,.T.);
#8282=ADVANCED_FACE('',(#1151),#86,.T.);
#8283=ADVANCED_FACE('',(#1152),#87,.T.);
#8284=ADVANCED_FACE('',(#1153),#775,.F.);
#8285=ADVANCED_FACE('',(#1154),#776,.T.);
#8286=ADVANCED_FACE('',(#1155),#777,.T.);
#8287=ADVANCED_FACE('',(#1156),#778,.T.);
#8288=ADVANCED_FACE('',(#1157),#779,.T.);
#8289=ADVANCED_FACE('',(#1158),#780,.T.);
#8290=ADVANCED_FACE('',(#1159),#781,.T.);
#8291=ADVANCED_FACE('',(#1160),#782,.T.);
#8292=ADVANCED_FACE('',(#1161),#783,.T.);
#8293=ADVANCED_FACE('',(#1162),#784,.T.);
#8294=ADVANCED_FACE('',(#1163),#785,.T.);
#8295=ADVANCED_FACE('',(#1164),#786,.T.);
#8296=ADVANCED_FACE('',(#1165),#787,.T.);
#8297=ADVANCED_FACE('',(#1166),#788,.T.);
#8298=ADVANCED_FACE('',(#1167),#88,.F.);
#8299=ADVANCED_FACE('',(#1168),#89,.F.);
#8300=ADVANCED_FACE('',(#1169),#90,.F.);
#8301=ADVANCED_FACE('',(#1170),#91,.F.);
#8302=ADVANCED_FACE('',(#1171),#92,.F.);
#8303=ADVANCED_FACE('',(#1172),#93,.F.);
#8304=ADVANCED_FACE('',(#1173),#94,.T.);
#8305=ADVANCED_FACE('',(#1174),#95,.T.);
#8306=ADVANCED_FACE('',(#1175),#96,.T.);
#8307=ADVANCED_FACE('',(#1176),#97,.T.);
#8308=ADVANCED_FACE('',(#1177),#98,.T.);
#8309=ADVANCED_FACE('',(#1178),#99,.T.);
#8310=ADVANCED_FACE('',(#1179),#100,.T.);
#8311=ADVANCED_FACE('',(#1180),#101,.T.);
#8312=ADVANCED_FACE('',(#1181,#570),#789,.F.);
#8313=ADVANCED_FACE('',(#1182),#790,.T.);
#8314=ADVANCED_FACE('',(#1183),#791,.T.);
#8315=ADVANCED_FACE('',(#1184),#792,.T.);
#8316=ADVANCED_FACE('',(#1185),#793,.T.);
#8317=ADVANCED_FACE('',(#1186),#794,.T.);
#8318=ADVANCED_FACE('',(#1187),#795,.T.);
#8319=ADVANCED_FACE('',(#1188),#796,.T.);
#8320=ADVANCED_FACE('',(#1189),#797,.T.);
#8321=ADVANCED_FACE('',(#1190),#798,.T.);
#8322=ADVANCED_FACE('',(#1191),#102,.F.);
#8323=ADVANCED_FACE('',(#1192),#103,.F.);
#8324=ADVANCED_FACE('',(#1193),#104,.F.);
#8325=ADVANCED_FACE('',(#1194),#105,.F.);
#8326=ADVANCED_FACE('',(#1195),#106,.F.);
#8327=ADVANCED_FACE('',(#1196),#107,.F.);
#8328=ADVANCED_FACE('',(#1197),#108,.F.);
#8329=ADVANCED_FACE('',(#1198),#109,.F.);
#8330=ADVANCED_FACE('',(#1199),#110,.F.);
#8331=ADVANCED_FACE('',(#1200),#111,.F.);
#8332=ADVANCED_FACE('',(#1201),#112,.T.);
#8333=ADVANCED_FACE('',(#1202),#113,.T.);
#8334=ADVANCED_FACE('',(#1203),#799,.T.);
#8335=ADVANCED_FACE('',(#1204),#114,.T.);
#8336=ADVANCED_FACE('',(#1205),#115,.T.);
#8337=ADVANCED_FACE('',(#1206),#116,.T.);
#8338=ADVANCED_FACE('',(#1207),#117,.T.);
#8339=ADVANCED_FACE('',(#1208),#800,.T.);
#8340=ADVANCED_FACE('',(#1209),#118,.T.);
#8341=ADVANCED_FACE('',(#1210),#119,.T.);
#8342=ADVANCED_FACE('',(#1211),#120,.T.);
#8343=ADVANCED_FACE('',(#1212,#571,#572),#801,.F.);
#8344=ADVANCED_FACE('',(#1213),#121,.F.);
#8345=ADVANCED_FACE('',(#1214),#122,.F.);
#8346=ADVANCED_FACE('',(#1215),#802,.F.);
#8347=ADVANCED_FACE('',(#1216),#803,.F.);
#8348=ADVANCED_FACE('',(#1217),#804,.F.);
#8349=ADVANCED_FACE('',(#1218),#123,.F.);
#8350=ADVANCED_FACE('',(#1219),#124,.F.);
#8351=ADVANCED_FACE('',(#1220),#125,.F.);
#8352=ADVANCED_FACE('',(#1221),#126,.F.);
#8353=ADVANCED_FACE('',(#1222),#805,.F.);
#8354=ADVANCED_FACE('',(#1223),#806,.F.);
#8355=ADVANCED_FACE('',(#1224),#807,.F.);
#8356=ADVANCED_FACE('',(#1225),#127,.F.);
#8357=ADVANCED_FACE('',(#1226),#128,.F.);
#8358=ADVANCED_FACE('',(#1227),#129,.T.);
#8359=ADVANCED_FACE('',(#1228),#808,.T.);
#8360=ADVANCED_FACE('',(#1229),#809,.T.);
#8361=ADVANCED_FACE('',(#1230),#810,.T.);
#8362=ADVANCED_FACE('',(#1231),#130,.T.);
#8363=ADVANCED_FACE('',(#1232),#131,.T.);
#8364=ADVANCED_FACE('',(#1233),#132,.T.);
#8365=ADVANCED_FACE('',(#1234),#811,.T.);
#8366=ADVANCED_FACE('',(#1235),#133,.T.);
#8367=ADVANCED_FACE('',(#1236),#134,.T.);
#8368=ADVANCED_FACE('',(#1237,#573,#574),#812,.F.);
#8369=ADVANCED_FACE('',(#1238),#135,.T.);
#8370=ADVANCED_FACE('',(#1239),#813,.T.);
#8371=ADVANCED_FACE('',(#1240),#814,.T.);
#8372=ADVANCED_FACE('',(#1241),#136,.T.);
#8373=ADVANCED_FACE('',(#1242),#137,.T.);
#8374=ADVANCED_FACE('',(#1243),#138,.T.);
#8375=ADVANCED_FACE('',(#1244),#815,.T.);
#8376=ADVANCED_FACE('',(#1245),#816,.T.);
#8377=ADVANCED_FACE('',(#1246),#817,.T.);
#8378=ADVANCED_FACE('',(#1247),#818,.T.);
#8379=ADVANCED_FACE('',(#1248),#819,.T.);
#8380=ADVANCED_FACE('',(#1249),#139,.T.);
#8381=ADVANCED_FACE('',(#1250),#820,.F.);
#8382=ADVANCED_FACE('',(#1251),#140,.T.);
#8383=ADVANCED_FACE('',(#1252),#141,.T.);
#8384=ADVANCED_FACE('',(#1253),#821,.T.);
#8385=ADVANCED_FACE('',(#1254),#822,.T.);
#8386=ADVANCED_FACE('',(#1255),#142,.T.);
#8387=ADVANCED_FACE('',(#1256),#143,.T.);
#8388=ADVANCED_FACE('',(#1257),#144,.T.);
#8389=ADVANCED_FACE('',(#1258),#145,.T.);
#8390=ADVANCED_FACE('',(#1259),#146,.T.);
#8391=ADVANCED_FACE('',(#1260),#147,.T.);
#8392=ADVANCED_FACE('',(#1261),#148,.T.);
#8393=ADVANCED_FACE('',(#1262),#823,.T.);
#8394=ADVANCED_FACE('',(#1263),#824,.T.);
#8395=ADVANCED_FACE('',(#1264),#825,.T.);
#8396=ADVANCED_FACE('',(#1265),#826,.T.);
#8397=ADVANCED_FACE('',(#1266),#827,.T.);
#8398=ADVANCED_FACE('',(#1267),#149,.T.);
#8399=ADVANCED_FACE('',(#1268),#150,.T.);
#8400=ADVANCED_FACE('',(#1269),#151,.T.);
#8401=ADVANCED_FACE('',(#1270),#152,.T.);
#8402=ADVANCED_FACE('',(#1271),#828,.F.);
#8403=ADVANCED_FACE('',(#1272),#153,.F.);
#8404=ADVANCED_FACE('',(#1273),#154,.F.);
#8405=ADVANCED_FACE('',(#1274),#829,.F.);
#8406=ADVANCED_FACE('',(#1275),#830,.F.);
#8407=ADVANCED_FACE('',(#1276),#831,.F.);
#8408=ADVANCED_FACE('',(#1277),#155,.F.);
#8409=ADVANCED_FACE('',(#1278),#156,.F.);
#8410=ADVANCED_FACE('',(#1279),#157,.T.);
#8411=ADVANCED_FACE('',(#1280),#832,.T.);
#8412=ADVANCED_FACE('',(#1281),#833,.T.);
#8413=ADVANCED_FACE('',(#1282),#834,.T.);
#8414=ADVANCED_FACE('',(#1283),#158,.T.);
#8415=ADVANCED_FACE('',(#1284),#159,.T.);
#8416=ADVANCED_FACE('',(#1285),#160,.T.);
#8417=ADVANCED_FACE('',(#1286,#575),#835,.F.);
#8418=ADVANCED_FACE('',(#1287),#161,.T.);
#8419=ADVANCED_FACE('',(#1288),#162,.T.);
#8420=ADVANCED_FACE('',(#1289),#163,.T.);
#8421=ADVANCED_FACE('',(#1290),#164,.T.);
#8422=ADVANCED_FACE('',(#1291),#165,.T.);
#8423=ADVANCED_FACE('',(#1292),#836,.T.);
#8424=ADVANCED_FACE('',(#1293),#837,.T.);
#8425=ADVANCED_FACE('',(#1294),#166,.T.);
#8426=ADVANCED_FACE('',(#1295),#167,.T.);
#8427=ADVANCED_FACE('',(#1296),#168,.T.);
#8428=ADVANCED_FACE('',(#1297),#169,.T.);
#8429=ADVANCED_FACE('',(#1298),#170,.T.);
#8430=ADVANCED_FACE('',(#1299),#171,.T.);
#8431=ADVANCED_FACE('',(#1300),#172,.T.);
#8432=ADVANCED_FACE('',(#1301),#173,.T.);
#8433=ADVANCED_FACE('',(#1302),#838,.T.);
#8434=ADVANCED_FACE('',(#1303),#839,.T.);
#8435=ADVANCED_FACE('',(#1304),#174,.T.);
#8436=ADVANCED_FACE('',(#1305),#175,.T.);
#8437=ADVANCED_FACE('',(#1306),#176,.T.);
#8438=ADVANCED_FACE('',(#1307),#840,.F.);
#8439=ADVANCED_FACE('',(#1308,#576,#577,#578,#579,#580,#581,#582,#583,#584,
#585,#586,#587,#588,#589,#590,#591,#592,#593,#594,#595,#596),#841,.T.);
#8440=ADVANCED_FACE('',(#1309),#842,.T.);
#8441=ADVANCED_FACE('',(#1310),#843,.T.);
#8442=ADVANCED_FACE('',(#1311),#844,.T.);
#8443=ADVANCED_FACE('',(#1312),#845,.T.);
#8444=ADVANCED_FACE('',(#1313),#846,.T.);
#8445=ADVANCED_FACE('',(#1314),#847,.T.);
#8446=ADVANCED_FACE('',(#1315),#848,.T.);
#8447=ADVANCED_FACE('',(#1316),#849,.T.);
#8448=ADVANCED_FACE('',(#1317),#850,.T.);
#8449=ADVANCED_FACE('',(#1318),#851,.T.);
#8450=ADVANCED_FACE('',(#1319),#852,.T.);
#8451=ADVANCED_FACE('',(#1320),#7985,.T.);
#8452=ADVANCED_FACE('',(#1321),#853,.T.);
#8453=ADVANCED_FACE('',(#1322),#854,.F.);
#8454=CLOSED_SHELL('',(#7986,#7987,#7988,#7989,#7990,#7991,#7992,#7993,
#7994,#7995,#7996,#7997,#7998,#7999,#8000,#8001,#8002,#8003,#8004,#8005,
#8006,#8007,#8008,#8009,#8010,#8011,#8012,#8013,#8014,#8015,#8016,#8017,
#8018));
#8455=CLOSED_SHELL('',(#8019,#8020,#8021,#8022));
#8456=CLOSED_SHELL('',(#8023,#8024,#8025,#8026,#8027,#8028,#8029));
#8457=CLOSED_SHELL('',(#8030,#8031,#8032,#8033,#8034,#8035,#8036,#8037,
#8038,#8039,#8040,#8041,#8042,#8043,#8044,#8045,#8046,#8047,#8048,#8049,
#8050,#8051,#8052,#8053,#8054,#8055));
#8458=CLOSED_SHELL('',(#8056,#8057,#8058,#8059,#8060,#8061,#8062,#8063,
#8064,#8065,#8066,#8067,#8068,#8069,#8070,#8071,#8072,#8073,#8074,#8075,
#8076,#8077,#8078,#8079,#8080,#8081,#8082,#8083,#8084,#8085,#8086,#8087,
#8088,#8089,#8090,#8091,#8092,#8093,#8094,#8095,#8096));
#8459=CLOSED_SHELL('',(#8097,#8098,#8099));
#8460=CLOSED_SHELL('',(#8100,#8101,#8102));
#8461=CLOSED_SHELL('',(#8103,#8104,#8105));
#8462=CLOSED_SHELL('',(#8106,#8107,#8108));
#8463=CLOSED_SHELL('',(#8109,#8110,#8111));
#8464=CLOSED_SHELL('',(#8112,#8113,#8114,#8115,#8116,#8117,#8118,#8119,
#8120,#8121,#8122,#8123,#8124,#8125,#8126,#8127,#8128,#8129,#8130,#8131,
#8132,#8133,#8134,#8135,#8136,#8137,#8138,#8139,#8140,#8141,#8142,#8143,
#8144,#8145,#8146,#8147,#8148,#8149,#8150,#8151,#8152,#8153,#8154,#8155,
#8156,#8157,#8158,#8159,#8160,#8161,#8162,#8163,#8164,#8165,#8166,#8167,
#8168,#8169,#8170,#8171,#8172,#8173,#8174,#8175,#8176,#8177,#8178,#8179,
#8180,#8181,#8182,#8183,#8184,#8185,#8186,#8187,#8188,#8189,#8190,#8191,
#8192,#8193,#8194,#8195,#8196,#8197,#8198,#8199,#8200,#8201,#8202,#8203,
#8204,#8205,#8206,#8207,#8208,#8209,#8210,#8211,#8212,#8213,#8214,#8215,
#8216,#8217,#8218,#8219,#8220,#8221,#8222,#8223,#8224,#8225,#8226,#8227,
#8228,#8229,#8230,#8231,#8232,#8233,#8234,#8235,#8236,#8237,#8238,#8239,
#8240,#8241,#8242,#8243,#8244,#8245,#8246,#8247,#8248,#8249,#8250,#8251,
#8252,#8253,#8254,#8255,#8256,#8257,#8258,#8259,#8260,#8261,#8262,#8263,
#8264,#8265,#8266,#8267,#8268,#8269,#8270,#8271,#8272,#8273,#8274,#8275,
#8276,#8277,#8278,#8279,#8280,#8281,#8282,#8283,#8284,#8285,#8286,#8287,
#8288,#8289,#8290,#8291,#8292,#8293,#8294,#8295,#8296,#8297,#8298,#8299,
#8300,#8301,#8302,#8303,#8304,#8305,#8306,#8307,#8308,#8309,#8310,#8311,
#8312,#8313,#8314,#8315,#8316,#8317,#8318,#8319,#8320,#8321,#8322,#8323,
#8324,#8325,#8326,#8327,#8328,#8329,#8330,#8331,#8332,#8333,#8334,#8335,
#8336,#8337,#8338,#8339,#8340,#8341,#8342,#8343,#8344,#8345,#8346,#8347,
#8348,#8349,#8350,#8351,#8352,#8353,#8354,#8355,#8356,#8357,#8358,#8359,
#8360,#8361,#8362,#8363,#8364,#8365,#8366,#8367,#8368,#8369,#8370,#8371,
#8372,#8373,#8374,#8375,#8376,#8377,#8378,#8379,#8380,#8381,#8382,#8383,
#8384,#8385,#8386,#8387,#8388,#8389,#8390,#8391,#8392,#8393,#8394,#8395,
#8396,#8397,#8398,#8399,#8400,#8401,#8402,#8403,#8404,#8405,#8406,#8407,
#8408,#8409,#8410,#8411,#8412,#8413,#8414,#8415,#8416,#8417,#8418,#8419,
#8420,#8421,#8422,#8423,#8424,#8425,#8426,#8427,#8428,#8429,#8430,#8431,
#8432,#8433,#8434,#8435,#8436,#8437,#8438,#8439,#8440,#8441,#8442,#8443,
#8444,#8445,#8446,#8447,#8448,#8449,#8450,#8451,#8452,#8453));
#8465=DERIVED_UNIT_ELEMENT(#8468,1.);
#8466=DERIVED_UNIT_ELEMENT(#15180,-3.);
#8467=DIMENSIONAL_EXPONENTS(0.,1.,0.,0.,0.,0.,0.);
#8468=(
CONVERSION_BASED_UNIT('gram',#8470)
MASS_UNIT()
NAMED_UNIT(#8467)
);
#8469=(
MASS_UNIT()
NAMED_UNIT(*)
SI_UNIT(.KILO.,.GRAM.)
);
#8470=MASS_MEASURE_WITH_UNIT(MASS_MEASURE(0.001),#8469);
#8471=DERIVED_UNIT((#8465,#8466));
#8472=MEASURE_REPRESENTATION_ITEM('density measure',
POSITIVE_RATIO_MEASURE(7.85),#8471);
#8473=PROPERTY_DEFINITION_REPRESENTATION(#8478,#8475);
#8474=PROPERTY_DEFINITION_REPRESENTATION(#8479,#8476);
#8475=REPRESENTATION('material name',(#8477),#15177);
#8476=REPRESENTATION('density',(#8472),#15177);
#8477=DESCRIPTIVE_REPRESENTATION_ITEM('\X2\042104420430043B044C\X0\, \X2\043C044F0433043A0430044F\X0\',
'\X2\042104420430043B044C\X0\, \X2\043C044F0433043A0430044F\X0\');
#8478=PROPERTY_DEFINITION('material property','material name',#15187);
#8479=PROPERTY_DEFINITION('material property','density of part',#15187);
#8480=DATE_TIME_ROLE('creation_date');
#8481=APPLIED_DATE_AND_TIME_ASSIGNMENT(#8482,#8480,(#15187));
#8482=DATE_AND_TIME(#8483,#8484);
#8483=CALENDAR_DATE(2026,5,4);
#8484=LOCAL_TIME(0,0,0.,#8485);
#8485=COORDINATED_UNIVERSAL_TIME_OFFSET(0,0,.BEHIND.);
#8486=AXIS2_PLACEMENT_3D('',#10534,#8914,#8915);
#8487=AXIS2_PLACEMENT_3D('',#10535,#8916,#8917);
#8488=AXIS2_PLACEMENT_3D('',#10538,#8918,#8919);
#8489=AXIS2_PLACEMENT_3D('',#10542,#8921,#8922);
#8490=AXIS2_PLACEMENT_3D('',#10544,#8924,#8925);
#8491=AXIS2_PLACEMENT_3D('',#10550,#8929,#8930);
#8492=AXIS2_PLACEMENT_3D('',#10559,#8935,#8936);
#8493=AXIS2_PLACEMENT_3D('',#10561,#8937,#8938);
#8494=AXIS2_PLACEMENT_3D('',#10563,#8939,#8940);
#8495=AXIS2_PLACEMENT_3D('',#10565,#8942,#8943);
#8496=AXIS2_PLACEMENT_3D('',#10567,#8944,#8945);
#8497=AXIS2_PLACEMENT_3D('',#10570,#8947,#8948);
#8498=AXIS2_PLACEMENT_3D('',#10571,#8949,#8950);
#8499=AXIS2_PLACEMENT_3D('',#10577,#8954,#8955);
#8500=AXIS2_PLACEMENT_3D('',#10583,#8959,#8960);
#8501=AXIS2_PLACEMENT_3D('',#10586,#8963,#8964);
#8502=AXIS2_PLACEMENT_3D('',#10589,#8965,#8966);
#8503=AXIS2_PLACEMENT_3D('',#10593,#8968,#8969);
#8504=AXIS2_PLACEMENT_3D('',#10595,#8971,#8972);
#8505=AXIS2_PLACEMENT_3D('',#10601,#8976,#8977);
#8506=AXIS2_PLACEMENT_3D('',#10607,#8981,#8982);
#8507=AXIS2_PLACEMENT_3D('',#10609,#8983,#8984);
#8508=AXIS2_PLACEMENT_3D('',#10612,#8986,#8987);
#8509=AXIS2_PLACEMENT_3D('',#10613,#8988,#8989);
#8510=AXIS2_PLACEMENT_3D('',#10615,#8990,#8991);
#8511=AXIS2_PLACEMENT_3D('',#10618,#8993,#8994);
#8512=AXIS2_PLACEMENT_3D('',#10619,#8995,#8996);
#8513=AXIS2_PLACEMENT_3D('',#10621,#8997,#8998);
#8514=AXIS2_PLACEMENT_3D('',#10624,#9000,#9001);
#8515=AXIS2_PLACEMENT_3D('',#10625,#9002,#9003);
#8516=AXIS2_PLACEMENT_3D('',#10627,#9004,#9005);
#8517=AXIS2_PLACEMENT_3D('',#10629,#9006,#9007);
#8518=AXIS2_PLACEMENT_3D('',#10631,#9008,#9009);
#8519=AXIS2_PLACEMENT_3D('',#10632,#9010,#9011);
#8520=AXIS2_PLACEMENT_3D('',#10633,#9012,#9013);
#8521=AXIS2_PLACEMENT_3D('',#10635,#9014,#9015);
#8522=AXIS2_PLACEMENT_3D('',#10637,#9017,#9018);
#8523=AXIS2_PLACEMENT_3D('',#10641,#9020,#9021);
#8524=AXIS2_PLACEMENT_3D('',#10646,#9024,#9025);
#8525=AXIS2_PLACEMENT_3D('',#10649,#9027,#9028);
#8526=AXIS2_PLACEMENT_3D('',#10651,#9029,#9030);
#8527=AXIS2_PLACEMENT_3D('',#10652,#9031,#9032);
#8528=AXIS2_PLACEMENT_3D('',#10655,#9033,#9034);
#8529=AXIS2_PLACEMENT_3D('',#10656,#9035,#9036);
#8530=AXIS2_PLACEMENT_3D('',#10658,#9037,#9038);
#8531=AXIS2_PLACEMENT_3D('',#10659,#9039,#9040);
#8532=AXIS2_PLACEMENT_3D('',#10660,#9041,#9042);
#8533=AXIS2_PLACEMENT_3D('',#10662,#9043,#9044);
#8534=AXIS2_PLACEMENT_3D('',#10664,#9046,#9047);
#8535=AXIS2_PLACEMENT_3D('',#10665,#9048,#9049);
#8536=AXIS2_PLACEMENT_3D('',#10666,#9050,#9051);
#8537=AXIS2_PLACEMENT_3D('',#10667,#9052,#9053);
#8538=AXIS2_PLACEMENT_3D('',#10668,#9054,#9055);
#8539=AXIS2_PLACEMENT_3D('',#10672,#9057,#9058);
#8540=AXIS2_PLACEMENT_3D('',#10674,#9060,#9061);
#8541=AXIS2_PLACEMENT_3D('',#10679,#9064,#9065);
#8542=AXIS2_PLACEMENT_3D('',#10680,#9066,#9067);
#8543=AXIS2_PLACEMENT_3D('',#10684,#9069,#9070);
#8544=AXIS2_PLACEMENT_3D('',#10687,#9072,#9073);
#8545=AXIS2_PLACEMENT_3D('',#10688,#9074,#9075);
#8546=AXIS2_PLACEMENT_3D('',#10692,#9077,#9078);
#8547=AXIS2_PLACEMENT_3D('',#10695,#9080,#9081);
#8548=AXIS2_PLACEMENT_3D('',#10696,#9082,#9083);
#8549=AXIS2_PLACEMENT_3D('',#10698,#9085,#9086);
#8550=AXIS2_PLACEMENT_3D('',#10700,#9088,#9089);
#8551=AXIS2_PLACEMENT_3D('',#10703,#9092,#9093);
#8552=AXIS2_PLACEMENT_3D('',#10704,#9094,#9095);
#8553=AXIS2_PLACEMENT_3D('',#10706,#9097,#9098);
#8554=AXIS2_PLACEMENT_3D('',#10708,#9100,#9101);
#8555=AXIS2_PLACEMENT_3D('',#10709,#9102,#9103);
#8556=AXIS2_PLACEMENT_3D('',#10710,#9104,#9105);
#8557=AXIS2_PLACEMENT_3D('',#10712,#9106,#9107);
#8558=AXIS2_PLACEMENT_3D('',#10715,#9109,#9110);
#8559=AXIS2_PLACEMENT_3D('',#10716,#9111,#9112);
#8560=AXIS2_PLACEMENT_3D('',#10718,#9113,#9114);
#8561=AXIS2_PLACEMENT_3D('',#10721,#9116,#9117);
#8562=AXIS2_PLACEMENT_3D('',#10722,#9118,#9119);
#8563=AXIS2_PLACEMENT_3D('',#10723,#9120,#9121);
#8564=AXIS2_PLACEMENT_3D('',#10724,#9122,#9123);
#8565=AXIS2_PLACEMENT_3D('',#10733,#9128,#9129);
#8566=AXIS2_PLACEMENT_3D('',#10734,#9130,#9131);
#8567=AXIS2_PLACEMENT_3D('',#10735,#9132,#9133);
#8568=AXIS2_PLACEMENT_3D('',#10744,#9138,#9139);
#8569=AXIS2_PLACEMENT_3D('',#10745,#9140,#9141);
#8570=AXIS2_PLACEMENT_3D('',#10746,#9142,#9143);
#8571=AXIS2_PLACEMENT_3D('',#10747,#9144,#9145);
#8572=AXIS2_PLACEMENT_3D('',#10749,#9146,#9147);
#8573=AXIS2_PLACEMENT_3D('',#10752,#9149,#9150);
#8574=AXIS2_PLACEMENT_3D('',#10753,#9151,#9152);
#8575=AXIS2_PLACEMENT_3D('',#10754,#9153,#9154);
#8576=AXIS2_PLACEMENT_3D('',#10755,#9155,#9156);
#8577=AXIS2_PLACEMENT_3D('',#10756,#9157,#9158);
#8578=AXIS2_PLACEMENT_3D('',#10765,#9163,#9164);
#8579=AXIS2_PLACEMENT_3D('',#10774,#9169,#9170);
#8580=AXIS2_PLACEMENT_3D('',#10775,#9171,#9172);
#8581=AXIS2_PLACEMENT_3D('',#10776,#9173,#9174);
#8582=AXIS2_PLACEMENT_3D('',#10777,#9175,#9176);
#8583=AXIS2_PLACEMENT_3D('',#10779,#9177,#9178);
#8584=AXIS2_PLACEMENT_3D('',#10782,#9180,#9181);
#8585=AXIS2_PLACEMENT_3D('',#10783,#9182,#9183);
#8586=AXIS2_PLACEMENT_3D('',#10785,#9184,#9185);
#8587=AXIS2_PLACEMENT_3D('',#10788,#9187,#9188);
#8588=AXIS2_PLACEMENT_3D('',#10789,#9189,#9190);
#8589=AXIS2_PLACEMENT_3D('',#10792,#9191,#9192);
#8590=AXIS2_PLACEMENT_3D('',#10797,#9195,#9196);
#8591=AXIS2_PLACEMENT_3D('',#10801,#9198,#9199);
#8592=AXIS2_PLACEMENT_3D('',#10805,#9201,#9202);
#8593=AXIS2_PLACEMENT_3D('',#10809,#9204,#9205);
#8594=AXIS2_PLACEMENT_3D('',#10813,#9207,#9208);
#8595=AXIS2_PLACEMENT_3D('',#10817,#9210,#9211);
#8596=AXIS2_PLACEMENT_3D('',#10821,#9213,#9214);
#8597=AXIS2_PLACEMENT_3D('',#10823,#9216,#9217);
#8598=AXIS2_PLACEMENT_3D('',#10824,#9218,#9219);
#8599=AXIS2_PLACEMENT_3D('',#10826,#9220,#9221);
#8600=AXIS2_PLACEMENT_3D('',#10828,#9222,#9223);
#8601=AXIS2_PLACEMENT_3D('',#10830,#9224,#9225);
#8602=AXIS2_PLACEMENT_3D('',#10831,#9226,#9227);
#8603=AXIS2_PLACEMENT_3D('',#10832,#9228,#9229);
#8604=AXIS2_PLACEMENT_3D('',#10833,#9230,#9231);
#8605=AXIS2_PLACEMENT_3D('',#10837,#9233,#9234);
#8606=AXIS2_PLACEMENT_3D('',#10841,#9236,#9237);
#8607=AXIS2_PLACEMENT_3D('',#10845,#9239,#9240);
#8608=AXIS2_PLACEMENT_3D('',#10850,#9243,#9244);
#8609=AXIS2_PLACEMENT_3D('',#10854,#9246,#9247);
#8610=AXIS2_PLACEMENT_3D('',#10858,#9249,#9250);
#8611=AXIS2_PLACEMENT_3D('',#10862,#9252,#9253);
#8612=AXIS2_PLACEMENT_3D('',#10865,#9255,#9256);
#8613=AXIS2_PLACEMENT_3D('',#10866,#9257,#9258);
#8614=AXIS2_PLACEMENT_3D('',#10868,#9259,#9260);
#8615=AXIS2_PLACEMENT_3D('',#10869,#9261,#9262);
#8616=AXIS2_PLACEMENT_3D('',#10870,#9263,#9264);
#8617=AXIS2_PLACEMENT_3D('',#10871,#9265,#9266);
#8618=AXIS2_PLACEMENT_3D('',#10874,#9269,#9270);
#8619=AXIS2_PLACEMENT_3D('',#10877,#9273,#9274);
#8620=AXIS2_PLACEMENT_3D('',#10880,#9277,#9278);
#8621=AXIS2_PLACEMENT_3D('',#10883,#9281,#9282);
#8622=AXIS2_PLACEMENT_3D('',#10884,#9283,#9284);
#8623=AXIS2_PLACEMENT_3D('',#10885,#9285,#9286);
#8624=AXIS2_PLACEMENT_3D('',#10888,#9289,#9290);
#8625=AXIS2_PLACEMENT_3D('',#10889,#9291,#9292);
#8626=AXIS2_PLACEMENT_3D('',#10890,#9293,#9294);
#8627=AXIS2_PLACEMENT_3D('',#10893,#9297,#9298);
#8628=AXIS2_PLACEMENT_3D('',#10894,#9299,#9300);
#8629=AXIS2_PLACEMENT_3D('',#10895,#9301,#9302);
#8630=AXIS2_PLACEMENT_3D('',#10898,#9305,#9306);
#8631=AXIS2_PLACEMENT_3D('',#10899,#9307,#9308);
#8632=AXIS2_PLACEMENT_3D('',#10900,#9309,#9310);
#8633=AXIS2_PLACEMENT_3D('',#10909,#9315,#9316);
#8634=AXIS2_PLACEMENT_3D('',#10911,#9317,#9318);
#8635=AXIS2_PLACEMENT_3D('',#10913,#9319,#9320);
#8636=AXIS2_PLACEMENT_3D('',#10915,#9322,#9323);
#8637=AXIS2_PLACEMENT_3D('',#10921,#9327,#9328);
#8638=AXIS2_PLACEMENT_3D('',#10922,#9329,#9330);
#8639=AXIS2_PLACEMENT_3D('',#10923,#9331,#9332);
#8640=AXIS2_PLACEMENT_3D('',#10924,#9333,#9334);
#8641=AXIS2_PLACEMENT_3D('',#10927,#9335,#9336);
#8642=AXIS2_PLACEMENT_3D('',#10942,#9339,#9340);
#8643=AXIS2_PLACEMENT_3D('',#10945,#9341,#9342);
#8644=AXIS2_PLACEMENT_3D('',#10948,#9344,#9345);
#8645=AXIS2_PLACEMENT_3D('',#10950,#9347,#9348);
#8646=AXIS2_PLACEMENT_3D('',#10952,#9349,#9350);
#8647=AXIS2_PLACEMENT_3D('',#10967,#9353,#9354);
#8648=AXIS2_PLACEMENT_3D('',#10968,#9355,#9356);
#8649=AXIS2_PLACEMENT_3D('',#10969,#9357,#9358);
#8650=AXIS2_PLACEMENT_3D('',#10970,#9359,#9360);
#8651=AXIS2_PLACEMENT_3D('',#10971,#9361,#9362);
#8652=AXIS2_PLACEMENT_3D('',#10981,#9368,#9369);
#8653=AXIS2_PLACEMENT_3D('',#10984,#9371,#9372);
#8654=AXIS2_PLACEMENT_3D('',#10985,#9373,#9374);
#8655=AXIS2_PLACEMENT_3D('',#10989,#9377,#9378);
#8656=AXIS2_PLACEMENT_3D('',#10992,#9380,#9381);
#8657=AXIS2_PLACEMENT_3D('',#10993,#9382,#9383);
#8658=AXIS2_PLACEMENT_3D('',#11001,#9388,#9389);
#8659=AXIS2_PLACEMENT_3D('',#11003,#9390,#9391);
#8660=AXIS2_PLACEMENT_3D('',#11007,#9393,#9394);
#8661=AXIS2_PLACEMENT_3D('',#11011,#9396,#9397);
#8662=AXIS2_PLACEMENT_3D('',#11015,#9399,#9400);
#8663=AXIS2_PLACEMENT_3D('',#11018,#9402,#9403);
#8664=AXIS2_PLACEMENT_3D('',#11019,#9404,#9405);
#8665=AXIS2_PLACEMENT_3D('',#11027,#9410,#9411);
#8666=AXIS2_PLACEMENT_3D('',#11035,#9416,#9417);
#8667=AXIS2_PLACEMENT_3D('',#11037,#9418,#9419);
#8668=AXIS2_PLACEMENT_3D('',#11039,#9421,#9422);
#8669=AXIS2_PLACEMENT_3D('',#11041,#9423,#9424);
#8670=AXIS2_PLACEMENT_3D('',#11043,#9426,#9427);
#8671=AXIS2_PLACEMENT_3D('',#11045,#9428,#9429);
#8672=AXIS2_PLACEMENT_3D('',#11047,#9430,#9431);
#8673=AXIS2_PLACEMENT_3D('',#11049,#9432,#9433);
#8674=AXIS2_PLACEMENT_3D('',#11050,#9434,#9435);
#8675=AXIS2_PLACEMENT_3D('',#11051,#9436,#9437);
#8676=AXIS2_PLACEMENT_3D('',#11053,#9438,#9439);
#8677=AXIS2_PLACEMENT_3D('',#11055,#9441,#9442);
#8678=AXIS2_PLACEMENT_3D('',#11057,#9443,#9444);
#8679=AXIS2_PLACEMENT_3D('',#11059,#9445,#9446);
#8680=AXIS2_PLACEMENT_3D('',#11060,#9447,#9448);
#8681=AXIS2_PLACEMENT_3D('',#11061,#9449,#9450);
#8682=AXIS2_PLACEMENT_3D('',#11063,#9451,#9452);
#8683=AXIS2_PLACEMENT_3D('',#11065,#9454,#9455);
#8684=AXIS2_PLACEMENT_3D('',#11068,#9457,#9458);
#8685=AXIS2_PLACEMENT_3D('',#11069,#9459,#9460);
#8686=AXIS2_PLACEMENT_3D('',#11071,#9462,#9463);
#8687=AXIS2_PLACEMENT_3D('',#11075,#9465,#9466);
#8688=AXIS2_PLACEMENT_3D('',#11077,#9468,#9469);
#8689=AXIS2_PLACEMENT_3D('',#11083,#9473,#9474);
#8690=AXIS2_PLACEMENT_3D('',#11089,#9478,#9479);
#8691=AXIS2_PLACEMENT_3D('',#11093,#9482,#9483);
#8692=AXIS2_PLACEMENT_3D('',#11099,#9487,#9488);
#8693=AXIS2_PLACEMENT_3D('',#11100,#9489,#9490);
#8694=AXIS2_PLACEMENT_3D('',#11102,#9492,#9493);
#8695=AXIS2_PLACEMENT_3D('',#11103,#9494,#9495);
#8696=AXIS2_PLACEMENT_3D('',#11104,#9496,#9497);
#8697=AXIS2_PLACEMENT_3D('',#11105,#9498,#9499);
#8698=AXIS2_PLACEMENT_3D('',#11111,#9503,#9504);
#8699=AXIS2_PLACEMENT_3D('',#11113,#9506,#9507);
#8700=AXIS2_PLACEMENT_3D('',#11114,#9508,#9509);
#8701=AXIS2_PLACEMENT_3D('',#11115,#9510,#9511);
#8702=AXIS2_PLACEMENT_3D('',#11116,#9512,#9513);
#8703=AXIS2_PLACEMENT_3D('',#11117,#9514,#9515);
#8704=AXIS2_PLACEMENT_3D('',#11119,#9516,#9517);
#8705=AXIS2_PLACEMENT_3D('',#11121,#9519,#9520);
#8706=AXIS2_PLACEMENT_3D('',#11122,#9521,#9522);
#8707=AXIS2_PLACEMENT_3D('',#11123,#9523,#9524);
#8708=AXIS2_PLACEMENT_3D('',#11125,#9526,#9527);
#8709=AXIS2_PLACEMENT_3D('',#11126,#9528,#9529);
#8710=AXIS2_PLACEMENT_3D('',#11128,#9530,#9531);
#8711=AXIS2_PLACEMENT_3D('',#11131,#9533,#9534);
#8712=AXIS2_PLACEMENT_3D('',#11132,#9535,#9536);
#8713=AXIS2_PLACEMENT_3D('',#11133,#9537,#9538);
#8714=AXIS2_PLACEMENT_3D('',#11134,#9539,#9540);
#8715=AXIS2_PLACEMENT_3D('',#11136,#9541,#9542);
#8716=AXIS2_PLACEMENT_3D('',#11139,#9544,#9545);
#8717=AXIS2_PLACEMENT_3D('',#11140,#9546,#9547);
#8718=AXIS2_PLACEMENT_3D('',#11141,#9548,#9549);
#8719=AXIS2_PLACEMENT_3D('',#11142,#9550,#9551);
#8720=AXIS2_PLACEMENT_3D('',#11144,#9552,#9553);
#8721=AXIS2_PLACEMENT_3D('',#11147,#9555,#9556);
#8722=AXIS2_PLACEMENT_3D('',#11148,#9557,#9558);
#8723=AXIS2_PLACEMENT_3D('',#11149,#9559,#9560);
#8724=AXIS2_PLACEMENT_3D('',#11150,#9561,#9562);
#8725=AXIS2_PLACEMENT_3D('',#11152,#9563,#9564);
#8726=AXIS2_PLACEMENT_3D('',#11155,#9566,#9567);
#8727=AXIS2_PLACEMENT_3D('',#11156,#9568,#9569);
#8728=AXIS2_PLACEMENT_3D('',#11157,#9570,#9571);
#8729=AXIS2_PLACEMENT_3D('',#11158,#9572,#9573);
#8730=AXIS2_PLACEMENT_3D('',#11160,#9574,#9575);
#8731=AXIS2_PLACEMENT_3D('',#11163,#9577,#9578);
#8732=AXIS2_PLACEMENT_3D('',#11164,#9579,#9580);
#8733=AXIS2_PLACEMENT_3D('',#11165,#9581,#9582);
#8734=AXIS2_PLACEMENT_3D('',#11166,#9583,#9584);
#8735=AXIS2_PLACEMENT_3D('',#11175,#9589,#9590);
#8736=AXIS2_PLACEMENT_3D('',#11181,#9594,#9595);
#8737=AXIS2_PLACEMENT_3D('',#11187,#9599,#9600);
#8738=AXIS2_PLACEMENT_3D('',#11193,#9604,#9605);
#8739=AXIS2_PLACEMENT_3D('',#11199,#9609,#9610);
#8740=AXIS2_PLACEMENT_3D('',#11205,#9614,#9615);
#8741=AXIS2_PLACEMENT_3D('',#11208,#9618,#9619);
#8742=AXIS2_PLACEMENT_3D('',#11440,#9633,#9634);
#8743=AXIS2_PLACEMENT_3D('',#11522,#9642,#9643);
#8744=AXIS2_PLACEMENT_3D('',#11582,#9649,#9650);
#8745=AXIS2_PLACEMENT_3D('',#11583,#9651,#9652);
#8746=AXIS2_PLACEMENT_3D('',#11592,#9657,#9658);
#8747=AXIS2_PLACEMENT_3D('',#11598,#9662,#9663);
#8748=AXIS2_PLACEMENT_3D('',#11601,#9666,#9667);
#8749=AXIS2_PLACEMENT_3D('',#11610,#9672,#9673);
#8750=AXIS2_PLACEMENT_3D('',#11616,#9677,#9678);
#8751=AXIS2_PLACEMENT_3D('',#11622,#9682,#9683);
#8752=AXIS2_PLACEMENT_3D('',#11628,#9687,#9688);
#8753=AXIS2_PLACEMENT_3D('',#11634,#9692,#9693);
#8754=AXIS2_PLACEMENT_3D('',#11640,#9697,#9698);
#8755=AXIS2_PLACEMENT_3D('',#11646,#9702,#9703);
#8756=AXIS2_PLACEMENT_3D('',#11652,#9707,#9708);
#8757=AXIS2_PLACEMENT_3D('',#11658,#9712,#9713);
#8758=AXIS2_PLACEMENT_3D('',#11664,#9717,#9718);
#8759=AXIS2_PLACEMENT_3D('',#11667,#9721,#9722);
#8760=AXIS2_PLACEMENT_3D('',#11668,#9723,#9724);
#8761=AXIS2_PLACEMENT_3D('',#11677,#9729,#9730);
#8762=AXIS2_PLACEMENT_3D('',#11683,#9734,#9735);
#8763=AXIS2_PLACEMENT_3D('',#11689,#9739,#9740);
#8764=AXIS2_PLACEMENT_3D('',#11695,#9744,#9745);
#8765=AXIS2_PLACEMENT_3D('',#11701,#9749,#9750);
#8766=AXIS2_PLACEMENT_3D('',#11707,#9754,#9755);
#8767=AXIS2_PLACEMENT_3D('',#11713,#9759,#9760);
#8768=AXIS2_PLACEMENT_3D('',#11719,#9764,#9765);
#8769=AXIS2_PLACEMENT_3D('',#11722,#9768,#9769);
#8770=AXIS2_PLACEMENT_3D('',#11723,#9770,#9771);
#8771=AXIS2_PLACEMENT_3D('',#11732,#9776,#9777);
#8772=AXIS2_PLACEMENT_3D('',#11738,#9781,#9782);
#8773=AXIS2_PLACEMENT_3D('',#11744,#9786,#9787);
#8774=AXIS2_PLACEMENT_3D('',#11747,#9790,#9791);
#8775=AXIS2_PLACEMENT_3D('',#11748,#9792,#9793);
#8776=AXIS2_PLACEMENT_3D('',#11871,#9804,#9805);
#8777=AXIS2_PLACEMENT_3D('',#11877,#9809,#9810);
#8778=AXIS2_PLACEMENT_3D('',#11978,#9819,#9820);
#8779=AXIS2_PLACEMENT_3D('',#11984,#9824,#9825);
#8780=AXIS2_PLACEMENT_3D('',#11990,#9829,#9830);
#8781=AXIS2_PLACEMENT_3D('',#11993,#9833,#9834);
#8782=AXIS2_PLACEMENT_3D('',#12035,#9838,#9839);
#8783=AXIS2_PLACEMENT_3D('',#12041,#9843,#9844);
#8784=AXIS2_PLACEMENT_3D('',#12047,#9848,#9849);
#8785=AXIS2_PLACEMENT_3D('',#12088,#9854,#9855);
#8786=AXIS2_PLACEMENT_3D('',#12097,#9860,#9861);
#8787=AXIS2_PLACEMENT_3D('',#12103,#9865,#9866);
#8788=AXIS2_PLACEMENT_3D('',#12109,#9870,#9871);
#8789=AXIS2_PLACEMENT_3D('',#12115,#9875,#9876);
#8790=AXIS2_PLACEMENT_3D('',#12121,#9880,#9881);
#8791=AXIS2_PLACEMENT_3D('',#12184,#9888,#9889);
#8792=AXIS2_PLACEMENT_3D('',#12190,#9893,#9894);
#8793=AXIS2_PLACEMENT_3D('',#12193,#9897,#9898);
#8794=AXIS2_PLACEMENT_3D('',#12460,#9913,#9914);
#8795=AXIS2_PLACEMENT_3D('',#12461,#9915,#9916);
#8796=AXIS2_PLACEMENT_3D('',#12470,#9921,#9922);
#8797=AXIS2_PLACEMENT_3D('',#12476,#9926,#9927);
#8798=AXIS2_PLACEMENT_3D('',#12482,#9931,#9932);
#8799=AXIS2_PLACEMENT_3D('',#12488,#9936,#9937);
#8800=AXIS2_PLACEMENT_3D('',#12494,#9941,#9942);
#8801=AXIS2_PLACEMENT_3D('',#12500,#9946,#9947);
#8802=AXIS2_PLACEMENT_3D('',#12506,#9951,#9952);
#8803=AXIS2_PLACEMENT_3D('',#12512,#9956,#9957);
#8804=AXIS2_PLACEMENT_3D('',#12518,#9961,#9962);
#8805=AXIS2_PLACEMENT_3D('',#12524,#9966,#9967);
#8806=AXIS2_PLACEMENT_3D('',#12530,#9971,#9972);
#8807=AXIS2_PLACEMENT_3D('',#12536,#9976,#9977);
#8808=AXIS2_PLACEMENT_3D('',#12539,#9980,#9981);
#8809=AXIS2_PLACEMENT_3D('',#12581,#9985,#9986);
#8810=AXIS2_PLACEMENT_3D('',#12587,#9990,#9991);
#8811=AXIS2_PLACEMENT_3D('',#12593,#9995,#9996);
#8812=AXIS2_PLACEMENT_3D('',#12656,#10003,#10004);
#8813=AXIS2_PLACEMENT_3D('',#12662,#10008,#10009);
#8814=AXIS2_PLACEMENT_3D('',#12668,#10013,#10014);
#8815=AXIS2_PLACEMENT_3D('',#12674,#10018,#10019);
#8816=AXIS2_PLACEMENT_3D('',#12680,#10023,#10024);
#8817=AXIS2_PLACEMENT_3D('',#12740,#10030,#10031);
#8818=AXIS2_PLACEMENT_3D('',#12741,#10032,#10033);
#8819=AXIS2_PLACEMENT_3D('',#12750,#10038,#10039);
#8820=AXIS2_PLACEMENT_3D('',#12756,#10043,#10044);
#8821=AXIS2_PLACEMENT_3D('',#12762,#10048,#10049);
#8822=AXIS2_PLACEMENT_3D('',#12768,#10053,#10054);
#8823=AXIS2_PLACEMENT_3D('',#12774,#10058,#10059);
#8824=AXIS2_PLACEMENT_3D('',#12780,#10063,#10064);
#8825=AXIS2_PLACEMENT_3D('',#12786,#10068,#10069);
#8826=AXIS2_PLACEMENT_3D('',#12789,#10072,#10073);
#8827=AXIS2_PLACEMENT_3D('',#12790,#10074,#10075);
#8828=AXIS2_PLACEMENT_3D('',#12799,#10080,#10081);
#8829=AXIS2_PLACEMENT_3D('',#12957,#10093,#10094);
#8830=AXIS2_PLACEMENT_3D('',#12963,#10098,#10099);
#8831=AXIS2_PLACEMENT_3D('',#13118,#10110,#10111);
#8832=AXIS2_PLACEMENT_3D('',#13119,#10112,#10113);
#8833=AXIS2_PLACEMENT_3D('',#13128,#10118,#10119);
#8834=AXIS2_PLACEMENT_3D('',#13134,#10123,#10124);
#8835=AXIS2_PLACEMENT_3D('',#13140,#10128,#10129);
#8836=AXIS2_PLACEMENT_3D('',#13146,#10133,#10134);
#8837=AXIS2_PLACEMENT_3D('',#13152,#10138,#10139);
#8838=AXIS2_PLACEMENT_3D('',#13158,#10143,#10144);
#8839=AXIS2_PLACEMENT_3D('',#13164,#10148,#10149);
#8840=AXIS2_PLACEMENT_3D('',#13170,#10153,#10154);
#8841=AXIS2_PLACEMENT_3D('',#13176,#10158,#10159);
#8842=AXIS2_PLACEMENT_3D('',#13182,#10163,#10164);
#8843=AXIS2_PLACEMENT_3D('',#13188,#10168,#10169);
#8844=AXIS2_PLACEMENT_3D('',#13191,#10172,#10173);
#8845=AXIS2_PLACEMENT_3D('',#13458,#10188,#10189);
#8846=AXIS2_PLACEMENT_3D('',#13459,#10190,#10191);
#8847=AXIS2_PLACEMENT_3D('',#13468,#10196,#10197);
#8848=AXIS2_PLACEMENT_3D('',#13474,#10201,#10202);
#8849=AXIS2_PLACEMENT_3D('',#13480,#10206,#10207);
#8850=AXIS2_PLACEMENT_3D('',#13486,#10211,#10212);
#8851=AXIS2_PLACEMENT_3D('',#13492,#10216,#10217);
#8852=AXIS2_PLACEMENT_3D('',#13498,#10221,#10222);
#8853=AXIS2_PLACEMENT_3D('',#13504,#10226,#10227);
#8854=AXIS2_PLACEMENT_3D('',#13507,#10230,#10231);
#8855=AXIS2_PLACEMENT_3D('',#13739,#10245,#10246);
#8856=AXIS2_PLACEMENT_3D('',#13821,#10254,#10255);
#8857=AXIS2_PLACEMENT_3D('',#13881,#10261,#10262);
#8858=AXIS2_PLACEMENT_3D('',#13923,#10266,#10267);
#8859=AXIS2_PLACEMENT_3D('',#13929,#10271,#10272);
#8860=AXIS2_PLACEMENT_3D('',#13935,#10276,#10277);
#8861=AXIS2_PLACEMENT_3D('',#14017,#10285,#10286);
#8862=AXIS2_PLACEMENT_3D('',#14023,#10290,#10291);
#8863=AXIS2_PLACEMENT_3D('',#14029,#10295,#10296);
#8864=AXIS2_PLACEMENT_3D('',#14092,#10303,#10304);
#8865=AXIS2_PLACEMENT_3D('',#14098,#10308,#10309);
#8866=AXIS2_PLACEMENT_3D('',#14104,#10313,#10314);
#8867=AXIS2_PLACEMENT_3D('',#14167,#10321,#10322);
#8868=AXIS2_PLACEMENT_3D('',#14208,#10327,#10328);
#8869=AXIS2_PLACEMENT_3D('',#14231,#10331,#10332);
#8870=AXIS2_PLACEMENT_3D('',#14237,#10336,#10337);
#8871=AXIS2_PLACEMENT_3D('',#14300,#10344,#10345);
#8872=AXIS2_PLACEMENT_3D('',#14306,#10349,#10350);
#8873=AXIS2_PLACEMENT_3D('',#14312,#10354,#10355);
#8874=AXIS2_PLACEMENT_3D('',#14318,#10359,#10360);
#8875=AXIS2_PLACEMENT_3D('',#14324,#10364,#10365);
#8876=AXIS2_PLACEMENT_3D('',#14346,#10369,#10370);
#8877=AXIS2_PLACEMENT_3D('',#14388,#10374,#10375);
#8878=AXIS2_PLACEMENT_3D('',#14394,#10379,#10380);
#8879=AXIS2_PLACEMENT_3D('',#14533,#10391,#10392);
#8880=AXIS2_PLACEMENT_3D('',#14539,#10396,#10397);
#8881=AXIS2_PLACEMENT_3D('',#14545,#10401,#10402);
#8882=AXIS2_PLACEMENT_3D('',#14551,#10406,#10407);
#8883=AXIS2_PLACEMENT_3D('',#14557,#10411,#10412);
#8884=AXIS2_PLACEMENT_3D('',#14636,#10419,#10420);
#8885=AXIS2_PLACEMENT_3D('',#14678,#10424,#10425);
#8886=AXIS2_PLACEMENT_3D('',#14684,#10429,#10430);
#8887=AXIS2_PLACEMENT_3D('',#14690,#10434,#10435);
#8888=AXIS2_PLACEMENT_3D('',#14753,#10442,#10443);
#8889=AXIS2_PLACEMENT_3D('',#14759,#10447,#10448);
#8890=AXIS2_PLACEMENT_3D('',#14765,#10452,#10453);
#8891=AXIS2_PLACEMENT_3D('',#14825,#10459,#10460);
#8892=AXIS2_PLACEMENT_3D('',#14924,#10467,#10468);
#8893=AXIS2_PLACEMENT_3D('',#14930,#10472,#10473);
#8894=AXIS2_PLACEMENT_3D('',#15088,#10485,#10486);
#8895=AXIS2_PLACEMENT_3D('',#15094,#10490,#10491);
#8896=AXIS2_PLACEMENT_3D('',#15154,#10497,#10498);
#8897=AXIS2_PLACEMENT_3D('',#15155,#10499,#10500);
#8898=AXIS2_PLACEMENT_3D('',#15157,#10501,#10502);
#8899=AXIS2_PLACEMENT_3D('',#15158,#10503,#10504);
#8900=AXIS2_PLACEMENT_3D('',#15159,#10505,#10506);
#8901=AXIS2_PLACEMENT_3D('',#15160,#10507,#10508);
#8902=AXIS2_PLACEMENT_3D('',#15161,#10509,#10510);
#8903=AXIS2_PLACEMENT_3D('',#15162,#10511,#10512);
#8904=AXIS2_PLACEMENT_3D('',#15163,#10513,#10514);
#8905=AXIS2_PLACEMENT_3D('',#15164,#10515,#10516);
#8906=AXIS2_PLACEMENT_3D('',#15165,#10517,#10518);
#8907=AXIS2_PLACEMENT_3D('',#15166,#10519,#10520);
#8908=AXIS2_PLACEMENT_3D('',#15167,#10521,#10522);
#8909=AXIS2_PLACEMENT_3D('',#15168,#10523,#10524);
#8910=AXIS2_PLACEMENT_3D('',#15169,#10525,#10526);
#8911=AXIS2_PLACEMENT_3D('',#15172,#10528,#10529);
#8912=AXIS2_PLACEMENT_3D('',#15173,#10530,#10531);
#8913=AXIS2_PLACEMENT_3D('',#15174,#10532,#10533);
#8914=DIRECTION('axis',(0.,0.,1.));
#8915=DIRECTION('refdir',(1.,0.,0.));
#8916=DIRECTION('center_axis',(0.,0.,-1.));
#8917=DIRECTION('ref_axis',(-0.621383007794571,-0.783506960801352,0.));
#8918=DIRECTION('center_axis',(0.,0.,-1.));
#8919=DIRECTION('ref_axis',(-0.621383007794571,-0.783506960801352,0.));
#8920=DIRECTION('',(0.,0.,-1.));
#8921=DIRECTION('center_axis',(0.,0.,1.));
#8922=DIRECTION('ref_axis',(-0.621383007794571,-0.783506960801352,0.));
#8923=DIRECTION('',(0.,0.,-1.));
#8924=DIRECTION('center_axis',(-1.,0.,0.));
#8925=DIRECTION('ref_axis',(0.,1.,0.));
#8926=DIRECTION('',(0.,1.,0.));
#8927=DIRECTION('',(0.,-1.,0.));
#8928=DIRECTION('',(0.,0.,1.));
#8929=DIRECTION('center_axis',(1.,0.,0.));
#8930=DIRECTION('ref_axis',(0.,-1.,0.));
#8931=DIRECTION('',(0.,-1.,0.));
#8932=DIRECTION('',(0.,0.,-1.));
#8933=DIRECTION('',(0.,1.,0.));
#8934=DIRECTION('',(0.,0.,-1.));
#8935=DIRECTION('center_axis',(0.,0.,-1.));
#8936=DIRECTION('ref_axis',(-0.621383007794571,-0.783506960801352,0.));
#8937=DIRECTION('center_axis',(0.,0.,-1.));
#8938=DIRECTION('ref_axis',(-0.621383007794571,-0.783506960801352,0.));
#8939=DIRECTION('center_axis',(0.,0.,1.));
#8940=DIRECTION('ref_axis',(-0.621383007794571,-0.783506960801352,0.));
#8941=DIRECTION('',(0.,0.,1.));
#8942=DIRECTION('center_axis',(0.,0.,1.));
#8943=DIRECTION('ref_axis',(1.,0.,0.));
#8944=DIRECTION('center_axis',(0.,0.,-1.));
#8945=DIRECTION('ref_axis',(1.,0.,0.));
#8946=DIRECTION('',(0.,0.,1.));
#8947=DIRECTION('center_axis',(0.,0.,1.));
#8948=DIRECTION('ref_axis',(1.,0.,0.));
#8949=DIRECTION('center_axis',(-1.,-2.5463805966417E-16,0.));
#8950=DIRECTION('ref_axis',(-2.5463805966417E-16,1.,0.));
#8951=DIRECTION('',(-2.5463805966417E-16,1.,0.));
#8952=DIRECTION('',(0.,0.,-1.));
#8953=DIRECTION('',(2.5463805966417E-16,-1.,0.));
#8954=DIRECTION('center_axis',(1.,-2.5463805966417E-16,0.));
#8955=DIRECTION('ref_axis',(-2.5463805966417E-16,-1.,0.));
#8956=DIRECTION('',(2.5463805966417E-16,1.,0.));
#8957=DIRECTION('',(0.,0.,-1.));
#8958=DIRECTION('',(-2.5463805966417E-16,-1.,0.));
#8959=DIRECTION('center_axis',(0.,-1.,0.));
#8960=DIRECTION('ref_axis',(-1.,0.,0.));
#8961=DIRECTION('',(-1.,0.,0.));
#8962=DIRECTION('',(1.,0.,0.));
#8963=DIRECTION('center_axis',(0.,0.,-1.));
#8964=DIRECTION('ref_axis',(0.346403171011916,0.938085733348978,0.));
#8965=DIRECTION('center_axis',(0.,0.,-1.));
#8966=DIRECTION('ref_axis',(0.346403171011916,0.938085733348978,0.));
#8967=DIRECTION('',(0.,0.,-1.));
#8968=DIRECTION('center_axis',(0.,0.,1.));
#8969=DIRECTION('ref_axis',(0.346403171011916,0.938085733348978,0.));
#8970=DIRECTION('',(0.,0.,-1.));
#8971=DIRECTION('center_axis',(1.,0.,0.));
#8972=DIRECTION('ref_axis',(0.,-1.,0.));
#8973=DIRECTION('',(0.,-1.,0.));
#8974=DIRECTION('',(0.,1.,0.));
#8975=DIRECTION('',(0.,0.,1.));
#8976=DIRECTION('center_axis',(-1.,0.,0.));
#8977=DIRECTION('ref_axis',(0.,1.,0.));
#8978=DIRECTION('',(0.,1.,0.));
#8979=DIRECTION('',(0.,0.,-1.));
#8980=DIRECTION('',(0.,-1.,0.));
#8981=DIRECTION('center_axis',(0.,0.,1.));
#8982=DIRECTION('ref_axis',(1.,0.,0.));
#8983=DIRECTION('center_axis',(0.,0.,1.));
#8984=DIRECTION('ref_axis',(1.,0.,0.));
#8985=DIRECTION('',(0.,0.,1.));
#8986=DIRECTION('center_axis',(0.,0.,-1.));
#8987=DIRECTION('ref_axis',(1.,0.,0.));
#8988=DIRECTION('center_axis',(0.,0.,1.));
#8989=DIRECTION('ref_axis',(1.,0.,0.));
#8990=DIRECTION('center_axis',(0.,0.,1.));
#8991=DIRECTION('ref_axis',(1.,0.,0.));
#8992=DIRECTION('',(0.,0.,1.));
#8993=DIRECTION('center_axis',(0.,0.,-1.));
#8994=DIRECTION('ref_axis',(1.,0.,0.));
#8995=DIRECTION('center_axis',(0.,0.,1.));
#8996=DIRECTION('ref_axis',(1.,0.,0.));
#8997=DIRECTION('center_axis',(0.,0.,-1.));
#8998=DIRECTION('ref_axis',(1.,0.,0.));
#8999=DIRECTION('',(0.,0.,1.));
#9000=DIRECTION('center_axis',(0.,0.,1.));
#9001=DIRECTION('ref_axis',(1.,0.,0.));
#9002=DIRECTION('center_axis',(0.,0.,1.));
#9003=DIRECTION('ref_axis',(1.,0.,0.));
#9004=DIRECTION('center_axis',(0.,0.,-1.));
#9005=DIRECTION('ref_axis',(1.,0.,0.));
#9006=DIRECTION('center_axis',(0.,-1.,0.));
#9007=DIRECTION('ref_axis',(-1.,0.,0.));
#9008=DIRECTION('center_axis',(0.,0.,1.));
#9009=DIRECTION('ref_axis',(1.,0.,0.));
#9010=DIRECTION('center_axis',(0.,0.,1.));
#9011=DIRECTION('ref_axis',(1.,0.,0.));
#9012=DIRECTION('center_axis',(0.,0.,1.));
#9013=DIRECTION('ref_axis',(-1.,0.,0.));
#9014=DIRECTION('center_axis',(0.,0.,-1.));
#9015=DIRECTION('ref_axis',(-1.,0.,0.));
#9016=DIRECTION('',(0.,0.,-1.));
#9017=DIRECTION('center_axis',(0.,0.,1.));
#9018=DIRECTION('ref_axis',(1.,0.,0.));
#9019=DIRECTION('',(1.,-3.48927236310763E-16,0.));
#9020=DIRECTION('center_axis',(0.,0.,1.));
#9021=DIRECTION('ref_axis',(0.,1.,0.));
#9022=DIRECTION('',(-1.,1.90323947078598E-16,0.));
#9023=DIRECTION('',(-1.,1.90323947078598E-16,0.));
#9024=DIRECTION('center_axis',(0.,0.,1.));
#9025=DIRECTION('ref_axis',(-6.3441315692866E-16,-1.,0.));
#9026=DIRECTION('',(1.,-3.48927236310763E-16,0.));
#9027=DIRECTION('center_axis',(0.,0.,-1.));
#9028=DIRECTION('ref_axis',(-1.,0.,0.));
#9029=DIRECTION('center_axis',(0.,0.,-1.));
#9030=DIRECTION('ref_axis',(-1.,0.,0.));
#9031=DIRECTION('center_axis',(0.,0.,-1.));
#9032=DIRECTION('ref_axis',(-1.,0.,0.));
#9033=DIRECTION('center_axis',(0.,0.,-1.));
#9034=DIRECTION('ref_axis',(-1.,-2.41352831440251E-16,0.));
#9035=DIRECTION('center_axis',(0.,0.,-1.));
#9036=DIRECTION('ref_axis',(-1.,-2.41352831440251E-16,0.));
#9037=DIRECTION('center_axis',(-2.22044604925031E-16,-1.,0.));
#9038=DIRECTION('ref_axis',(1.,-2.22044604925031E-16,0.));
#9039=DIRECTION('center_axis',(0.,0.,1.));
#9040=DIRECTION('ref_axis',(-1.,-2.41352831440251E-16,0.));
#9041=DIRECTION('center_axis',(0.,0.,1.));
#9042=DIRECTION('ref_axis',(1.,0.,0.));
#9043=DIRECTION('center_axis',(0.,0.,1.));
#9044=DIRECTION('ref_axis',(1.,0.,0.));
#9045=DIRECTION('',(0.,0.,-1.));
#9046=DIRECTION('center_axis',(0.,0.,1.));
#9047=DIRECTION('ref_axis',(1.,0.,0.));
#9048=DIRECTION('center_axis',(0.,0.,-1.));
#9049=DIRECTION('ref_axis',(1.,0.,0.));
#9050=DIRECTION('center_axis',(0.,0.,-1.));
#9051=DIRECTION('ref_axis',(1.,0.,0.));
#9052=DIRECTION('center_axis',(0.,0.,1.));
#9053=DIRECTION('ref_axis',(1.,0.,0.));
#9054=DIRECTION('center_axis',(0.,0.,-1.));
#9055=DIRECTION('ref_axis',(-1.,1.22464679914735E-16,0.));
#9056=DIRECTION('',(0.,0.,1.));
#9057=DIRECTION('center_axis',(0.,0.,-1.));
#9058=DIRECTION('ref_axis',(1.,0.,0.));
#9059=DIRECTION('',(0.,0.,1.));
#9060=DIRECTION('center_axis',(0.,0.,-1.));
#9061=DIRECTION('ref_axis',(1.,0.,0.));
#9062=DIRECTION('',(0.,0.,1.));
#9063=DIRECTION('',(0.,0.,1.));
#9064=DIRECTION('center_axis',(0.,0.,-1.));
#9065=DIRECTION('ref_axis',(1.,0.,0.));
#9066=DIRECTION('center_axis',(0.,0.,1.));
#9067=DIRECTION('ref_axis',(1.,0.,0.));
#9068=DIRECTION('',(-1.,1.90323947078598E-16,0.));
#9069=DIRECTION('center_axis',(0.,0.,1.));
#9070=DIRECTION('ref_axis',(0.,1.,0.));
#9071=DIRECTION('',(1.,-3.48927236310763E-16,0.));
#9072=DIRECTION('center_axis',(0.,0.,-1.));
#9073=DIRECTION('ref_axis',(-1.,0.,0.));
#9074=DIRECTION('center_axis',(0.,0.,1.));
#9075=DIRECTION('ref_axis',(1.,0.,0.));
#9076=DIRECTION('',(1.,-3.48927236310763E-16,0.));
#9077=DIRECTION('center_axis',(0.,0.,1.));
#9078=DIRECTION('ref_axis',(-6.3441315692866E-16,-1.,0.));
#9079=DIRECTION('',(-1.,1.90323947078598E-16,0.));
#9080=DIRECTION('center_axis',(0.,0.,-1.));
#9081=DIRECTION('ref_axis',(-1.,0.,0.));
#9082=DIRECTION('center_axis',(0.,0.,1.));
#9083=DIRECTION('ref_axis',(-1.,0.,0.));
#9084=DIRECTION('',(0.,0.,-1.));
#9085=DIRECTION('center_axis',(0.,0.,1.));
#9086=DIRECTION('ref_axis',(-1.,0.,0.));
#9087=DIRECTION('',(0.,0.,-1.));
#9088=DIRECTION('center_axis',(0.,0.,1.));
#9089=DIRECTION('ref_axis',(0.,1.,0.));
#9090=DIRECTION('',(0.,0.,1.));
#9091=DIRECTION('',(0.,0.,1.));
#9092=DIRECTION('center_axis',(1.90323947078598E-16,1.,0.));
#9093=DIRECTION('ref_axis',(-1.,1.90323947078598E-16,0.));
#9094=DIRECTION('center_axis',(1.90323947078598E-16,1.,0.));
#9095=DIRECTION('ref_axis',(-1.,1.90323947078598E-16,0.));
#9096=DIRECTION('',(0.,0.,1.));
#9097=DIRECTION('center_axis',(0.,0.,1.));
#9098=DIRECTION('ref_axis',(-6.3441315692866E-16,-1.,0.));
#9099=DIRECTION('',(0.,0.,1.));
#9100=DIRECTION('center_axis',(-3.48927236310763E-16,-1.,0.));
#9101=DIRECTION('ref_axis',(1.,-3.48927236310763E-16,0.));
#9102=DIRECTION('center_axis',(-3.48927236310763E-16,-1.,0.));
#9103=DIRECTION('ref_axis',(1.,-3.48927236310763E-16,0.));
#9104=DIRECTION('center_axis',(0.,0.,-1.));
#9105=DIRECTION('ref_axis',(-1.,0.,0.));
#9106=DIRECTION('center_axis',(0.,0.,1.));
#9107=DIRECTION('ref_axis',(-1.,0.,0.));
#9108=DIRECTION('',(0.,0.,1.));
#9109=DIRECTION('center_axis',(0.,0.,-1.));
#9110=DIRECTION('ref_axis',(-1.,0.,0.));
#9111=DIRECTION('center_axis',(0.,0.,-1.));
#9112=DIRECTION('ref_axis',(1.,0.,0.));
#9113=DIRECTION('center_axis',(0.,0.,-1.));
#9114=DIRECTION('ref_axis',(1.,0.,0.));
#9115=DIRECTION('',(0.,0.,1.));
#9116=DIRECTION('center_axis',(0.,0.,1.));
#9117=DIRECTION('ref_axis',(1.,0.,0.));
#9118=DIRECTION('center_axis',(0.,0.,1.));
#9119=DIRECTION('ref_axis',(1.,0.,0.));
#9120=DIRECTION('center_axis',(0.,0.,1.));
#9121=DIRECTION('ref_axis',(1.,0.,0.));
#9122=DIRECTION('center_axis',(0.,1.,0.));
#9123=DIRECTION('ref_axis',(1.,0.,0.));
#9124=DIRECTION('',(1.,0.,0.));
#9125=DIRECTION('',(0.,0.,1.));
#9126=DIRECTION('',(1.,0.,0.));
#9127=DIRECTION('',(0.,0.,-1.));
#9128=DIRECTION('center_axis',(0.,0.,1.));
#9129=DIRECTION('ref_axis',(1.,0.,0.));
#9130=DIRECTION('center_axis',(0.,0.,-1.));
#9131=DIRECTION('ref_axis',(-1.,0.,0.));
#9132=DIRECTION('center_axis',(0.,-1.,0.));
#9133=DIRECTION('ref_axis',(-1.,0.,0.));
#9134=DIRECTION('',(-1.,0.,0.));
#9135=DIRECTION('',(0.,0.,1.));
#9136=DIRECTION('',(-1.,0.,0.));
#9137=DIRECTION('',(0.,0.,-1.));
#9138=DIRECTION('center_axis',(0.,0.,1.));
#9139=DIRECTION('ref_axis',(1.,0.,0.));
#9140=DIRECTION('center_axis',(0.,0.,-1.));
#9141=DIRECTION('ref_axis',(-1.,0.,0.));
#9142=DIRECTION('center_axis',(0.,0.,1.));
#9143=DIRECTION('ref_axis',(-1.,0.,0.));
#9144=DIRECTION('center_axis',(0.,0.,-1.));
#9145=DIRECTION('ref_axis',(-1.,0.,0.));
#9146=DIRECTION('center_axis',(0.,0.,-1.));
#9147=DIRECTION('ref_axis',(-1.,0.,0.));
#9148=DIRECTION('',(0.,0.,-1.));
#9149=DIRECTION('center_axis',(0.,0.,-1.));
#9150=DIRECTION('ref_axis',(-1.,0.,0.));
#9151=DIRECTION('center_axis',(0.,0.,-1.));
#9152=DIRECTION('ref_axis',(-1.,0.,0.));
#9153=DIRECTION('center_axis',(0.,0.,-1.));
#9154=DIRECTION('ref_axis',(-1.,0.,0.));
#9155=DIRECTION('center_axis',(0.,0.,1.));
#9156=DIRECTION('ref_axis',(1.,0.,0.));
#9157=DIRECTION('center_axis',(-1.,0.,0.));
#9158=DIRECTION('ref_axis',(0.,1.,0.));
#9159=DIRECTION('',(0.,1.,0.));
#9160=DIRECTION('',(0.,0.,1.));
#9161=DIRECTION('',(0.,1.,0.));
#9162=DIRECTION('',(0.,0.,-1.));
#9163=DIRECTION('center_axis',(1.,0.,0.));
#9164=DIRECTION('ref_axis',(0.,-1.,0.));
#9165=DIRECTION('',(0.,-1.,0.));
#9166=DIRECTION('',(0.,0.,1.));
#9167=DIRECTION('',(0.,-1.,0.));
#9168=DIRECTION('',(0.,0.,-1.));
#9169=DIRECTION('center_axis',(0.,0.,1.));
#9170=DIRECTION('ref_axis',(1.,0.,0.));
#9171=DIRECTION('center_axis',(0.,0.,1.));
#9172=DIRECTION('ref_axis',(0.649253731343283,0.760571885055465,0.));
#9173=DIRECTION('center_axis',(0.,0.,-1.));
#9174=DIRECTION('ref_axis',(-0.621383007794565,-0.783506960801358,0.));
#9175=DIRECTION('center_axis',(0.,0.,-1.));
#9176=DIRECTION('ref_axis',(-1.,0.,0.));
#9177=DIRECTION('center_axis',(0.,0.,-1.));
#9178=DIRECTION('ref_axis',(-1.,0.,0.));
#9179=DIRECTION('',(0.,1.,0.));
#9180=DIRECTION('center_axis',(0.,0.,1.));
#9181=DIRECTION('ref_axis',(1.,0.,0.));
#9182=DIRECTION('center_axis',(0.,0.,-1.));
#9183=DIRECTION('ref_axis',(-1.,0.,0.));
#9184=DIRECTION('center_axis',(0.,0.,1.));
#9185=DIRECTION('ref_axis',(1.,0.,0.));
#9186=DIRECTION('',(0.,-1.,0.));
#9187=DIRECTION('center_axis',(0.,0.,-1.));
#9188=DIRECTION('ref_axis',(-1.,0.,0.));
#9189=DIRECTION('center_axis',(0.,0.,-1.));
#9190=DIRECTION('ref_axis',(0.649253731343283,0.760571885055465,0.));
#9191=DIRECTION('center_axis',(0.,0.,1.));
#9192=DIRECTION('ref_axis',(0.649253731343283,0.760571885055465,0.));
#9193=DIRECTION('',(0.,0.,1.));
#9194=DIRECTION('',(0.,0.,-1.));
#9195=DIRECTION('center_axis',(0.,0.,-1.));
#9196=DIRECTION('ref_axis',(-0.963235988075376,0.268656716417911,0.));
#9197=DIRECTION('',(0.,0.,-1.));
#9198=DIRECTION('center_axis',(0.,0.,1.));
#9199=DIRECTION('ref_axis',(1.,0.,0.));
#9200=DIRECTION('',(0.,0.,-1.));
#9201=DIRECTION('center_axis',(0.,0.,-1.));
#9202=DIRECTION('ref_axis',(-0.36940298507441,-0.929269301450401,0.));
#9203=DIRECTION('',(0.,0.,-1.));
#9204=DIRECTION('center_axis',(0.,0.,1.));
#9205=DIRECTION('ref_axis',(1.,0.,0.));
#9206=DIRECTION('',(0.,0.,-1.));
#9207=DIRECTION('center_axis',(0.,0.,-1.));
#9208=DIRECTION('ref_axis',(0.963235988075376,-0.268656716417911,0.));
#9209=DIRECTION('',(0.,0.,-1.));
#9210=DIRECTION('center_axis',(0.,0.,1.));
#9211=DIRECTION('ref_axis',(1.,0.,0.));
#9212=DIRECTION('',(0.,0.,-1.));
#9213=DIRECTION('center_axis',(0.,0.,-1.));
#9214=DIRECTION('ref_axis',(0.649253731343283,0.760571885055465,0.));
#9215=DIRECTION('',(0.,0.,-1.));
#9216=DIRECTION('center_axis',(0.,0.,1.));
#9217=DIRECTION('ref_axis',(0.649253731343283,0.760571885055465,0.));
#9218=DIRECTION('center_axis',(0.,0.,-1.));
#9219=DIRECTION('ref_axis',(-1.,0.,0.));
#9220=DIRECTION('center_axis',(0.,0.,1.));
#9221=DIRECTION('ref_axis',(-1.,1.48283202393264E-14,0.));
#9222=DIRECTION('center_axis',(-1.22464679914735E-16,-1.,0.));
#9223=DIRECTION('ref_axis',(1.,-1.22464679914735E-16,0.));
#9224=DIRECTION('center_axis',(0.,0.,-1.));
#9225=DIRECTION('ref_axis',(-1.,1.48283202393264E-14,0.));
#9226=DIRECTION('center_axis',(0.,0.,-1.));
#9227=DIRECTION('ref_axis',(-1.,1.48283202393264E-14,0.));
#9228=DIRECTION('center_axis',(0.,0.,1.));
#9229=DIRECTION('ref_axis',(1.,0.,0.));
#9230=DIRECTION('center_axis',(0.,0.,-1.));
#9231=DIRECTION('ref_axis',(-0.621383007794565,-0.783506960801358,0.));
#9232=DIRECTION('',(0.,0.,1.));
#9233=DIRECTION('center_axis',(0.,0.,1.));
#9234=DIRECTION('ref_axis',(0.353545504434842,0.935417327343209,0.));
#9235=DIRECTION('',(0.,0.,1.));
#9236=DIRECTION('center_axis',(0.,0.,-1.));
#9237=DIRECTION('ref_axis',(-1.,0.,0.));
#9238=DIRECTION('',(0.,0.,-1.));
#9239=DIRECTION('center_axis',(0.,0.,1.));
#9240=DIRECTION('ref_axis',(0.966378418097887,-0.25712400322534,0.));
#9241=DIRECTION('',(0.,0.,1.));
#9242=DIRECTION('',(0.,0.,-1.));
#9243=DIRECTION('center_axis',(0.,0.,1.));
#9244=DIRECTION('ref_axis',(-0.621383007794565,-0.783506960801358,0.));
#9245=DIRECTION('',(0.,0.,1.));
#9246=DIRECTION('center_axis',(0.,0.,-1.));
#9247=DIRECTION('ref_axis',(-1.,0.,0.));
#9248=DIRECTION('',(0.,0.,1.));
#9249=DIRECTION('center_axis',(0.,0.,1.));
#9250=DIRECTION('ref_axis',(-0.966378418097887,0.25712400322534,0.));
#9251=DIRECTION('',(0.,0.,-1.));
#9252=DIRECTION('center_axis',(0.,0.,-1.));
#9253=DIRECTION('ref_axis',(-1.,0.,0.));
#9254=DIRECTION('',(0.,0.,-1.));
#9255=DIRECTION('center_axis',(0.,0.,1.));
#9256=DIRECTION('ref_axis',(0.353545504434842,0.935417327343209,0.));
#9257=DIRECTION('center_axis',(0.,0.,-1.));
#9258=DIRECTION('ref_axis',(-1.,0.,0.));
#9259=DIRECTION('center_axis',(0.,0.,-1.));
#9260=DIRECTION('ref_axis',(0.649253731343284,0.760571885055465,0.));
#9261=DIRECTION('center_axis',(-1.22464679914735E-16,-1.,0.));
#9262=DIRECTION('ref_axis',(1.,-1.22464679914735E-16,0.));
#9263=DIRECTION('center_axis',(0.,0.,-1.));
#9264=DIRECTION('ref_axis',(-1.,0.,0.));
#9265=DIRECTION('center_axis',(0.,0.,-1.));
#9266=DIRECTION('ref_axis',(-1.,0.,0.));
#9267=DIRECTION('',(1.,0.,0.));
#9268=DIRECTION('',(-1.,0.,0.));
#9269=DIRECTION('center_axis',(0.,0.,-1.));
#9270=DIRECTION('ref_axis',(-1.,0.,0.));
#9271=DIRECTION('',(0.,-1.,0.));
#9272=DIRECTION('',(0.,1.,0.));
#9273=DIRECTION('center_axis',(0.,0.,-1.));
#9274=DIRECTION('ref_axis',(-1.,0.,0.));
#9275=DIRECTION('',(1.,0.,0.));
#9276=DIRECTION('',(-1.,0.,0.));
#9277=DIRECTION('center_axis',(0.,0.,-1.));
#9278=DIRECTION('ref_axis',(-1.,0.,0.));
#9279=DIRECTION('',(1.,0.,0.));
#9280=DIRECTION('',(0.,-1.,0.));
#9281=DIRECTION('center_axis',(-1.,0.,0.));
#9282=DIRECTION('ref_axis',(0.,1.,0.));
#9283=DIRECTION('center_axis',(0.,-1.,0.));
#9284=DIRECTION('ref_axis',(-1.,0.,0.));
#9285=DIRECTION('center_axis',(0.,0.,-1.));
#9286=DIRECTION('ref_axis',(-1.,0.,0.));
#9287=DIRECTION('',(0.,-1.,0.));
#9288=DIRECTION('',(-1.,0.,0.));
#9289=DIRECTION('center_axis',(0.,1.,0.));
#9290=DIRECTION('ref_axis',(1.,0.,0.));
#9291=DIRECTION('center_axis',(-1.,0.,0.));
#9292=DIRECTION('ref_axis',(0.,1.,0.));
#9293=DIRECTION('center_axis',(0.,0.,-1.));
#9294=DIRECTION('ref_axis',(-1.,0.,0.));
#9295=DIRECTION('',(1.,0.,0.));
#9296=DIRECTION('',(0.,1.,0.));
#9297=DIRECTION('center_axis',(0.,-1.,0.));
#9298=DIRECTION('ref_axis',(-1.,0.,0.));
#9299=DIRECTION('center_axis',(1.,0.,0.));
#9300=DIRECTION('ref_axis',(0.,-1.,0.));
#9301=DIRECTION('center_axis',(0.,0.,-1.));
#9302=DIRECTION('ref_axis',(-1.,0.,0.));
#9303=DIRECTION('',(-1.,0.,0.));
#9304=DIRECTION('',(0.,1.,0.));
#9305=DIRECTION('center_axis',(1.,0.,0.));
#9306=DIRECTION('ref_axis',(0.,-1.,0.));
#9307=DIRECTION('center_axis',(0.,1.,0.));
#9308=DIRECTION('ref_axis',(1.,0.,0.));
#9309=DIRECTION('center_axis',(0.,0.,1.));
#9310=DIRECTION('ref_axis',(1.,0.,0.));
#9311=DIRECTION('',(-1.,0.,0.));
#9312=DIRECTION('',(0.,1.,0.));
#9313=DIRECTION('',(1.,0.,0.));
#9314=DIRECTION('',(0.,1.,0.));
#9315=DIRECTION('center_axis',(0.,1.,0.));
#9316=DIRECTION('ref_axis',(0.,0.,1.));
#9317=DIRECTION('center_axis',(0.,-1.,0.));
#9318=DIRECTION('ref_axis',(0.,0.,1.));
#9319=DIRECTION('center_axis',(0.,1.,0.));
#9320=DIRECTION('ref_axis',(0.,0.,1.));
#9321=DIRECTION('',(0.,1.,0.));
#9322=DIRECTION('center_axis',(0.,0.,-1.));
#9323=DIRECTION('ref_axis',(-1.,0.,0.));
#9324=DIRECTION('',(1.,0.,0.));
#9325=DIRECTION('',(-1.,0.,0.));
#9326=DIRECTION('',(0.,1.,0.));
#9327=DIRECTION('center_axis',(0.,1.,0.));
#9328=DIRECTION('ref_axis',(1.48029736616688E-15,0.,-1.));
#9329=DIRECTION('center_axis',(0.,-1.,0.));
#9330=DIRECTION('ref_axis',(1.48029736616688E-15,0.,-1.));
#9331=DIRECTION('center_axis',(0.,1.,0.));
#9332=DIRECTION('ref_axis',(1.48029736616688E-15,0.,-1.));
#9333=DIRECTION('center_axis',(0.,1.,0.));
#9334=DIRECTION('ref_axis',(-0.707106781186546,0.,-0.707106781186549));
#9335=DIRECTION('center_axis',(0.,1.,0.));
#9336=DIRECTION('ref_axis',(0.,0.,-1.));
#9337=DIRECTION('',(0.,1.,0.));
#9338=DIRECTION('',(0.,-1.,0.));
#9339=DIRECTION('center_axis',(-1.,0.,0.));
#9340=DIRECTION('ref_axis',(0.,-0.707106781186544,-0.707106781186551));
#9341=DIRECTION('center_axis',(-1.,0.,0.));
#9342=DIRECTION('ref_axis',(0.,0.,-1.));
#9343=DIRECTION('',(-1.,0.,0.));
#9344=DIRECTION('center_axis',(1.,2.22044604925031E-15,0.));
#9345=DIRECTION('ref_axis',(2.22044604925031E-15,-1.,0.));
#9346=DIRECTION('',(1.,0.,0.));
#9347=DIRECTION('center_axis',(3.81429303680098E-16,-1.,0.));
#9348=DIRECTION('ref_axis',(0.707106781186546,0.,-0.707106781186549));
#9349=DIRECTION('center_axis',(0.,1.,0.));
#9350=DIRECTION('ref_axis',(1.,0.,0.));
#9351=DIRECTION('',(-3.81429303680098E-16,1.,0.));
#9352=DIRECTION('',(3.81429303680098E-16,-1.,0.));
#9353=DIRECTION('center_axis',(-0.408248290463863,-0.816496580927726,0.408248290463863));
#9354=DIRECTION('ref_axis',(0.577350269189627,-0.577350269189623,-0.577350269189627));
#9355=DIRECTION('center_axis',(0.,0.,-1.));
#9356=DIRECTION('ref_axis',(0.707106781186549,-0.707106781186546,0.));
#9357=DIRECTION('center_axis',(0.408248290463863,-0.816496580927726,0.408248290463863));
#9358=DIRECTION('ref_axis',(-0.577350269189627,-0.577350269189623,-0.577350269189627));
#9359=DIRECTION('center_axis',(0.,0.,-1.));
#9360=DIRECTION('ref_axis',(-0.707106781186549,-0.707106781186546,0.));
#9361=DIRECTION('center_axis',(-1.,0.,0.));
#9362=DIRECTION('ref_axis',(0.,1.,0.));
#9363=DIRECTION('',(0.,0.,-1.));
#9364=DIRECTION('',(0.,-1.,0.));
#9365=DIRECTION('',(0.,0.,-1.));
#9366=DIRECTION('',(0.,-1.,0.));
#9367=DIRECTION('',(0.,0.,-1.));
#9368=DIRECTION('center_axis',(0.,0.,-1.));
#9369=DIRECTION('ref_axis',(-0.707106781186549,-0.707106781186546,0.));
#9370=DIRECTION('',(0.,0.,1.));
#9371=DIRECTION('center_axis',(0.,0.,-1.));
#9372=DIRECTION('ref_axis',(-0.707106781186549,-0.707106781186546,0.));
#9373=DIRECTION('center_axis',(0.,-1.,0.));
#9374=DIRECTION('ref_axis',(-1.,0.,0.));
#9375=DIRECTION('',(0.,0.,-1.));
#9376=DIRECTION('',(1.,0.,0.));
#9377=DIRECTION('center_axis',(0.,0.,-1.));
#9378=DIRECTION('ref_axis',(0.707106781186549,-0.707106781186546,0.));
#9379=DIRECTION('',(0.,0.,1.));
#9380=DIRECTION('center_axis',(0.,0.,-1.));
#9381=DIRECTION('ref_axis',(0.707106781186549,-0.707106781186546,0.));
#9382=DIRECTION('center_axis',(1.,3.81429303680098E-16,0.));
#9383=DIRECTION('ref_axis',(3.81429303680098E-16,-1.,0.));
#9384=DIRECTION('',(0.,0.,1.));
#9385=DIRECTION('',(-3.81429303680098E-16,1.,0.));
#9386=DIRECTION('',(0.,0.,-1.));
#9387=DIRECTION('',(-3.81429303680098E-16,1.,0.));
#9388=DIRECTION('center_axis',(0.,0.,1.));
#9389=DIRECTION('ref_axis',(1.,0.,0.));
#9390=DIRECTION('center_axis',(0.,0.,1.));
#9391=DIRECTION('ref_axis',(-0.52925636883352,-0.848461959105508,0.));
#9392=DIRECTION('',(0.,-1.,0.));
#9393=DIRECTION('center_axis',(0.,0.,1.));
#9394=DIRECTION('ref_axis',(0.634452814323737,-0.77296159438661,0.));
#9395=DIRECTION('',(0.,1.,0.));
#9396=DIRECTION('center_axis',(0.,0.,1.));
#9397=DIRECTION('ref_axis',(-0.528149035224373,0.849151692332745,0.));
#9398=DIRECTION('',(0.,-1.,0.));
#9399=DIRECTION('center_axis',(0.,0.,1.));
#9400=DIRECTION('ref_axis',(0.634452814323737,-0.77296159438661,0.));
#9401=DIRECTION('',(0.,-1.,0.));
#9402=DIRECTION('center_axis',(0.,0.,-1.));
#9403=DIRECTION('ref_axis',(0.52925636883352,-0.848461959105508,0.));
#9404=DIRECTION('center_axis',(-1.,0.,0.));
#9405=DIRECTION('ref_axis',(0.,-1.,0.));
#9406=DIRECTION('',(0.,0.,1.));
#9407=DIRECTION('',(0.,-1.,0.));
#9408=DIRECTION('',(0.,0.,-1.));
#9409=DIRECTION('',(0.,1.,0.));
#9410=DIRECTION('center_axis',(1.,0.,0.));
#9411=DIRECTION('ref_axis',(0.,1.,0.));
#9412=DIRECTION('',(0.,-1.,0.));
#9413=DIRECTION('',(0.,0.,1.));
#9414=DIRECTION('',(0.,1.,0.));
#9415=DIRECTION('',(0.,0.,-1.));
#9416=DIRECTION('center_axis',(0.,0.,-1.));
#9417=DIRECTION('ref_axis',(0.634452814323737,-0.77296159438661,0.));
#9418=DIRECTION('center_axis',(0.,0.,-1.));
#9419=DIRECTION('ref_axis',(0.634452814323737,-0.77296159438661,0.));
#9420=DIRECTION('',(0.,0.,-1.));
#9421=DIRECTION('center_axis',(0.,0.,-1.));
#9422=DIRECTION('ref_axis',(-1.,0.,0.));
#9423=DIRECTION('center_axis',(0.,0.,1.));
#9424=DIRECTION('ref_axis',(-0.646261903162252,0.763115687508195,0.));
#9425=DIRECTION('',(0.,-1.,0.));
#9426=DIRECTION('center_axis',(0.,0.,-1.));
#9427=DIRECTION('ref_axis',(-1.,0.,0.));
#9428=DIRECTION('center_axis',(0.,0.,1.));
#9429=DIRECTION('ref_axis',(-0.646261903162252,0.763115687508195,0.));
#9430=DIRECTION('center_axis',(0.,0.,-1.));
#9431=DIRECTION('ref_axis',(0.524579428505291,0.851361511456245,0.));
#9432=DIRECTION('center_axis',(0.,0.,1.));
#9433=DIRECTION('ref_axis',(0.524579428505293,0.851361511456244,0.));
#9434=DIRECTION('center_axis',(0.,0.,1.));
#9435=DIRECTION('ref_axis',(-0.528149035224373,0.849151692332745,0.));
#9436=DIRECTION('center_axis',(0.,0.,-1.));
#9437=DIRECTION('ref_axis',(-0.646261903162252,0.763115687508195,0.));
#9438=DIRECTION('center_axis',(0.,0.,1.));
#9439=DIRECTION('ref_axis',(-0.646261903162252,0.763115687508195,0.));
#9440=DIRECTION('',(0.,0.,-1.));
#9441=DIRECTION('center_axis',(0.,0.,-1.));
#9442=DIRECTION('ref_axis',(-1.,0.,0.));
#9443=DIRECTION('center_axis',(0.,0.,1.));
#9444=DIRECTION('ref_axis',(-0.528149035224373,0.849151692332745,0.));
#9445=DIRECTION('center_axis',(0.,0.,1.));
#9446=DIRECTION('ref_axis',(-0.446070942606542,0.894997605673954,0.));
#9447=DIRECTION('center_axis',(0.,0.,1.));
#9448=DIRECTION('ref_axis',(-0.524579428505291,0.851361511456245,0.));
#9449=DIRECTION('center_axis',(0.,0.,-1.));
#9450=DIRECTION('ref_axis',(-0.646261903162252,0.763115687508195,0.));
#9451=DIRECTION('center_axis',(0.,0.,1.));
#9452=DIRECTION('ref_axis',(-0.646261903162252,0.763115687508195,0.));
#9453=DIRECTION('',(0.,0.,-1.));
#9454=DIRECTION('center_axis',(0.,0.,-1.));
#9455=DIRECTION('ref_axis',(0.634452814323737,-0.77296159438661,0.));
#9456=DIRECTION('',(0.,0.,-1.));
#9457=DIRECTION('center_axis',(0.,0.,-1.));
#9458=DIRECTION('ref_axis',(0.634452814323737,-0.77296159438661,0.));
#9459=DIRECTION('center_axis',(0.,0.,-1.));
#9460=DIRECTION('ref_axis',(-1.,0.,0.));
#9461=DIRECTION('',(0.,1.,0.));
#9462=DIRECTION('center_axis',(0.,0.,1.));
#9463=DIRECTION('ref_axis',(-0.528149035224373,0.849151692332745,0.));
#9464=DIRECTION('',(0.,0.,-1.));
#9465=DIRECTION('center_axis',(0.,0.,-1.));
#9466=DIRECTION('ref_axis',(-0.528149035224373,0.849151692332745,0.));
#9467=DIRECTION('',(0.,0.,-1.));
#9468=DIRECTION('center_axis',(0.,0.,-1.));
#9469=DIRECTION('ref_axis',(-1.,0.,0.));
#9470=DIRECTION('',(-6.2173283389909E-16,1.,0.));
#9471=DIRECTION('',(-1.,0.,0.));
#9472=DIRECTION('',(-6.2173283389909E-16,-1.,0.));
#9473=DIRECTION('center_axis',(-1.,6.2173283389909E-16,0.));
#9474=DIRECTION('ref_axis',(6.2173283389909E-16,1.,0.));
#9475=DIRECTION('',(0.,0.,-1.));
#9476=DIRECTION('',(-6.2173283389909E-16,-1.,0.));
#9477=DIRECTION('',(0.,0.,-1.));
#9478=DIRECTION('center_axis',(0.,1.,0.));
#9479=DIRECTION('ref_axis',(1.,0.,0.));
#9480=DIRECTION('',(0.,0.,-1.));
#9481=DIRECTION('',(-1.,0.,0.));
#9482=DIRECTION('center_axis',(1.,0.,0.));
#9483=DIRECTION('ref_axis',(0.,-1.,0.));
#9484=DIRECTION('',(0.,0.,-1.));
#9485=DIRECTION('',(0.,1.,0.));
#9486=DIRECTION('',(0.,0.,-1.));
#9487=DIRECTION('center_axis',(0.,0.,1.));
#9488=DIRECTION('ref_axis',(0.524579428505291,0.851361511456245,0.));
#9489=DIRECTION('center_axis',(0.,0.,1.));
#9490=DIRECTION('ref_axis',(0.524579428505291,0.851361511456245,0.));
#9491=DIRECTION('',(0.,0.,-1.));
#9492=DIRECTION('center_axis',(0.,0.,1.));
#9493=DIRECTION('ref_axis',(-0.52925636883352,-0.848461959105508,0.));
#9494=DIRECTION('center_axis',(0.,0.,-1.));
#9495=DIRECTION('ref_axis',(-0.52925636883352,-0.848461959105508,0.));
#9496=DIRECTION('center_axis',(0.,0.,-1.));
#9497=DIRECTION('ref_axis',(-1.,0.,0.));
#9498=DIRECTION('center_axis',(1.,0.,0.));
#9499=DIRECTION('ref_axis',(0.,-1.,0.));
#9500=DIRECTION('',(0.,0.,-1.));
#9501=DIRECTION('',(0.,1.,0.));
#9502=DIRECTION('',(0.,0.,-1.));
#9503=DIRECTION('center_axis',(0.,0.,-1.));
#9504=DIRECTION('ref_axis',(-0.524579428505291,0.851361511456245,0.));
#9505=DIRECTION('',(0.,0.,-1.));
#9506=DIRECTION('center_axis',(0.,0.,-1.));
#9507=DIRECTION('ref_axis',(-0.524579428505291,0.851361511456245,0.));
#9508=DIRECTION('center_axis',(0.,0.,-1.));
#9509=DIRECTION('ref_axis',(0.52925636883352,-0.848461959105508,0.));
#9510=DIRECTION('center_axis',(0.,0.,1.));
#9511=DIRECTION('ref_axis',(0.52925636883352,-0.848461959105508,0.));
#9512=DIRECTION('center_axis',(0.,0.,1.));
#9513=DIRECTION('ref_axis',(1.,0.,0.));
#9514=DIRECTION('center_axis',(0.,0.,-1.));
#9515=DIRECTION('ref_axis',(0.524579428505293,0.851361511456244,0.));
#9516=DIRECTION('center_axis',(0.,0.,-1.));
#9517=DIRECTION('ref_axis',(0.524579428505293,0.851361511456244,0.));
#9518=DIRECTION('',(0.,0.,-1.));
#9519=DIRECTION('center_axis',(0.,0.,-1.));
#9520=DIRECTION('ref_axis',(-0.446070942606542,0.894997605673954,0.));
#9521=DIRECTION('center_axis',(0.,0.,-1.));
#9522=DIRECTION('ref_axis',(-0.446070942606542,0.894997605673954,0.));
#9523=DIRECTION('center_axis',(1.,6.2173283389909E-16,0.));
#9524=DIRECTION('ref_axis',(6.2173283389909E-16,-1.,0.));
#9525=DIRECTION('',(-6.2173283389909E-16,1.,0.));
#9526=DIRECTION('center_axis',(0.,0.,1.));
#9527=DIRECTION('ref_axis',(1.,0.,0.));
#9528=DIRECTION('center_axis',(0.,-1.,0.));
#9529=DIRECTION('ref_axis',(1.,0.,0.));
#9530=DIRECTION('center_axis',(0.,-1.,0.));
#9531=DIRECTION('ref_axis',(1.,0.,0.));
#9532=DIRECTION('',(0.,1.,0.));
#9533=DIRECTION('center_axis',(0.,1.,0.));
#9534=DIRECTION('ref_axis',(1.,0.,0.));
#9535=DIRECTION('center_axis',(0.,1.,0.));
#9536=DIRECTION('ref_axis',(0.,0.,1.));
#9537=DIRECTION('center_axis',(0.,1.,0.));
#9538=DIRECTION('ref_axis',(0.,0.,1.));
#9539=DIRECTION('center_axis',(0.,-1.,0.));
#9540=DIRECTION('ref_axis',(1.,0.,0.));
#9541=DIRECTION('center_axis',(0.,-1.,0.));
#9542=DIRECTION('ref_axis',(1.,0.,0.));
#9543=DIRECTION('',(0.,1.,0.));
#9544=DIRECTION('center_axis',(0.,1.,0.));
#9545=DIRECTION('ref_axis',(1.,0.,0.));
#9546=DIRECTION('center_axis',(0.,1.,0.));
#9547=DIRECTION('ref_axis',(0.,0.,1.));
#9548=DIRECTION('center_axis',(0.,1.,0.));
#9549=DIRECTION('ref_axis',(0.,0.,1.));
#9550=DIRECTION('center_axis',(0.,-1.,0.));
#9551=DIRECTION('ref_axis',(1.,0.,0.));
#9552=DIRECTION('center_axis',(0.,-1.,0.));
#9553=DIRECTION('ref_axis',(1.,0.,0.));
#9554=DIRECTION('',(0.,1.,0.));
#9555=DIRECTION('center_axis',(0.,1.,0.));
#9556=DIRECTION('ref_axis',(1.,0.,0.));
#9557=DIRECTION('center_axis',(0.,1.,0.));
#9558=DIRECTION('ref_axis',(0.,0.,1.));
#9559=DIRECTION('center_axis',(0.,1.,0.));
#9560=DIRECTION('ref_axis',(0.,0.,1.));
#9561=DIRECTION('center_axis',(0.,-1.,0.));
#9562=DIRECTION('ref_axis',(1.,0.,0.));
#9563=DIRECTION('center_axis',(0.,-1.,0.));
#9564=DIRECTION('ref_axis',(1.,0.,0.));
#9565=DIRECTION('',(0.,1.,0.));
#9566=DIRECTION('center_axis',(0.,1.,0.));
#9567=DIRECTION('ref_axis',(1.,0.,0.));
#9568=DIRECTION('center_axis',(0.,1.,0.));
#9569=DIRECTION('ref_axis',(0.,0.,1.));
#9570=DIRECTION('center_axis',(0.,1.,0.));
#9571=DIRECTION('ref_axis',(0.,0.,1.));
#9572=DIRECTION('center_axis',(0.,-1.,0.));
#9573=DIRECTION('ref_axis',(1.,0.,0.));
#9574=DIRECTION('center_axis',(0.,-1.,0.));
#9575=DIRECTION('ref_axis',(1.,0.,0.));
#9576=DIRECTION('',(0.,1.,0.));
#9577=DIRECTION('center_axis',(0.,1.,0.));
#9578=DIRECTION('ref_axis',(1.,0.,0.));
#9579=DIRECTION('center_axis',(0.,1.,0.));
#9580=DIRECTION('ref_axis',(0.,0.,1.));
#9581=DIRECTION('center_axis',(0.,1.,0.));
#9582=DIRECTION('ref_axis',(0.,0.,1.));
#9583=DIRECTION('center_axis',(0.,-1.,0.));
#9584=DIRECTION('ref_axis',(-1.,0.,0.));
#9585=DIRECTION('',(1.,0.,0.));
#9586=DIRECTION('',(0.,0.,-1.));
#9587=DIRECTION('',(-1.,0.,0.));
#9588=DIRECTION('',(0.,0.,-1.));
#9589=DIRECTION('center_axis',(0.945495051848976,-0.325636464372621,0.));
#9590=DIRECTION('ref_axis',(-0.325636464372621,-0.945495051848976,0.));
#9591=DIRECTION('',(0.325636464372621,0.945495051848976,0.));
#9592=DIRECTION('',(-0.325636464372621,-0.945495051848976,0.));
#9593=DIRECTION('',(0.,0.,-1.));
#9594=DIRECTION('center_axis',(0.,1.,0.));
#9595=DIRECTION('ref_axis',(1.,0.,0.));
#9596=DIRECTION('',(-1.,0.,0.));
#9597=DIRECTION('',(1.,0.,0.));
#9598=DIRECTION('',(0.,0.,-1.));
#9599=DIRECTION('center_axis',(-0.948590711989459,0.316505388780873,0.));
#9600=DIRECTION('ref_axis',(0.316505388780873,0.948590711989459,0.));
#9601=DIRECTION('',(-0.316505388780873,-0.948590711989459,0.));
#9602=DIRECTION('',(0.316505388780873,0.948590711989459,0.));
#9603=DIRECTION('',(0.,0.,-1.));
#9604=DIRECTION('center_axis',(0.948590711989459,0.316505388780873,0.));
#9605=DIRECTION('ref_axis',(0.316505388780873,-0.948590711989459,0.));
#9606=DIRECTION('',(-0.316505388780873,0.948590711989459,0.));
#9607=DIRECTION('',(0.316505388780873,-0.948590711989459,0.));
#9608=DIRECTION('',(0.,0.,-1.));
#9609=DIRECTION('center_axis',(0.,1.,0.));
#9610=DIRECTION('ref_axis',(1.,0.,0.));
#9611=DIRECTION('',(-1.,0.,0.));
#9612=DIRECTION('',(1.,0.,0.));
#9613=DIRECTION('',(0.,0.,-1.));
#9614=DIRECTION('center_axis',(-0.945495051848976,-0.325636464372622,0.));
#9615=DIRECTION('ref_axis',(-0.325636464372622,0.945495051848976,0.));
#9616=DIRECTION('',(0.325636464372622,-0.945495051848976,0.));
#9617=DIRECTION('',(-0.325636464372622,0.945495051848976,0.));
#9618=DIRECTION('center_axis',(0.,0.,-1.));
#9619=DIRECTION('ref_axis',(-1.,0.,0.));
#9620=DIRECTION('',(0.,0.,-1.));
#9621=DIRECTION('',(0.,0.,-1.));
#9622=DIRECTION('',(0.,0.,-1.));
#9623=DIRECTION('',(0.,0.,-1.));
#9624=DIRECTION('',(0.,0.,-1.));
#9625=DIRECTION('',(0.,0.,-1.));
#9626=DIRECTION('',(0.,0.,-1.));
#9627=DIRECTION('',(0.,0.,-1.));
#9628=DIRECTION('',(0.,0.,-1.));
#9629=DIRECTION('',(0.,0.,-1.));
#9630=DIRECTION('',(0.,0.,-1.));
#9631=DIRECTION('',(0.,0.,-1.));
#9632=DIRECTION('',(0.,0.,-1.));
#9633=DIRECTION('center_axis',(1.,0.,0.));
#9634=DIRECTION('ref_axis',(0.,-1.,0.));
#9635=DIRECTION('',(0.,1.,0.));
#9636=DIRECTION('',(0.,-1.,0.));
#9637=DIRECTION('',(0.,0.,-1.));
#9638=DIRECTION('',(0.,0.,-1.));
#9639=DIRECTION('',(0.,0.,-1.));
#9640=DIRECTION('',(0.,0.,-1.));
#9641=DIRECTION('',(0.,0.,-1.));
#9642=DIRECTION('center_axis',(-1.,0.,0.));
#9643=DIRECTION('ref_axis',(0.,1.,0.));
#9644=DIRECTION('',(0.,-1.,0.));
#9645=DIRECTION('',(0.,1.,0.));
#9646=DIRECTION('',(0.,0.,-1.));
#9647=DIRECTION('',(0.,0.,-1.));
#9648=DIRECTION('',(0.,0.,-1.));
#9649=DIRECTION('center_axis',(-2.05914276471675E-16,1.57771464442181E-16,
1.));
#9650=DIRECTION('ref_axis',(1.,0.,2.05914276471675E-16));
#9651=DIRECTION('center_axis',(0.,-1.,0.));
#9652=DIRECTION('ref_axis',(-1.,0.,0.));
#9653=DIRECTION('',(-1.,0.,0.));
#9654=DIRECTION('',(0.,0.,-1.));
#9655=DIRECTION('',(1.,0.,0.));
#9656=DIRECTION('',(0.,0.,-1.));
#9657=DIRECTION('center_axis',(0.757811989834385,0.652472978799314,0.));
#9658=DIRECTION('ref_axis',(0.652472978799314,-0.757811989834385,0.));
#9659=DIRECTION('',(0.652472978799314,-0.757811989834385,0.));
#9660=DIRECTION('',(0.,0.,-1.));
#9661=DIRECTION('',(-0.652472978799314,0.757811989834385,0.));
#9662=DIRECTION('center_axis',(-1.,0.,0.));
#9663=DIRECTION('ref_axis',(0.,1.,0.));
#9664=DIRECTION('',(0.,1.,0.));
#9665=DIRECTION('',(0.,-1.,0.));
#9666=DIRECTION('center_axis',(-1.,0.,0.));
#9667=DIRECTION('ref_axis',(0.,1.,0.));
#9668=DIRECTION('',(0.,-1.,0.));
#9669=DIRECTION('',(0.,0.,-1.));
#9670=DIRECTION('',(0.,1.,0.));
#9671=DIRECTION('',(0.,0.,-1.));
#9672=DIRECTION('center_axis',(0.,-1.,0.));
#9673=DIRECTION('ref_axis',(-1.,0.,0.));
#9674=DIRECTION('',(1.,0.,0.));
#9675=DIRECTION('',(-1.,0.,0.));
#9676=DIRECTION('',(0.,0.,-1.));
#9677=DIRECTION('center_axis',(1.,0.,0.));
#9678=DIRECTION('ref_axis',(0.,-1.,0.));
#9679=DIRECTION('',(0.,1.,0.));
#9680=DIRECTION('',(0.,-1.,0.));
#9681=DIRECTION('',(0.,0.,-1.));
#9682=DIRECTION('center_axis',(0.,-1.,0.));
#9683=DIRECTION('ref_axis',(-1.,0.,0.));
#9684=DIRECTION('',(1.,0.,0.));
#9685=DIRECTION('',(-1.,0.,0.));
#9686=DIRECTION('',(0.,0.,-1.));
#9687=DIRECTION('center_axis',(1.,0.,0.));
#9688=DIRECTION('ref_axis',(0.,-1.,0.));
#9689=DIRECTION('',(0.,1.,0.));
#9690=DIRECTION('',(0.,-1.,0.));
#9691=DIRECTION('',(0.,0.,-1.));
#9692=DIRECTION('center_axis',(0.755218729871842,0.655472859888769,0.));
#9693=DIRECTION('ref_axis',(0.655472859888769,-0.755218729871842,0.));
#9694=DIRECTION('',(-0.655472859888769,0.755218729871842,0.));
#9695=DIRECTION('',(0.655472859888769,-0.755218729871842,0.));
#9696=DIRECTION('',(0.,0.,-1.));
#9697=DIRECTION('center_axis',(0.,1.,0.));
#9698=DIRECTION('ref_axis',(1.,0.,0.));
#9699=DIRECTION('',(-1.,0.,0.));
#9700=DIRECTION('',(1.,0.,0.));
#9701=DIRECTION('',(0.,0.,-1.));
#9702=DIRECTION('center_axis',(-1.,0.,0.));
#9703=DIRECTION('ref_axis',(0.,1.,0.));
#9704=DIRECTION('',(0.,-1.,0.));
#9705=DIRECTION('',(0.,1.,0.));
#9706=DIRECTION('',(0.,0.,-1.));
#9707=DIRECTION('center_axis',(0.,1.,0.));
#9708=DIRECTION('ref_axis',(1.,0.,0.));
#9709=DIRECTION('',(-1.,0.,0.));
#9710=DIRECTION('',(1.,0.,0.));
#9711=DIRECTION('',(0.,0.,-1.));
#9712=DIRECTION('center_axis',(-1.,0.,0.));
#9713=DIRECTION('ref_axis',(0.,1.,0.));
#9714=DIRECTION('',(0.,-1.,0.));
#9715=DIRECTION('',(0.,1.,0.));
#9716=DIRECTION('',(0.,0.,-1.));
#9717=DIRECTION('center_axis',(0.,-1.,0.));
#9718=DIRECTION('ref_axis',(-1.,0.,0.));
#9719=DIRECTION('',(1.,0.,0.));
#9720=DIRECTION('',(-1.,0.,0.));
#9721=DIRECTION('center_axis',(0.,0.,-1.));
#9722=DIRECTION('ref_axis',(-1.,0.,0.));
#9723=DIRECTION('center_axis',(-1.,0.,0.));
#9724=DIRECTION('ref_axis',(0.,1.,0.));
#9725=DIRECTION('',(0.,-1.,0.));
#9726=DIRECTION('',(0.,0.,-1.));
#9727=DIRECTION('',(0.,1.,0.));
#9728=DIRECTION('',(0.,0.,-1.));
#9729=DIRECTION('center_axis',(0.,-1.,0.));
#9730=DIRECTION('ref_axis',(-1.,0.,0.));
#9731=DIRECTION('',(1.,0.,0.));
#9732=DIRECTION('',(-1.,0.,0.));
#9733=DIRECTION('',(0.,0.,-1.));
#9734=DIRECTION('center_axis',(1.,0.,0.));
#9735=DIRECTION('ref_axis',(0.,-1.,0.));
#9736=DIRECTION('',(0.,1.,0.));
#9737=DIRECTION('',(0.,-1.,0.));
#9738=DIRECTION('',(0.,0.,-1.));
#9739=DIRECTION('center_axis',(0.860707703064184,-0.509099449897539,0.));
#9740=DIRECTION('ref_axis',(-0.509099449897539,-0.860707703064184,0.));
#9741=DIRECTION('',(0.509099449897539,0.860707703064184,0.));
#9742=DIRECTION('',(-0.509099449897539,-0.860707703064184,0.));
#9743=DIRECTION('',(0.,0.,-1.));
#9744=DIRECTION('center_axis',(0.,1.,0.));
#9745=DIRECTION('ref_axis',(1.,0.,0.));
#9746=DIRECTION('',(-1.,0.,0.));
#9747=DIRECTION('',(1.,0.,0.));
#9748=DIRECTION('',(0.,0.,-1.));
#9749=DIRECTION('center_axis',(-0.862913061259437,0.505352400516576,0.));
#9750=DIRECTION('ref_axis',(0.505352400516576,0.862913061259438,0.));
#9751=DIRECTION('',(-0.505352400516576,-0.862913061259437,0.));
#9752=DIRECTION('',(0.505352400516576,0.862913061259438,0.));
#9753=DIRECTION('',(0.,0.,-1.));
#9754=DIRECTION('center_axis',(0.858746256029892,0.512401080946013,0.));
#9755=DIRECTION('ref_axis',(0.512401080946013,-0.858746256029892,0.));
#9756=DIRECTION('',(-0.512401080946013,0.858746256029892,0.));
#9757=DIRECTION('',(0.512401080946013,-0.858746256029892,0.));
#9758=DIRECTION('',(0.,0.,-1.));
#9759=DIRECTION('center_axis',(0.,1.,0.));
#9760=DIRECTION('ref_axis',(1.,0.,0.));
#9761=DIRECTION('',(-1.,0.,0.));
#9762=DIRECTION('',(1.,0.,0.));
#9763=DIRECTION('',(0.,0.,-1.));
#9764=DIRECTION('center_axis',(-0.85518113539728,-0.518329263750967,0.));
#9765=DIRECTION('ref_axis',(-0.518329263750967,0.855181135397279,0.));
#9766=DIRECTION('',(0.518329263750967,-0.855181135397279,0.));
#9767=DIRECTION('',(-0.518329263750967,0.855181135397279,0.));
#9768=DIRECTION('center_axis',(0.,0.,-1.));
#9769=DIRECTION('ref_axis',(-1.,0.,0.));
#9770=DIRECTION('center_axis',(1.,0.,0.));
#9771=DIRECTION('ref_axis',(0.,-1.,0.));
#9772=DIRECTION('',(0.,1.,0.));
#9773=DIRECTION('',(0.,0.,-1.));
#9774=DIRECTION('',(0.,-1.,0.));
#9775=DIRECTION('',(0.,0.,-1.));
#9776=DIRECTION('center_axis',(0.,1.,0.));
#9777=DIRECTION('ref_axis',(1.,0.,0.));
#9778=DIRECTION('',(-1.,0.,0.));
#9779=DIRECTION('',(1.,0.,0.));
#9780=DIRECTION('',(0.,0.,-1.));
#9781=DIRECTION('center_axis',(-1.,0.,0.));
#9782=DIRECTION('ref_axis',(0.,1.,0.));
#9783=DIRECTION('',(0.,-1.,0.));
#9784=DIRECTION('',(0.,1.,0.));
#9785=DIRECTION('',(0.,0.,-1.));
#9786=DIRECTION('center_axis',(0.,-1.,0.));
#9787=DIRECTION('ref_axis',(-1.,0.,0.));
#9788=DIRECTION('',(1.,0.,0.));
#9789=DIRECTION('',(-1.,0.,0.));
#9790=DIRECTION('center_axis',(0.,0.,-1.));
#9791=DIRECTION('ref_axis',(-1.,0.,0.));
#9792=DIRECTION('center_axis',(1.,0.,0.));
#9793=DIRECTION('ref_axis',(0.,-1.,0.));
#9794=DIRECTION('',(0.,1.,0.));
#9795=DIRECTION('',(0.,0.,-1.));
#9796=DIRECTION('',(0.,-1.,0.));
#9797=DIRECTION('',(0.,0.,-1.));
#9798=DIRECTION('',(0.,0.,-1.));
#9799=DIRECTION('',(0.,0.,-1.));
#9800=DIRECTION('',(0.,0.,-1.));
#9801=DIRECTION('',(0.,0.,-1.));
#9802=DIRECTION('',(0.,0.,-1.));
#9803=DIRECTION('',(0.,0.,-1.));
#9804=DIRECTION('center_axis',(0.,-1.,0.));
#9805=DIRECTION('ref_axis',(-1.,0.,0.));
#9806=DIRECTION('',(1.,0.,0.));
#9807=DIRECTION('',(-1.,0.,0.));
#9808=DIRECTION('',(0.,0.,-1.));
#9809=DIRECTION('center_axis',(1.,0.,0.));
#9810=DIRECTION('ref_axis',(0.,-1.,0.));
#9811=DIRECTION('',(0.,1.,0.));
#9812=DIRECTION('',(0.,-1.,0.));
#9813=DIRECTION('',(0.,0.,-1.));
#9814=DIRECTION('',(0.,0.,-1.));
#9815=DIRECTION('',(0.,0.,-1.));
#9816=DIRECTION('',(0.,0.,-1.));
#9817=DIRECTION('',(0.,0.,-1.));
#9818=DIRECTION('',(0.,0.,-1.));
#9819=DIRECTION('center_axis',(0.,1.,0.));
#9820=DIRECTION('ref_axis',(1.,0.,0.));
#9821=DIRECTION('',(-1.,0.,0.));
#9822=DIRECTION('',(1.,0.,0.));
#9823=DIRECTION('',(0.,0.,-1.));
#9824=DIRECTION('center_axis',(-1.,0.,0.));
#9825=DIRECTION('ref_axis',(0.,1.,0.));
#9826=DIRECTION('',(0.,-1.,0.));
#9827=DIRECTION('',(0.,1.,0.));
#9828=DIRECTION('',(0.,0.,-1.));
#9829=DIRECTION('center_axis',(0.,-1.,0.));
#9830=DIRECTION('ref_axis',(-1.,0.,0.));
#9831=DIRECTION('',(1.,0.,0.));
#9832=DIRECTION('',(-1.,0.,0.));
#9833=DIRECTION('center_axis',(3.2734103132476E-16,-3.82592339473259E-16,
1.));
#9834=DIRECTION('ref_axis',(1.,0.,-3.2734103132476E-16));
#9835=DIRECTION('',(0.,0.,-1.));
#9836=DIRECTION('',(0.,0.,-1.));
#9837=DIRECTION('',(0.,0.,-1.));
#9838=DIRECTION('center_axis',(0.,-1.,0.));
#9839=DIRECTION('ref_axis',(-1.,0.,0.));
#9840=DIRECTION('',(-1.,0.,0.));
#9841=DIRECTION('',(0.,0.,-1.));
#9842=DIRECTION('',(1.,0.,-2.59903895174352E-16));
#9843=DIRECTION('center_axis',(1.,0.,0.));
#9844=DIRECTION('ref_axis',(0.,-1.,0.));
#9845=DIRECTION('',(0.,-1.,0.));
#9846=DIRECTION('',(0.,0.,-1.));
#9847=DIRECTION('',(0.,1.,1.83180970185848E-16));
#9848=DIRECTION('center_axis',(0.,1.,0.));
#9849=DIRECTION('ref_axis',(1.,0.,0.));
#9850=DIRECTION('',(1.,0.,0.));
#9851=DIRECTION('',(0.,0.,-1.));
#9852=DIRECTION('',(-1.,0.,2.59903895174352E-16));
#9853=DIRECTION('',(0.,0.,-1.));
#9854=DIRECTION('center_axis',(0.783042313268789,-0.621968436201279,0.));
#9855=DIRECTION('ref_axis',(-0.621968436201279,-0.783042313268789,0.));
#9856=DIRECTION('',(0.621968436201279,0.783042313268789,0.));
#9857=DIRECTION('',(0.,0.,-1.));
#9858=DIRECTION('',(-0.621968436201279,-0.783042313268789,0.));
#9859=DIRECTION('',(0.,0.,-1.));
#9860=DIRECTION('center_axis',(0.,-1.,0.));
#9861=DIRECTION('ref_axis',(-1.,0.,0.));
#9862=DIRECTION('',(1.,0.,0.));
#9863=DIRECTION('',(-1.,0.,0.));
#9864=DIRECTION('',(0.,0.,-1.));
#9865=DIRECTION('center_axis',(-1.,0.,0.));
#9866=DIRECTION('ref_axis',(0.,1.,0.));
#9867=DIRECTION('',(0.,-1.,0.));
#9868=DIRECTION('',(0.,1.,0.));
#9869=DIRECTION('',(0.,0.,-1.));
#9870=DIRECTION('center_axis',(0.,-1.,0.));
#9871=DIRECTION('ref_axis',(-1.,0.,0.));
#9872=DIRECTION('',(1.,0.,0.));
#9873=DIRECTION('',(-1.,0.,0.));
#9874=DIRECTION('',(0.,0.,-1.));
#9875=DIRECTION('center_axis',(1.,0.,0.));
#9876=DIRECTION('ref_axis',(0.,-1.,0.));
#9877=DIRECTION('',(0.,1.,0.));
#9878=DIRECTION('',(0.,-1.,0.));
#9879=DIRECTION('',(0.,0.,-1.));
#9880=DIRECTION('center_axis',(0.,1.,0.));
#9881=DIRECTION('ref_axis',(1.,0.,0.));
#9882=DIRECTION('',(-1.,0.,0.));
#9883=DIRECTION('',(1.,0.,0.));
#9884=DIRECTION('',(0.,0.,-1.));
#9885=DIRECTION('',(0.,0.,-1.));
#9886=DIRECTION('',(0.,0.,-1.));
#9887=DIRECTION('',(0.,0.,-1.));
#9888=DIRECTION('center_axis',(-0.774214179185869,0.632923695833511,0.));
#9889=DIRECTION('ref_axis',(0.632923695833511,0.774214179185869,0.));
#9890=DIRECTION('',(-0.632923695833511,-0.774214179185869,0.));
#9891=DIRECTION('',(0.632923695833511,0.774214179185869,0.));
#9892=DIRECTION('',(0.,0.,-1.));
#9893=DIRECTION('center_axis',(0.,-1.,0.));
#9894=DIRECTION('ref_axis',(-1.,0.,0.));
#9895=DIRECTION('',(1.,0.,0.));
#9896=DIRECTION('',(-1.,0.,0.));
#9897=DIRECTION('center_axis',(2.59903895174352E-16,-1.83180970185848E-16,
1.));
#9898=DIRECTION('ref_axis',(1.,0.,-2.59903895174352E-16));
#9899=DIRECTION('',(0.,0.,-1.));
#9900=DIRECTION('',(0.,0.,-1.));
#9901=DIRECTION('',(0.,0.,-1.));
#9902=DIRECTION('',(0.,0.,-1.));
#9903=DIRECTION('',(0.,0.,-1.));
#9904=DIRECTION('',(0.,0.,-1.));
#9905=DIRECTION('',(0.,0.,-1.));
#9906=DIRECTION('',(0.,0.,-1.));
#9907=DIRECTION('',(0.,0.,-1.));
#9908=DIRECTION('',(0.,0.,-1.));
#9909=DIRECTION('',(0.,0.,-1.));
#9910=DIRECTION('',(0.,0.,-1.));
#9911=DIRECTION('',(0.,0.,-1.));
#9912=DIRECTION('',(0.,0.,-1.));
#9913=DIRECTION('center_axis',(-3.52244085981498E-19,3.26414868512773E-18,
1.));
#9914=DIRECTION('ref_axis',(1.,0.,3.52244085981498E-19));
#9915=DIRECTION('center_axis',(1.,0.,0.));
#9916=DIRECTION('ref_axis',(0.,-1.,0.));
#9917=DIRECTION('',(0.,1.,0.));
#9918=DIRECTION('',(0.,0.,-1.));
#9919=DIRECTION('',(0.,-1.,0.));
#9920=DIRECTION('',(0.,0.,-1.));
#9921=DIRECTION('center_axis',(-0.913498663408962,-0.406841728378542,0.));
#9922=DIRECTION('ref_axis',(-0.406841728378542,0.913498663408962,0.));
#9923=DIRECTION('',(0.406841728378542,-0.913498663408962,0.));
#9924=DIRECTION('',(-0.406841728378542,0.913498663408962,0.));
#9925=DIRECTION('',(0.,0.,-1.));
#9926=DIRECTION('center_axis',(0.,-1.,0.));
#9927=DIRECTION('ref_axis',(-1.,0.,0.));
#9928=DIRECTION('',(1.,0.,0.));
#9929=DIRECTION('',(-1.,0.,0.));
#9930=DIRECTION('',(0.,0.,-1.));
#9931=DIRECTION('center_axis',(0.914904056356068,-0.403671360964849,0.));
#9932=DIRECTION('ref_axis',(-0.403671360964849,-0.914904056356068,0.));
#9933=DIRECTION('',(0.403671360964849,0.914904056356068,0.));
#9934=DIRECTION('',(-0.403671360964849,-0.914904056356068,0.));
#9935=DIRECTION('',(0.,0.,-1.));
#9936=DIRECTION('center_axis',(-1.,0.,0.));
#9937=DIRECTION('ref_axis',(0.,1.,0.));
#9938=DIRECTION('',(0.,-1.,0.));
#9939=DIRECTION('',(0.,1.,0.));
#9940=DIRECTION('',(0.,0.,-1.));
#9941=DIRECTION('center_axis',(0.,-1.,0.));
#9942=DIRECTION('ref_axis',(-1.,0.,0.));
#9943=DIRECTION('',(1.,0.,0.));
#9944=DIRECTION('',(-1.,0.,0.));
#9945=DIRECTION('',(0.,0.,-1.));
#9946=DIRECTION('center_axis',(1.,0.,0.));
#9947=DIRECTION('ref_axis',(0.,-1.,0.));
#9948=DIRECTION('',(0.,1.,0.));
#9949=DIRECTION('',(0.,-1.,0.));
#9950=DIRECTION('',(0.,0.,-1.));
#9951=DIRECTION('center_axis',(0.,1.,0.));
#9952=DIRECTION('ref_axis',(1.,0.,0.));
#9953=DIRECTION('',(-1.,0.,0.));
#9954=DIRECTION('',(1.,0.,0.));
#9955=DIRECTION('',(0.,0.,-1.));
#9956=DIRECTION('center_axis',(-0.912492227721691,0.409094040958196,0.));
#9957=DIRECTION('ref_axis',(0.409094040958196,0.91249222772169,0.));
#9958=DIRECTION('',(-0.409094040958196,-0.91249222772169,0.));
#9959=DIRECTION('',(0.409094040958196,0.91249222772169,0.));
#9960=DIRECTION('',(0.,0.,-1.));
#9961=DIRECTION('center_axis',(0.917409408006231,0.397944692264712,0.));
#9962=DIRECTION('ref_axis',(0.397944692264712,-0.917409408006231,0.));
#9963=DIRECTION('',(-0.397944692264712,0.917409408006231,0.));
#9964=DIRECTION('',(0.397944692264712,-0.917409408006231,0.));
#9965=DIRECTION('',(0.,0.,-1.));
#9966=DIRECTION('center_axis',(0.,1.,0.));
#9967=DIRECTION('ref_axis',(1.,0.,0.));
#9968=DIRECTION('',(-1.,0.,0.));
#9969=DIRECTION('',(1.,0.,0.));
#9970=DIRECTION('',(0.,0.,-1.));
#9971=DIRECTION('center_axis',(-1.,0.,0.));
#9972=DIRECTION('ref_axis',(0.,1.,0.));
#9973=DIRECTION('',(0.,-1.,0.));
#9974=DIRECTION('',(0.,1.,0.));
#9975=DIRECTION('',(0.,0.,-1.));
#9976=DIRECTION('center_axis',(0.,-1.,0.));
#9977=DIRECTION('ref_axis',(-1.,0.,0.));
#9978=DIRECTION('',(1.,0.,0.));
#9979=DIRECTION('',(-1.,0.,0.));
#9980=DIRECTION('center_axis',(0.,0.,-1.));
#9981=DIRECTION('ref_axis',(-1.,0.,0.));
#9982=DIRECTION('',(0.,0.,-1.));
#9983=DIRECTION('',(0.,0.,-1.));
#9984=DIRECTION('',(0.,0.,-1.));
#9985=DIRECTION('center_axis',(0.,-1.,0.));
#9986=DIRECTION('ref_axis',(-1.,0.,0.));
#9987=DIRECTION('',(-1.,0.,0.));
#9988=DIRECTION('',(0.,0.,-1.));
#9989=DIRECTION('',(1.,0.,-4.13422305687846E-16));
#9990=DIRECTION('center_axis',(1.,0.,0.));
#9991=DIRECTION('ref_axis',(0.,-1.,0.));
#9992=DIRECTION('',(0.,-1.,0.));
#9993=DIRECTION('',(0.,0.,-1.));
#9994=DIRECTION('',(0.,1.,-4.32746900163908E-17));
#9995=DIRECTION('center_axis',(0.,1.,0.));
#9996=DIRECTION('ref_axis',(1.,0.,0.));
#9997=DIRECTION('',(1.,0.,0.));
#9998=DIRECTION('',(0.,0.,-1.));
#9999=DIRECTION('',(-1.,0.,4.13422305687846E-16));
#10000=DIRECTION('',(0.,0.,-1.));
#10001=DIRECTION('',(0.,0.,-1.));
#10002=DIRECTION('',(0.,0.,-1.));
#10003=DIRECTION('center_axis',(0.,-1.,0.));
#10004=DIRECTION('ref_axis',(-1.,0.,0.));
#10005=DIRECTION('',(1.,0.,0.));
#10006=DIRECTION('',(-1.,0.,0.));
#10007=DIRECTION('',(0.,0.,-1.));
#10008=DIRECTION('center_axis',(-1.,0.,0.));
#10009=DIRECTION('ref_axis',(0.,1.,0.));
#10010=DIRECTION('',(0.,-1.,0.));
#10011=DIRECTION('',(0.,1.,0.));
#10012=DIRECTION('',(0.,0.,-1.));
#10013=DIRECTION('center_axis',(0.,-1.,0.));
#10014=DIRECTION('ref_axis',(-1.,0.,0.));
#10015=DIRECTION('',(1.,0.,0.));
#10016=DIRECTION('',(-1.,0.,0.));
#10017=DIRECTION('',(0.,0.,-1.));
#10018=DIRECTION('center_axis',(1.,0.,0.));
#10019=DIRECTION('ref_axis',(0.,-1.,0.));
#10020=DIRECTION('',(0.,1.,0.));
#10021=DIRECTION('',(0.,-1.,0.));
#10022=DIRECTION('',(0.,0.,-1.));
#10023=DIRECTION('center_axis',(0.,1.,0.));
#10024=DIRECTION('ref_axis',(1.,0.,0.));
#10025=DIRECTION('',(-1.,0.,0.));
#10026=DIRECTION('',(1.,0.,0.));
#10027=DIRECTION('',(0.,0.,-1.));
#10028=DIRECTION('',(0.,0.,-1.));
#10029=DIRECTION('',(0.,0.,-1.));
#10030=DIRECTION('center_axis',(4.13422305687846E-16,4.32746900163908E-17,
1.));
#10031=DIRECTION('ref_axis',(1.,0.,-4.13422305687846E-16));
#10032=DIRECTION('center_axis',(0.,-1.,0.));
#10033=DIRECTION('ref_axis',(-1.,0.,0.));
#10034=DIRECTION('',(1.,0.,0.));
#10035=DIRECTION('',(0.,0.,-1.));
#10036=DIRECTION('',(-1.,0.,0.));
#10037=DIRECTION('',(0.,0.,-1.));
#10038=DIRECTION('center_axis',(1.,0.,0.));
#10039=DIRECTION('ref_axis',(0.,-1.,0.));
#10040=DIRECTION('',(0.,1.,0.));
#10041=DIRECTION('',(0.,-1.,0.));
#10042=DIRECTION('',(0.,0.,-1.));
#10043=DIRECTION('center_axis',(0.,1.,0.));
#10044=DIRECTION('ref_axis',(1.,0.,0.));
#10045=DIRECTION('',(-1.,0.,0.));
#10046=DIRECTION('',(1.,0.,0.));
#10047=DIRECTION('',(0.,0.,-1.));
#10048=DIRECTION('center_axis',(-1.,0.,0.));
#10049=DIRECTION('ref_axis',(0.,1.,0.));
#10050=DIRECTION('',(0.,-1.,0.));
#10051=DIRECTION('',(0.,1.,0.));
#10052=DIRECTION('',(0.,0.,-1.));
#10053=DIRECTION('center_axis',(0.,-1.,0.));
#10054=DIRECTION('ref_axis',(-1.,0.,0.));
#10055=DIRECTION('',(1.,0.,0.));
#10056=DIRECTION('',(-1.,0.,0.));
#10057=DIRECTION('',(0.,0.,-1.));
#10058=DIRECTION('center_axis',(-1.,0.,0.));
#10059=DIRECTION('ref_axis',(0.,1.,0.));
#10060=DIRECTION('',(0.,-1.,0.));
#10061=DIRECTION('',(0.,1.,0.));
#10062=DIRECTION('',(0.,0.,-1.));
#10063=DIRECTION('center_axis',(0.,-1.,0.));
#10064=DIRECTION('ref_axis',(-1.,0.,0.));
#10065=DIRECTION('',(1.,0.,0.));
#10066=DIRECTION('',(-1.,0.,0.));
#10067=DIRECTION('',(0.,0.,-1.));
#10068=DIRECTION('center_axis',(1.,0.,0.));
#10069=DIRECTION('ref_axis',(0.,-1.,0.));
#10070=DIRECTION('',(0.,1.,0.));
#10071=DIRECTION('',(0.,-1.,0.));
#10072=DIRECTION('center_axis',(0.,0.,-1.));
#10073=DIRECTION('ref_axis',(-1.,0.,0.));
#10074=DIRECTION('center_axis',(1.,0.,0.));
#10075=DIRECTION('ref_axis',(0.,-1.,0.));
#10076=DIRECTION('',(0.,1.,0.));
#10077=DIRECTION('',(0.,0.,-1.));
#10078=DIRECTION('',(0.,-1.,0.));
#10079=DIRECTION('',(0.,0.,-1.));
#10080=DIRECTION('center_axis',(0.,1.,0.));
#10081=DIRECTION('ref_axis',(1.,0.,0.));
#10082=DIRECTION('',(-1.,0.,0.));
#10083=DIRECTION('',(1.,0.,0.));
#10084=DIRECTION('',(0.,0.,-1.));
#10085=DIRECTION('',(0.,0.,-1.));
#10086=DIRECTION('',(0.,0.,-1.));
#10087=DIRECTION('',(0.,0.,-1.));
#10088=DIRECTION('',(0.,0.,-1.));
#10089=DIRECTION('',(0.,0.,-1.));
#10090=DIRECTION('',(0.,0.,-1.));
#10091=DIRECTION('',(0.,0.,-1.));
#10092=DIRECTION('',(0.,0.,-1.));
#10093=DIRECTION('center_axis',(-1.,0.,0.));
#10094=DIRECTION('ref_axis',(0.,1.,0.));
#10095=DIRECTION('',(0.,-1.,0.));
#10096=DIRECTION('',(0.,1.,0.));
#10097=DIRECTION('',(0.,0.,-1.));
#10098=DIRECTION('center_axis',(0.,-1.,0.));
#10099=DIRECTION('ref_axis',(-1.,0.,0.));
#10100=DIRECTION('',(1.,0.,0.));
#10101=DIRECTION('',(-1.,0.,0.));
#10102=DIRECTION('',(0.,0.,-1.));
#10103=DIRECTION('',(0.,0.,-1.));
#10104=DIRECTION('',(0.,0.,-1.));
#10105=DIRECTION('',(0.,0.,-1.));
#10106=DIRECTION('',(0.,0.,-1.));
#10107=DIRECTION('',(0.,0.,-1.));
#10108=DIRECTION('',(0.,0.,-1.));
#10109=DIRECTION('',(0.,0.,-1.));
#10110=DIRECTION('center_axis',(-8.28242151345071E-18,1.8237738939705E-16,
1.));
#10111=DIRECTION('ref_axis',(1.,0.,8.28242151345071E-18));
#10112=DIRECTION('center_axis',(0.,1.,0.));
#10113=DIRECTION('ref_axis',(1.,0.,0.));
#10114=DIRECTION('',(-1.,0.,0.));
#10115=DIRECTION('',(0.,0.,-1.));
#10116=DIRECTION('',(1.,0.,0.));
#10117=DIRECTION('',(0.,0.,-1.));
#10118=DIRECTION('center_axis',(-1.,0.,0.));
#10119=DIRECTION('ref_axis',(0.,1.,0.));
#10120=DIRECTION('',(0.,-1.,0.));
#10121=DIRECTION('',(0.,1.,0.));
#10122=DIRECTION('',(0.,0.,-1.));
#10123=DIRECTION('center_axis',(0.,-1.,0.));
#10124=DIRECTION('ref_axis',(-1.,0.,0.));
#10125=DIRECTION('',(1.,0.,0.));
#10126=DIRECTION('',(-1.,0.,0.));
#10127=DIRECTION('',(0.,0.,-1.));
#10128=DIRECTION('center_axis',(-1.,0.,0.));
#10129=DIRECTION('ref_axis',(0.,1.,0.));
#10130=DIRECTION('',(0.,-1.,0.));
#10131=DIRECTION('',(0.,1.,0.));
#10132=DIRECTION('',(0.,0.,-1.));
#10133=DIRECTION('center_axis',(0.,1.,0.));
#10134=DIRECTION('ref_axis',(1.,0.,0.));
#10135=DIRECTION('',(-1.,0.,0.));
#10136=DIRECTION('',(1.,0.,0.));
#10137=DIRECTION('',(0.,0.,-1.));
#10138=DIRECTION('center_axis',(-1.,0.,0.));
#10139=DIRECTION('ref_axis',(0.,1.,0.));
#10140=DIRECTION('',(0.,-1.,0.));
#10141=DIRECTION('',(0.,1.,0.));
#10142=DIRECTION('',(0.,0.,-1.));
#10143=DIRECTION('center_axis',(0.,-1.,0.));
#10144=DIRECTION('ref_axis',(-1.,0.,0.));
#10145=DIRECTION('',(1.,0.,0.));
#10146=DIRECTION('',(-1.,0.,0.));
#10147=DIRECTION('',(0.,0.,-1.));
#10148=DIRECTION('center_axis',(-1.,0.,0.));
#10149=DIRECTION('ref_axis',(0.,1.,0.));
#10150=DIRECTION('',(0.,-1.,0.));
#10151=DIRECTION('',(0.,1.,0.));
#10152=DIRECTION('',(0.,0.,-1.));
#10153=DIRECTION('center_axis',(0.,1.,0.));
#10154=DIRECTION('ref_axis',(1.,0.,0.));
#10155=DIRECTION('',(-1.,0.,0.));
#10156=DIRECTION('',(1.,0.,0.));
#10157=DIRECTION('',(0.,0.,-1.));
#10158=DIRECTION('center_axis',(-1.,0.,0.));
#10159=DIRECTION('ref_axis',(0.,1.,0.));
#10160=DIRECTION('',(0.,-1.,0.));
#10161=DIRECTION('',(0.,1.,0.));
#10162=DIRECTION('',(0.,0.,-1.));
#10163=DIRECTION('center_axis',(0.,-1.,0.));
#10164=DIRECTION('ref_axis',(-1.,0.,0.));
#10165=DIRECTION('',(1.,0.,0.));
#10166=DIRECTION('',(-1.,0.,0.));
#10167=DIRECTION('',(0.,0.,-1.));
#10168=DIRECTION('center_axis',(1.,0.,0.));
#10169=DIRECTION('ref_axis',(0.,-1.,0.));
#10170=DIRECTION('',(0.,1.,0.));
#10171=DIRECTION('',(0.,-1.,0.));
#10172=DIRECTION('center_axis',(0.,0.,-1.));
#10173=DIRECTION('ref_axis',(-1.,0.,0.));
#10174=DIRECTION('',(0.,0.,-1.));
#10175=DIRECTION('',(0.,0.,-1.));
#10176=DIRECTION('',(0.,0.,-1.));
#10177=DIRECTION('',(0.,0.,-1.));
#10178=DIRECTION('',(0.,0.,-1.));
#10179=DIRECTION('',(0.,0.,-1.));
#10180=DIRECTION('',(0.,0.,-1.));
#10181=DIRECTION('',(0.,0.,-1.));
#10182=DIRECTION('',(0.,0.,-1.));
#10183=DIRECTION('',(0.,0.,-1.));
#10184=DIRECTION('',(0.,0.,-1.));
#10185=DIRECTION('',(0.,0.,-1.));
#10186=DIRECTION('',(0.,0.,-1.));
#10187=DIRECTION('',(0.,0.,-1.));
#10188=DIRECTION('center_axis',(-3.52244085983395E-19,3.26414868511926E-18,
1.));
#10189=DIRECTION('ref_axis',(1.,0.,3.52244085983395E-19));
#10190=DIRECTION('center_axis',(0.,-1.,0.));
#10191=DIRECTION('ref_axis',(-1.,0.,0.));
#10192=DIRECTION('',(1.,0.,0.));
#10193=DIRECTION('',(0.,0.,-1.));
#10194=DIRECTION('',(-1.,0.,0.));
#10195=DIRECTION('',(0.,0.,-1.));
#10196=DIRECTION('center_axis',(1.,0.,0.));
#10197=DIRECTION('ref_axis',(0.,-1.,0.));
#10198=DIRECTION('',(0.,1.,0.));
#10199=DIRECTION('',(0.,-1.,0.));
#10200=DIRECTION('',(0.,0.,-1.));
#10201=DIRECTION('center_axis',(0.,1.,0.));
#10202=DIRECTION('ref_axis',(1.,0.,0.));
#10203=DIRECTION('',(-1.,0.,0.));
#10204=DIRECTION('',(1.,0.,0.));
#10205=DIRECTION('',(0.,0.,-1.));
#10206=DIRECTION('center_axis',(-1.,0.,0.));
#10207=DIRECTION('ref_axis',(0.,1.,0.));
#10208=DIRECTION('',(0.,-1.,0.));
#10209=DIRECTION('',(0.,1.,0.));
#10210=DIRECTION('',(0.,0.,-1.));
#10211=DIRECTION('center_axis',(0.,-1.,0.));
#10212=DIRECTION('ref_axis',(-1.,0.,0.));
#10213=DIRECTION('',(1.,0.,0.));
#10214=DIRECTION('',(-1.,0.,0.));
#10215=DIRECTION('',(0.,0.,-1.));
#10216=DIRECTION('center_axis',(-1.,0.,0.));
#10217=DIRECTION('ref_axis',(0.,1.,0.));
#10218=DIRECTION('',(0.,-1.,0.));
#10219=DIRECTION('',(0.,1.,0.));
#10220=DIRECTION('',(0.,0.,-1.));
#10221=DIRECTION('center_axis',(0.,-1.,0.));
#10222=DIRECTION('ref_axis',(-1.,0.,0.));
#10223=DIRECTION('',(1.,0.,0.));
#10224=DIRECTION('',(-1.,0.,0.));
#10225=DIRECTION('',(0.,0.,-1.));
#10226=DIRECTION('center_axis',(1.,0.,0.));
#10227=DIRECTION('ref_axis',(0.,-1.,0.));
#10228=DIRECTION('',(0.,1.,0.));
#10229=DIRECTION('',(0.,-1.,0.));
#10230=DIRECTION('center_axis',(0.,0.,-1.));
#10231=DIRECTION('ref_axis',(-1.,0.,0.));
#10232=DIRECTION('',(0.,0.,-1.));
#10233=DIRECTION('',(0.,0.,-1.));
#10234=DIRECTION('',(0.,0.,-1.));
#10235=DIRECTION('',(0.,0.,-1.));
#10236=DIRECTION('',(0.,0.,-1.));
#10237=DIRECTION('',(0.,0.,-1.));
#10238=DIRECTION('',(0.,0.,-1.));
#10239=DIRECTION('',(0.,0.,-1.));
#10240=DIRECTION('',(0.,0.,-1.));
#10241=DIRECTION('',(0.,0.,-1.));
#10242=DIRECTION('',(0.,0.,-1.));
#10243=DIRECTION('',(0.,0.,-1.));
#10244=DIRECTION('',(0.,0.,-1.));
#10245=DIRECTION('center_axis',(1.,0.,0.));
#10246=DIRECTION('ref_axis',(0.,-1.,0.));
#10247=DIRECTION('',(0.,1.,0.));
#10248=DIRECTION('',(0.,-1.,0.));
#10249=DIRECTION('',(0.,0.,-1.));
#10250=DIRECTION('',(0.,0.,-1.));
#10251=DIRECTION('',(0.,0.,-1.));
#10252=DIRECTION('',(0.,0.,-1.));
#10253=DIRECTION('',(0.,0.,-1.));
#10254=DIRECTION('center_axis',(-1.,0.,0.));
#10255=DIRECTION('ref_axis',(0.,1.,0.));
#10256=DIRECTION('',(0.,-1.,0.));
#10257=DIRECTION('',(0.,1.,0.));
#10258=DIRECTION('',(0.,0.,-1.));
#10259=DIRECTION('',(0.,0.,-1.));
#10260=DIRECTION('',(0.,0.,-1.));
#10261=DIRECTION('center_axis',(-2.05914276471681E-16,1.57771464442182E-16,
1.));
#10262=DIRECTION('ref_axis',(1.,0.,2.05914276471681E-16));
#10263=DIRECTION('',(0.,0.,-1.));
#10264=DIRECTION('',(0.,0.,-1.));
#10265=DIRECTION('',(0.,0.,-1.));
#10266=DIRECTION('center_axis',(0.,-1.,0.));
#10267=DIRECTION('ref_axis',(-1.,0.,0.));
#10268=DIRECTION('',(-1.,0.,0.));
#10269=DIRECTION('',(0.,0.,-1.));
#10270=DIRECTION('',(1.,0.,-6.68429261955968E-16));
#10271=DIRECTION('center_axis',(1.,0.,0.));
#10272=DIRECTION('ref_axis',(0.,-1.,0.));
#10273=DIRECTION('',(0.,-1.,0.));
#10274=DIRECTION('',(0.,0.,-1.));
#10275=DIRECTION('',(0.,1.,5.25423113881746E-17));
#10276=DIRECTION('center_axis',(0.,1.,0.));
#10277=DIRECTION('ref_axis',(1.,0.,0.));
#10278=DIRECTION('',(1.,0.,0.));
#10279=DIRECTION('',(0.,0.,-1.));
#10280=DIRECTION('',(-1.,0.,6.68429261955968E-16));
#10281=DIRECTION('',(0.,0.,-1.));
#10282=DIRECTION('',(0.,0.,-1.));
#10283=DIRECTION('',(0.,0.,-1.));
#10284=DIRECTION('',(0.,0.,-1.));
#10285=DIRECTION('center_axis',(0.,-1.,0.));
#10286=DIRECTION('ref_axis',(-1.,0.,0.));
#10287=DIRECTION('',(-1.,0.,0.));
#10288=DIRECTION('',(0.,0.,-1.));
#10289=DIRECTION('',(1.,0.,-6.68429261955968E-16));
#10290=DIRECTION('center_axis',(1.,0.,0.));
#10291=DIRECTION('ref_axis',(0.,-1.,0.));
#10292=DIRECTION('',(0.,-1.,0.));
#10293=DIRECTION('',(0.,0.,-1.));
#10294=DIRECTION('',(0.,1.,5.25423113881746E-17));
#10295=DIRECTION('center_axis',(0.,1.,0.));
#10296=DIRECTION('ref_axis',(1.,0.,0.));
#10297=DIRECTION('',(1.,0.,0.));
#10298=DIRECTION('',(0.,0.,-1.));
#10299=DIRECTION('',(-1.,0.,6.68429261955968E-16));
#10300=DIRECTION('',(0.,0.,-1.));
#10301=DIRECTION('',(0.,0.,-1.));
#10302=DIRECTION('',(0.,0.,-1.));
#10303=DIRECTION('center_axis',(0.,-1.,0.));
#10304=DIRECTION('ref_axis',(-1.,0.,0.));
#10305=DIRECTION('',(1.,0.,0.));
#10306=DIRECTION('',(-1.,0.,0.));
#10307=DIRECTION('',(0.,0.,-1.));
#10308=DIRECTION('center_axis',(1.,0.,0.));
#10309=DIRECTION('ref_axis',(0.,-1.,0.));
#10310=DIRECTION('',(0.,1.,0.));
#10311=DIRECTION('',(0.,-1.,0.));
#10312=DIRECTION('',(0.,0.,-1.));
#10313=DIRECTION('center_axis',(0.,1.,0.));
#10314=DIRECTION('ref_axis',(1.,0.,0.));
#10315=DIRECTION('',(-1.,0.,0.));
#10316=DIRECTION('',(1.,0.,0.));
#10317=DIRECTION('',(0.,0.,-1.));
#10318=DIRECTION('',(0.,0.,-1.));
#10319=DIRECTION('',(0.,0.,-1.));
#10320=DIRECTION('',(0.,0.,-1.));
#10321=DIRECTION('center_axis',(-1.,0.,0.));
#10322=DIRECTION('ref_axis',(0.,1.,0.));
#10323=DIRECTION('',(0.,-1.,0.));
#10324=DIRECTION('',(0.,1.,0.));
#10325=DIRECTION('',(0.,0.,-1.));
#10326=DIRECTION('',(0.,0.,-1.));
#10327=DIRECTION('center_axis',(6.68429261955968E-16,-5.25423113881746E-17,
1.));
#10328=DIRECTION('ref_axis',(1.,0.,-6.68429261955968E-16));
#10329=DIRECTION('',(0.,0.,-1.));
#10330=DIRECTION('',(0.,0.,-1.));
#10331=DIRECTION('center_axis',(1.,0.,0.));
#10332=DIRECTION('ref_axis',(0.,-1.,0.));
#10333=DIRECTION('',(0.,1.,0.));
#10334=DIRECTION('',(0.,-1.,0.));
#10335=DIRECTION('',(0.,0.,-1.));
#10336=DIRECTION('center_axis',(0.,1.,0.));
#10337=DIRECTION('ref_axis',(1.,0.,0.));
#10338=DIRECTION('',(-1.,0.,0.));
#10339=DIRECTION('',(1.,0.,0.));
#10340=DIRECTION('',(0.,0.,-1.));
#10341=DIRECTION('',(0.,0.,-1.));
#10342=DIRECTION('',(0.,0.,-1.));
#10343=DIRECTION('',(0.,0.,-1.));
#10344=DIRECTION('center_axis',(1.,0.,0.));
#10345=DIRECTION('ref_axis',(0.,-1.,0.));
#10346=DIRECTION('',(0.,1.,0.));
#10347=DIRECTION('',(0.,-1.,0.));
#10348=DIRECTION('',(0.,0.,-1.));
#10349=DIRECTION('center_axis',(0.,-1.,0.));
#10350=DIRECTION('ref_axis',(-1.,0.,0.));
#10351=DIRECTION('',(1.,0.,0.));
#10352=DIRECTION('',(-1.,0.,0.));
#10353=DIRECTION('',(0.,0.,-1.));
#10354=DIRECTION('center_axis',(1.,0.,0.));
#10355=DIRECTION('ref_axis',(0.,-1.,0.));
#10356=DIRECTION('',(0.,1.,0.));
#10357=DIRECTION('',(0.,-1.,0.));
#10358=DIRECTION('',(0.,0.,-1.));
#10359=DIRECTION('center_axis',(0.,1.,0.));
#10360=DIRECTION('ref_axis',(1.,0.,0.));
#10361=DIRECTION('',(-1.,0.,0.));
#10362=DIRECTION('',(1.,0.,0.));
#10363=DIRECTION('',(0.,0.,-1.));
#10364=DIRECTION('center_axis',(-1.,0.,0.));
#10365=DIRECTION('ref_axis',(0.,1.,0.));
#10366=DIRECTION('',(0.,-1.,0.));
#10367=DIRECTION('',(0.,1.,0.));
#10368=DIRECTION('',(0.,0.,-1.));
#10369=DIRECTION('center_axis',(4.03751807024666E-16,5.9313939862776E-16,
1.));
#10370=DIRECTION('ref_axis',(1.,0.,-4.03751807024666E-16));
#10371=DIRECTION('',(0.,0.,-1.));
#10372=DIRECTION('',(0.,0.,-1.));
#10373=DIRECTION('',(0.,0.,-1.));
#10374=DIRECTION('center_axis',(1.,0.,0.));
#10375=DIRECTION('ref_axis',(0.,-1.,0.));
#10376=DIRECTION('',(0.,1.,0.));
#10377=DIRECTION('',(0.,-1.,0.));
#10378=DIRECTION('',(0.,0.,-1.));
#10379=DIRECTION('center_axis',(0.,1.,0.));
#10380=DIRECTION('ref_axis',(1.,0.,0.));
#10381=DIRECTION('',(-1.,0.,0.));
#10382=DIRECTION('',(1.,0.,0.));
#10383=DIRECTION('',(0.,0.,-1.));
#10384=DIRECTION('',(0.,0.,-1.));
#10385=DIRECTION('',(0.,0.,-1.));
#10386=DIRECTION('',(0.,0.,-1.));
#10387=DIRECTION('',(0.,0.,-1.));
#10388=DIRECTION('',(0.,0.,-1.));
#10389=DIRECTION('',(0.,0.,-1.));
#10390=DIRECTION('',(0.,0.,-1.));
#10391=DIRECTION('center_axis',(1.,0.,0.));
#10392=DIRECTION('ref_axis',(0.,-1.,0.));
#10393=DIRECTION('',(0.,1.,0.));
#10394=DIRECTION('',(0.,-1.,0.));
#10395=DIRECTION('',(0.,0.,-1.));
#10396=DIRECTION('center_axis',(0.,1.,0.));
#10397=DIRECTION('ref_axis',(1.,0.,0.));
#10398=DIRECTION('',(-1.,0.,0.));
#10399=DIRECTION('',(1.,0.,0.));
#10400=DIRECTION('',(0.,0.,-1.));
#10401=DIRECTION('center_axis',(-1.,0.,0.));
#10402=DIRECTION('ref_axis',(0.,1.,0.));
#10403=DIRECTION('',(0.,-1.,0.));
#10404=DIRECTION('',(0.,1.,0.));
#10405=DIRECTION('',(0.,0.,-1.));
#10406=DIRECTION('center_axis',(0.,-1.,0.));
#10407=DIRECTION('ref_axis',(-1.,0.,0.));
#10408=DIRECTION('',(1.,0.,0.));
#10409=DIRECTION('',(-1.,0.,0.));
#10410=DIRECTION('',(0.,0.,-1.));
#10411=DIRECTION('center_axis',(-1.,0.,0.));
#10412=DIRECTION('ref_axis',(0.,1.,0.));
#10413=DIRECTION('',(0.,-1.,0.));
#10414=DIRECTION('',(0.,1.,0.));
#10415=DIRECTION('',(0.,0.,-1.));
#10416=DIRECTION('',(0.,0.,-1.));
#10417=DIRECTION('',(0.,0.,-1.));
#10418=DIRECTION('',(0.,0.,-1.));
#10419=DIRECTION('center_axis',(4.74892340679574E-16,8.10669535597532E-17,
1.));
#10420=DIRECTION('ref_axis',(1.,0.,-4.74892340679574E-16));
#10421=DIRECTION('',(0.,0.,-1.));
#10422=DIRECTION('',(0.,0.,-1.));
#10423=DIRECTION('',(0.,0.,-1.));
#10424=DIRECTION('center_axis',(0.,-1.,0.));
#10425=DIRECTION('ref_axis',(-1.,0.,0.));
#10426=DIRECTION('',(-1.,0.,0.));
#10427=DIRECTION('',(0.,0.,-1.));
#10428=DIRECTION('',(1.,0.,-1.96809193475336E-16));
#10429=DIRECTION('center_axis',(1.,0.,0.));
#10430=DIRECTION('ref_axis',(0.,-1.,0.));
#10431=DIRECTION('',(0.,-1.,0.));
#10432=DIRECTION('',(0.,0.,-1.));
#10433=DIRECTION('',(0.,1.,-6.40059155837322E-18));
#10434=DIRECTION('center_axis',(0.,1.,0.));
#10435=DIRECTION('ref_axis',(1.,0.,0.));
#10436=DIRECTION('',(1.,0.,0.));
#10437=DIRECTION('',(0.,0.,-1.));
#10438=DIRECTION('',(-1.,0.,1.96809193475336E-16));
#10439=DIRECTION('',(0.,0.,-1.));
#10440=DIRECTION('',(0.,0.,-1.));
#10441=DIRECTION('',(0.,0.,-1.));
#10442=DIRECTION('center_axis',(0.,-1.,0.));
#10443=DIRECTION('ref_axis',(-1.,0.,0.));
#10444=DIRECTION('',(1.,0.,0.));
#10445=DIRECTION('',(-1.,0.,0.));
#10446=DIRECTION('',(0.,0.,-1.));
#10447=DIRECTION('center_axis',(1.,0.,0.));
#10448=DIRECTION('ref_axis',(0.,-1.,0.));
#10449=DIRECTION('',(0.,1.,0.));
#10450=DIRECTION('',(0.,-1.,0.));
#10451=DIRECTION('',(0.,0.,-1.));
#10452=DIRECTION('center_axis',(0.,1.,0.));
#10453=DIRECTION('ref_axis',(1.,0.,0.));
#10454=DIRECTION('',(-1.,0.,0.));
#10455=DIRECTION('',(1.,0.,0.));
#10456=DIRECTION('',(0.,0.,-1.));
#10457=DIRECTION('',(0.,0.,-1.));
#10458=DIRECTION('',(0.,0.,-1.));
#10459=DIRECTION('center_axis',(1.96809193475336E-16,6.40059155837322E-18,
1.));
#10460=DIRECTION('ref_axis',(1.,0.,-1.96809193475336E-16));
#10461=DIRECTION('',(0.,0.,-1.));
#10462=DIRECTION('',(0.,0.,-1.));
#10463=DIRECTION('',(0.,0.,-1.));
#10464=DIRECTION('',(0.,0.,-1.));
#10465=DIRECTION('',(0.,0.,-1.));
#10466=DIRECTION('',(0.,0.,-1.));
#10467=DIRECTION('center_axis',(-1.,0.,0.));
#10468=DIRECTION('ref_axis',(0.,1.,0.));
#10469=DIRECTION('',(0.,-1.,0.));
#10470=DIRECTION('',(0.,1.,0.));
#10471=DIRECTION('',(0.,0.,-1.));
#10472=DIRECTION('center_axis',(0.,-1.,0.));
#10473=DIRECTION('ref_axis',(-1.,0.,0.));
#10474=DIRECTION('',(1.,0.,0.));
#10475=DIRECTION('',(-1.,0.,0.));
#10476=DIRECTION('',(0.,0.,-1.));
#10477=DIRECTION('',(0.,0.,-1.));
#10478=DIRECTION('',(0.,0.,-1.));
#10479=DIRECTION('',(0.,0.,-1.));
#10480=DIRECTION('',(0.,0.,-1.));
#10481=DIRECTION('',(0.,0.,-1.));
#10482=DIRECTION('',(0.,0.,-1.));
#10483=DIRECTION('',(0.,0.,-1.));
#10484=DIRECTION('',(0.,0.,-1.));
#10485=DIRECTION('center_axis',(0.,1.,0.));
#10486=DIRECTION('ref_axis',(1.,0.,0.));
#10487=DIRECTION('',(-1.,0.,0.));
#10488=DIRECTION('',(1.,0.,0.));
#10489=DIRECTION('',(0.,0.,-1.));
#10490=DIRECTION('center_axis',(-1.,0.,0.));
#10491=DIRECTION('ref_axis',(0.,1.,0.));
#10492=DIRECTION('',(0.,-1.,0.));
#10493=DIRECTION('',(0.,1.,0.));
#10494=DIRECTION('',(0.,0.,-1.));
#10495=DIRECTION('',(0.,0.,-1.));
#10496=DIRECTION('',(0.,0.,-1.));
#10497=DIRECTION('center_axis',(-2.05455423621849E-16,-1.06361941938814E-17,
1.));
#10498=DIRECTION('ref_axis',(1.,0.,2.05455423621849E-16));
#10499=DIRECTION('center_axis',(0.,0.,-1.));
#10500=DIRECTION('ref_axis',(-1.,0.,0.));
#10501=DIRECTION('center_axis',(0.,0.,-1.));
#10502=DIRECTION('ref_axis',(-1.,0.,0.));
#10503=DIRECTION('center_axis',(0.,0.,-1.));
#10504=DIRECTION('ref_axis',(-1.,0.,0.));
#10505=DIRECTION('center_axis',(0.,0.,-1.));
#10506=DIRECTION('ref_axis',(-1.,0.,0.));
#10507=DIRECTION('center_axis',(0.,0.,-1.));
#10508=DIRECTION('ref_axis',(-1.,0.,0.));
#10509=DIRECTION('center_axis',(0.,0.,-1.));
#10510=DIRECTION('ref_axis',(-1.,0.,0.));
#10511=DIRECTION('center_axis',(0.,0.,-1.));
#10512=DIRECTION('ref_axis',(-1.,0.,0.));
#10513=DIRECTION('center_axis',(0.,0.,-1.));
#10514=DIRECTION('ref_axis',(-1.,0.,0.));
#10515=DIRECTION('center_axis',(0.,0.,-1.));
#10516=DIRECTION('ref_axis',(-1.,0.,0.));
#10517=DIRECTION('center_axis',(0.,0.,-1.));
#10518=DIRECTION('ref_axis',(-1.,0.,0.));
#10519=DIRECTION('center_axis',(0.,0.,-1.));
#10520=DIRECTION('ref_axis',(-1.,0.,0.));
#10521=DIRECTION('center_axis',(0.,0.,-1.));
#10522=DIRECTION('ref_axis',(-1.,0.,0.));
#10523=DIRECTION('center_axis',(0.,0.,-1.));
#10524=DIRECTION('ref_axis',(-1.,0.,0.));
#10525=DIRECTION('center_axis',(0.,0.,-1.));
#10526=DIRECTION('ref_axis',(-1.,0.,0.));
#10527=DIRECTION('',(0.,0.,1.));
#10528=DIRECTION('center_axis',(0.,0.,-1.));
#10529=DIRECTION('ref_axis',(-1.,0.,0.));
#10530=DIRECTION('center_axis',(0.,0.,-1.));
#10531=DIRECTION('ref_axis',(-1.,0.,0.));
#10532=DIRECTION('center_axis',(0.,0.,-1.));
#10533=DIRECTION('ref_axis',(-1.,0.,0.));
#10534=CARTESIAN_POINT('',(0.,0.,0.));
#10535=CARTESIAN_POINT('Origin',(0.,0.,0.7));
#10536=CARTESIAN_POINT('',(-6.25,-12.5286170390501,0.));
#10537=CARTESIAN_POINT('',(-8.6,-11.0484725148401,0.));
#10538=CARTESIAN_POINT('Origin',(0.,0.,0.));
#10539=CARTESIAN_POINT('',(-6.25,-12.5286170390501,0.7));
#10540=CARTESIAN_POINT('',(-6.25,-12.5286170390501,0.7));
#10541=CARTESIAN_POINT('',(-8.6,-11.0484725148401,0.7));
#10542=CARTESIAN_POINT('Origin',(0.,0.,0.7));
#10543=CARTESIAN_POINT('',(-8.6,-11.0484725148401,0.7));
#10544=CARTESIAN_POINT('Origin',(-8.6,-11.0484725148401,0.7));
#10545=CARTESIAN_POINT('',(-8.6,-10.1454423264834,0.));
#10546=CARTESIAN_POINT('',(-8.6,-11.1927510988034,0.));
#10547=CARTESIAN_POINT('',(-8.6,-10.1454423264834,0.7));
#10548=CARTESIAN_POINT('',(-8.6,-10.1454423264834,0.7));
#10549=CARTESIAN_POINT('',(-8.6,-10.1454423264834,0.));
#10550=CARTESIAN_POINT('Origin',(8.6,-10.1454423264834,0.7));
#10551=CARTESIAN_POINT('',(8.6,-10.1454423264834,0.));
#10552=CARTESIAN_POINT('',(8.6,-11.0484725148401,0.));
#10553=CARTESIAN_POINT('',(8.6,-10.741236004625,0.));
#10554=CARTESIAN_POINT('',(8.6,-10.1454423264834,0.7));
#10555=CARTESIAN_POINT('',(8.6,-10.1454423264834,0.));
#10556=CARTESIAN_POINT('',(8.6,-11.0484725148401,0.7));
#10557=CARTESIAN_POINT('',(8.6,-11.0484725148401,0.7));
#10558=CARTESIAN_POINT('',(8.6,-11.0484725148401,0.7));
#10559=CARTESIAN_POINT('Origin',(0.,0.,0.7));
#10560=CARTESIAN_POINT('',(6.25,-12.5286170390501,0.));
#10561=CARTESIAN_POINT('Origin',(0.,0.,0.));
#10562=CARTESIAN_POINT('',(6.25,-12.5286170390501,0.7));
#10563=CARTESIAN_POINT('Origin',(0.,0.,0.7));
#10564=CARTESIAN_POINT('',(6.25,-12.5286170390501,0.7));
#10565=CARTESIAN_POINT('Origin',(0.,0.,0.));
#10566=CARTESIAN_POINT('',(-12.8312119458764,-3.5,0.7));
#10567=CARTESIAN_POINT('Origin',(0.,0.,0.7));
#10568=CARTESIAN_POINT('',(-12.8312119458764,-3.5,0.));
#10569=CARTESIAN_POINT('',(-12.8312119458764,-3.5,0.));
#10570=CARTESIAN_POINT('Origin',(0.,0.,0.));
#10571=CARTESIAN_POINT('Origin',(-6.25,-16.1,0.7));
#10572=CARTESIAN_POINT('',(-6.25,-16.1,0.));
#10573=CARTESIAN_POINT('',(-6.25,-8.57474335841663,0.));
#10574=CARTESIAN_POINT('',(-6.25,-16.1,0.7));
#10575=CARTESIAN_POINT('',(-6.25,-16.1,0.7));
#10576=CARTESIAN_POINT('',(-6.25,-11.7399957410554,0.7));
#10577=CARTESIAN_POINT('Origin',(6.25,-11.7399957410554,0.7));
#10578=CARTESIAN_POINT('',(6.25,-16.1,0.7));
#10579=CARTESIAN_POINT('',(6.25,-16.1,0.7));
#10580=CARTESIAN_POINT('',(6.25,-16.1,0.));
#10581=CARTESIAN_POINT('',(6.25,-16.1,0.7));
#10582=CARTESIAN_POINT('',(6.25,-6.39474122894435,0.));
#10583=CARTESIAN_POINT('Origin',(6.25,-16.1,0.7));
#10584=CARTESIAN_POINT('',(3.125,-16.1,0.));
#10585=CARTESIAN_POINT('',(-6.25,-16.1,0.7));
#10586=CARTESIAN_POINT('Origin',(0.,0.,0.7));
#10587=CARTESIAN_POINT('',(-4.85,13.1341632741175,0.));
#10588=CARTESIAN_POINT('',(4.85,13.1341632741175,0.));
#10589=CARTESIAN_POINT('Origin',(0.,0.,0.));
#10590=CARTESIAN_POINT('',(-4.85,13.1341632741175,0.7));
#10591=CARTESIAN_POINT('',(-4.85,13.1341632741175,0.7));
#10592=CARTESIAN_POINT('',(4.85,13.1341632741175,0.7));
#10593=CARTESIAN_POINT('Origin',(0.,0.,0.7));
#10594=CARTESIAN_POINT('',(4.85,13.1341632741175,0.7));
#10595=CARTESIAN_POINT('Origin',(4.85,13.1341632741175,0.7));
#10596=CARTESIAN_POINT('',(4.85,12.3841632741175,0.));
#10597=CARTESIAN_POINT('',(4.85,6.04233827864211,0.));
#10598=CARTESIAN_POINT('',(4.85,12.3841632741175,0.7));
#10599=CARTESIAN_POINT('',(4.85,12.3841632741175,0.7));
#10600=CARTESIAN_POINT('',(4.85,12.3841632741175,0.));
#10601=CARTESIAN_POINT('Origin',(-4.85,12.3841632741175,0.7));
#10602=CARTESIAN_POINT('',(-4.85,12.3841632741175,0.));
#10603=CARTESIAN_POINT('',(-4.85,5.66733827864211,0.));
#10604=CARTESIAN_POINT('',(-4.85,12.3841632741175,0.7));
#10605=CARTESIAN_POINT('',(-4.85,12.3841632741175,0.));
#10606=CARTESIAN_POINT('',(-4.85,13.1341632741175,0.7));
#10607=CARTESIAN_POINT('Origin',(0.,0.,0.));
#10608=CARTESIAN_POINT('',(12.8312119458764,-3.5,0.));
#10609=CARTESIAN_POINT('Origin',(0.,0.,0.));
#10610=CARTESIAN_POINT('',(12.8312119458764,-3.50000000000001,0.7));
#10611=CARTESIAN_POINT('',(12.8312119458764,-3.5,0.));
#10612=CARTESIAN_POINT('Origin',(0.,0.,0.7));
#10613=CARTESIAN_POINT('Origin',(0.,0.,0.));
#10614=CARTESIAN_POINT('',(-12.8312119458764,3.50000000000001,0.));
#10615=CARTESIAN_POINT('Origin',(0.,0.,0.));
#10616=CARTESIAN_POINT('',(-12.8312119458764,3.5,0.7));
#10617=CARTESIAN_POINT('',(-12.8312119458764,3.50000000000001,0.));
#10618=CARTESIAN_POINT('Origin',(0.,0.,0.7));
#10619=CARTESIAN_POINT('Origin',(0.,0.,0.));
#10620=CARTESIAN_POINT('',(12.8312119458764,3.5,0.7));
#10621=CARTESIAN_POINT('Origin',(0.,0.,0.7));
#10622=CARTESIAN_POINT('',(12.8312119458764,3.5,0.));
#10623=CARTESIAN_POINT('',(12.8312119458764,3.5,0.));
#10624=CARTESIAN_POINT('Origin',(0.,0.,0.));
#10625=CARTESIAN_POINT('Origin',(0.,8.,0.3));
#10626=CARTESIAN_POINT('',(-4.1,8.,0.));
#10627=CARTESIAN_POINT('Origin',(0.,8.,0.));
#10628=CARTESIAN_POINT('',(-3.8,8.,0.3));
#10629=CARTESIAN_POINT('Origin',(-4.1,8.,0.3));
#10630=CARTESIAN_POINT('',(3.8,8.,0.3));
#10631=CARTESIAN_POINT('Origin',(0.,8.,0.3));
#10632=CARTESIAN_POINT('Origin',(0.,8.,0.3));
#10633=CARTESIAN_POINT('Origin',(0.,8.,0.7));
#10634=CARTESIAN_POINT('',(3.8,8.,2.2));
#10635=CARTESIAN_POINT('Origin',(0.,8.,2.2));
#10636=CARTESIAN_POINT('',(3.8,8.,0.7));
#10637=CARTESIAN_POINT('Origin',(0.,0.,0.));
#10638=CARTESIAN_POINT('',(-17.5,-3.5,0.));
#10639=CARTESIAN_POINT('',(-17.5,-3.5,0.));
#10640=CARTESIAN_POINT('',(-17.5,3.50000000000001,0.));
#10641=CARTESIAN_POINT('Origin',(-17.5,4.28626379701574E-15,0.));
#10642=CARTESIAN_POINT('',(17.5,3.5,0.));
#10643=CARTESIAN_POINT('',(17.5,3.5,0.));
#10644=CARTESIAN_POINT('',(17.5,3.5,0.));
#10645=CARTESIAN_POINT('',(17.5,-3.50000000000001,0.));
#10646=CARTESIAN_POINT('Origin',(17.5,-4.28626379701574E-15,0.));
#10647=CARTESIAN_POINT('',(-17.5,-3.5,0.));
#10648=CARTESIAN_POINT('',(-15.4,4.54343962483668E-15,0.));
#10649=CARTESIAN_POINT('Origin',(-17.5,4.28626379701574E-15,0.));
#10650=CARTESIAN_POINT('',(19.6,-4.02908796919479E-15,0.));
#10651=CARTESIAN_POINT('Origin',(17.5,-4.28626379701574E-15,0.));
#10652=CARTESIAN_POINT('Origin',(0.,8.,0.9));
#10653=CARTESIAN_POINT('',(4.6,8.,0.9));
#10654=CARTESIAN_POINT('',(-4.6,8.,0.9));
#10655=CARTESIAN_POINT('Origin',(0.,8.,0.9));
#10656=CARTESIAN_POINT('Origin',(0.,8.,0.9));
#10657=CARTESIAN_POINT('',(4.8,8.,0.7));
#10658=CARTESIAN_POINT('Origin',(4.8,8.,0.9));
#10659=CARTESIAN_POINT('Origin',(0.,8.,0.7));
#10660=CARTESIAN_POINT('Origin',(0.,8.,0.7));
#10661=CARTESIAN_POINT('',(-4.6,8.,2.2));
#10662=CARTESIAN_POINT('Origin',(0.,8.,2.2));
#10663=CARTESIAN_POINT('',(-4.6,8.,0.7));
#10664=CARTESIAN_POINT('Origin',(0.,0.,0.7));
#10665=CARTESIAN_POINT('Origin',(0.,0.,0.7));
#10666=CARTESIAN_POINT('Origin',(0.,0.,0.7));
#10667=CARTESIAN_POINT('Origin',(0.,8.,2.2));
#10668=CARTESIAN_POINT('Origin',(0.,0.,0.8));
#10669=CARTESIAN_POINT('',(-12.8312119458764,3.50000000000001,0.8));
#10670=CARTESIAN_POINT('',(-12.8312119458764,3.50000000000001,0.));
#10671=CARTESIAN_POINT('',(-12.8312119458764,-3.5,0.8));
#10672=CARTESIAN_POINT('Origin',(0.,0.,0.8));
#10673=CARTESIAN_POINT('',(-12.8312119458764,-3.5,0.));
#10674=CARTESIAN_POINT('Origin',(0.,0.,0.8));
#10675=CARTESIAN_POINT('',(12.8312119458764,3.5,0.8));
#10676=CARTESIAN_POINT('',(12.8312119458764,3.5,0.));
#10677=CARTESIAN_POINT('',(12.8312119458764,-3.5,0.8));
#10678=CARTESIAN_POINT('',(12.8312119458764,-3.5,0.));
#10679=CARTESIAN_POINT('Origin',(0.,0.,0.8));
#10680=CARTESIAN_POINT('Origin',(0.,0.,0.8));
#10681=CARTESIAN_POINT('',(-17.5,3.50000000000001,0.8));
#10682=CARTESIAN_POINT('',(17.5,3.5,0.8));
#10683=CARTESIAN_POINT('',(-17.5,-3.5,0.8));
#10684=CARTESIAN_POINT('Origin',(-17.5,4.28626379701574E-15,0.8));
#10685=CARTESIAN_POINT('',(-17.5,-3.5,0.8));
#10686=CARTESIAN_POINT('',(-15.4,4.44089209850063E-15,0.8));
#10687=CARTESIAN_POINT('Origin',(-17.5,4.28626379701574E-15,0.8));
#10688=CARTESIAN_POINT('Origin',(0.,0.,0.8));
#10689=CARTESIAN_POINT('',(17.5,-3.50000000000001,0.8));
#10690=CARTESIAN_POINT('',(-17.5,-3.5,0.8));
#10691=CARTESIAN_POINT('',(17.5,3.5,0.8));
#10692=CARTESIAN_POINT('Origin',(17.5,-4.28626379701574E-15,0.8));
#10693=CARTESIAN_POINT('',(17.5,3.5,0.8));
#10694=CARTESIAN_POINT('',(19.6,-3.88578058618805E-15,0.8));
#10695=CARTESIAN_POINT('Origin',(17.5,-4.28626379701574E-15,0.8));
#10696=CARTESIAN_POINT('Origin',(-17.5,4.28626379701574E-15,0.));
#10697=CARTESIAN_POINT('',(-15.4,4.54343962483668E-15,0.));
#10698=CARTESIAN_POINT('Origin',(17.5,-4.28626379701574E-15,0.));
#10699=CARTESIAN_POINT('',(19.6,-4.02908796919479E-15,0.));
#10700=CARTESIAN_POINT('Origin',(-17.5,4.28626379701574E-15,0.));
#10701=CARTESIAN_POINT('',(-17.5,-3.5,0.));
#10702=CARTESIAN_POINT('',(-17.5,3.50000000000001,0.));
#10703=CARTESIAN_POINT('Origin',(-12.8312119458764,3.5,0.));
#10704=CARTESIAN_POINT('Origin',(17.5,3.5,0.));
#10705=CARTESIAN_POINT('',(17.5,3.5,0.));
#10706=CARTESIAN_POINT('Origin',(17.5,-4.28626379701574E-15,0.));
#10707=CARTESIAN_POINT('',(17.5,-3.50000000000001,0.));
#10708=CARTESIAN_POINT('Origin',(12.8312119458764,-3.50000000000001,0.));
#10709=CARTESIAN_POINT('Origin',(-17.5,-3.5,0.));
#10710=CARTESIAN_POINT('Origin',(0.,8.,2.2));
#10711=CARTESIAN_POINT('',(2.53,8.,0.));
#10712=CARTESIAN_POINT('Origin',(0.,8.,0.));
#10713=CARTESIAN_POINT('',(2.53,8.,2.2));
#10714=CARTESIAN_POINT('',(2.53,8.,2.2));
#10715=CARTESIAN_POINT('Origin',(0.,8.,2.2));
#10716=CARTESIAN_POINT('Origin',(0.,8.,2.2));
#10717=CARTESIAN_POINT('',(-3.8,8.,0.));
#10718=CARTESIAN_POINT('Origin',(0.,8.,0.));
#10719=CARTESIAN_POINT('',(-3.8,8.,2.2));
#10720=CARTESIAN_POINT('',(-3.8,8.,2.2));
#10721=CARTESIAN_POINT('Origin',(0.,8.,2.2));
#10722=CARTESIAN_POINT('Origin',(0.,8.,2.2));
#10723=CARTESIAN_POINT('Origin',(0.,8.,0.));
#10724=CARTESIAN_POINT('Origin',(-2.,6.5,10.7));
#10725=CARTESIAN_POINT('',(-2.,6.5,10.7));
#10726=CARTESIAN_POINT('',(2.,6.5,10.7));
#10727=CARTESIAN_POINT('',(-1.,6.5,10.7));
#10728=CARTESIAN_POINT('',(-2.,6.5,4.7));
#10729=CARTESIAN_POINT('',(-2.,6.5,0.));
#10730=CARTESIAN_POINT('',(2.,6.5,4.7));
#10731=CARTESIAN_POINT('',(2.,6.5,4.7));
#10732=CARTESIAN_POINT('',(2.,6.5,0.));
#10733=CARTESIAN_POINT('Origin',(0.,6.,4.7));
#10734=CARTESIAN_POINT('Origin',(0.,8.,4.7));
#10735=CARTESIAN_POINT('Origin',(2.,9.5,10.7));
#10736=CARTESIAN_POINT('',(2.,9.5,10.7));
#10737=CARTESIAN_POINT('',(-2.,9.5,10.7));
#10738=CARTESIAN_POINT('',(1.,9.5,10.7));
#10739=CARTESIAN_POINT('',(2.,9.5,4.7));
#10740=CARTESIAN_POINT('',(2.,9.5,0.));
#10741=CARTESIAN_POINT('',(-2.,9.5,4.7));
#10742=CARTESIAN_POINT('',(-2.,9.5,4.7));
#10743=CARTESIAN_POINT('',(-2.,9.5,0.));
#10744=CARTESIAN_POINT('Origin',(-1.38777878078145E-16,10.,4.7));
#10745=CARTESIAN_POINT('Origin',(0.,8.,4.7));
#10746=CARTESIAN_POINT('Origin',(0.,8.,0.));
#10747=CARTESIAN_POINT('Origin',(0.,8.,10.7));
#10748=CARTESIAN_POINT('',(2.5,8.,10.7));
#10749=CARTESIAN_POINT('Origin',(0.,8.,10.7));
#10750=CARTESIAN_POINT('',(2.5,8.,0.));
#10751=CARTESIAN_POINT('',(2.5,8.,0.));
#10752=CARTESIAN_POINT('Origin',(0.,8.,0.));
#10753=CARTESIAN_POINT('Origin',(0.,8.,10.7));
#10754=CARTESIAN_POINT('Origin',(0.,8.,0.));
#10755=CARTESIAN_POINT('Origin',(0.,8.,10.7));
#10756=CARTESIAN_POINT('Origin',(-7.5,-11.8228061352276,-0.1));
#10757=CARTESIAN_POINT('',(-7.5,-11.8228061352276,-0.1));
#10758=CARTESIAN_POINT('',(-7.5,-11.104503590886,-0.1));
#10759=CARTESIAN_POINT('',(-7.5,-5.91140306761382,-0.1));
#10760=CARTESIAN_POINT('',(-7.5,-11.8228061352276,-16.1));
#10761=CARTESIAN_POINT('',(-7.5,-11.822806135228,0.));
#10762=CARTESIAN_POINT('',(-7.5,-11.104503590886,-16.1));
#10763=CARTESIAN_POINT('',(-7.5,-11.104503590886,-16.1));
#10764=CARTESIAN_POINT('',(-7.5,-11.104503590886,0.));
#10765=CARTESIAN_POINT('Origin',(7.5,-11.104503590886,-0.1));
#10766=CARTESIAN_POINT('',(7.5,-11.104503590886,-0.1));
#10767=CARTESIAN_POINT('',(7.5,-11.8228061352276,-0.1));
#10768=CARTESIAN_POINT('',(7.5,-5.552251795443,-0.1));
#10769=CARTESIAN_POINT('',(7.5,-11.104503590886,-16.1));
#10770=CARTESIAN_POINT('',(7.5,-11.104503590886,0.));
#10771=CARTESIAN_POINT('',(7.5,-11.8228061352276,-16.1));
#10772=CARTESIAN_POINT('',(7.5,-11.8228061352276,-16.1));
#10773=CARTESIAN_POINT('',(7.5,-11.8228061352276,0.));
#10774=CARTESIAN_POINT('Origin',(2.22044604925031E-15,-12.5527650786097,
-16.1));
#10775=CARTESIAN_POINT('Origin',(0.,0.,-16.1));
#10776=CARTESIAN_POINT('Origin',(-3.13082892944294E-13,-2.07611705604904E-13,
-16.1));
#10777=CARTESIAN_POINT('Origin',(0.,0.,-0.1));
#10778=CARTESIAN_POINT('',(8.7,-10.9699017730869,-0.1));
#10779=CARTESIAN_POINT('Origin',(0.,0.,-0.1));
#10780=CARTESIAN_POINT('',(8.7,-10.1916632597432,-0.1));
#10781=CARTESIAN_POINT('',(8.7,-10.9699017730869,-0.1));
#10782=CARTESIAN_POINT('Origin',(0.,0.,-0.1));
#10783=CARTESIAN_POINT('Origin',(0.,0.,-0.1));
#10784=CARTESIAN_POINT('',(-8.7,-10.1916632597432,-0.1));
#10785=CARTESIAN_POINT('Origin',(0.,0.,-0.1));
#10786=CARTESIAN_POINT('',(-8.7,-10.9699017730869,-0.1));
#10787=CARTESIAN_POINT('',(-8.7,-10.1916632597432,-0.1));
#10788=CARTESIAN_POINT('Origin',(0.,0.,-0.1));
#10789=CARTESIAN_POINT('Origin',(0.,0.,0.));
#10790=CARTESIAN_POINT('',(-8.7,-10.1916632597432,-17.25));
#10791=CARTESIAN_POINT('',(13.4,-1.64102671085745E-15,-17.25));
#10792=CARTESIAN_POINT('Origin',(0.,0.,-17.25));
#10793=CARTESIAN_POINT('',(-8.7,-10.1916632597432,0.));
#10794=CARTESIAN_POINT('',(8.7,-10.1916632597432,0.8));
#10795=CARTESIAN_POINT('',(8.7,-10.1916632597432,0.));
#10796=CARTESIAN_POINT('',(12.90736224021,-3.6,0.8));
#10797=CARTESIAN_POINT('Origin',(0.,0.,0.8));
#10798=CARTESIAN_POINT('',(12.90736224021,-3.6,-0.1));
#10799=CARTESIAN_POINT('',(12.90736224021,-3.6,0.));
#10800=CARTESIAN_POINT('',(12.90736224021,3.6,-0.1));
#10801=CARTESIAN_POINT('Origin',(0.,0.,-0.1));
#10802=CARTESIAN_POINT('',(12.90736224021,3.6,0.8));
#10803=CARTESIAN_POINT('',(12.90736224021,3.6,0.));
#10804=CARTESIAN_POINT('',(4.95,12.4522086394427,0.8));
#10805=CARTESIAN_POINT('Origin',(0.,0.,0.8));
#10806=CARTESIAN_POINT('',(4.95,12.4522086394427,-0.1));
#10807=CARTESIAN_POINT('',(4.95,12.4522086394427,0.));
#10808=CARTESIAN_POINT('',(-4.95,12.4522086394427,-0.1));
#10809=CARTESIAN_POINT('Origin',(0.,0.,-0.1));
#10810=CARTESIAN_POINT('',(-4.95,12.4522086394427,0.8));
#10811=CARTESIAN_POINT('',(-4.95,12.4522086394427,0.));
#10812=CARTESIAN_POINT('',(-12.90736224021,3.60000000000001,0.8));
#10813=CARTESIAN_POINT('Origin',(0.,0.,0.8));
#10814=CARTESIAN_POINT('',(-12.90736224021,3.60000000000001,-0.1));
#10815=CARTESIAN_POINT('',(-12.90736224021,3.60000000000001,0.));
#10816=CARTESIAN_POINT('',(-12.90736224021,-3.6,-0.1));
#10817=CARTESIAN_POINT('Origin',(0.,0.,-0.1));
#10818=CARTESIAN_POINT('',(-12.90736224021,-3.6,0.8));
#10819=CARTESIAN_POINT('',(-12.90736224021,-3.6,0.));
#10820=CARTESIAN_POINT('',(-8.7,-10.1916632597432,0.8));
#10821=CARTESIAN_POINT('Origin',(0.,0.,0.8));
#10822=CARTESIAN_POINT('',(-8.7,-10.1916632597432,0.));
#10823=CARTESIAN_POINT('Origin',(0.,0.,-17.25));
#10824=CARTESIAN_POINT('Origin',(-3.13082892944294E-13,-2.07611705604904E-13,
-17.75));
#10825=CARTESIAN_POINT('',(13.3010265663332,-4.03214681081301E-13,-18.45));
#10826=CARTESIAN_POINT('Origin',(-3.13082892944294E-13,-2.07611705604904E-13,
-18.45));
#10827=CARTESIAN_POINT('',(14.0010265663332,-4.16938042446737E-13,-17.75));
#10828=CARTESIAN_POINT('Origin',(13.3010265663332,-2.09240611565888E-13,
-17.75));
#10829=CARTESIAN_POINT('',(8.6999999999996,10.9699017730868,-17.75));
#10830=CARTESIAN_POINT('Origin',(-3.13082892944294E-13,-2.07611705604904E-13,
-17.75));
#10831=CARTESIAN_POINT('Origin',(-3.13082892944294E-13,-2.07611705604904E-13,
-17.75));
#10832=CARTESIAN_POINT('Origin',(0.,0.,-18.45));
#10833=CARTESIAN_POINT('Origin',(-3.13082892944294E-13,-2.07611705604904E-13,
0.));
#10834=CARTESIAN_POINT('',(8.6999999999996,10.9699017730868,0.8));
#10835=CARTESIAN_POINT('',(8.6999999999996,10.9699017730868,0.));
#10836=CARTESIAN_POINT('',(13.5302899049199,3.6,0.8));
#10837=CARTESIAN_POINT('Origin',(-4.44089209850063E-15,-6.66133814775094E-15,
0.8));
#10838=CARTESIAN_POINT('',(13.5302899049199,3.6,-0.1));
#10839=CARTESIAN_POINT('',(13.5302899049199,3.6,0.));
#10840=CARTESIAN_POINT('',(13.5302899049199,-3.6,-0.1));
#10841=CARTESIAN_POINT('Origin',(0.,0.,-0.1));
#10842=CARTESIAN_POINT('',(13.5302899049199,-3.6,0.8));
#10843=CARTESIAN_POINT('',(13.5302899049199,-3.6,0.));
#10844=CARTESIAN_POINT('',(8.7,-10.9699017730869,0.8));
#10845=CARTESIAN_POINT('Origin',(-1.11022302462516E-14,4.44089209850063E-15,
0.8));
#10846=CARTESIAN_POINT('',(8.7,-10.9699017730869,0.));
#10847=CARTESIAN_POINT('',(-8.7,-10.9699017730869,0.8));
#10848=CARTESIAN_POINT('',(-8.7,-10.9699017730869,0.));
#10849=CARTESIAN_POINT('',(-13.5302899049199,-3.6,0.8));
#10850=CARTESIAN_POINT('Origin',(-3.13082892944294E-13,-2.07611705604904E-13,
0.8));
#10851=CARTESIAN_POINT('',(-13.5302899049199,-3.6,-0.1));
#10852=CARTESIAN_POINT('',(-13.5302899049199,-3.6,0.));
#10853=CARTESIAN_POINT('',(-13.5302899049199,3.60000000000001,-0.1));
#10854=CARTESIAN_POINT('Origin',(0.,0.,-0.1));
#10855=CARTESIAN_POINT('',(-13.5302899049199,3.60000000000001,0.8));
#10856=CARTESIAN_POINT('',(-13.5302899049199,3.60000000000001,0.));
#10857=CARTESIAN_POINT('',(-4.95,13.0968028507409,0.8));
#10858=CARTESIAN_POINT('Origin',(0.,0.,0.8));
#10859=CARTESIAN_POINT('',(-4.95,13.0968028507409,-0.1));
#10860=CARTESIAN_POINT('',(-4.95,13.0968028507409,0.));
#10861=CARTESIAN_POINT('',(4.95,13.0968028507409,-0.1));
#10862=CARTESIAN_POINT('Origin',(0.,0.,-0.1));
#10863=CARTESIAN_POINT('',(4.95,13.0968028507409,0.8));
#10864=CARTESIAN_POINT('',(4.95,13.0968028507409,0.));
#10865=CARTESIAN_POINT('Origin',(-4.44089209850063E-15,-6.66133814775094E-15,
0.8));
#10866=CARTESIAN_POINT('Origin',(0.,0.,-17.25));
#10867=CARTESIAN_POINT('',(12.9,-1.57979437090009E-15,-17.75));
#10868=CARTESIAN_POINT('Origin',(0.,0.,-17.75));
#10869=CARTESIAN_POINT('Origin',(12.9,-1.57979437090009E-15,-17.25));
#10870=CARTESIAN_POINT('Origin',(0.,0.,-17.75));
#10871=CARTESIAN_POINT('Origin',(0.,0.,-0.1));
#10872=CARTESIAN_POINT('',(12.90736224021,-3.6,-0.1));
#10873=CARTESIAN_POINT('',(13.5302899049199,3.6,-0.1));
#10874=CARTESIAN_POINT('Origin',(0.,0.,-0.1));
#10875=CARTESIAN_POINT('',(-4.95,13.0968028507409,-0.1));
#10876=CARTESIAN_POINT('',(4.95,12.4522086394427,-0.1));
#10877=CARTESIAN_POINT('Origin',(0.,0.,-0.1));
#10878=CARTESIAN_POINT('',(-13.5302899049199,-3.6,-0.1));
#10879=CARTESIAN_POINT('',(-12.90736224021,3.60000000000001,-0.1));
#10880=CARTESIAN_POINT('Origin',(9.24014495245848,8.34840142537047,0.8));
#10881=CARTESIAN_POINT('',(13.5302899049199,3.6,0.8));
#10882=CARTESIAN_POINT('',(4.95,12.4522086394427,0.8));
#10883=CARTESIAN_POINT('Origin',(4.95,12.4522086394427,0.));
#10884=CARTESIAN_POINT('Origin',(13.5302899049199,3.6,0.));
#10885=CARTESIAN_POINT('Origin',(11.1151449524599,-7.28495088654347,0.8));
#10886=CARTESIAN_POINT('',(8.7,-10.9699017730869,0.8));
#10887=CARTESIAN_POINT('',(12.90736224021,-3.6,0.8));
#10888=CARTESIAN_POINT('Origin',(12.90736224021,-3.6,0.));
#10889=CARTESIAN_POINT('Origin',(8.7,-10.9699017730869,0.));
#10890=CARTESIAN_POINT('Origin',(-9.24014495245847,8.34840142537048,0.8));
#10891=CARTESIAN_POINT('',(-12.90736224021,3.60000000000001,0.8));
#10892=CARTESIAN_POINT('',(-4.95,13.0968028507409,0.8));
#10893=CARTESIAN_POINT('Origin',(-12.90736224021,3.60000000000001,0.));
#10894=CARTESIAN_POINT('Origin',(-4.95,13.0968028507409,0.));
#10895=CARTESIAN_POINT('Origin',(-11.1151449524601,-7.28495088654361,0.8));
#10896=CARTESIAN_POINT('',(-13.5302899049199,-3.6,0.8));
#10897=CARTESIAN_POINT('',(-8.7,-10.1916632597432,0.8));
#10898=CARTESIAN_POINT('Origin',(-8.7,-10.1916632597432,0.));
#10899=CARTESIAN_POINT('Origin',(-13.5302899049199,-3.6,0.));
#10900=CARTESIAN_POINT('Origin',(-2.9,-17.75,-0.550000000000004));
#10901=CARTESIAN_POINT('',(2.9,-16.1,-0.550000000000004));
#10902=CARTESIAN_POINT('',(-2.9,-16.1,-0.550000000000004));
#10903=CARTESIAN_POINT('',(-4.575,-16.1,-0.550000000000004));
#10904=CARTESIAN_POINT('',(2.9,-17.75,-0.550000000000004));
#10905=CARTESIAN_POINT('',(2.9,-17.75,-0.550000000000004));
#10906=CARTESIAN_POINT('',(-2.9,-17.75,-0.550000000000004));
#10907=CARTESIAN_POINT('',(2.225,-17.75,-0.550000000000004));
#10908=CARTESIAN_POINT('',(-2.9,-17.75,-0.550000000000004));
#10909=CARTESIAN_POINT('Origin',(-2.9,-17.75,-1.3));
#10910=CARTESIAN_POINT('',(-2.9,-16.1,-2.05));
#10911=CARTESIAN_POINT('Origin',(-2.9,-16.1,-1.3));
#10912=CARTESIAN_POINT('',(-2.9,-17.75,-2.05));
#10913=CARTESIAN_POINT('Origin',(-2.9,-17.75,-1.3));
#10914=CARTESIAN_POINT('',(-2.9,-17.75,-2.05));
#10915=CARTESIAN_POINT('Origin',(2.9,-17.75,-2.05));
#10916=CARTESIAN_POINT('',(2.9,-16.1,-2.05));
#10917=CARTESIAN_POINT('',(-1.675,-16.1,-2.05));
#10918=CARTESIAN_POINT('',(2.9,-17.75,-2.05));
#10919=CARTESIAN_POINT('',(5.125,-17.75,-2.05));
#10920=CARTESIAN_POINT('',(2.9,-17.75,-2.05));
#10921=CARTESIAN_POINT('Origin',(2.9,-17.75,-1.3));
#10922=CARTESIAN_POINT('Origin',(2.9,-16.1,-1.3));
#10923=CARTESIAN_POINT('Origin',(2.9,-17.75,-1.3));
#10924=CARTESIAN_POINT('Origin',(-6.85,-16.2946542597625,-15.6));
#10925=CARTESIAN_POINT('',(-6.85,-17.25,-16.1));
#10926=CARTESIAN_POINT('',(-7.35,-17.25,-15.6));
#10927=CARTESIAN_POINT('Origin',(-6.85,-17.25,-15.6));
#10928=CARTESIAN_POINT('',(-7.35,-13.6786170390501,-15.6));
#10929=CARTESIAN_POINT('',(-7.35,-16.2946542597625,-15.6));
#10930=CARTESIAN_POINT('',(-6.85,-13.9771268238244,-16.1));
#10931=CARTESIAN_POINT('Ctrl Pts',(-6.85,-13.9771268238244,-16.1));
#10932=CARTESIAN_POINT('Ctrl Pts',(-6.91385762456768,-13.9406723001514,
-16.1));
#10933=CARTESIAN_POINT('Ctrl Pts',(-6.98218405714284,-13.9009785032546,
-16.087104678329));
#10934=CARTESIAN_POINT('Ctrl Pts',(-7.10895727862647,-13.8260389774235,
-16.0332259445738));
#10935=CARTESIAN_POINT('Ctrl Pts',(-7.16741539589211,-13.7908150556016,
-15.9922388589065));
#10936=CARTESIAN_POINT('Ctrl Pts',(-7.25346924267819,-13.7384070520244,
-15.9008913586358));
#10937=CARTESIAN_POINT('Ctrl Pts',(-7.28923712805459,-13.7163498793036,
-15.8473970148678));
#10938=CARTESIAN_POINT('Ctrl Pts',(-7.3375407914387,-13.6864122217988,-15.7282127399839));
#10939=CARTESIAN_POINT('Ctrl Pts',(-7.35,-13.6786170390501,-15.6624703828585));
#10940=CARTESIAN_POINT('Ctrl Pts',(-7.35,-13.6786170390501,-15.6));
#10941=CARTESIAN_POINT('',(-6.85,-16.2946542597625,-16.1));
#10942=CARTESIAN_POINT('Origin',(3.675,-17.25,-15.6));
#10943=CARTESIAN_POINT('',(6.85,-17.25,-16.1));
#10944=CARTESIAN_POINT('',(6.85,-17.75,-15.6));
#10945=CARTESIAN_POINT('Origin',(6.85,-17.25,-15.6));
#10946=CARTESIAN_POINT('',(-6.85,-17.75,-15.6));
#10947=CARTESIAN_POINT('',(3.675,-17.75,-15.6));
#10948=CARTESIAN_POINT('Origin',(-6.85,-17.25,-15.6));
#10949=CARTESIAN_POINT('',(3.675,-17.25,-16.1));
#10950=CARTESIAN_POINT('Origin',(6.85,-13.3839627792876,-15.6));
#10951=CARTESIAN_POINT('',(7.35,-17.25,-15.6));
#10952=CARTESIAN_POINT('Origin',(6.85,-17.25,-15.6));
#10953=CARTESIAN_POINT('',(6.85,-13.9771268238244,-16.1));
#10954=CARTESIAN_POINT('',(6.85,-13.3839627792876,-16.1));
#10955=CARTESIAN_POINT('',(7.35,-13.6786170390501,-15.6));
#10956=CARTESIAN_POINT('Ctrl Pts',(7.35,-13.6786170390501,-15.6));
#10957=CARTESIAN_POINT('Ctrl Pts',(7.35,-13.6786170390501,-15.6624703828585));
#10958=CARTESIAN_POINT('Ctrl Pts',(7.33754079143871,-13.6864122217988,-15.7282127399839));
#10959=CARTESIAN_POINT('Ctrl Pts',(7.28923712805459,-13.7163498793036,-15.8473970148678));
#10960=CARTESIAN_POINT('Ctrl Pts',(7.2534692426782,-13.7384070520244,-15.9008913586358));
#10961=CARTESIAN_POINT('Ctrl Pts',(7.16741539589211,-13.7908150556016,-15.9922388589065));
#10962=CARTESIAN_POINT('Ctrl Pts',(7.10895727862647,-13.8260389774235,-16.0332259445738));
#10963=CARTESIAN_POINT('Ctrl Pts',(6.98218405714284,-13.9009785032546,-16.087104678329));
#10964=CARTESIAN_POINT('Ctrl Pts',(6.91385762456768,-13.9406723001514,-16.1));
#10965=CARTESIAN_POINT('Ctrl Pts',(6.85,-13.9771268238244,-16.1));
#10966=CARTESIAN_POINT('',(7.35,-13.3839627792876,-15.6));
#10967=CARTESIAN_POINT('Origin',(6.85,-17.25,-15.6));
#10968=CARTESIAN_POINT('Origin',(6.85,-17.25,-15.6));
#10969=CARTESIAN_POINT('Origin',(-6.85,-17.25,-15.6));
#10970=CARTESIAN_POINT('Origin',(-6.85,-17.25,-15.6));
#10971=CARTESIAN_POINT('Origin',(-7.35,-17.75,0.8));
#10972=CARTESIAN_POINT('',(-7.35,-17.25,0.8));
#10973=CARTESIAN_POINT('',(-7.35,-17.25,0.8));
#10974=CARTESIAN_POINT('',(-7.35,-11.9286170390501,0.8));
#10975=CARTESIAN_POINT('',(-7.35,-11.9286170390501,0.8));
#10976=CARTESIAN_POINT('',(-7.35,-11.9286170390501,-2.85));
#10977=CARTESIAN_POINT('',(-7.35,-11.9286170390501,0.8));
#10978=CARTESIAN_POINT('',(-7.35,-13.6786170390501,-2.85));
#10979=CARTESIAN_POINT('',(-7.35,-14.9681514037184,-2.85));
#10980=CARTESIAN_POINT('',(-7.35,-13.6786170390501,-2.85));
#10981=CARTESIAN_POINT('Origin',(-6.85,-17.25,0.8));
#10982=CARTESIAN_POINT('',(-6.85,-17.75,0.8));
#10983=CARTESIAN_POINT('',(-6.85,-17.75,0.8));
#10984=CARTESIAN_POINT('Origin',(-6.85,-17.25,0.8));
#10985=CARTESIAN_POINT('Origin',(7.35,-17.75,0.8));
#10986=CARTESIAN_POINT('',(6.85,-17.75,0.8));
#10987=CARTESIAN_POINT('',(6.85,-17.75,0.8));
#10988=CARTESIAN_POINT('',(-7.35,-17.75,0.8));
#10989=CARTESIAN_POINT('Origin',(6.85,-17.25,0.8));
#10990=CARTESIAN_POINT('',(7.35,-17.25,0.8));
#10991=CARTESIAN_POINT('',(7.35,-17.25,0.8));
#10992=CARTESIAN_POINT('Origin',(6.85,-17.25,0.8));
#10993=CARTESIAN_POINT('Origin',(7.35,-11.9286170390501,0.8));
#10994=CARTESIAN_POINT('',(7.35,-13.6786170390501,-2.85));
#10995=CARTESIAN_POINT('',(7.35,-13.6786170390501,-2.85));
#10996=CARTESIAN_POINT('',(7.35,-11.9286170390501,-2.85));
#10997=CARTESIAN_POINT('',(7.35,-12.0574599232434,-2.85));
#10998=CARTESIAN_POINT('',(7.35,-11.9286170390501,0.8));
#10999=CARTESIAN_POINT('',(7.35,-11.9286170390501,0.8));
#11000=CARTESIAN_POINT('',(7.35,-17.75,0.8));
#11001=CARTESIAN_POINT('Origin',(2.22044604925031E-15,-14.839308519525,
-16.1));
#11002=CARTESIAN_POINT('',(-9.05,-12.4439885758235,-16.1));
#11003=CARTESIAN_POINT('Origin',(0.553616037477638,-1.00816479308881,-16.1));
#11004=CARTESIAN_POINT('',(-9.05,-11.2939885758235,-16.1));
#11005=CARTESIAN_POINT('',(-9.05,-11.4401456916302,-16.1));
#11006=CARTESIAN_POINT('',(-2.,-14.3916169342308,-16.1));
#11007=CARTESIAN_POINT('Origin',(0.,-0.268263303164593,-16.1));
#11008=CARTESIAN_POINT('',(-2.,-13.8677498628997,-16.1));
#11009=CARTESIAN_POINT('',(-2.,-14.033881938323,-16.1));
#11010=CARTESIAN_POINT('',(2.,-13.8677498628997,-16.1));
#11011=CARTESIAN_POINT('Origin',(-3.60822483003176E-15,-3.08026346074186E-5,
-16.1));
#11012=CARTESIAN_POINT('',(2.,-14.3916169342308,-16.1));
#11013=CARTESIAN_POINT('',(2.,-14.2958563563593,-16.1));
#11014=CARTESIAN_POINT('',(9.05,-11.2939885758235,-16.1));
#11015=CARTESIAN_POINT('Origin',(0.,-0.268263303164593,-16.1));
#11016=CARTESIAN_POINT('',(9.05,-12.4439885758235,-16.1));
#11017=CARTESIAN_POINT('',(9.05,-11.4401456916302,-16.1));
#11018=CARTESIAN_POINT('Origin',(-0.553616037477638,-1.00816479308881,-16.1));
#11019=CARTESIAN_POINT('Origin',(-2.,-13.8676680981581,-16.85));
#11020=CARTESIAN_POINT('',(-2.,-14.3916169342308,-16.85));
#11021=CARTESIAN_POINT('',(-2.,-14.3916169342308,-16.1));
#11022=CARTESIAN_POINT('',(-2.,-13.8676680981581,-16.85));
#11023=CARTESIAN_POINT('',(-2.,-13.2404620577394,-16.85));
#11024=CARTESIAN_POINT('',(-2.,-13.8676680981581,-16.1));
#11025=CARTESIAN_POINT('',(-2.,-13.8676680981581,-16.1));
#11026=CARTESIAN_POINT('',(-2.,-13.2404620577394,-16.1));
#11027=CARTESIAN_POINT('Origin',(2.,-14.3916169342308,-16.85));
#11028=CARTESIAN_POINT('',(2.,-13.8676680981581,-16.1));
#11029=CARTESIAN_POINT('',(2.,-13.5024364757757,-16.1));
#11030=CARTESIAN_POINT('',(2.,-13.8676680981581,-16.85));
#11031=CARTESIAN_POINT('',(2.,-13.8676680981581,-16.1));
#11032=CARTESIAN_POINT('',(2.,-14.3916169342308,-16.85));
#11033=CARTESIAN_POINT('',(2.,-13.5024364757757,-16.85));
#11034=CARTESIAN_POINT('',(2.,-14.3916169342308,-16.1));
#11035=CARTESIAN_POINT('Origin',(0.,-0.268263303164593,-16.1));
#11036=CARTESIAN_POINT('',(9.05,-11.2939885758235,-16.85));
#11037=CARTESIAN_POINT('Origin',(0.,-0.268263303164593,-16.85));
#11038=CARTESIAN_POINT('',(9.05,-11.2939885758235,-16.1));
#11039=CARTESIAN_POINT('Origin',(0.,-12.6132560173206,-16.85));
#11040=CARTESIAN_POINT('',(9.05,-10.6939885758235,-16.85));
#11041=CARTESIAN_POINT('Origin',(0.,-0.00761368948696717,-16.85));
#11042=CARTESIAN_POINT('',(9.05,-10.6939885758235,-16.85));
#11043=CARTESIAN_POINT('Origin',(0.,-12.6132560173206,-16.1));
#11044=CARTESIAN_POINT('',(-9.05,-10.6939885758235,-16.1));
#11045=CARTESIAN_POINT('Origin',(0.,-0.00761368948696717,-16.1));
#11046=CARTESIAN_POINT('',(-7.35,-11.9286170390501,-16.1));
#11047=CARTESIAN_POINT('Origin',(-0.0831543247779853,-0.134954570805021,
-16.1));
#11048=CARTESIAN_POINT('',(-6.25,-12.5400121397196,-16.1));
#11049=CARTESIAN_POINT('Origin',(0.,0.,-16.1));
#11050=CARTESIAN_POINT('Origin',(-3.60822483003176E-15,-3.08026346074186E-5,
-16.1));
#11051=CARTESIAN_POINT('Origin',(0.,-0.00761368948696717,-16.1));
#11052=CARTESIAN_POINT('',(9.05,-10.6939885758235,-16.1));
#11053=CARTESIAN_POINT('Origin',(0.,-0.00761368948696717,-16.1));
#11054=CARTESIAN_POINT('',(9.05,-10.6939885758235,-16.1));
#11055=CARTESIAN_POINT('Origin',(0.,-12.6132560173206,-16.1));
#11056=CARTESIAN_POINT('',(6.25,-12.5400121397196,-16.1));
#11057=CARTESIAN_POINT('Origin',(-3.60822483003176E-15,-3.08026346074186E-5,
-16.1));
#11058=CARTESIAN_POINT('',(7.35,-11.9286170390501,-16.1));
#11059=CARTESIAN_POINT('Origin',(0.,0.,-16.1));
#11060=CARTESIAN_POINT('Origin',(0.0831543247779853,-0.134954570805021,
-16.1));
#11061=CARTESIAN_POINT('Origin',(0.,-0.00761368948696717,-16.1));
#11062=CARTESIAN_POINT('',(-9.05,-10.6939885758235,-16.85));
#11063=CARTESIAN_POINT('Origin',(0.,-0.00761368948696717,-16.85));
#11064=CARTESIAN_POINT('',(-9.05,-10.6939885758235,-16.1));
#11065=CARTESIAN_POINT('Origin',(0.,-0.268263303164593,-16.1));
#11066=CARTESIAN_POINT('',(-9.05,-11.2939885758235,-16.85));
#11067=CARTESIAN_POINT('',(-9.05,-11.2939885758235,-16.1));
#11068=CARTESIAN_POINT('Origin',(0.,-0.268263303164593,-16.85));
#11069=CARTESIAN_POINT('Origin',(0.,-12.6132560173206,-16.85));
#11070=CARTESIAN_POINT('',(-9.05,-12.4439885758235,-16.85));
#11071=CARTESIAN_POINT('Origin',(-3.60822483003176E-15,-3.08026346074186E-5,
-16.1));
#11072=CARTESIAN_POINT('',(-6.25,-12.5400121397196,-14.4));
#11073=CARTESIAN_POINT('',(-6.25,-12.5400121397196,0.8));
#11074=CARTESIAN_POINT('',(6.25,-12.5400121397196,-14.4));
#11075=CARTESIAN_POINT('Origin',(-3.60822483003176E-15,-3.08026346074186E-5,
-14.4));
#11076=CARTESIAN_POINT('',(6.25,-12.5400121397196,0.8));
#11077=CARTESIAN_POINT('Origin',(2.22044604925031E-15,-14.3200060698598,
-14.4));
#11078=CARTESIAN_POINT('',(-6.25,-16.1,-14.4));
#11079=CARTESIAN_POINT('',(-6.25,-13.4300091047897,-14.4));
#11080=CARTESIAN_POINT('',(6.25,-16.1,-14.4));
#11081=CARTESIAN_POINT('',(-3.125,-16.1,-14.4));
#11082=CARTESIAN_POINT('',(6.25,-15.2100030349299,-14.4));
#11083=CARTESIAN_POINT('Origin',(6.25,-16.1,0.8));
#11084=CARTESIAN_POINT('',(6.25,-16.1,0.8));
#11085=CARTESIAN_POINT('',(6.25,-16.1,0.8));
#11086=CARTESIAN_POINT('',(6.25,-12.5400121397196,0.8));
#11087=CARTESIAN_POINT('',(6.25,-12.5286170390501,0.8));
#11088=CARTESIAN_POINT('',(6.25,-12.5400121397196,0.8));
#11089=CARTESIAN_POINT('Origin',(-6.25,-16.1,0.8));
#11090=CARTESIAN_POINT('',(-6.25,-16.1,0.8));
#11091=CARTESIAN_POINT('',(-6.25,-16.1,0.8));
#11092=CARTESIAN_POINT('',(6.25,-16.1,0.8));
#11093=CARTESIAN_POINT('Origin',(-9.05,-10.6939885758235,-2.85));
#11094=CARTESIAN_POINT('',(-9.05,-12.4439885758235,-2.85));
#11095=CARTESIAN_POINT('',(-9.05,-12.4439885758235,-2.85));
#11096=CARTESIAN_POINT('',(-9.05,-10.6939885758235,-2.85));
#11097=CARTESIAN_POINT('',(-9.05,-12.8875039244778,-2.85));
#11098=CARTESIAN_POINT('',(-9.05,-10.6939885758235,-2.85));
#11099=CARTESIAN_POINT('Origin',(-0.0831543247779853,-0.134954570805021,
-2.85));
#11100=CARTESIAN_POINT('Origin',(-0.0831543247779853,-0.134954570805021,
-2.85));
#11101=CARTESIAN_POINT('',(-7.35,-11.9286170390501,0.8));
#11102=CARTESIAN_POINT('Origin',(0.553616037477638,-1.00816479308881,-2.85));
#11103=CARTESIAN_POINT('Origin',(0.553616037477638,-1.00816479308881,-2.85));
#11104=CARTESIAN_POINT('Origin',(-8.2,-12.1863028074368,-2.85));
#11105=CARTESIAN_POINT('Origin',(9.05,-10.6939885758235,-2.85));
#11106=CARTESIAN_POINT('',(9.05,-10.6939885758235,-2.85));
#11107=CARTESIAN_POINT('',(9.05,-10.6939885758235,-2.85));
#11108=CARTESIAN_POINT('',(9.05,-12.4439885758235,-2.85));
#11109=CARTESIAN_POINT('',(9.05,-12.8875039244778,-2.85));
#11110=CARTESIAN_POINT('',(9.05,-12.4439885758235,-2.85));
#11111=CARTESIAN_POINT('Origin',(0.0831543247779853,-0.134954570805021,
-2.85));
#11112=CARTESIAN_POINT('',(7.35,-11.9286170390501,0.8));
#11113=CARTESIAN_POINT('Origin',(0.0831543247779853,-0.134954570805021,
-2.85));
#11114=CARTESIAN_POINT('Origin',(-0.553616037477638,-1.00816479308881,-2.85));
#11115=CARTESIAN_POINT('Origin',(-0.553616037477638,-1.00816479308881,-2.85));
#11116=CARTESIAN_POINT('Origin',(8.2,-12.1863028074368,-2.85));
#11117=CARTESIAN_POINT('Origin',(0.,0.,0.8));
#11118=CARTESIAN_POINT('',(-6.25,-12.5400121397196,0.8));
#11119=CARTESIAN_POINT('Origin',(0.,0.,0.8));
#11120=CARTESIAN_POINT('',(-6.25,-12.5400121397196,0.8));
#11121=CARTESIAN_POINT('Origin',(0.,0.,0.8));
#11122=CARTESIAN_POINT('Origin',(0.,0.,0.8));
#11123=CARTESIAN_POINT('Origin',(-6.25,-12.5400121397196,0.8));
#11124=CARTESIAN_POINT('',(-6.25,-16.1,0.8));
#11125=CARTESIAN_POINT('Origin',(2.22044604925031E-15,-14.839308519525,
0.8));
#11126=CARTESIAN_POINT('Origin',(-2.4,-16.1,-1.3));
#11127=CARTESIAN_POINT('',(-2.95,-26.1,-1.3));
#11128=CARTESIAN_POINT('Origin',(-2.4,-26.1,-1.3));
#11129=CARTESIAN_POINT('',(-2.95,-16.1,-1.3));
#11130=CARTESIAN_POINT('',(-2.95,-16.1,-1.3));
#11131=CARTESIAN_POINT('Origin',(-2.4,-16.1,-1.3));
#11132=CARTESIAN_POINT('Origin',(-2.4,-16.1,-1.3));
#11133=CARTESIAN_POINT('Origin',(-2.4,-26.1,-1.3));
#11134=CARTESIAN_POINT('Origin',(-1.2,-16.1,-1.3));
#11135=CARTESIAN_POINT('',(-1.75,-26.1,-1.3));
#11136=CARTESIAN_POINT('Origin',(-1.2,-26.1,-1.3));
#11137=CARTESIAN_POINT('',(-1.75,-16.1,-1.3));
#11138=CARTESIAN_POINT('',(-1.75,-16.1,-1.3));
#11139=CARTESIAN_POINT('Origin',(-1.2,-16.1,-1.3));
#11140=CARTESIAN_POINT('Origin',(-1.2,-16.1,-1.3));
#11141=CARTESIAN_POINT('Origin',(-1.2,-26.1,-1.3));
#11142=CARTESIAN_POINT('Origin',(-1.11022302462516E-15,-16.1,-1.3));
#11143=CARTESIAN_POINT('',(-0.550000000000001,-26.1,-1.3));
#11144=CARTESIAN_POINT('Origin',(-1.11022302462516E-15,-26.1,-1.3));
#11145=CARTESIAN_POINT('',(-0.550000000000001,-16.1,-1.3));
#11146=CARTESIAN_POINT('',(-0.550000000000001,-16.1,-1.3));
#11147=CARTESIAN_POINT('Origin',(-1.11022302462516E-15,-16.1,-1.3));
#11148=CARTESIAN_POINT('Origin',(-1.11022302462516E-15,-16.1,-1.3));
#11149=CARTESIAN_POINT('Origin',(-1.11022302462516E-15,-26.1,-1.3));
#11150=CARTESIAN_POINT('Origin',(1.2,-16.1,-1.3));
#11151=CARTESIAN_POINT('',(0.649999999999999,-26.1,-1.3));
#11152=CARTESIAN_POINT('Origin',(1.2,-26.1,-1.3));
#11153=CARTESIAN_POINT('',(0.649999999999999,-16.1,-1.3));
#11154=CARTESIAN_POINT('',(0.649999999999999,-16.1,-1.3));
#11155=CARTESIAN_POINT('Origin',(1.2,-16.1,-1.3));
#11156=CARTESIAN_POINT('Origin',(1.2,-16.1,-1.3));
#11157=CARTESIAN_POINT('Origin',(1.2,-26.1,-1.3));
#11158=CARTESIAN_POINT('Origin',(2.4,-16.1,-1.3));
#11159=CARTESIAN_POINT('',(1.85,-26.1,-1.3));
#11160=CARTESIAN_POINT('Origin',(2.4,-26.1,-1.3));
#11161=CARTESIAN_POINT('',(1.85,-16.1,-1.3));
#11162=CARTESIAN_POINT('',(1.85,-16.1,-1.3));
#11163=CARTESIAN_POINT('Origin',(2.4,-16.1,-1.3));
#11164=CARTESIAN_POINT('Origin',(2.4,-16.1,-1.3));
#11165=CARTESIAN_POINT('Origin',(2.4,-26.1,-1.3));
#11166=CARTESIAN_POINT('Origin',(3.41586940232971,-3.73019548405443,-18.5));
#11167=CARTESIAN_POINT('',(3.12899743695288,-3.73019548405443,-18.5));
#11168=CARTESIAN_POINT('',(3.41586940232971,-3.73019548405443,-18.5));
#11169=CARTESIAN_POINT('',(1.70793470116485,-3.73019548405443,-18.5));
#11170=CARTESIAN_POINT('',(3.12899743695288,-3.73019548405443,-18.501));
#11171=CARTESIAN_POINT('',(3.12899743695288,-3.73019548405443,-18.5));
#11172=CARTESIAN_POINT('',(3.41586940232971,-3.73019548405443,-18.501));
#11173=CARTESIAN_POINT('',(3.12899743695288,-3.73019548405443,-18.501));
#11174=CARTESIAN_POINT('',(3.41586940232971,-3.73019548405443,-18.5));
#11175=CARTESIAN_POINT('Origin',(4.10468626834753,-1.73019545425211,-18.5));
#11176=CARTESIAN_POINT('',(4.10468626834753,-1.73019545425211,-18.5));
#11177=CARTESIAN_POINT('',(4.1534105551519,-1.58872305444835,-18.5));
#11178=CARTESIAN_POINT('',(4.10468626834753,-1.73019545425211,-18.501));
#11179=CARTESIAN_POINT('',(3.41586940232971,-3.73019548405443,-18.501));
#11180=CARTESIAN_POINT('',(4.10468626834753,-1.73019545425211,-18.5));
#11181=CARTESIAN_POINT('Origin',(3.81943504853779,-1.73019545425211,-18.5));
#11182=CARTESIAN_POINT('',(3.81943504853779,-1.73019545425211,-18.5));
#11183=CARTESIAN_POINT('',(1.9097175242689,-1.73019545425211,-18.5));
#11184=CARTESIAN_POINT('',(3.81943504853779,-1.73019545425211,-18.501));
#11185=CARTESIAN_POINT('',(4.10468626834753,-1.73019545425211,-18.501));
#11186=CARTESIAN_POINT('',(3.81943504853779,-1.73019545425211,-18.5));
#11187=CARTESIAN_POINT('Origin',(3.26514006458934,-3.39145966053038,-18.5));
#11188=CARTESIAN_POINT('',(3.26514006458934,-3.39145966053038,-18.5));
#11189=CARTESIAN_POINT('',(3.6107121543762,-2.35575383587678,-18.5));
#11190=CARTESIAN_POINT('',(3.26514006458934,-3.39145966053038,-18.501));
#11191=CARTESIAN_POINT('',(3.81943504853779,-1.73019545425211,-18.501));
#11192=CARTESIAN_POINT('',(3.26514006458934,-3.39145966053038,-18.5));
#11193=CARTESIAN_POINT('Origin',(2.71084508064088,-1.73019545425211,-18.5));
#11194=CARTESIAN_POINT('',(2.71084508064088,-1.73019545425211,-18.5));
#11195=CARTESIAN_POINT('',(2.31533291818468,-0.544815435194769,-18.5));
#11196=CARTESIAN_POINT('',(2.71084508064088,-1.73019545425211,-18.501));
#11197=CARTESIAN_POINT('',(3.26514006458934,-3.39145966053038,-18.501));
#11198=CARTESIAN_POINT('',(2.71084508064088,-1.73019545425211,-18.5));
#11199=CARTESIAN_POINT('Origin',(2.44018057093506,-1.73019545425211,-18.5));
#11200=CARTESIAN_POINT('',(2.44018057093506,-1.73019545425211,-18.5));
#11201=CARTESIAN_POINT('',(1.22009028546753,-1.73019545425211,-18.5));
#11202=CARTESIAN_POINT('',(2.44018057093506,-1.73019545425211,-18.501));
#11203=CARTESIAN_POINT('',(2.71084508064088,-1.73019545425211,-18.501));
#11204=CARTESIAN_POINT('',(2.44018057093506,-1.73019545425211,-18.5));
#11205=CARTESIAN_POINT('Origin',(3.12899743695288,-3.73019548405443,-18.5));
#11206=CARTESIAN_POINT('',(2.38885879983588,-1.5811811824018,-18.5));
#11207=CARTESIAN_POINT('',(2.44018057093506,-1.73019545425211,-18.501));
#11208=CARTESIAN_POINT('Origin',(3.27039746062208,-2.62965047584842,-18.501));
#11209=CARTESIAN_POINT('Ctrl Pts',(-5.37691814145473,2.08752023123168,-18.5));
#11210=CARTESIAN_POINT('Ctrl Pts',(-5.37691814145473,2.08752023123168,-18.501));
#11211=CARTESIAN_POINT('Ctrl Pts',(-5.49361182228599,2.17666123742223,-18.5));
#11212=CARTESIAN_POINT('Ctrl Pts',(-5.49361182228599,2.17666123742223,-18.501));
#11213=CARTESIAN_POINT('Ctrl Pts',(-5.57626984620812,2.36628846877301,-18.5));
#11214=CARTESIAN_POINT('Ctrl Pts',(-5.57626984620812,2.36628846877301,-18.501));
#11215=CARTESIAN_POINT('Ctrl Pts',(-5.57626984620812,2.48784438630557,-18.5));
#11216=CARTESIAN_POINT('Ctrl Pts',(-5.57626984620812,2.48784438630557,-18.501));
#11217=CARTESIAN_POINT('',(-5.37691814145473,2.08752023123168,-18.5));
#11218=CARTESIAN_POINT('',(-5.57626984620812,2.48784438630557,-18.5));
#11219=CARTESIAN_POINT('Ctrl Pts',(-5.37691814145473,2.08752023123168,-18.5));
#11220=CARTESIAN_POINT('Ctrl Pts',(-5.49361182228599,2.17666123742223,-18.5));
#11221=CARTESIAN_POINT('Ctrl Pts',(-5.57626984620812,2.36628846877301,-18.5));
#11222=CARTESIAN_POINT('Ctrl Pts',(-5.57626984620812,2.48784438630557,-18.5));
#11223=CARTESIAN_POINT('',(-5.37691814145473,2.08752023123168,-18.501));
#11224=CARTESIAN_POINT('',(-5.37691814145473,2.08752023123168,-18.5));
#11225=CARTESIAN_POINT('',(-5.57626984620812,2.48784438630557,-18.501));
#11226=CARTESIAN_POINT('Ctrl Pts',(-5.57626984620812,2.48784438630557,-18.501));
#11227=CARTESIAN_POINT('Ctrl Pts',(-5.57626984620812,2.36628846877301,-18.501));
#11228=CARTESIAN_POINT('Ctrl Pts',(-5.49361182228599,2.17666123742223,-18.501));
#11229=CARTESIAN_POINT('Ctrl Pts',(-5.37691814145473,2.08752023123168,-18.501));
#11230=CARTESIAN_POINT('',(-5.57626984620812,2.48784438630557,-18.5));
#11231=CARTESIAN_POINT('Ctrl Pts',(-5.0949084127792,2.21231763989844,-18.5));
#11232=CARTESIAN_POINT('Ctrl Pts',(-5.0949084127792,2.21231763989844,-18.501));
#11233=CARTESIAN_POINT('Ctrl Pts',(-5.13542705195672,2.18962720195903,-18.5));
#11234=CARTESIAN_POINT('Ctrl Pts',(-5.13542705195672,2.18962720195903,-18.501));
#11235=CARTESIAN_POINT('Ctrl Pts',(-5.3072260820694,2.1102106691711,-18.5));
#11236=CARTESIAN_POINT('Ctrl Pts',(-5.3072260820694,2.1102106691711,-18.501));
#11237=CARTESIAN_POINT('Ctrl Pts',(-5.37691814145473,2.08752023123168,-18.5));
#11238=CARTESIAN_POINT('Ctrl Pts',(-5.37691814145473,2.08752023123168,-18.501));
#11239=CARTESIAN_POINT('',(-5.0949084127792,2.21231763989844,-18.5));
#11240=CARTESIAN_POINT('Ctrl Pts',(-5.0949084127792,2.21231763989844,-18.5));
#11241=CARTESIAN_POINT('Ctrl Pts',(-5.13542705195672,2.18962720195903,-18.5));
#11242=CARTESIAN_POINT('Ctrl Pts',(-5.3072260820694,2.1102106691711,-18.5));
#11243=CARTESIAN_POINT('Ctrl Pts',(-5.37691814145473,2.08752023123168,-18.5));
#11244=CARTESIAN_POINT('',(-5.0949084127792,2.21231763989844,-18.501));
#11245=CARTESIAN_POINT('',(-5.0949084127792,2.21231763989844,-18.5));
#11246=CARTESIAN_POINT('Ctrl Pts',(-5.37691814145473,2.08752023123168,-18.501));
#11247=CARTESIAN_POINT('Ctrl Pts',(-5.3072260820694,2.1102106691711,-18.501));
#11248=CARTESIAN_POINT('Ctrl Pts',(-5.13542705195672,2.18962720195903,-18.501));
#11249=CARTESIAN_POINT('Ctrl Pts',(-5.0949084127792,2.21231763989844,-18.501));
#11250=CARTESIAN_POINT('Ctrl Pts',(-4.90366043586132,2.50405184197658,-18.5));
#11251=CARTESIAN_POINT('Ctrl Pts',(-4.90366043586132,2.50405184197658,-18.501));
#11252=CARTESIAN_POINT('Ctrl Pts',(-4.90366043586132,2.40518636238343,-18.5));
#11253=CARTESIAN_POINT('Ctrl Pts',(-4.90366043586132,2.40518636238343,-18.501));
#11254=CARTESIAN_POINT('Ctrl Pts',(-4.99928442432026,2.26742298917987,-18.5));
#11255=CARTESIAN_POINT('Ctrl Pts',(-4.99928442432026,2.26742298917987,-18.501));
#11256=CARTESIAN_POINT('Ctrl Pts',(-5.0949084127792,2.21231763989844,-18.5));
#11257=CARTESIAN_POINT('Ctrl Pts',(-5.0949084127792,2.21231763989844,-18.501));
#11258=CARTESIAN_POINT('',(-4.90366043586132,2.50405184197658,-18.5));
#11259=CARTESIAN_POINT('Ctrl Pts',(-4.90366043586132,2.50405184197658,-18.5));
#11260=CARTESIAN_POINT('Ctrl Pts',(-4.90366043586132,2.40518636238343,-18.5));
#11261=CARTESIAN_POINT('Ctrl Pts',(-4.99928442432026,2.26742298917987,-18.5));
#11262=CARTESIAN_POINT('Ctrl Pts',(-5.0949084127792,2.21231763989844,-18.5));
#11263=CARTESIAN_POINT('',(-4.90366043586132,2.50405184197658,-18.501));
#11264=CARTESIAN_POINT('',(-4.90366043586132,2.50405184197658,-18.5));
#11265=CARTESIAN_POINT('Ctrl Pts',(-5.0949084127792,2.21231763989844,-18.501));
#11266=CARTESIAN_POINT('Ctrl Pts',(-4.99928442432026,2.26742298917987,-18.501));
#11267=CARTESIAN_POINT('Ctrl Pts',(-4.90366043586132,2.40518636238343,-18.501));
#11268=CARTESIAN_POINT('Ctrl Pts',(-4.90366043586132,2.50405184197658,-18.501));
#11269=CARTESIAN_POINT('Ctrl Pts',(-5.23591327711697,2.80226902632311,-18.5));
#11270=CARTESIAN_POINT('Ctrl Pts',(-5.23591327711697,2.80226902632311,-18.501));
#11271=CARTESIAN_POINT('Ctrl Pts',(-5.0900461760779,2.80226902632311,-18.5));
#11272=CARTESIAN_POINT('Ctrl Pts',(-5.0900461760779,2.80226902632311,-18.501));
#11273=CARTESIAN_POINT('Ctrl Pts',(-4.90366043586132,2.64181521518014,-18.5));
#11274=CARTESIAN_POINT('Ctrl Pts',(-4.90366043586132,2.64181521518014,-18.501));
#11275=CARTESIAN_POINT('Ctrl Pts',(-4.90366043586132,2.50405184197658,-18.5));
#11276=CARTESIAN_POINT('Ctrl Pts',(-4.90366043586132,2.50405184197658,-18.501));
#11277=CARTESIAN_POINT('',(-5.23591327711697,2.80226902632311,-18.5));
#11278=CARTESIAN_POINT('Ctrl Pts',(-5.23591327711697,2.80226902632311,-18.5));
#11279=CARTESIAN_POINT('Ctrl Pts',(-5.0900461760779,2.80226902632311,-18.5));
#11280=CARTESIAN_POINT('Ctrl Pts',(-4.90366043586132,2.64181521518014,-18.5));
#11281=CARTESIAN_POINT('Ctrl Pts',(-4.90366043586132,2.50405184197658,-18.5));
#11282=CARTESIAN_POINT('',(-5.23591327711697,2.80226902632311,-18.501));
#11283=CARTESIAN_POINT('',(-5.23591327711697,2.80226902632311,-18.5));
#11284=CARTESIAN_POINT('Ctrl Pts',(-4.90366043586132,2.50405184197658,-18.501));
#11285=CARTESIAN_POINT('Ctrl Pts',(-4.90366043586132,2.64181521518014,-18.501));
#11286=CARTESIAN_POINT('Ctrl Pts',(-5.0900461760779,2.80226902632311,-18.501));
#11287=CARTESIAN_POINT('Ctrl Pts',(-5.23591327711697,2.80226902632311,-18.501));
#11288=CARTESIAN_POINT('Ctrl Pts',(-5.57626984620812,2.48784438630557,-18.5));
#11289=CARTESIAN_POINT('Ctrl Pts',(-5.57626984620812,2.48784438630557,-18.501));
#11290=CARTESIAN_POINT('Ctrl Pts',(-5.57626984620812,2.62236626837493,-18.5));
#11291=CARTESIAN_POINT('Ctrl Pts',(-5.57626984620812,2.62236626837493,-18.501));
#11292=CARTESIAN_POINT('Ctrl Pts',(-5.39636708825994,2.80226902632311,-18.5));
#11293=CARTESIAN_POINT('Ctrl Pts',(-5.39636708825994,2.80226902632311,-18.501));
#11294=CARTESIAN_POINT('Ctrl Pts',(-5.23591327711697,2.80226902632311,-18.5));
#11295=CARTESIAN_POINT('Ctrl Pts',(-5.23591327711697,2.80226902632311,-18.501));
#11296=CARTESIAN_POINT('Ctrl Pts',(-5.57626984620812,2.48784438630557,-18.5));
#11297=CARTESIAN_POINT('Ctrl Pts',(-5.57626984620812,2.62236626837493,-18.5));
#11298=CARTESIAN_POINT('Ctrl Pts',(-5.39636708825994,2.80226902632311,-18.5));
#11299=CARTESIAN_POINT('Ctrl Pts',(-5.23591327711697,2.80226902632311,-18.5));
#11300=CARTESIAN_POINT('Ctrl Pts',(-5.23591327711697,2.80226902632311,-18.501));
#11301=CARTESIAN_POINT('Ctrl Pts',(-5.39636708825994,2.80226902632311,-18.501));
#11302=CARTESIAN_POINT('Ctrl Pts',(-5.57626984620812,2.62236626837493,-18.501));
#11303=CARTESIAN_POINT('Ctrl Pts',(-5.57626984620812,2.48784438630557,-18.501));
#11304=CARTESIAN_POINT('Ctrl Pts',(-5.24077551381827,1.10858990870283,-18.5));
#11305=CARTESIAN_POINT('Ctrl Pts',(-5.24077551381827,1.10858990870283,-18.501));
#11306=CARTESIAN_POINT('Ctrl Pts',(-5.40933305279675,1.10858990870283,-18.5));
#11307=CARTESIAN_POINT('Ctrl Pts',(-5.40933305279675,1.10858990870283,-18.501));
#11308=CARTESIAN_POINT('Ctrl Pts',(-5.61354699425144,1.31118310459043,-18.5));
#11309=CARTESIAN_POINT('Ctrl Pts',(-5.61354699425144,1.31118310459043,-18.501));
#11310=CARTESIAN_POINT('Ctrl Pts',(-5.61354699425144,1.48622362583731,-18.5));
#11311=CARTESIAN_POINT('Ctrl Pts',(-5.61354699425144,1.48622362583731,-18.501));
#11312=CARTESIAN_POINT('',(-5.24077551381827,1.10858990870283,-18.5));
#11313=CARTESIAN_POINT('',(-5.61354699425144,1.48622362583731,-18.5));
#11314=CARTESIAN_POINT('Ctrl Pts',(-5.24077551381827,1.10858990870283,-18.5));
#11315=CARTESIAN_POINT('Ctrl Pts',(-5.40933305279675,1.10858990870283,-18.5));
#11316=CARTESIAN_POINT('Ctrl Pts',(-5.61354699425144,1.31118310459043,-18.5));
#11317=CARTESIAN_POINT('Ctrl Pts',(-5.61354699425144,1.48622362583731,-18.5));
#11318=CARTESIAN_POINT('',(-5.24077551381827,1.10858990870283,-18.501));
#11319=CARTESIAN_POINT('',(-5.24077551381827,1.10858990870283,-18.5));
#11320=CARTESIAN_POINT('',(-5.61354699425144,1.48622362583731,-18.501));
#11321=CARTESIAN_POINT('Ctrl Pts',(-5.61354699425144,1.48622362583731,-18.501));
#11322=CARTESIAN_POINT('Ctrl Pts',(-5.61354699425144,1.31118310459043,-18.501));
#11323=CARTESIAN_POINT('Ctrl Pts',(-5.40933305279675,1.10858990870283,-18.501));
#11324=CARTESIAN_POINT('Ctrl Pts',(-5.24077551381827,1.10858990870283,-18.501));
#11325=CARTESIAN_POINT('',(-5.61354699425144,1.48622362583731,-18.5));
#11326=CARTESIAN_POINT('Ctrl Pts',(-4.85665881441539,1.52674226501483,-18.5));
#11327=CARTESIAN_POINT('Ctrl Pts',(-4.85665881441539,1.52674226501483,-18.501));
#11328=CARTESIAN_POINT('Ctrl Pts',(-4.85665881441539,1.34521876149954,-18.5));
#11329=CARTESIAN_POINT('Ctrl Pts',(-4.85665881441539,1.34521876149954,-18.501));
#11330=CARTESIAN_POINT('Ctrl Pts',(-5.07545946597399,1.10858990870283,-18.5));
#11331=CARTESIAN_POINT('Ctrl Pts',(-5.07545946597399,1.10858990870283,-18.501));
#11332=CARTESIAN_POINT('Ctrl Pts',(-5.24077551381827,1.10858990870283,-18.5));
#11333=CARTESIAN_POINT('Ctrl Pts',(-5.24077551381827,1.10858990870283,-18.501));
#11334=CARTESIAN_POINT('',(-4.85665881441539,1.52674226501483,-18.5));
#11335=CARTESIAN_POINT('Ctrl Pts',(-4.85665881441539,1.52674226501483,-18.5));
#11336=CARTESIAN_POINT('Ctrl Pts',(-4.85665881441539,1.34521876149954,-18.5));
#11337=CARTESIAN_POINT('Ctrl Pts',(-5.07545946597399,1.10858990870283,-18.5));
#11338=CARTESIAN_POINT('Ctrl Pts',(-5.24077551381827,1.10858990870283,-18.5));
#11339=CARTESIAN_POINT('',(-4.85665881441539,1.52674226501483,-18.501));
#11340=CARTESIAN_POINT('',(-4.85665881441539,1.52674226501483,-18.5));
#11341=CARTESIAN_POINT('Ctrl Pts',(-5.24077551381827,1.10858990870283,-18.501));
#11342=CARTESIAN_POINT('Ctrl Pts',(-5.07545946597399,1.10858990870283,-18.501));
#11343=CARTESIAN_POINT('Ctrl Pts',(-4.85665881441539,1.34521876149954,-18.501));
#11344=CARTESIAN_POINT('Ctrl Pts',(-4.85665881441539,1.52674226501483,-18.501));
#11345=CARTESIAN_POINT('Ctrl Pts',(-5.0851839393766,1.95461909472942,-18.5));
#11346=CARTESIAN_POINT('Ctrl Pts',(-5.0851839393766,1.95461909472942,-18.501));
#11347=CARTESIAN_POINT('Ctrl Pts',(-4.97497324081375,1.88168554420989,-18.5));
#11348=CARTESIAN_POINT('Ctrl Pts',(-4.97497324081375,1.88168554420989,-18.501));
#11349=CARTESIAN_POINT('Ctrl Pts',(-4.85665881441539,1.66450563821839,-18.5));
#11350=CARTESIAN_POINT('Ctrl Pts',(-4.85665881441539,1.66450563821839,-18.501));
#11351=CARTESIAN_POINT('Ctrl Pts',(-4.85665881441539,1.52674226501483,-18.5));
#11352=CARTESIAN_POINT('Ctrl Pts',(-4.85665881441539,1.52674226501483,-18.501));
#11353=CARTESIAN_POINT('',(-5.0851839393766,1.95461909472942,-18.5));
#11354=CARTESIAN_POINT('Ctrl Pts',(-5.0851839393766,1.95461909472942,-18.5));
#11355=CARTESIAN_POINT('Ctrl Pts',(-4.97497324081375,1.88168554420989,-18.5));
#11356=CARTESIAN_POINT('Ctrl Pts',(-4.85665881441539,1.66450563821839,-18.5));
#11357=CARTESIAN_POINT('Ctrl Pts',(-4.85665881441539,1.52674226501483,-18.5));
#11358=CARTESIAN_POINT('',(-5.0851839393766,1.95461909472942,-18.501));
#11359=CARTESIAN_POINT('',(-5.0851839393766,1.95461909472942,-18.5));
#11360=CARTESIAN_POINT('Ctrl Pts',(-4.85665881441539,1.52674226501483,-18.501));
#11361=CARTESIAN_POINT('Ctrl Pts',(-4.85665881441539,1.66450563821839,-18.501));
#11362=CARTESIAN_POINT('Ctrl Pts',(-4.97497324081375,1.88168554420989,-18.501));
#11363=CARTESIAN_POINT('Ctrl Pts',(-5.0851839393766,1.95461909472942,-18.501));
#11364=CARTESIAN_POINT('Ctrl Pts',(-5.37853888702183,1.82982168606267,-18.5));
#11365=CARTESIAN_POINT('Ctrl Pts',(-5.37853888702183,1.82982168606267,-18.501));
#11366=CARTESIAN_POINT('Ctrl Pts',(-5.33315801114301,1.85575361513628,-18.5));
#11367=CARTESIAN_POINT('Ctrl Pts',(-5.33315801114301,1.85575361513628,-18.501));
#11368=CARTESIAN_POINT('Ctrl Pts',(-5.18080792783554,1.91572120111901,-18.5));
#11369=CARTESIAN_POINT('Ctrl Pts',(-5.18080792783554,1.91572120111901,-18.501));
#11370=CARTESIAN_POINT('Ctrl Pts',(-5.0851839393766,1.95461909472942,-18.5));
#11371=CARTESIAN_POINT('Ctrl Pts',(-5.0851839393766,1.95461909472942,-18.501));
#11372=CARTESIAN_POINT('',(-5.37853888702183,1.82982168606267,-18.5));
#11373=CARTESIAN_POINT('Ctrl Pts',(-5.37853888702183,1.82982168606267,-18.5));
#11374=CARTESIAN_POINT('Ctrl Pts',(-5.33315801114301,1.85575361513628,-18.5));
#11375=CARTESIAN_POINT('Ctrl Pts',(-5.18080792783554,1.91572120111901,-18.5));
#11376=CARTESIAN_POINT('Ctrl Pts',(-5.0851839393766,1.95461909472942,-18.5));
#11377=CARTESIAN_POINT('',(-5.37853888702183,1.82982168606267,-18.501));
#11378=CARTESIAN_POINT('',(-5.37853888702183,1.82982168606267,-18.5));
#11379=CARTESIAN_POINT('Ctrl Pts',(-5.0851839393766,1.95461909472942,-18.501));
#11380=CARTESIAN_POINT('Ctrl Pts',(-5.18080792783554,1.91572120111901,-18.501));
#11381=CARTESIAN_POINT('Ctrl Pts',(-5.33315801114301,1.85575361513628,-18.501));
#11382=CARTESIAN_POINT('Ctrl Pts',(-5.37853888702183,1.82982168606267,-18.501));
#11383=CARTESIAN_POINT('Ctrl Pts',(-5.61354699425144,1.48622362583731,-18.5));
#11384=CARTESIAN_POINT('Ctrl Pts',(-5.61354699425144,1.48622362583731,-18.501));
#11385=CARTESIAN_POINT('Ctrl Pts',(-5.61354699425144,1.60940028893696,-18.5));
#11386=CARTESIAN_POINT('Ctrl Pts',(-5.61354699425144,1.60940028893696,-18.501));
#11387=CARTESIAN_POINT('Ctrl Pts',(-5.5163022602254,1.75526738997603,-18.5));
#11388=CARTESIAN_POINT('Ctrl Pts',(-5.5163022602254,1.75526738997603,-18.501));
#11389=CARTESIAN_POINT('Ctrl Pts',(-5.37853888702183,1.82982168606267,-18.5));
#11390=CARTESIAN_POINT('Ctrl Pts',(-5.37853888702183,1.82982168606267,-18.501));
#11391=CARTESIAN_POINT('Ctrl Pts',(-5.61354699425144,1.48622362583731,-18.5));
#11392=CARTESIAN_POINT('Ctrl Pts',(-5.61354699425144,1.60940028893696,-18.5));
#11393=CARTESIAN_POINT('Ctrl Pts',(-5.5163022602254,1.75526738997603,-18.5));
#11394=CARTESIAN_POINT('Ctrl Pts',(-5.37853888702183,1.82982168606267,-18.5));
#11395=CARTESIAN_POINT('Ctrl Pts',(-5.37853888702183,1.82982168606267,-18.501));
#11396=CARTESIAN_POINT('Ctrl Pts',(-5.5163022602254,1.75526738997603,-18.501));
#11397=CARTESIAN_POINT('Ctrl Pts',(-5.61354699425144,1.60940028893696,-18.501));
#11398=CARTESIAN_POINT('Ctrl Pts',(-5.61354699425144,1.48622362583731,-18.501));
#11399=CARTESIAN_POINT('Ctrl Pts',(-4.58599430470957,1.50729331820962,-18.5));
#11400=CARTESIAN_POINT('Ctrl Pts',(-4.58599430470957,1.50729331820962,-18.501));
#11401=CARTESIAN_POINT('Ctrl Pts',(-4.58599430470957,1.38249590954286,-18.5));
#11402=CARTESIAN_POINT('Ctrl Pts',(-4.58599430470957,1.38249590954286,-18.501));
#11403=CARTESIAN_POINT('Ctrl Pts',(-4.67351456533301,1.16207451241716,-18.5));
#11404=CARTESIAN_POINT('Ctrl Pts',(-4.67351456533301,1.16207451241716,-18.501));
#11405=CARTESIAN_POINT('Ctrl Pts',(-4.75779333482225,1.08103723406212,-18.5));
#11406=CARTESIAN_POINT('Ctrl Pts',(-4.75779333482225,1.08103723406212,-18.501));
#11407=CARTESIAN_POINT('',(-4.75779333482225,1.08103723406212,-18.5));
#11408=CARTESIAN_POINT('',(-4.58599430470957,1.50729331820962,-18.5));
#11409=CARTESIAN_POINT('Ctrl Pts',(-4.75779333482225,1.08103723406212,-18.5));
#11410=CARTESIAN_POINT('Ctrl Pts',(-4.67351456533301,1.16207451241716,-18.5));
#11411=CARTESIAN_POINT('Ctrl Pts',(-4.58599430470957,1.38249590954286,-18.5));
#11412=CARTESIAN_POINT('Ctrl Pts',(-4.58599430470957,1.50729331820962,-18.5));
#11413=CARTESIAN_POINT('',(-4.75779333482225,1.08103723406212,-18.501));
#11414=CARTESIAN_POINT('',(-4.75779333482225,1.08103723406212,-18.5));
#11415=CARTESIAN_POINT('',(-4.58599430470957,1.50729331820962,-18.501));
#11416=CARTESIAN_POINT('Ctrl Pts',(-4.58599430470957,1.50729331820962,-18.501));
#11417=CARTESIAN_POINT('Ctrl Pts',(-4.58599430470957,1.38249590954286,-18.501));
#11418=CARTESIAN_POINT('Ctrl Pts',(-4.67351456533301,1.16207451241716,-18.501));
#11419=CARTESIAN_POINT('Ctrl Pts',(-4.75779333482225,1.08103723406212,-18.501));
#11420=CARTESIAN_POINT('',(-4.58599430470957,1.50729331820962,-18.5));
#11421=CARTESIAN_POINT('Ctrl Pts',(-4.92473012823362,2.02269040854766,-18.5));
#11422=CARTESIAN_POINT('Ctrl Pts',(-4.92473012823362,2.02269040854766,-18.501));
#11423=CARTESIAN_POINT('Ctrl Pts',(-4.75941408038935,1.94165313019262,-18.5));
#11424=CARTESIAN_POINT('Ctrl Pts',(-4.75941408038935,1.94165313019262,-18.501));
#11425=CARTESIAN_POINT('Ctrl Pts',(-4.58599430470957,1.66936787491969,-18.5));
#11426=CARTESIAN_POINT('Ctrl Pts',(-4.58599430470957,1.66936787491969,-18.501));
#11427=CARTESIAN_POINT('Ctrl Pts',(-4.58599430470957,1.50729331820962,-18.5));
#11428=CARTESIAN_POINT('Ctrl Pts',(-4.58599430470957,1.50729331820962,-18.501));
#11429=CARTESIAN_POINT('',(-4.92473012823362,2.02269040854766,-18.5));
#11430=CARTESIAN_POINT('Ctrl Pts',(-4.58599430470957,1.50729331820962,-18.5));
#11431=CARTESIAN_POINT('Ctrl Pts',(-4.58599430470957,1.66936787491969,-18.5));
#11432=CARTESIAN_POINT('Ctrl Pts',(-4.75941408038935,1.94165313019262,-18.5));
#11433=CARTESIAN_POINT('Ctrl Pts',(-4.92473012823362,2.02269040854766,-18.5));
#11434=CARTESIAN_POINT('',(-4.92473012823362,2.02269040854766,-18.501));
#11435=CARTESIAN_POINT('Ctrl Pts',(-4.92473012823362,2.02269040854766,-18.501));
#11436=CARTESIAN_POINT('Ctrl Pts',(-4.75941408038935,1.94165313019262,-18.501));
#11437=CARTESIAN_POINT('Ctrl Pts',(-4.58599430470957,1.66936787491969,-18.501));
#11438=CARTESIAN_POINT('Ctrl Pts',(-4.58599430470957,1.50729331820962,-18.501));
#11439=CARTESIAN_POINT('',(-4.92473012823362,2.02269040854766,-18.5));
#11440=CARTESIAN_POINT('Origin',(-4.92473012823362,2.03079413638316,-18.5));
#11441=CARTESIAN_POINT('',(-4.92473012823362,2.03079413638316,-18.5));
#11442=CARTESIAN_POINT('',(-4.92473012823362,1.01539706819158,-18.5));
#11443=CARTESIAN_POINT('',(-4.92473012823362,2.03079413638316,-18.501));
#11444=CARTESIAN_POINT('',(-4.92473012823362,2.02269040854766,-18.501));
#11445=CARTESIAN_POINT('',(-4.92473012823362,2.03079413638316,-18.5));
#11446=CARTESIAN_POINT('Ctrl Pts',(-4.63461667172259,2.47325767620166,-18.5));
#11447=CARTESIAN_POINT('Ctrl Pts',(-4.63461667172259,2.47325767620166,-18.501));
#11448=CARTESIAN_POINT('Ctrl Pts',(-4.63461667172259,2.32090759289419,-18.5));
#11449=CARTESIAN_POINT('Ctrl Pts',(-4.63461667172259,2.32090759289419,-18.501));
#11450=CARTESIAN_POINT('Ctrl Pts',(-4.77724228162746,2.1166936514395,-18.5));
#11451=CARTESIAN_POINT('Ctrl Pts',(-4.77724228162746,2.1166936514395,-18.501));
#11452=CARTESIAN_POINT('Ctrl Pts',(-4.92473012823362,2.03079413638316,-18.5));
#11453=CARTESIAN_POINT('Ctrl Pts',(-4.92473012823362,2.03079413638316,-18.501));
#11454=CARTESIAN_POINT('',(-4.63461667172259,2.47325767620166,-18.5));
#11455=CARTESIAN_POINT('Ctrl Pts',(-4.92473012823362,2.03079413638316,-18.5));
#11456=CARTESIAN_POINT('Ctrl Pts',(-4.77724228162746,2.1166936514395,-18.5));
#11457=CARTESIAN_POINT('Ctrl Pts',(-4.63461667172259,2.32090759289419,-18.5));
#11458=CARTESIAN_POINT('Ctrl Pts',(-4.63461667172259,2.47325767620166,-18.5));
#11459=CARTESIAN_POINT('',(-4.63461667172259,2.47325767620166,-18.501));
#11460=CARTESIAN_POINT('Ctrl Pts',(-4.63461667172259,2.47325767620166,-18.501));
#11461=CARTESIAN_POINT('Ctrl Pts',(-4.63461667172259,2.32090759289419,-18.501));
#11462=CARTESIAN_POINT('Ctrl Pts',(-4.77724228162746,2.1166936514395,-18.501));
#11463=CARTESIAN_POINT('Ctrl Pts',(-4.92473012823362,2.03079413638316,-18.501));
#11464=CARTESIAN_POINT('',(-4.63461667172259,2.47325767620166,-18.5));
#11465=CARTESIAN_POINT('Ctrl Pts',(-5.23753402268407,2.99999998550941,-18.5));
#11466=CARTESIAN_POINT('Ctrl Pts',(-5.23753402268407,2.99999998550941,-18.501));
#11467=CARTESIAN_POINT('Ctrl Pts',(-4.97497324081375,2.99999998550941,-18.5));
#11468=CARTESIAN_POINT('Ctrl Pts',(-4.97497324081375,2.99999998550941,-18.501));
#11469=CARTESIAN_POINT('Ctrl Pts',(-4.63461667172259,2.69854131002867,-18.5));
#11470=CARTESIAN_POINT('Ctrl Pts',(-4.63461667172259,2.69854131002867,-18.501));
#11471=CARTESIAN_POINT('Ctrl Pts',(-4.63461667172259,2.47325767620166,-18.5));
#11472=CARTESIAN_POINT('Ctrl Pts',(-4.63461667172259,2.47325767620166,-18.501));
#11473=CARTESIAN_POINT('',(-5.23753402268407,2.99999998550941,-18.5));
#11474=CARTESIAN_POINT('Ctrl Pts',(-4.63461667172259,2.47325767620166,-18.5));
#11475=CARTESIAN_POINT('Ctrl Pts',(-4.63461667172259,2.69854131002867,-18.5));
#11476=CARTESIAN_POINT('Ctrl Pts',(-4.97497324081375,2.99999998550941,-18.5));
#11477=CARTESIAN_POINT('Ctrl Pts',(-5.23753402268407,2.99999998550941,-18.5));
#11478=CARTESIAN_POINT('',(-5.23753402268407,2.99999998550941,-18.501));
#11479=CARTESIAN_POINT('Ctrl Pts',(-5.23753402268407,2.99999998550941,-18.501));
#11480=CARTESIAN_POINT('Ctrl Pts',(-4.97497324081375,2.99999998550941,-18.501));
#11481=CARTESIAN_POINT('Ctrl Pts',(-4.63461667172259,2.69854131002867,-18.501));
#11482=CARTESIAN_POINT('Ctrl Pts',(-4.63461667172259,2.47325767620166,-18.501));
#11483=CARTESIAN_POINT('',(-5.23753402268407,2.99999998550941,-18.5));
#11484=CARTESIAN_POINT('Ctrl Pts',(-5.83883062807845,2.49108587743977,-18.5));
#11485=CARTESIAN_POINT('Ctrl Pts',(-5.83883062807845,2.49108587743977,-18.501));
#11486=CARTESIAN_POINT('Ctrl Pts',(-5.83883062807845,2.71474876569967,-18.5));
#11487=CARTESIAN_POINT('Ctrl Pts',(-5.83883062807845,2.71474876569967,-18.501));
#11488=CARTESIAN_POINT('Ctrl Pts',(-5.509819277957,2.99999998550941,-18.5));
#11489=CARTESIAN_POINT('Ctrl Pts',(-5.509819277957,2.99999998550941,-18.501));
#11490=CARTESIAN_POINT('Ctrl Pts',(-5.23753402268407,2.99999998550941,-18.5));
#11491=CARTESIAN_POINT('Ctrl Pts',(-5.23753402268407,2.99999998550941,-18.501));
#11492=CARTESIAN_POINT('',(-5.83883062807845,2.49108587743977,-18.5));
#11493=CARTESIAN_POINT('Ctrl Pts',(-5.23753402268407,2.99999998550941,-18.5));
#11494=CARTESIAN_POINT('Ctrl Pts',(-5.509819277957,2.99999998550941,-18.5));
#11495=CARTESIAN_POINT('Ctrl Pts',(-5.83883062807845,2.71474876569967,-18.5));
#11496=CARTESIAN_POINT('Ctrl Pts',(-5.83883062807845,2.49108587743977,-18.5));
#11497=CARTESIAN_POINT('',(-5.83883062807845,2.49108587743977,-18.501));
#11498=CARTESIAN_POINT('Ctrl Pts',(-5.83883062807845,2.49108587743977,-18.501));
#11499=CARTESIAN_POINT('Ctrl Pts',(-5.83883062807845,2.71474876569967,-18.501));
#11500=CARTESIAN_POINT('Ctrl Pts',(-5.509819277957,2.99999998550941,-18.501));
#11501=CARTESIAN_POINT('Ctrl Pts',(-5.23753402268407,2.99999998550941,-18.501));
#11502=CARTESIAN_POINT('',(-5.83883062807845,2.49108587743977,-18.5));
#11503=CARTESIAN_POINT('Ctrl Pts',(-5.53413046146351,2.01944891741345,-18.5));
#11504=CARTESIAN_POINT('Ctrl Pts',(-5.53413046146351,2.01944891741345,-18.501));
#11505=CARTESIAN_POINT('Ctrl Pts',(-5.68161830806967,2.09400321350009,-18.5));
#11506=CARTESIAN_POINT('Ctrl Pts',(-5.68161830806967,2.09400321350009,-18.501));
#11507=CARTESIAN_POINT('Ctrl Pts',(-5.83883062807845,2.35656399537041,-18.5));
#11508=CARTESIAN_POINT('Ctrl Pts',(-5.83883062807845,2.35656399537041,-18.501));
#11509=CARTESIAN_POINT('Ctrl Pts',(-5.83883062807845,2.49108587743977,-18.5));
#11510=CARTESIAN_POINT('Ctrl Pts',(-5.83883062807845,2.49108587743977,-18.501));
#11511=CARTESIAN_POINT('',(-5.5341304614635,2.01944891741345,-18.5));
#11512=CARTESIAN_POINT('Ctrl Pts',(-5.83883062807845,2.49108587743977,-18.5));
#11513=CARTESIAN_POINT('Ctrl Pts',(-5.83883062807845,2.35656399537041,-18.5));
#11514=CARTESIAN_POINT('Ctrl Pts',(-5.68161830806967,2.09400321350009,-18.5));
#11515=CARTESIAN_POINT('Ctrl Pts',(-5.53413046146351,2.01944891741345,-18.5));
#11516=CARTESIAN_POINT('',(-5.5341304614635,2.01944891741345,-18.501));
#11517=CARTESIAN_POINT('Ctrl Pts',(-5.53413046146351,2.01944891741345,-18.501));
#11518=CARTESIAN_POINT('Ctrl Pts',(-5.68161830806967,2.09400321350009,-18.501));
#11519=CARTESIAN_POINT('Ctrl Pts',(-5.83883062807845,2.35656399537041,-18.501));
#11520=CARTESIAN_POINT('Ctrl Pts',(-5.83883062807845,2.49108587743977,-18.501));
#11521=CARTESIAN_POINT('',(-5.5341304614635,2.01944891741345,-18.5));
#11522=CARTESIAN_POINT('Origin',(-5.53413046146351,2.01134518957795,-18.5));
#11523=CARTESIAN_POINT('',(-5.53413046146351,2.01134518957795,-18.5));
#11524=CARTESIAN_POINT('',(-5.53413046146351,1.00567259478897,-18.5));
#11525=CARTESIAN_POINT('',(-5.53413046146351,2.01134518957795,-18.501));
#11526=CARTESIAN_POINT('',(-5.53413046146351,2.01944891741345,-18.501));
#11527=CARTESIAN_POINT('',(-5.53413046146351,2.01134518957795,-18.5));
#11528=CARTESIAN_POINT('Ctrl Pts',(-5.88907374065857,1.51215555491092,-18.5));
#11529=CARTESIAN_POINT('Ctrl Pts',(-5.88907374065857,1.51215555491092,-18.501));
#11530=CARTESIAN_POINT('Ctrl Pts',(-5.88907374065857,1.6969205495604,-18.5));
#11531=CARTESIAN_POINT('Ctrl Pts',(-5.88907374065857,1.6969205495604,-18.501));
#11532=CARTESIAN_POINT('Ctrl Pts',(-5.70917098271039,1.93030791122291,-18.5));
#11533=CARTESIAN_POINT('Ctrl Pts',(-5.70917098271039,1.93030791122291,-18.501));
#11534=CARTESIAN_POINT('Ctrl Pts',(-5.53413046146351,2.01134518957795,-18.5));
#11535=CARTESIAN_POINT('Ctrl Pts',(-5.53413046146351,2.01134518957795,-18.501));
#11536=CARTESIAN_POINT('',(-5.88907374065857,1.51215555491092,-18.5));
#11537=CARTESIAN_POINT('Ctrl Pts',(-5.53413046146351,2.01134518957795,-18.5));
#11538=CARTESIAN_POINT('Ctrl Pts',(-5.70917098271039,1.93030791122291,-18.5));
#11539=CARTESIAN_POINT('Ctrl Pts',(-5.88907374065857,1.6969205495604,-18.5));
#11540=CARTESIAN_POINT('Ctrl Pts',(-5.88907374065857,1.51215555491092,-18.5));
#11541=CARTESIAN_POINT('',(-5.88907374065857,1.51215555491092,-18.501));
#11542=CARTESIAN_POINT('Ctrl Pts',(-5.88907374065857,1.51215555491092,-18.501));
#11543=CARTESIAN_POINT('Ctrl Pts',(-5.88907374065857,1.6969205495604,-18.501));
#11544=CARTESIAN_POINT('Ctrl Pts',(-5.70917098271039,1.93030791122291,-18.501));
#11545=CARTESIAN_POINT('Ctrl Pts',(-5.53413046146351,2.01134518957795,-18.501));
#11546=CARTESIAN_POINT('',(-5.88907374065857,1.51215555491092,-18.5));
#11547=CARTESIAN_POINT('Ctrl Pts',(-5.23753402268407,0.909238203949441,
-18.5));
#11548=CARTESIAN_POINT('Ctrl Pts',(-5.23753402268407,0.909238203949441,
-18.501));
#11549=CARTESIAN_POINT('Ctrl Pts',(-5.5163022602254,0.909238203949441,-18.5));
#11550=CARTESIAN_POINT('Ctrl Pts',(-5.5163022602254,0.909238203949441,-18.501));
#11551=CARTESIAN_POINT('Ctrl Pts',(-5.88907374065857,1.256077755309,-18.5));
#11552=CARTESIAN_POINT('Ctrl Pts',(-5.88907374065857,1.256077755309,-18.501));
#11553=CARTESIAN_POINT('Ctrl Pts',(-5.88907374065857,1.51215555491092,-18.5));
#11554=CARTESIAN_POINT('Ctrl Pts',(-5.88907374065857,1.51215555491092,-18.501));
#11555=CARTESIAN_POINT('',(-5.23753402268407,0.909238203949441,-18.5));
#11556=CARTESIAN_POINT('Ctrl Pts',(-5.88907374065857,1.51215555491092,-18.5));
#11557=CARTESIAN_POINT('Ctrl Pts',(-5.88907374065857,1.256077755309,-18.5));
#11558=CARTESIAN_POINT('Ctrl Pts',(-5.5163022602254,0.909238203949441,-18.5));
#11559=CARTESIAN_POINT('Ctrl Pts',(-5.23753402268407,0.909238203949441,
-18.5));
#11560=CARTESIAN_POINT('',(-5.23753402268407,0.909238203949441,-18.501));
#11561=CARTESIAN_POINT('Ctrl Pts',(-5.23753402268407,0.909238203949441,
-18.501));
#11562=CARTESIAN_POINT('Ctrl Pts',(-5.5163022602254,0.909238203949441,-18.501));
#11563=CARTESIAN_POINT('Ctrl Pts',(-5.88907374065857,1.256077755309,-18.501));
#11564=CARTESIAN_POINT('Ctrl Pts',(-5.88907374065857,1.51215555491092,-18.501));
#11565=CARTESIAN_POINT('',(-5.23753402268407,0.909238203949441,-18.5));
#11566=CARTESIAN_POINT('Ctrl Pts',(-4.75779333482225,1.08103723406212,-18.5));
#11567=CARTESIAN_POINT('Ctrl Pts',(-4.75779333482225,1.08103723406212,-18.501));
#11568=CARTESIAN_POINT('Ctrl Pts',(-4.84369284987859,0.998379210139982,
-18.5));
#11569=CARTESIAN_POINT('Ctrl Pts',(-4.84369284987859,0.998379210139982,
-18.501));
#11570=CARTESIAN_POINT('Ctrl Pts',(-5.0884254305108,0.909238203949441,-18.5));
#11571=CARTESIAN_POINT('Ctrl Pts',(-5.0884254305108,0.909238203949441,-18.501));
#11572=CARTESIAN_POINT('Ctrl Pts',(-5.23753402268407,0.909238203949441,
-18.5));
#11573=CARTESIAN_POINT('Ctrl Pts',(-5.23753402268407,0.909238203949441,
-18.501));
#11574=CARTESIAN_POINT('Ctrl Pts',(-5.23753402268407,0.909238203949441,
-18.5));
#11575=CARTESIAN_POINT('Ctrl Pts',(-5.0884254305108,0.909238203949441,-18.5));
#11576=CARTESIAN_POINT('Ctrl Pts',(-4.84369284987859,0.998379210139982,
-18.5));
#11577=CARTESIAN_POINT('Ctrl Pts',(-4.75779333482225,1.08103723406212,-18.5));
#11578=CARTESIAN_POINT('Ctrl Pts',(-4.75779333482225,1.08103723406212,-18.501));
#11579=CARTESIAN_POINT('Ctrl Pts',(-4.84369284987859,0.998379210139982,
-18.501));
#11580=CARTESIAN_POINT('Ctrl Pts',(-5.0884254305108,0.909238203949441,-18.501));
#11581=CARTESIAN_POINT('Ctrl Pts',(-5.23753402268407,0.909238203949441,
-18.501));
#11582=CARTESIAN_POINT('Origin',(-5.23754549067745,1.9538168998658,-18.501));
#11583=CARTESIAN_POINT('Origin',(-3.25049995741855,1.85737436070338,-18.5));
#11584=CARTESIAN_POINT('',(-3.25049995741855,1.85737436070338,-18.5));
#11585=CARTESIAN_POINT('',(-3.92310936776536,1.85737436070338,-18.5));
#11586=CARTESIAN_POINT('',(-1.62524997870928,1.85737436070338,-18.5));
#11587=CARTESIAN_POINT('',(-3.25049995741855,1.85737436070338,-18.501));
#11588=CARTESIAN_POINT('',(-3.25049995741855,1.85737436070338,-18.5));
#11589=CARTESIAN_POINT('',(-3.92310936776536,1.85737436070338,-18.501));
#11590=CARTESIAN_POINT('',(-3.55279108462787,1.85737436070338,-18.501));
#11591=CARTESIAN_POINT('',(-3.92310936776536,1.85737436070338,-18.5));
#11592=CARTESIAN_POINT('Origin',(-3.92310936776536,2.63857372404594,-18.5));
#11593=CARTESIAN_POINT('',(-3.92310936776536,2.63857372404594,-18.5));
#11594=CARTESIAN_POINT('',(-2.43571054477445,0.911040633246858,-18.5));
#11595=CARTESIAN_POINT('',(-3.92310936776536,2.63857372404594,-18.501));
#11596=CARTESIAN_POINT('',(-3.92310936776536,2.63857372404594,-18.5));
#11597=CARTESIAN_POINT('',(-3.73062533509817,2.41501395598429,-18.501));
#11598=CARTESIAN_POINT('Origin',(-3.92310936776536,1.85737436070338,-18.5));
#11599=CARTESIAN_POINT('',(-3.92310936776536,0.928687180351689,-18.5));
#11600=CARTESIAN_POINT('',(-3.92310936776536,1.88797187036739,-18.501));
#11601=CARTESIAN_POINT('Origin',(-4.18080791293438,0.954619079828262,-18.5));
#11602=CARTESIAN_POINT('',(-4.18080791293438,1.64181520027898,-18.5));
#11603=CARTESIAN_POINT('',(-4.18080791293438,0.954619079828262,-18.5));
#11604=CARTESIAN_POINT('',(-4.18080791293438,0.477309539914131,-18.5));
#11605=CARTESIAN_POINT('',(-4.18080791293438,1.64181520027898,-18.501));
#11606=CARTESIAN_POINT('',(-4.18080791293438,1.64181520027898,-18.5));
#11607=CARTESIAN_POINT('',(-4.18080791293438,0.954619079828262,-18.501));
#11608=CARTESIAN_POINT('',(-4.18080791293438,1.64181520027898,-18.501));
#11609=CARTESIAN_POINT('',(-4.18080791293438,0.954619079828262,-18.5));
#11610=CARTESIAN_POINT('Origin',(-3.92310936776536,0.954619079828262,-18.5));
#11611=CARTESIAN_POINT('',(-3.92310936776536,0.954619079828262,-18.5));
#11612=CARTESIAN_POINT('',(-1.96155468388268,0.954619079828262,-18.5));
#11613=CARTESIAN_POINT('',(-3.92310936776536,0.954619079828262,-18.501));
#11614=CARTESIAN_POINT('',(-4.18080791293438,0.954619079828262,-18.501));
#11615=CARTESIAN_POINT('',(-3.92310936776536,0.954619079828262,-18.5));
#11616=CARTESIAN_POINT('Origin',(-3.92310936776536,1.64181520027898,-18.5));
#11617=CARTESIAN_POINT('',(-3.92310936776536,1.64181520027898,-18.5));
#11618=CARTESIAN_POINT('',(-3.92310936776536,0.82090760013949,-18.5));
#11619=CARTESIAN_POINT('',(-3.92310936776536,1.64181520027898,-18.501));
#11620=CARTESIAN_POINT('',(-3.92310936776536,0.954619079828262,-18.501));
#11621=CARTESIAN_POINT('',(-3.92310936776536,1.64181520027898,-18.5));
#11622=CARTESIAN_POINT('Origin',(-3.03980303369546,1.64181520027898,-18.5));
#11623=CARTESIAN_POINT('',(-3.03980303369546,1.64181520027898,-18.5));
#11624=CARTESIAN_POINT('',(-1.51990151684773,1.64181520027898,-18.5));
#11625=CARTESIAN_POINT('',(-3.03980303369546,1.64181520027898,-18.501));
#11626=CARTESIAN_POINT('',(-3.92310936776536,1.64181520027898,-18.501));
#11627=CARTESIAN_POINT('',(-3.03980303369546,1.64181520027898,-18.5));
#11628=CARTESIAN_POINT('Origin',(-3.03980303369546,1.92382492895451,-18.5));
#11629=CARTESIAN_POINT('',(-3.03980303369546,1.92382492895451,-18.5));
#11630=CARTESIAN_POINT('',(-3.03980303369546,0.961912464477255,-18.5));
#11631=CARTESIAN_POINT('',(-3.03980303369546,1.92382492895451,-18.501));
#11632=CARTESIAN_POINT('',(-3.03980303369546,1.64181520027898,-18.501));
#11633=CARTESIAN_POINT('',(-3.03980303369546,1.92382492895451,-18.5));
#11634=CARTESIAN_POINT('Origin',(-3.93445458673507,2.95461910963058,-18.5));
#11635=CARTESIAN_POINT('',(-3.93445458673507,2.95461910963058,-18.5));
#11636=CARTESIAN_POINT('',(-2.35794014056139,1.13820029121308,-18.5));
#11637=CARTESIAN_POINT('',(-3.93445458673507,2.95461910963058,-18.501));
#11638=CARTESIAN_POINT('',(-3.03980303369546,1.92382492895451,-18.501));
#11639=CARTESIAN_POINT('',(-3.93445458673507,2.95461910963058,-18.5));
#11640=CARTESIAN_POINT('Origin',(-4.18080791293438,2.95461910963058,-18.5));
#11641=CARTESIAN_POINT('',(-4.18080791293438,2.95461910963058,-18.5));
#11642=CARTESIAN_POINT('',(-2.09040395646719,2.95461910963058,-18.5));
#11643=CARTESIAN_POINT('',(-4.18080791293438,2.95461910963058,-18.501));
#11644=CARTESIAN_POINT('',(-3.93445458673507,2.95461910963058,-18.501));
#11645=CARTESIAN_POINT('',(-4.18080791293438,2.95461910963058,-18.5));
#11646=CARTESIAN_POINT('Origin',(-4.18080791293438,1.85737436070338,-18.5));
#11647=CARTESIAN_POINT('',(-4.18080791293438,1.85737436070338,-18.5));
#11648=CARTESIAN_POINT('',(-4.18080791293438,0.928687180351689,-18.5));
#11649=CARTESIAN_POINT('',(-4.18080791293438,1.85737436070338,-18.501));
#11650=CARTESIAN_POINT('',(-4.18080791293438,2.95461910963058,-18.501));
#11651=CARTESIAN_POINT('',(-4.18080791293438,1.85737436070338,-18.5));
#11652=CARTESIAN_POINT('Origin',(-4.41905751129819,1.85737436070338,-18.5));
#11653=CARTESIAN_POINT('',(-4.41905751129819,1.85737436070338,-18.5));
#11654=CARTESIAN_POINT('',(-2.2095287556491,1.85737436070338,-18.5));
#11655=CARTESIAN_POINT('',(-4.41905751129819,1.85737436070338,-18.501));
#11656=CARTESIAN_POINT('',(-4.18080791293438,1.85737436070338,-18.501));
#11657=CARTESIAN_POINT('',(-4.41905751129819,1.85737436070338,-18.5));
#11658=CARTESIAN_POINT('Origin',(-4.41905751129819,1.64181520027898,-18.5));
#11659=CARTESIAN_POINT('',(-4.41905751129819,1.64181520027898,-18.5));
#11660=CARTESIAN_POINT('',(-4.41905751129819,0.82090760013949,-18.5));
#11661=CARTESIAN_POINT('',(-4.41905751129819,1.64181520027898,-18.501));
#11662=CARTESIAN_POINT('',(-4.41905751129819,1.85737436070338,-18.501));
#11663=CARTESIAN_POINT('',(-4.41905751129819,1.64181520027898,-18.5));
#11664=CARTESIAN_POINT('Origin',(-4.18080791293438,1.64181520027898,-18.5));
#11665=CARTESIAN_POINT('',(-2.09040395646719,1.64181520027898,-18.5));
#11666=CARTESIAN_POINT('',(-4.41905751129819,1.64181520027898,-18.501));
#11667=CARTESIAN_POINT('Origin',(-3.85508221183719,1.9185693800314,-18.501));
#11668=CARTESIAN_POINT('Origin',(-1.182428613798,0.954619079828262,-18.5));
#11669=CARTESIAN_POINT('',(-1.182428613798,1.83954615946527,-18.5));
#11670=CARTESIAN_POINT('',(-1.182428613798,0.954619079828262,-18.5));
#11671=CARTESIAN_POINT('',(-1.182428613798,0.477309539914131,-18.5));
#11672=CARTESIAN_POINT('',(-1.182428613798,1.83954615946527,-18.501));
#11673=CARTESIAN_POINT('',(-1.182428613798,1.83954615946527,-18.5));
#11674=CARTESIAN_POINT('',(-1.182428613798,0.954619079828262,-18.501));
#11675=CARTESIAN_POINT('',(-1.182428613798,1.83954615946527,-18.501));
#11676=CARTESIAN_POINT('',(-1.182428613798,0.954619079828262,-18.5));
#11677=CARTESIAN_POINT('Origin',(-0.916626340793477,0.954619079828262,-18.5));
#11678=CARTESIAN_POINT('',(-0.916626340793477,0.954619079828262,-18.5));
#11679=CARTESIAN_POINT('',(-0.458313170396738,0.954619079828262,-18.5));
#11680=CARTESIAN_POINT('',(-0.916626340793477,0.954619079828262,-18.501));
#11681=CARTESIAN_POINT('',(-1.182428613798,0.954619079828262,-18.501));
#11682=CARTESIAN_POINT('',(-0.916626340793477,0.954619079828262,-18.5));
#11683=CARTESIAN_POINT('Origin',(-0.916626340793477,1.81199348482456,-18.5));
#11684=CARTESIAN_POINT('',(-0.916626340793477,1.81199348482456,-18.5));
#11685=CARTESIAN_POINT('',(-0.916626340793477,0.905996742412279,-18.5));
#11686=CARTESIAN_POINT('',(-0.916626340793477,1.81199348482456,-18.501));
#11687=CARTESIAN_POINT('',(-0.916626340793477,0.954619079828262,-18.501));
#11688=CARTESIAN_POINT('',(-0.916626340793477,1.81199348482456,-18.5));
#11689=CARTESIAN_POINT('Origin',(-0.240775439312465,2.95461910963058,-18.5));
#11690=CARTESIAN_POINT('',(-0.240775439312465,2.95461910963058,-18.5));
#11691=CARTESIAN_POINT('',(-0.856909175214639,1.91295416044346,-18.5));
#11692=CARTESIAN_POINT('',(-0.240775439312465,2.95461910963058,-18.501));
#11693=CARTESIAN_POINT('',(-0.916626340793477,1.81199348482456,-18.501));
#11694=CARTESIAN_POINT('',(-0.240775439312465,2.95461910963058,-18.5));
#11695=CARTESIAN_POINT('Origin',(-0.535751132524801,2.95461910963058,-18.5));
#11696=CARTESIAN_POINT('',(-0.535751132524801,2.95461910963058,-18.5));
#11697=CARTESIAN_POINT('',(-0.267875566262401,2.95461910963058,-18.5));
#11698=CARTESIAN_POINT('',(-0.535751132524801,2.95461910963058,-18.501));
#11699=CARTESIAN_POINT('',(-0.240775439312465,2.95461910963058,-18.501));
#11700=CARTESIAN_POINT('',(-0.535751132524801,2.95461910963058,-18.5));
#11701=CARTESIAN_POINT('Origin',(-1.05114822286284,2.07455426669488,-18.5));
#11702=CARTESIAN_POINT('',(-1.05114822286284,2.07455426669488,-18.5));
#11703=CARTESIAN_POINT('',(-1.36925737494958,1.53136788435808,-18.5));
#11704=CARTESIAN_POINT('',(-1.05114822286284,2.07455426669488,-18.501));
#11705=CARTESIAN_POINT('',(-0.535751132524801,2.95461910963058,-18.501));
#11706=CARTESIAN_POINT('',(-1.05114822286284,2.07455426669488,-18.5));
#11707=CARTESIAN_POINT('Origin',(-1.57626978660348,2.95461910963058,-18.5));
#11708=CARTESIAN_POINT('',(-1.57626978660348,2.95461910963058,-18.5));
#11709=CARTESIAN_POINT('',(-0.71929167578748,1.51838727576303,-18.5));
#11710=CARTESIAN_POINT('',(-1.57626978660348,2.95461910963058,-18.501));
#11711=CARTESIAN_POINT('',(-1.05114822286284,2.07455426669488,-18.501));
#11712=CARTESIAN_POINT('',(-1.57626978660348,2.95461910963058,-18.5));
#11713=CARTESIAN_POINT('Origin',(-1.85827951527901,2.95461910963058,-18.5));
#11714=CARTESIAN_POINT('',(-1.85827951527901,2.95461910963058,-18.5));
#11715=CARTESIAN_POINT('',(-0.929139757639506,2.95461910963058,-18.5));
#11716=CARTESIAN_POINT('',(-1.85827951527901,2.95461910963058,-18.501));
#11717=CARTESIAN_POINT('',(-1.57626978660348,2.95461910963058,-18.501));
#11718=CARTESIAN_POINT('',(-1.85827951527901,2.95461910963058,-18.5));
#11719=CARTESIAN_POINT('Origin',(-1.182428613798,1.83954615946527,-18.5));
#11720=CARTESIAN_POINT('',(-0.615886298904701,0.904819270624528,-18.5));
#11721=CARTESIAN_POINT('',(-1.85827951527901,2.95461910963058,-18.501));
#11722=CARTESIAN_POINT('Origin',(-1.04888822336752,2.17757997088437,-18.501));
#11723=CARTESIAN_POINT('Origin',(2.24220676948588,1.95137760359522,-18.5));
#11724=CARTESIAN_POINT('',(2.24220676948588,1.70826576853011,-18.5));
#11725=CARTESIAN_POINT('',(2.24220676948588,1.95137760359522,-18.5));
#11726=CARTESIAN_POINT('',(2.24220676948588,0.975688801797611,-18.5));
#11727=CARTESIAN_POINT('',(2.24220676948588,1.70826576853011,-18.501));
#11728=CARTESIAN_POINT('',(2.24220676948588,1.70826576853011,-18.5));
#11729=CARTESIAN_POINT('',(2.24220676948588,1.95137760359522,-18.501));
#11730=CARTESIAN_POINT('',(2.24220676948588,1.70826576853011,-18.501));
#11731=CARTESIAN_POINT('',(2.24220676948588,1.95137760359522,-18.5));
#11732=CARTESIAN_POINT('Origin',(1.48531858964983,1.95137760359522,-18.5));
#11733=CARTESIAN_POINT('',(1.48531858964983,1.95137760359522,-18.5));
#11734=CARTESIAN_POINT('',(0.742659294824916,1.95137760359522,-18.5));
#11735=CARTESIAN_POINT('',(1.48531858964983,1.95137760359522,-18.501));
#11736=CARTESIAN_POINT('',(2.24220676948588,1.95137760359522,-18.501));
#11737=CARTESIAN_POINT('',(1.48531858964983,1.95137760359522,-18.5));
#11738=CARTESIAN_POINT('Origin',(1.48531858964983,1.70826576853011,-18.5));
#11739=CARTESIAN_POINT('',(1.48531858964983,1.70826576853011,-18.5));
#11740=CARTESIAN_POINT('',(1.48531858964983,0.854132884265055,-18.5));
#11741=CARTESIAN_POINT('',(1.48531858964983,1.70826576853011,-18.501));
#11742=CARTESIAN_POINT('',(1.48531858964983,1.95137760359522,-18.501));
#11743=CARTESIAN_POINT('',(1.48531858964983,1.70826576853011,-18.5));
#11744=CARTESIAN_POINT('Origin',(2.24220676948588,1.70826576853011,-18.5));
#11745=CARTESIAN_POINT('',(1.12110338474294,1.70826576853011,-18.5));
#11746=CARTESIAN_POINT('',(1.48531858964983,1.70826576853011,-18.501));
#11747=CARTESIAN_POINT('Origin',(1.86376267956786,1.82982168606267,-18.501));
#11748=CARTESIAN_POINT('Origin',(5.21951637624995,1.23824955407089,-18.5));
#11749=CARTESIAN_POINT('',(5.21951637624995,0.954619079828262,-18.5));
#11750=CARTESIAN_POINT('',(5.21951637624995,1.23824955407089,-18.5));
#11751=CARTESIAN_POINT('',(5.21951637624995,0.619124777035447,-18.5));
#11752=CARTESIAN_POINT('',(5.21951637624995,0.954619079828262,-18.501));
#11753=CARTESIAN_POINT('',(5.21951637624995,0.954619079828262,-18.5));
#11754=CARTESIAN_POINT('',(5.21951637624995,1.23824955407089,-18.501));
#11755=CARTESIAN_POINT('',(5.21951637624995,0.954619079828262,-18.501));
#11756=CARTESIAN_POINT('',(5.21951637624995,1.23824955407089,-18.5));
#11757=CARTESIAN_POINT('Ctrl Pts',(4.73653419725393,1.71961098749982,-18.5));
#11758=CARTESIAN_POINT('Ctrl Pts',(4.73653419725393,1.71961098749982,-18.501));
#11759=CARTESIAN_POINT('Ctrl Pts',(4.84998638695098,1.59481357883306,-18.5));
#11760=CARTESIAN_POINT('Ctrl Pts',(4.84998638695098,1.59481357883306,-18.501));
#11761=CARTESIAN_POINT('Ctrl Pts',(5.08661523974769,1.36304696273765,-18.5));
#11762=CARTESIAN_POINT('Ctrl Pts',(5.08661523974769,1.36304696273765,-18.501));
#11763=CARTESIAN_POINT('Ctrl Pts',(5.21951637624995,1.23824955407089,-18.5));
#11764=CARTESIAN_POINT('Ctrl Pts',(5.21951637624995,1.23824955407089,-18.501));
#11765=CARTESIAN_POINT('',(4.73653419725393,1.71961098749982,-18.5));
#11766=CARTESIAN_POINT('Ctrl Pts',(5.21951637624995,1.23824955407089,-18.5));
#11767=CARTESIAN_POINT('Ctrl Pts',(5.08661523974769,1.36304696273765,-18.5));
#11768=CARTESIAN_POINT('Ctrl Pts',(4.84998638695098,1.59481357883306,-18.5));
#11769=CARTESIAN_POINT('Ctrl Pts',(4.73653419725393,1.71961098749982,-18.5));
#11770=CARTESIAN_POINT('',(4.73653419725393,1.71961098749982,-18.501));
#11771=CARTESIAN_POINT('Ctrl Pts',(4.73653419725393,1.71961098749982,-18.501));
#11772=CARTESIAN_POINT('Ctrl Pts',(4.84998638695098,1.59481357883306,-18.501));
#11773=CARTESIAN_POINT('Ctrl Pts',(5.08661523974769,1.36304696273765,-18.501));
#11774=CARTESIAN_POINT('Ctrl Pts',(5.21951637624995,1.23824955407089,-18.501));
#11775=CARTESIAN_POINT('',(4.73653419725393,1.71961098749982,-18.5));
#11776=CARTESIAN_POINT('Ctrl Pts',(4.34107227888135,2.43273903702414,-18.5));
#11777=CARTESIAN_POINT('Ctrl Pts',(4.34107227888135,2.43273903702414,-18.501));
#11778=CARTESIAN_POINT('Ctrl Pts',(4.34107227888135,2.27228522588117,-18.5));
#11779=CARTESIAN_POINT('Ctrl Pts',(4.34107227888135,2.27228522588117,-18.501));
#11780=CARTESIAN_POINT('Ctrl Pts',(4.50800907229273,1.97082655040043,-18.5));
#11781=CARTESIAN_POINT('Ctrl Pts',(4.50800907229273,1.97082655040043,-18.501));
#11782=CARTESIAN_POINT('Ctrl Pts',(4.73653419725393,1.71961098749982,-18.5));
#11783=CARTESIAN_POINT('Ctrl Pts',(4.73653419725393,1.71961098749982,-18.501));
#11784=CARTESIAN_POINT('',(4.34107227888135,2.43273903702414,-18.5));
#11785=CARTESIAN_POINT('Ctrl Pts',(4.73653419725393,1.71961098749982,-18.5));
#11786=CARTESIAN_POINT('Ctrl Pts',(4.50800907229273,1.97082655040043,-18.5));
#11787=CARTESIAN_POINT('Ctrl Pts',(4.34107227888135,2.27228522588117,-18.5));
#11788=CARTESIAN_POINT('Ctrl Pts',(4.34107227888135,2.43273903702414,-18.5));
#11789=CARTESIAN_POINT('',(4.34107227888135,2.43273903702414,-18.501));
#11790=CARTESIAN_POINT('Ctrl Pts',(4.34107227888135,2.43273903702414,-18.501));
#11791=CARTESIAN_POINT('Ctrl Pts',(4.34107227888135,2.27228522588117,-18.501));
#11792=CARTESIAN_POINT('Ctrl Pts',(4.50800907229273,1.97082655040043,-18.501));
#11793=CARTESIAN_POINT('Ctrl Pts',(4.73653419725393,1.71961098749982,-18.501));
#11794=CARTESIAN_POINT('',(4.34107227888135,2.43273903702414,-18.5));
#11795=CARTESIAN_POINT('Ctrl Pts',(4.43993775847449,2.68395459992476,-18.5));
#11796=CARTESIAN_POINT('Ctrl Pts',(4.43993775847449,2.68395459992476,-18.501));
#11797=CARTESIAN_POINT('Ctrl Pts',(4.39293613702857,2.64343596074724,-18.5));
#11798=CARTESIAN_POINT('Ctrl Pts',(4.39293613702857,2.64343596074724,-18.501));
#11799=CARTESIAN_POINT('Ctrl Pts',(4.34107227888135,2.51701780651338,-18.5));
#11800=CARTESIAN_POINT('Ctrl Pts',(4.34107227888135,2.51701780651338,-18.501));
#11801=CARTESIAN_POINT('Ctrl Pts',(4.34107227888135,2.43273903702414,-18.5));
#11802=CARTESIAN_POINT('Ctrl Pts',(4.34107227888135,2.43273903702414,-18.501));
#11803=CARTESIAN_POINT('',(4.43993775847449,2.68395459992476,-18.5));
#11804=CARTESIAN_POINT('Ctrl Pts',(4.34107227888135,2.43273903702414,-18.5));
#11805=CARTESIAN_POINT('Ctrl Pts',(4.34107227888135,2.51701780651338,-18.5));
#11806=CARTESIAN_POINT('Ctrl Pts',(4.39293613702857,2.64343596074724,-18.5));
#11807=CARTESIAN_POINT('Ctrl Pts',(4.43993775847449,2.68395459992476,-18.5));
#11808=CARTESIAN_POINT('',(4.43993775847449,2.68395459992476,-18.501));
#11809=CARTESIAN_POINT('Ctrl Pts',(4.43993775847449,2.68395459992476,-18.501));
#11810=CARTESIAN_POINT('Ctrl Pts',(4.39293613702857,2.64343596074724,-18.501));
#11811=CARTESIAN_POINT('Ctrl Pts',(4.34107227888135,2.51701780651338,-18.501));
#11812=CARTESIAN_POINT('Ctrl Pts',(4.34107227888135,2.43273903702414,-18.501));
#11813=CARTESIAN_POINT('',(4.43993775847449,2.68395459992476,-18.5));
#11814=CARTESIAN_POINT('Ctrl Pts',(4.68467033910671,2.7649918782798,-18.5));
#11815=CARTESIAN_POINT('Ctrl Pts',(4.68467033910671,2.7649918782798,-18.501));
#11816=CARTESIAN_POINT('Ctrl Pts',(4.61011604302007,2.7649918782798,-18.5));
#11817=CARTESIAN_POINT('Ctrl Pts',(4.61011604302007,2.7649918782798,-18.501));
#11818=CARTESIAN_POINT('Ctrl Pts',(4.48693937992042,2.72447323910228,-18.5));
#11819=CARTESIAN_POINT('Ctrl Pts',(4.48693937992042,2.72447323910228,-18.501));
#11820=CARTESIAN_POINT('Ctrl Pts',(4.43993775847449,2.68395459992476,-18.5));
#11821=CARTESIAN_POINT('Ctrl Pts',(4.43993775847449,2.68395459992476,-18.501));
#11822=CARTESIAN_POINT('',(4.68467033910671,2.7649918782798,-18.5));
#11823=CARTESIAN_POINT('Ctrl Pts',(4.43993775847449,2.68395459992476,-18.5));
#11824=CARTESIAN_POINT('Ctrl Pts',(4.48693937992042,2.72447323910228,-18.5));
#11825=CARTESIAN_POINT('Ctrl Pts',(4.61011604302007,2.7649918782798,-18.5));
#11826=CARTESIAN_POINT('Ctrl Pts',(4.68467033910671,2.7649918782798,-18.5));
#11827=CARTESIAN_POINT('',(4.68467033910671,2.7649918782798,-18.501));
#11828=CARTESIAN_POINT('Ctrl Pts',(4.68467033910671,2.7649918782798,-18.501));
#11829=CARTESIAN_POINT('Ctrl Pts',(4.61011604302007,2.7649918782798,-18.501));
#11830=CARTESIAN_POINT('Ctrl Pts',(4.48693937992042,2.72447323910228,-18.501));
#11831=CARTESIAN_POINT('Ctrl Pts',(4.43993775847449,2.68395459992476,-18.501));
#11832=CARTESIAN_POINT('',(4.68467033910671,2.7649918782798,-18.5));
#11833=CARTESIAN_POINT('Ctrl Pts',(4.96830081334934,2.70178280116287,-18.5));
#11834=CARTESIAN_POINT('Ctrl Pts',(4.96830081334934,2.70178280116287,-18.501));
#11835=CARTESIAN_POINT('Ctrl Pts',(4.90185024509821,2.72933547580358,-18.5));
#11836=CARTESIAN_POINT('Ctrl Pts',(4.90185024509821,2.72933547580358,-18.501));
#11837=CARTESIAN_POINT('Ctrl Pts',(4.75598314405914,2.7649918782798,-18.5));
#11838=CARTESIAN_POINT('Ctrl Pts',(4.75598314405914,2.7649918782798,-18.501));
#11839=CARTESIAN_POINT('Ctrl Pts',(4.68467033910671,2.7649918782798,-18.5));
#11840=CARTESIAN_POINT('Ctrl Pts',(4.68467033910671,2.7649918782798,-18.501));
#11841=CARTESIAN_POINT('',(4.96830081334934,2.70178280116287,-18.5));
#11842=CARTESIAN_POINT('Ctrl Pts',(4.68467033910671,2.7649918782798,-18.5));
#11843=CARTESIAN_POINT('Ctrl Pts',(4.75598314405914,2.7649918782798,-18.5));
#11844=CARTESIAN_POINT('Ctrl Pts',(4.90185024509821,2.72933547580358,-18.5));
#11845=CARTESIAN_POINT('Ctrl Pts',(4.96830081334934,2.70178280116287,-18.5));
#11846=CARTESIAN_POINT('',(4.96830081334934,2.70178280116287,-18.501));
#11847=CARTESIAN_POINT('Ctrl Pts',(4.96830081334934,2.70178280116287,-18.501));
#11848=CARTESIAN_POINT('Ctrl Pts',(4.90185024509821,2.72933547580358,-18.501));
#11849=CARTESIAN_POINT('Ctrl Pts',(4.75598314405914,2.7649918782798,-18.501));
#11850=CARTESIAN_POINT('Ctrl Pts',(4.68467033910671,2.7649918782798,-18.501));
#11851=CARTESIAN_POINT('',(4.96830081334934,2.70178280116287,-18.5));
#11852=CARTESIAN_POINT('Ctrl Pts',(5.16279028140143,2.59157210260002,-18.5));
#11853=CARTESIAN_POINT('Ctrl Pts',(5.16279028140143,2.59157210260002,-18.501));
#11854=CARTESIAN_POINT('Ctrl Pts',(5.13037537005941,2.61426254053943,-18.5));
#11855=CARTESIAN_POINT('Ctrl Pts',(5.13037537005941,2.61426254053943,-18.501));
#11856=CARTESIAN_POINT('Ctrl Pts',(5.02502690819786,2.67909236322346,-18.5));
#11857=CARTESIAN_POINT('Ctrl Pts',(5.02502690819786,2.67909236322346,-18.501));
#11858=CARTESIAN_POINT('Ctrl Pts',(4.96830081334934,2.70178280116287,-18.5));
#11859=CARTESIAN_POINT('Ctrl Pts',(4.96830081334934,2.70178280116287,-18.501));
#11860=CARTESIAN_POINT('',(5.16279028140143,2.59157210260002,-18.5));
#11861=CARTESIAN_POINT('Ctrl Pts',(4.96830081334934,2.70178280116287,-18.5));
#11862=CARTESIAN_POINT('Ctrl Pts',(5.02502690819786,2.67909236322346,-18.5));
#11863=CARTESIAN_POINT('Ctrl Pts',(5.13037537005941,2.61426254053943,-18.5));
#11864=CARTESIAN_POINT('Ctrl Pts',(5.16279028140143,2.59157210260002,-18.5));
#11865=CARTESIAN_POINT('',(5.16279028140143,2.59157210260002,-18.501));
#11866=CARTESIAN_POINT('Ctrl Pts',(5.16279028140143,2.59157210260002,-18.501));
#11867=CARTESIAN_POINT('Ctrl Pts',(5.13037537005941,2.61426254053943,-18.501));
#11868=CARTESIAN_POINT('Ctrl Pts',(5.02502690819786,2.67909236322346,-18.501));
#11869=CARTESIAN_POINT('Ctrl Pts',(4.96830081334934,2.70178280116287,-18.501));
#11870=CARTESIAN_POINT('',(5.16279028140143,2.59157210260002,-18.5));
#11871=CARTESIAN_POINT('Origin',(5.17737699150533,2.59157210260002,-18.5));
#11872=CARTESIAN_POINT('',(5.17737699150533,2.59157210260002,-18.5));
#11873=CARTESIAN_POINT('',(2.58868849575267,2.59157210260002,-18.5));
#11874=CARTESIAN_POINT('',(5.17737699150533,2.59157210260002,-18.501));
#11875=CARTESIAN_POINT('',(5.16279028140143,2.59157210260002,-18.501));
#11876=CARTESIAN_POINT('',(5.17737699150533,2.59157210260002,-18.5));
#11877=CARTESIAN_POINT('Origin',(5.17737699150533,2.87682332240975,-18.5));
#11878=CARTESIAN_POINT('',(5.17737699150533,2.87682332240975,-18.5));
#11879=CARTESIAN_POINT('',(5.17737699150533,1.43841166120487,-18.5));
#11880=CARTESIAN_POINT('',(5.17737699150533,2.87682332240975,-18.501));
#11881=CARTESIAN_POINT('',(5.17737699150533,2.59157210260002,-18.501));
#11882=CARTESIAN_POINT('',(5.17737699150533,2.87682332240975,-18.5));
#11883=CARTESIAN_POINT('Ctrl Pts',(4.6652213923015,2.9967584943752,-18.5));
#11884=CARTESIAN_POINT('Ctrl Pts',(4.6652213923015,2.9967584943752,-18.501));
#11885=CARTESIAN_POINT('Ctrl Pts',(4.79812252880376,2.9967584943752,-18.5));
#11886=CARTESIAN_POINT('Ctrl Pts',(4.79812252880376,2.9967584943752,-18.501));
#11887=CARTESIAN_POINT('Ctrl Pts',(5.0947189675832,2.91734196158727,-18.5));
#11888=CARTESIAN_POINT('Ctrl Pts',(5.0947189675832,2.91734196158727,-18.501));
#11889=CARTESIAN_POINT('Ctrl Pts',(5.17737699150533,2.87682332240975,-18.5));
#11890=CARTESIAN_POINT('Ctrl Pts',(5.17737699150533,2.87682332240975,-18.501));
#11891=CARTESIAN_POINT('',(4.6652213923015,2.9967584943752,-18.5));
#11892=CARTESIAN_POINT('Ctrl Pts',(5.17737699150533,2.87682332240975,-18.5));
#11893=CARTESIAN_POINT('Ctrl Pts',(5.0947189675832,2.91734196158727,-18.5));
#11894=CARTESIAN_POINT('Ctrl Pts',(4.79812252880376,2.9967584943752,-18.5));
#11895=CARTESIAN_POINT('Ctrl Pts',(4.6652213923015,2.9967584943752,-18.5));
#11896=CARTESIAN_POINT('',(4.6652213923015,2.9967584943752,-18.501));
#11897=CARTESIAN_POINT('Ctrl Pts',(4.6652213923015,2.9967584943752,-18.501));
#11898=CARTESIAN_POINT('Ctrl Pts',(4.79812252880376,2.9967584943752,-18.501));
#11899=CARTESIAN_POINT('Ctrl Pts',(5.0947189675832,2.91734196158727,-18.501));
#11900=CARTESIAN_POINT('Ctrl Pts',(5.17737699150533,2.87682332240975,-18.501));
#11901=CARTESIAN_POINT('',(4.6652213923015,2.9967584943752,-18.5));
#11902=CARTESIAN_POINT('Ctrl Pts',(4.06878702360842,2.44732574712805,-18.5));
#11903=CARTESIAN_POINT('Ctrl Pts',(4.06878702360842,2.44732574712805,-18.501));
#11904=CARTESIAN_POINT('Ctrl Pts',(4.06878702360842,2.70016205559577,-18.5));
#11905=CARTESIAN_POINT('Ctrl Pts',(4.06878702360842,2.70016205559577,-18.501));
#11906=CARTESIAN_POINT('Ctrl Pts',(4.38483240919307,2.9967584943752,-18.5));
#11907=CARTESIAN_POINT('Ctrl Pts',(4.38483240919307,2.9967584943752,-18.501));
#11908=CARTESIAN_POINT('Ctrl Pts',(4.6652213923015,2.9967584943752,-18.5));
#11909=CARTESIAN_POINT('Ctrl Pts',(4.6652213923015,2.9967584943752,-18.501));
#11910=CARTESIAN_POINT('',(4.06878702360842,2.44732574712805,-18.5));
#11911=CARTESIAN_POINT('Ctrl Pts',(4.6652213923015,2.9967584943752,-18.5));
#11912=CARTESIAN_POINT('Ctrl Pts',(4.38483240919307,2.9967584943752,-18.5));
#11913=CARTESIAN_POINT('Ctrl Pts',(4.06878702360842,2.70016205559577,-18.5));
#11914=CARTESIAN_POINT('Ctrl Pts',(4.06878702360842,2.44732574712805,-18.5));
#11915=CARTESIAN_POINT('',(4.06878702360842,2.44732574712805,-18.501));
#11916=CARTESIAN_POINT('Ctrl Pts',(4.06878702360842,2.44732574712805,-18.501));
#11917=CARTESIAN_POINT('Ctrl Pts',(4.06878702360842,2.70016205559577,-18.501));
#11918=CARTESIAN_POINT('Ctrl Pts',(4.38483240919307,2.9967584943752,-18.501));
#11919=CARTESIAN_POINT('Ctrl Pts',(4.6652213923015,2.9967584943752,-18.501));
#11920=CARTESIAN_POINT('',(4.06878702360842,2.44732574712805,-18.5));
#11921=CARTESIAN_POINT('Ctrl Pts',(4.17251473990287,2.04700159205417,-18.5));
#11922=CARTESIAN_POINT('Ctrl Pts',(4.17251473990287,2.04700159205417,-18.501));
#11923=CARTESIAN_POINT('Ctrl Pts',(4.12389237288985,2.13128036154341,-18.5));
#11924=CARTESIAN_POINT('Ctrl Pts',(4.12389237288985,2.13128036154341,-18.501));
#11925=CARTESIAN_POINT('Ctrl Pts',(4.06878702360842,2.3290113207297,-18.5));
#11926=CARTESIAN_POINT('Ctrl Pts',(4.06878702360842,2.3290113207297,-18.501));
#11927=CARTESIAN_POINT('Ctrl Pts',(4.06878702360842,2.44732574712805,-18.5));
#11928=CARTESIAN_POINT('Ctrl Pts',(4.06878702360842,2.44732574712805,-18.501));
#11929=CARTESIAN_POINT('',(4.17251473990287,2.04700159205417,-18.5));
#11930=CARTESIAN_POINT('Ctrl Pts',(4.06878702360842,2.44732574712805,-18.5));
#11931=CARTESIAN_POINT('Ctrl Pts',(4.06878702360842,2.3290113207297,-18.5));
#11932=CARTESIAN_POINT('Ctrl Pts',(4.12389237288985,2.13128036154341,-18.5));
#11933=CARTESIAN_POINT('Ctrl Pts',(4.17251473990287,2.04700159205417,-18.5));
#11934=CARTESIAN_POINT('',(4.17251473990287,2.04700159205417,-18.501));
#11935=CARTESIAN_POINT('Ctrl Pts',(4.17251473990287,2.04700159205417,-18.501));
#11936=CARTESIAN_POINT('Ctrl Pts',(4.12389237288985,2.13128036154341,-18.501));
#11937=CARTESIAN_POINT('Ctrl Pts',(4.06878702360842,2.3290113207297,-18.501));
#11938=CARTESIAN_POINT('Ctrl Pts',(4.06878702360842,2.44732574712805,-18.501));
#11939=CARTESIAN_POINT('',(4.17251473990287,2.04700159205417,-18.5));
#11940=CARTESIAN_POINT('Ctrl Pts',(4.43993775847449,1.70502427739591,-18.5));
#11941=CARTESIAN_POINT('Ctrl Pts',(4.43993775847449,1.70502427739591,-18.501));
#11942=CARTESIAN_POINT('Ctrl Pts',(4.36214197125366,1.78768230131805,-18.5));
#11943=CARTESIAN_POINT('Ctrl Pts',(4.36214197125366,1.78768230131805,-18.501));
#11944=CARTESIAN_POINT('Ctrl Pts',(4.22113710691589,1.95948133143073,-18.5));
#11945=CARTESIAN_POINT('Ctrl Pts',(4.22113710691589,1.95948133143073,-18.501));
#11946=CARTESIAN_POINT('Ctrl Pts',(4.17251473990287,2.04700159205417,-18.5));
#11947=CARTESIAN_POINT('Ctrl Pts',(4.17251473990287,2.04700159205417,-18.501));
#11948=CARTESIAN_POINT('',(4.43993775847449,1.70502427739591,-18.5));
#11949=CARTESIAN_POINT('Ctrl Pts',(4.17251473990287,2.04700159205417,-18.5));
#11950=CARTESIAN_POINT('Ctrl Pts',(4.22113710691589,1.95948133143073,-18.5));
#11951=CARTESIAN_POINT('Ctrl Pts',(4.36214197125366,1.78768230131805,-18.5));
#11952=CARTESIAN_POINT('Ctrl Pts',(4.43993775847449,1.70502427739591,-18.5));
#11953=CARTESIAN_POINT('',(4.43993775847449,1.70502427739591,-18.501));
#11954=CARTESIAN_POINT('Ctrl Pts',(4.43993775847449,1.70502427739591,-18.501));
#11955=CARTESIAN_POINT('Ctrl Pts',(4.36214197125366,1.78768230131805,-18.501));
#11956=CARTESIAN_POINT('Ctrl Pts',(4.22113710691589,1.95948133143073,-18.501));
#11957=CARTESIAN_POINT('Ctrl Pts',(4.17251473990287,2.04700159205417,-18.501));
#11958=CARTESIAN_POINT('',(4.43993775847449,1.70502427739591,-18.5));
#11959=CARTESIAN_POINT('Ctrl Pts',(4.96830081334934,1.18638569592367,-18.5));
#11960=CARTESIAN_POINT('Ctrl Pts',(4.96830081334934,1.18638569592367,-18.501));
#11961=CARTESIAN_POINT('Ctrl Pts',(4.8759183160246,1.27228521098001,-18.5));
#11962=CARTESIAN_POINT('Ctrl Pts',(4.8759183160246,1.27228521098001,-18.501));
#11963=CARTESIAN_POINT('Ctrl Pts',(4.56635591270835,1.56726090419234,-18.5));
#11964=CARTESIAN_POINT('Ctrl Pts',(4.56635591270835,1.56726090419234,-18.501));
#11965=CARTESIAN_POINT('Ctrl Pts',(4.43993775847449,1.70502427739591,-18.5));
#11966=CARTESIAN_POINT('Ctrl Pts',(4.43993775847449,1.70502427739591,-18.501));
#11967=CARTESIAN_POINT('',(4.96830081334934,1.18638569592367,-18.5));
#11968=CARTESIAN_POINT('Ctrl Pts',(4.43993775847449,1.70502427739591,-18.5));
#11969=CARTESIAN_POINT('Ctrl Pts',(4.56635591270835,1.56726090419234,-18.5));
#11970=CARTESIAN_POINT('Ctrl Pts',(4.8759183160246,1.27228521098001,-18.5));
#11971=CARTESIAN_POINT('Ctrl Pts',(4.96830081334934,1.18638569592367,-18.5));
#11972=CARTESIAN_POINT('',(4.96830081334934,1.18638569592367,-18.501));
#11973=CARTESIAN_POINT('Ctrl Pts',(4.96830081334934,1.18638569592367,-18.501));
#11974=CARTESIAN_POINT('Ctrl Pts',(4.8759183160246,1.27228521098001,-18.501));
#11975=CARTESIAN_POINT('Ctrl Pts',(4.56635591270835,1.56726090419234,-18.501));
#11976=CARTESIAN_POINT('Ctrl Pts',(4.43993775847449,1.70502427739591,-18.501));
#11977=CARTESIAN_POINT('',(4.96830081334934,1.18638569592367,-18.5));
#11978=CARTESIAN_POINT('Origin',(3.98612899968628,1.18638569592367,-18.5));
#11979=CARTESIAN_POINT('',(3.98612899968628,1.18638569592367,-18.5));
#11980=CARTESIAN_POINT('',(1.99306449984314,1.18638569592367,-18.5));
#11981=CARTESIAN_POINT('',(3.98612899968628,1.18638569592367,-18.501));
#11982=CARTESIAN_POINT('',(4.96830081334934,1.18638569592367,-18.501));
#11983=CARTESIAN_POINT('',(3.98612899968628,1.18638569592367,-18.5));
#11984=CARTESIAN_POINT('Origin',(3.98612899968628,0.954619079828262,-18.5));
#11985=CARTESIAN_POINT('',(3.98612899968628,0.954619079828262,-18.5));
#11986=CARTESIAN_POINT('',(3.98612899968628,0.477309539914131,-18.5));
#11987=CARTESIAN_POINT('',(3.98612899968628,0.954619079828262,-18.501));
#11988=CARTESIAN_POINT('',(3.98612899968628,1.18638569592367,-18.501));
#11989=CARTESIAN_POINT('',(3.98612899968628,0.954619079828262,-18.5));
#11990=CARTESIAN_POINT('Origin',(5.21951637624995,0.954619079828262,-18.5));
#11991=CARTESIAN_POINT('',(2.60975818812498,0.954619079828262,-18.5));
#11992=CARTESIAN_POINT('',(3.98612899968628,0.954619079828262,-18.501));
#11993=CARTESIAN_POINT('Origin',(4.59997412417248,1.80975068049495,-18.501));
#11994=CARTESIAN_POINT('Ctrl Pts',(-10.0079549221013,5.6853247190161,-18.5));
#11995=CARTESIAN_POINT('Ctrl Pts',(-10.0079549221013,5.6853247190161,-18.501));
#11996=CARTESIAN_POINT('Ctrl Pts',(-10.066301762517,5.74043006829753,-18.5));
#11997=CARTESIAN_POINT('Ctrl Pts',(-10.066301762517,5.74043006829753,-18.501));
#11998=CARTESIAN_POINT('Ctrl Pts',(-10.1214071117984,5.8960216427392,-18.5));
#11999=CARTESIAN_POINT('Ctrl Pts',(-10.1214071117984,5.8960216427392,-18.501));
#12000=CARTESIAN_POINT('Ctrl Pts',(-10.1214071117984,5.99974935903365,-18.5));
#12001=CARTESIAN_POINT('Ctrl Pts',(-10.1214071117984,5.99974935903365,-18.501));
#12002=CARTESIAN_POINT('',(-10.0079549221013,5.6853247190161,-18.5));
#12003=CARTESIAN_POINT('',(-10.1214071117984,5.99974935903365,-18.5));
#12004=CARTESIAN_POINT('Ctrl Pts',(-10.0079549221013,5.6853247190161,-18.5));
#12005=CARTESIAN_POINT('Ctrl Pts',(-10.066301762517,5.74043006829753,-18.5));
#12006=CARTESIAN_POINT('Ctrl Pts',(-10.1214071117984,5.8960216427392,-18.5));
#12007=CARTESIAN_POINT('Ctrl Pts',(-10.1214071117984,5.99974935903365,-18.5));
#12008=CARTESIAN_POINT('',(-10.0079549221013,5.6853247190161,-18.501));
#12009=CARTESIAN_POINT('',(-10.0079549221013,5.6853247190161,-18.5));
#12010=CARTESIAN_POINT('',(-10.1214071117984,5.99974935903365,-18.501));
#12011=CARTESIAN_POINT('Ctrl Pts',(-10.1214071117984,5.99974935903365,-18.501));
#12012=CARTESIAN_POINT('Ctrl Pts',(-10.1214071117984,5.8960216427392,-18.501));
#12013=CARTESIAN_POINT('Ctrl Pts',(-10.066301762517,5.74043006829753,-18.501));
#12014=CARTESIAN_POINT('Ctrl Pts',(-10.0079549221013,5.6853247190161,-18.501));
#12015=CARTESIAN_POINT('',(-10.1214071117984,5.99974935903365,-18.5));
#12016=CARTESIAN_POINT('Ctrl Pts',(-9.64652866063788,5.58159700272165,-18.5));
#12017=CARTESIAN_POINT('Ctrl Pts',(-9.64652866063788,5.58159700272165,-18.501));
#12018=CARTESIAN_POINT('Ctrl Pts',(-9.76160159590204,5.58159700272165,-18.5));
#12019=CARTESIAN_POINT('Ctrl Pts',(-9.76160159590204,5.58159700272165,-18.501));
#12020=CARTESIAN_POINT('Ctrl Pts',(-9.94474584498442,5.62211564189917,-18.5));
#12021=CARTESIAN_POINT('Ctrl Pts',(-9.94474584498442,5.62211564189917,-18.501));
#12022=CARTESIAN_POINT('Ctrl Pts',(-10.0079549221013,5.6853247190161,-18.5));
#12023=CARTESIAN_POINT('Ctrl Pts',(-10.0079549221013,5.6853247190161,-18.501));
#12024=CARTESIAN_POINT('',(-9.64652866063788,5.58159700272165,-18.5));
#12025=CARTESIAN_POINT('Ctrl Pts',(-9.64652866063788,5.58159700272165,-18.5));
#12026=CARTESIAN_POINT('Ctrl Pts',(-9.76160159590204,5.58159700272165,-18.5));
#12027=CARTESIAN_POINT('Ctrl Pts',(-9.94474584498442,5.62211564189917,-18.5));
#12028=CARTESIAN_POINT('Ctrl Pts',(-10.0079549221013,5.6853247190161,-18.5));
#12029=CARTESIAN_POINT('',(-9.64652866063788,5.58159700272165,-18.501));
#12030=CARTESIAN_POINT('',(-9.64652866063788,5.58159700272165,-18.5));
#12031=CARTESIAN_POINT('Ctrl Pts',(-10.0079549221013,5.6853247190161,-18.501));
#12032=CARTESIAN_POINT('Ctrl Pts',(-9.94474584498442,5.62211564189917,-18.501));
#12033=CARTESIAN_POINT('Ctrl Pts',(-9.76160159590204,5.58159700272165,-18.501));
#12034=CARTESIAN_POINT('Ctrl Pts',(-9.64652866063788,5.58159700272165,-18.501));
#12035=CARTESIAN_POINT('Origin',(-9.41314129897537,5.58159700272165,-18.5));
#12036=CARTESIAN_POINT('',(-9.41314129897537,5.58159700272165,-18.5));
#12037=CARTESIAN_POINT('',(-4.70657064948769,5.58159700272165,-18.5));
#12038=CARTESIAN_POINT('',(-9.41314129897537,5.58159700272165,-18.501));
#12039=CARTESIAN_POINT('',(-9.41314129897537,5.58159700272165,-18.5));
#12040=CARTESIAN_POINT('',(-9.57955307274639,5.58159700272165,-18.501));
#12041=CARTESIAN_POINT('Origin',(-9.41314129897537,6.3336229458564,-18.5));
#12042=CARTESIAN_POINT('',(-9.41314129897537,6.3336229458564,-18.5));
#12043=CARTESIAN_POINT('',(-9.41314129897537,3.1668114729282,-18.5));
#12044=CARTESIAN_POINT('',(-9.41314129897537,6.3336229458564,-18.501));
#12045=CARTESIAN_POINT('',(-9.41314129897537,6.3336229458564,-18.5));
#12046=CARTESIAN_POINT('',(-9.41314129897537,5.87360449390971,-18.501));
#12047=CARTESIAN_POINT('Origin',(-9.6773228264128,6.3336229458564,-18.5));
#12048=CARTESIAN_POINT('',(-9.6773228264128,6.3336229458564,-18.5));
#12049=CARTESIAN_POINT('',(-4.8386614132064,6.3336229458564,-18.5));
#12050=CARTESIAN_POINT('',(-9.6773228264128,6.3336229458564,-18.501));
#12051=CARTESIAN_POINT('',(-9.6773228264128,6.3336229458564,-18.5));
#12052=CARTESIAN_POINT('',(-9.7116438364651,6.3336229458564,-18.501));
#12053=CARTESIAN_POINT('Ctrl Pts',(-9.99498895756454,6.26555163203817,-18.5));
#12054=CARTESIAN_POINT('Ctrl Pts',(-9.99498895756454,6.26555163203817,-18.501));
#12055=CARTESIAN_POINT('Ctrl Pts',(-9.93826286271602,6.30282878008149,-18.5));
#12056=CARTESIAN_POINT('Ctrl Pts',(-9.93826286271602,6.30282878008149,-18.501));
#12057=CARTESIAN_POINT('Ctrl Pts',(-9.78753352497565,6.3336229458564,-18.5));
#12058=CARTESIAN_POINT('Ctrl Pts',(-9.78753352497565,6.3336229458564,-18.501));
#12059=CARTESIAN_POINT('Ctrl Pts',(-9.6773228264128,6.3336229458564,-18.5));
#12060=CARTESIAN_POINT('Ctrl Pts',(-9.6773228264128,6.3336229458564,-18.501));
#12061=CARTESIAN_POINT('',(-9.99498895756454,6.26555163203817,-18.5));
#12062=CARTESIAN_POINT('Ctrl Pts',(-9.99498895756454,6.26555163203817,-18.5));
#12063=CARTESIAN_POINT('Ctrl Pts',(-9.93826286271602,6.30282878008149,-18.5));
#12064=CARTESIAN_POINT('Ctrl Pts',(-9.78753352497565,6.3336229458564,-18.5));
#12065=CARTESIAN_POINT('Ctrl Pts',(-9.6773228264128,6.3336229458564,-18.5));
#12066=CARTESIAN_POINT('',(-9.99498895756454,6.26555163203817,-18.501));
#12067=CARTESIAN_POINT('',(-9.99498895756454,6.26555163203817,-18.5));
#12068=CARTESIAN_POINT('Ctrl Pts',(-9.6773228264128,6.3336229458564,-18.501));
#12069=CARTESIAN_POINT('Ctrl Pts',(-9.78753352497565,6.3336229458564,-18.501));
#12070=CARTESIAN_POINT('Ctrl Pts',(-9.93826286271602,6.30282878008149,-18.501));
#12071=CARTESIAN_POINT('Ctrl Pts',(-9.99498895756454,6.26555163203817,-18.501));
#12072=CARTESIAN_POINT('Ctrl Pts',(-10.1214071117984,5.99974935903365,-18.5));
#12073=CARTESIAN_POINT('Ctrl Pts',(-10.1214071117984,5.99974935903365,-18.501));
#12074=CARTESIAN_POINT('Ctrl Pts',(-10.1214071117984,6.08726961965709,-18.5));
#12075=CARTESIAN_POINT('Ctrl Pts',(-10.1214071117984,6.08726961965709,-18.501));
#12076=CARTESIAN_POINT('Ctrl Pts',(-10.0598187802486,6.22179150172645,-18.5));
#12077=CARTESIAN_POINT('Ctrl Pts',(-10.0598187802486,6.22179150172645,-18.501));
#12078=CARTESIAN_POINT('Ctrl Pts',(-9.99498895756454,6.26555163203817,-18.5));
#12079=CARTESIAN_POINT('Ctrl Pts',(-9.99498895756454,6.26555163203817,-18.501));
#12080=CARTESIAN_POINT('Ctrl Pts',(-10.1214071117984,5.99974935903365,-18.5));
#12081=CARTESIAN_POINT('Ctrl Pts',(-10.1214071117984,6.08726961965709,-18.5));
#12082=CARTESIAN_POINT('Ctrl Pts',(-10.0598187802486,6.22179150172645,-18.5));
#12083=CARTESIAN_POINT('Ctrl Pts',(-9.99498895756454,6.26555163203817,-18.5));
#12084=CARTESIAN_POINT('Ctrl Pts',(-9.99498895756454,6.26555163203817,-18.501));
#12085=CARTESIAN_POINT('Ctrl Pts',(-10.0598187802486,6.22179150172645,-18.501));
#12086=CARTESIAN_POINT('Ctrl Pts',(-10.1214071117984,6.08726961965709,-18.501));
#12087=CARTESIAN_POINT('Ctrl Pts',(-10.1214071117984,5.99974935903365,-18.501));
#12088=CARTESIAN_POINT('Origin',(-9.71784146559031,5.35955486002885,-18.5));
#12089=CARTESIAN_POINT('',(-10.3499322367596,4.56376878658238,-18.5));
#12090=CARTESIAN_POINT('',(-9.71784146559031,5.35955486002885,-18.5));
#12091=CARTESIAN_POINT('',(-9.14331913774466,6.08286373944479,-18.5));
#12092=CARTESIAN_POINT('',(-10.3499322367596,4.56376878658238,-18.501));
#12093=CARTESIAN_POINT('',(-10.3499322367596,4.56376878658238,-18.5));
#12094=CARTESIAN_POINT('',(-9.71784146559031,5.35955486002885,-18.501));
#12095=CARTESIAN_POINT('',(-10.3499322367596,4.56376878658238,-18.501));
#12096=CARTESIAN_POINT('',(-9.71784146559031,5.35955486002885,-18.5));
#12097=CARTESIAN_POINT('Origin',(-9.41314129897537,5.35955486002885,-18.5));
#12098=CARTESIAN_POINT('',(-9.41314129897537,5.35955486002885,-18.5));
#12099=CARTESIAN_POINT('',(-4.70657064948769,5.35955486002885,-18.5));
#12100=CARTESIAN_POINT('',(-9.41314129897537,5.35955486002885,-18.501));
#12101=CARTESIAN_POINT('',(-9.71784146559031,5.35955486002885,-18.501));
#12102=CARTESIAN_POINT('',(-9.41314129897537,5.35955486002885,-18.5));
#12103=CARTESIAN_POINT('Origin',(-9.41314129897537,4.56376878658238,-18.5));
#12104=CARTESIAN_POINT('',(-9.41314129897537,4.56376878658238,-18.5));
#12105=CARTESIAN_POINT('',(-9.41314129897537,2.28188439329119,-18.5));
#12106=CARTESIAN_POINT('',(-9.41314129897537,4.56376878658238,-18.501));
#12107=CARTESIAN_POINT('',(-9.41314129897537,5.35955486002885,-18.501));
#12108=CARTESIAN_POINT('',(-9.41314129897537,4.56376878658238,-18.5));
#12109=CARTESIAN_POINT('Origin',(-9.14733902597085,4.56376878658238,-18.5));
#12110=CARTESIAN_POINT('',(-9.14733902597085,4.56376878658238,-18.5));
#12111=CARTESIAN_POINT('',(-4.57366951298543,4.56376878658238,-18.5));
#12112=CARTESIAN_POINT('',(-9.14733902597085,4.56376878658238,-18.501));
#12113=CARTESIAN_POINT('',(-9.41314129897537,4.56376878658238,-18.501));
#12114=CARTESIAN_POINT('',(-9.14733902597085,4.56376878658238,-18.5));
#12115=CARTESIAN_POINT('Origin',(-9.14733902597085,6.56376881638471,-18.5));
#12116=CARTESIAN_POINT('',(-9.14733902597085,6.56376881638471,-18.5));
#12117=CARTESIAN_POINT('',(-9.14733902597085,3.28188440819235,-18.5));
#12118=CARTESIAN_POINT('',(-9.14733902597085,6.56376881638471,-18.501));
#12119=CARTESIAN_POINT('',(-9.14733902597085,4.56376878658238,-18.501));
#12120=CARTESIAN_POINT('',(-9.14733902597085,6.56376881638471,-18.5));
#12121=CARTESIAN_POINT('Origin',(-9.66273611630889,6.56376881638471,-18.5));
#12122=CARTESIAN_POINT('',(-9.66273611630889,6.56376881638471,-18.5));
#12123=CARTESIAN_POINT('',(-4.83136805815445,6.56376881638471,-18.5));
#12124=CARTESIAN_POINT('',(-9.66273611630889,6.56376881638471,-18.501));
#12125=CARTESIAN_POINT('',(-9.14733902597085,6.56376881638471,-18.501));
#12126=CARTESIAN_POINT('',(-9.66273611630889,6.56376881638471,-18.5));
#12127=CARTESIAN_POINT('Ctrl Pts',(-10.1716502243785,6.45842035452316,-18.5));
#12128=CARTESIAN_POINT('Ctrl Pts',(-10.1716502243785,6.45842035452316,-18.501));
#12129=CARTESIAN_POINT('Ctrl Pts',(-10.066301762517,6.52649166834139,-18.5));
#12130=CARTESIAN_POINT('Ctrl Pts',(-10.066301762517,6.52649166834139,-18.501));
#12131=CARTESIAN_POINT('Ctrl Pts',(-9.83453514642157,6.56376881638471,-18.5));
#12132=CARTESIAN_POINT('Ctrl Pts',(-9.83453514642157,6.56376881638471,-18.501));
#12133=CARTESIAN_POINT('Ctrl Pts',(-9.66273611630889,6.56376881638471,-18.5));
#12134=CARTESIAN_POINT('Ctrl Pts',(-9.66273611630889,6.56376881638471,-18.501));
#12135=CARTESIAN_POINT('',(-10.1716502243785,6.45842035452316,-18.5));
#12136=CARTESIAN_POINT('Ctrl Pts',(-9.66273611630889,6.56376881638471,-18.5));
#12137=CARTESIAN_POINT('Ctrl Pts',(-9.83453514642157,6.56376881638471,-18.5));
#12138=CARTESIAN_POINT('Ctrl Pts',(-10.066301762517,6.52649166834139,-18.5));
#12139=CARTESIAN_POINT('Ctrl Pts',(-10.1716502243785,6.45842035452316,-18.5));
#12140=CARTESIAN_POINT('',(-10.1716502243785,6.45842035452316,-18.501));
#12141=CARTESIAN_POINT('Ctrl Pts',(-10.1716502243785,6.45842035452316,-18.501));
#12142=CARTESIAN_POINT('Ctrl Pts',(-10.066301762517,6.52649166834139,-18.501));
#12143=CARTESIAN_POINT('Ctrl Pts',(-9.83453514642157,6.56376881638471,-18.501));
#12144=CARTESIAN_POINT('Ctrl Pts',(-9.66273611630889,6.56376881638471,-18.501));
#12145=CARTESIAN_POINT('',(-10.1716502243785,6.45842035452316,-18.5));
#12146=CARTESIAN_POINT('Ctrl Pts',(-10.3985546037726,6.02081905140596,-18.5));
#12147=CARTESIAN_POINT('Ctrl Pts',(-10.3985546037726,6.02081905140596,-18.501));
#12148=CARTESIAN_POINT('Ctrl Pts',(-10.3985546037726,6.17803137141473,-18.5));
#12149=CARTESIAN_POINT('Ctrl Pts',(-10.3985546037726,6.17803137141473,-18.501));
#12150=CARTESIAN_POINT('Ctrl Pts',(-10.2769986862401,6.39034904070493,-18.5));
#12151=CARTESIAN_POINT('Ctrl Pts',(-10.2769986862401,6.39034904070493,-18.501));
#12152=CARTESIAN_POINT('Ctrl Pts',(-10.1716502243785,6.45842035452316,-18.5));
#12153=CARTESIAN_POINT('Ctrl Pts',(-10.1716502243785,6.45842035452316,-18.501));
#12154=CARTESIAN_POINT('',(-10.3985546037726,6.02081905140596,-18.5));
#12155=CARTESIAN_POINT('Ctrl Pts',(-10.1716502243785,6.45842035452316,-18.5));
#12156=CARTESIAN_POINT('Ctrl Pts',(-10.2769986862401,6.39034904070493,-18.5));
#12157=CARTESIAN_POINT('Ctrl Pts',(-10.3985546037726,6.17803137141473,-18.5));
#12158=CARTESIAN_POINT('Ctrl Pts',(-10.3985546037726,6.02081905140596,-18.5));
#12159=CARTESIAN_POINT('',(-10.3985546037726,6.02081905140596,-18.501));
#12160=CARTESIAN_POINT('Ctrl Pts',(-10.3985546037726,6.02081905140596,-18.501));
#12161=CARTESIAN_POINT('Ctrl Pts',(-10.3985546037726,6.17803137141473,-18.501));
#12162=CARTESIAN_POINT('Ctrl Pts',(-10.2769986862401,6.39034904070493,-18.501));
#12163=CARTESIAN_POINT('Ctrl Pts',(-10.1716502243785,6.45842035452316,-18.501));
#12164=CARTESIAN_POINT('',(-10.3985546037726,6.02081905140596,-18.5));
#12165=CARTESIAN_POINT('Ctrl Pts',(-9.98364373859484,5.43410915611549,-18.5));
#12166=CARTESIAN_POINT('Ctrl Pts',(-9.98364373859484,5.43410915611549,-18.501));
#12167=CARTESIAN_POINT('Ctrl Pts',(-10.1748917155127,5.50542196106792,-18.5));
#12168=CARTESIAN_POINT('Ctrl Pts',(-10.1748917155127,5.50542196106792,-18.501));
#12169=CARTESIAN_POINT('Ctrl Pts',(-10.3985546037726,5.80201839984736,-18.5));
#12170=CARTESIAN_POINT('Ctrl Pts',(-10.3985546037726,5.80201839984736,-18.501));
#12171=CARTESIAN_POINT('Ctrl Pts',(-10.3985546037726,6.02081905140596,-18.5));
#12172=CARTESIAN_POINT('Ctrl Pts',(-10.3985546037726,6.02081905140596,-18.501));
#12173=CARTESIAN_POINT('',(-9.98364373859484,5.43410915611549,-18.5));
#12174=CARTESIAN_POINT('Ctrl Pts',(-10.3985546037726,6.02081905140596,-18.5));
#12175=CARTESIAN_POINT('Ctrl Pts',(-10.3985546037726,5.80201839984736,-18.5));
#12176=CARTESIAN_POINT('Ctrl Pts',(-10.1748917155127,5.50542196106792,-18.5));
#12177=CARTESIAN_POINT('Ctrl Pts',(-9.98364373859484,5.43410915611549,-18.5));
#12178=CARTESIAN_POINT('',(-9.98364373859484,5.43410915611549,-18.501));
#12179=CARTESIAN_POINT('Ctrl Pts',(-9.98364373859484,5.43410915611549,-18.501));
#12180=CARTESIAN_POINT('Ctrl Pts',(-10.1748917155127,5.50542196106792,-18.501));
#12181=CARTESIAN_POINT('Ctrl Pts',(-10.3985546037726,5.80201839984736,-18.501));
#12182=CARTESIAN_POINT('Ctrl Pts',(-10.3985546037726,6.02081905140596,-18.501));
#12183=CARTESIAN_POINT('',(-9.98364373859484,5.43410915611549,-18.5));
#12184=CARTESIAN_POINT('Origin',(-10.6951510425521,4.56376878658238,-18.5));
#12185=CARTESIAN_POINT('',(-10.6951510425521,4.56376878658238,-18.5));
#12186=CARTESIAN_POINT('',(-9.6711184717063,5.81640088349395,-18.5));
#12187=CARTESIAN_POINT('',(-10.6951510425521,4.56376878658238,-18.501));
#12188=CARTESIAN_POINT('',(-9.98364373859484,5.43410915611549,-18.501));
#12189=CARTESIAN_POINT('',(-10.6951510425521,4.56376878658238,-18.5));
#12190=CARTESIAN_POINT('Origin',(-10.3499322367596,4.56376878658238,-18.5));
#12191=CARTESIAN_POINT('',(-5.1749661183798,4.56376878658238,-18.5));
#12192=CARTESIAN_POINT('',(-10.6951510425521,4.56376878658238,-18.501));
#12193=CARTESIAN_POINT('Origin',(-9.7459648465174,5.41358604196301,-18.501));
#12194=CARTESIAN_POINT('Ctrl Pts',(-7.97229848982281,4.75177527236607,-18.5));
#12195=CARTESIAN_POINT('Ctrl Pts',(-7.97229848982281,4.75177527236607,-18.501));
#12196=CARTESIAN_POINT('Ctrl Pts',(-8.24944598179704,4.75177527236607,-18.5));
#12197=CARTESIAN_POINT('Ctrl Pts',(-8.24944598179704,4.75177527236607,-18.501));
#12198=CARTESIAN_POINT('Ctrl Pts',(-8.57845733191849,5.16992762867806,-18.5));
#12199=CARTESIAN_POINT('Ctrl Pts',(-8.57845733191849,5.16992762867806,-18.501));
#12200=CARTESIAN_POINT('Ctrl Pts',(-8.57845733191849,5.56376880148355,-18.5));
#12201=CARTESIAN_POINT('Ctrl Pts',(-8.57845733191849,5.56376880148355,-18.501));
#12202=CARTESIAN_POINT('',(-7.97229848982281,4.75177527236607,-18.5));
#12203=CARTESIAN_POINT('',(-8.57845733191849,5.56376880148355,-18.5));
#12204=CARTESIAN_POINT('Ctrl Pts',(-7.97229848982281,4.75177527236607,-18.5));
#12205=CARTESIAN_POINT('Ctrl Pts',(-8.24944598179704,4.75177527236607,-18.5));
#12206=CARTESIAN_POINT('Ctrl Pts',(-8.57845733191849,5.16992762867806,-18.5));
#12207=CARTESIAN_POINT('Ctrl Pts',(-8.57845733191849,5.56376880148355,-18.5));
#12208=CARTESIAN_POINT('',(-7.97229848982281,4.75177527236607,-18.501));
#12209=CARTESIAN_POINT('',(-7.97229848982281,4.75177527236607,-18.5));
#12210=CARTESIAN_POINT('',(-8.57845733191849,5.56376880148355,-18.501));
#12211=CARTESIAN_POINT('Ctrl Pts',(-8.57845733191849,5.56376880148355,-18.501));
#12212=CARTESIAN_POINT('Ctrl Pts',(-8.57845733191849,5.16992762867806,-18.501));
#12213=CARTESIAN_POINT('Ctrl Pts',(-8.24944598179704,4.75177527236607,-18.501));
#12214=CARTESIAN_POINT('Ctrl Pts',(-7.97229848982281,4.75177527236607,-18.501));
#12215=CARTESIAN_POINT('',(-8.57845733191849,5.56376880148355,-18.5));
#12216=CARTESIAN_POINT('Ctrl Pts',(-7.36451890216003,5.56376880148355,-18.5));
#12217=CARTESIAN_POINT('Ctrl Pts',(-7.36451890216003,5.56376880148355,-18.501));
#12218=CARTESIAN_POINT('Ctrl Pts',(-7.36451890216003,5.16992762867806,-18.5));
#12219=CARTESIAN_POINT('Ctrl Pts',(-7.36451890216003,5.16992762867806,-18.501));
#12220=CARTESIAN_POINT('Ctrl Pts',(-7.69515099784858,4.75177527236607,-18.5));
#12221=CARTESIAN_POINT('Ctrl Pts',(-7.69515099784858,4.75177527236607,-18.501));
#12222=CARTESIAN_POINT('Ctrl Pts',(-7.97229848982281,4.75177527236607,-18.5));
#12223=CARTESIAN_POINT('Ctrl Pts',(-7.97229848982281,4.75177527236607,-18.501));
#12224=CARTESIAN_POINT('',(-7.36451890216003,5.56376880148355,-18.5));
#12225=CARTESIAN_POINT('Ctrl Pts',(-7.36451890216003,5.56376880148355,-18.5));
#12226=CARTESIAN_POINT('Ctrl Pts',(-7.36451890216003,5.16992762867806,-18.5));
#12227=CARTESIAN_POINT('Ctrl Pts',(-7.69515099784858,4.75177527236607,-18.5));
#12228=CARTESIAN_POINT('Ctrl Pts',(-7.97229848982281,4.75177527236607,-18.5));
#12229=CARTESIAN_POINT('',(-7.36451890216003,5.56376880148355,-18.501));
#12230=CARTESIAN_POINT('',(-7.36451890216003,5.56376880148355,-18.5));
#12231=CARTESIAN_POINT('Ctrl Pts',(-7.97229848982281,4.75177527236607,-18.501));
#12232=CARTESIAN_POINT('Ctrl Pts',(-7.69515099784858,4.75177527236607,-18.501));
#12233=CARTESIAN_POINT('Ctrl Pts',(-7.36451890216003,5.16992762867806,-18.501));
#12234=CARTESIAN_POINT('Ctrl Pts',(-7.36451890216003,5.56376880148355,-18.501));
#12235=CARTESIAN_POINT('Ctrl Pts',(-7.52821420443721,6.16830689801212,-18.5));
#12236=CARTESIAN_POINT('Ctrl Pts',(-7.52821420443721,6.16830689801212,-18.501));
#12237=CARTESIAN_POINT('Ctrl Pts',(-7.44879767164927,6.06619992728478,-18.5));
#12238=CARTESIAN_POINT('Ctrl Pts',(-7.44879767164927,6.06619992728478,-18.501));
#12239=CARTESIAN_POINT('Ctrl Pts',(-7.36451890216003,5.75825826953564,-18.5));
#12240=CARTESIAN_POINT('Ctrl Pts',(-7.36451890216003,5.75825826953564,-18.501));
#12241=CARTESIAN_POINT('Ctrl Pts',(-7.36451890216003,5.56376880148355,-18.5));
#12242=CARTESIAN_POINT('Ctrl Pts',(-7.36451890216003,5.56376880148355,-18.501));
#12243=CARTESIAN_POINT('',(-7.5282142044372,6.16830689801212,-18.5));
#12244=CARTESIAN_POINT('Ctrl Pts',(-7.52821420443721,6.16830689801212,-18.5));
#12245=CARTESIAN_POINT('Ctrl Pts',(-7.44879767164927,6.06619992728478,-18.5));
#12246=CARTESIAN_POINT('Ctrl Pts',(-7.36451890216003,5.75825826953564,-18.5));
#12247=CARTESIAN_POINT('Ctrl Pts',(-7.36451890216003,5.56376880148355,-18.5));
#12248=CARTESIAN_POINT('',(-7.5282142044372,6.16830689801212,-18.501));
#12249=CARTESIAN_POINT('',(-7.5282142044372,6.16830689801212,-18.5));
#12250=CARTESIAN_POINT('Ctrl Pts',(-7.36451890216003,5.56376880148355,-18.501));
#12251=CARTESIAN_POINT('Ctrl Pts',(-7.36451890216003,5.75825826953564,-18.501));
#12252=CARTESIAN_POINT('Ctrl Pts',(-7.44879767164927,6.06619992728478,-18.501));
#12253=CARTESIAN_POINT('Ctrl Pts',(-7.52821420443721,6.16830689801212,-18.501));
#12254=CARTESIAN_POINT('Ctrl Pts',(-7.97229848982281,6.37576233060102,-18.5));
#12255=CARTESIAN_POINT('Ctrl Pts',(-7.97229848982281,6.37576233060102,-18.501));
#12256=CARTESIAN_POINT('Ctrl Pts',(-7.82805213435084,6.37576233060102,-18.5));
#12257=CARTESIAN_POINT('Ctrl Pts',(-7.82805213435084,6.37576233060102,-18.501));
#12258=CARTESIAN_POINT('Ctrl Pts',(-7.61087222835934,6.27527610544077,-18.5));
#12259=CARTESIAN_POINT('Ctrl Pts',(-7.61087222835934,6.27527610544077,-18.501));
#12260=CARTESIAN_POINT('Ctrl Pts',(-7.52821420443721,6.16830689801212,-18.5));
#12261=CARTESIAN_POINT('Ctrl Pts',(-7.52821420443721,6.16830689801212,-18.501));
#12262=CARTESIAN_POINT('',(-7.97229848982281,6.37576233060102,-18.5));
#12263=CARTESIAN_POINT('Ctrl Pts',(-7.97229848982281,6.37576233060102,-18.5));
#12264=CARTESIAN_POINT('Ctrl Pts',(-7.82805213435084,6.37576233060102,-18.5));
#12265=CARTESIAN_POINT('Ctrl Pts',(-7.61087222835934,6.27527610544077,-18.5));
#12266=CARTESIAN_POINT('Ctrl Pts',(-7.52821420443721,6.16830689801212,-18.5));
#12267=CARTESIAN_POINT('',(-7.97229848982281,6.37576233060102,-18.501));
#12268=CARTESIAN_POINT('',(-7.97229848982281,6.37576233060102,-18.5));
#12269=CARTESIAN_POINT('Ctrl Pts',(-7.52821420443721,6.16830689801212,-18.501));
#12270=CARTESIAN_POINT('Ctrl Pts',(-7.61087222835934,6.27527610544077,-18.501));
#12271=CARTESIAN_POINT('Ctrl Pts',(-7.82805213435084,6.37576233060102,-18.501));
#12272=CARTESIAN_POINT('Ctrl Pts',(-7.97229848982281,6.37576233060102,-18.501));
#12273=CARTESIAN_POINT('Ctrl Pts',(-8.41476202964131,6.16830689801212,-18.5));
#12274=CARTESIAN_POINT('Ctrl Pts',(-8.41476202964131,6.16830689801212,-18.501));
#12275=CARTESIAN_POINT('Ctrl Pts',(-8.33534549685338,6.27203461430657,-18.5));
#12276=CARTESIAN_POINT('Ctrl Pts',(-8.33534549685338,6.27203461430657,-18.501));
#12277=CARTESIAN_POINT('Ctrl Pts',(-8.11168260859347,6.37576233060102,-18.5));
#12278=CARTESIAN_POINT('Ctrl Pts',(-8.11168260859347,6.37576233060102,-18.501));
#12279=CARTESIAN_POINT('Ctrl Pts',(-7.97229848982281,6.37576233060102,-18.5));
#12280=CARTESIAN_POINT('Ctrl Pts',(-7.97229848982281,6.37576233060102,-18.501));
#12281=CARTESIAN_POINT('',(-8.41476202964131,6.16830689801212,-18.5));
#12282=CARTESIAN_POINT('Ctrl Pts',(-8.41476202964131,6.16830689801212,-18.5));
#12283=CARTESIAN_POINT('Ctrl Pts',(-8.33534549685338,6.27203461430657,-18.5));
#12284=CARTESIAN_POINT('Ctrl Pts',(-8.11168260859347,6.37576233060102,-18.5));
#12285=CARTESIAN_POINT('Ctrl Pts',(-7.97229848982281,6.37576233060102,-18.5));
#12286=CARTESIAN_POINT('',(-8.41476202964131,6.16830689801212,-18.501));
#12287=CARTESIAN_POINT('',(-8.41476202964131,6.16830689801212,-18.5));
#12288=CARTESIAN_POINT('Ctrl Pts',(-7.97229848982281,6.37576233060102,-18.501));
#12289=CARTESIAN_POINT('Ctrl Pts',(-8.11168260859347,6.37576233060102,-18.501));
#12290=CARTESIAN_POINT('Ctrl Pts',(-8.33534549685338,6.27203461430657,-18.501));
#12291=CARTESIAN_POINT('Ctrl Pts',(-8.41476202964131,6.16830689801212,-18.501));
#12292=CARTESIAN_POINT('Ctrl Pts',(-8.57845733191849,5.56376880148355,-18.5));
#12293=CARTESIAN_POINT('Ctrl Pts',(-8.57845733191849,5.56376880148355,-18.501));
#12294=CARTESIAN_POINT('Ctrl Pts',(-8.57845733191849,5.76149976066984,-18.5));
#12295=CARTESIAN_POINT('Ctrl Pts',(-8.57845733191849,5.76149976066984,-18.501));
#12296=CARTESIAN_POINT('Ctrl Pts',(-8.49255781686215,6.06782067285188,-18.5));
#12297=CARTESIAN_POINT('Ctrl Pts',(-8.49255781686215,6.06782067285188,-18.501));
#12298=CARTESIAN_POINT('Ctrl Pts',(-8.41476202964131,6.16830689801212,-18.5));
#12299=CARTESIAN_POINT('Ctrl Pts',(-8.41476202964131,6.16830689801212,-18.501));
#12300=CARTESIAN_POINT('Ctrl Pts',(-8.57845733191849,5.56376880148355,-18.5));
#12301=CARTESIAN_POINT('Ctrl Pts',(-8.57845733191849,5.76149976066984,-18.5));
#12302=CARTESIAN_POINT('Ctrl Pts',(-8.49255781686215,6.06782067285188,-18.5));
#12303=CARTESIAN_POINT('Ctrl Pts',(-8.41476202964131,6.16830689801212,-18.5));
#12304=CARTESIAN_POINT('Ctrl Pts',(-8.41476202964131,6.16830689801212,-18.501));
#12305=CARTESIAN_POINT('Ctrl Pts',(-8.49255781686215,6.06782067285188,-18.501));
#12306=CARTESIAN_POINT('Ctrl Pts',(-8.57845733191849,5.76149976066984,-18.501));
#12307=CARTESIAN_POINT('Ctrl Pts',(-8.57845733191849,5.56376880148355,-18.501));
#12308=CARTESIAN_POINT('Ctrl Pts',(-8.61573447996181,4.79391465711069,-18.5));
#12309=CARTESIAN_POINT('Ctrl Pts',(-8.61573447996181,4.79391465711069,-18.501));
#12310=CARTESIAN_POINT('Ctrl Pts',(-8.73242816079306,4.92681579361295,-18.5));
#12311=CARTESIAN_POINT('Ctrl Pts',(-8.73242816079306,4.92681579361295,-18.501));
#12312=CARTESIAN_POINT('Ctrl Pts',(-8.85560482389272,5.32065696641843,-18.5));
#12313=CARTESIAN_POINT('Ctrl Pts',(-8.85560482389272,5.32065696641843,-18.501));
#12314=CARTESIAN_POINT('Ctrl Pts',(-8.85560482389272,5.56376880148355,-18.5));
#12315=CARTESIAN_POINT('Ctrl Pts',(-8.85560482389272,5.56376880148355,-18.501));
#12316=CARTESIAN_POINT('',(-8.85560482389272,5.56376880148355,-18.5));
#12317=CARTESIAN_POINT('',(-8.61573447996181,4.79391465711069,-18.5));
#12318=CARTESIAN_POINT('Ctrl Pts',(-8.85560482389272,5.56376880148355,-18.5));
#12319=CARTESIAN_POINT('Ctrl Pts',(-8.85560482389272,5.32065696641843,-18.5));
#12320=CARTESIAN_POINT('Ctrl Pts',(-8.73242816079306,4.92681579361295,-18.5));
#12321=CARTESIAN_POINT('Ctrl Pts',(-8.61573447996181,4.79391465711069,-18.5));
#12322=CARTESIAN_POINT('',(-8.85560482389272,5.56376880148355,-18.501));
#12323=CARTESIAN_POINT('',(-8.85560482389272,5.56376880148355,-18.5));
#12324=CARTESIAN_POINT('',(-8.61573447996181,4.79391465711069,-18.501));
#12325=CARTESIAN_POINT('Ctrl Pts',(-8.61573447996181,4.79391465711069,-18.501));
#12326=CARTESIAN_POINT('Ctrl Pts',(-8.73242816079306,4.92681579361295,-18.501));
#12327=CARTESIAN_POINT('Ctrl Pts',(-8.85560482389272,5.32065696641843,-18.501));
#12328=CARTESIAN_POINT('Ctrl Pts',(-8.85560482389272,5.56376880148355,-18.501));
#12329=CARTESIAN_POINT('',(-8.61573447996181,4.79391465711069,-18.5));
#12330=CARTESIAN_POINT('Ctrl Pts',(-7.97067774425571,4.52162940183777,-18.5));
#12331=CARTESIAN_POINT('Ctrl Pts',(-7.97067774425571,4.52162940183777,-18.501));
#12332=CARTESIAN_POINT('Ctrl Pts',(-8.1667879578749,4.52162940183777,-18.5));
#12333=CARTESIAN_POINT('Ctrl Pts',(-8.1667879578749,4.52162940183777,-18.501));
#12334=CARTESIAN_POINT('Ctrl Pts',(-8.49255781686215,4.65453053834003,-18.5));
#12335=CARTESIAN_POINT('Ctrl Pts',(-8.49255781686215,4.65453053834003,-18.501));
#12336=CARTESIAN_POINT('Ctrl Pts',(-8.61573447996181,4.79391465711069,-18.5));
#12337=CARTESIAN_POINT('Ctrl Pts',(-8.61573447996181,4.79391465711069,-18.501));
#12338=CARTESIAN_POINT('',(-7.97067774425571,4.52162940183777,-18.5));
#12339=CARTESIAN_POINT('Ctrl Pts',(-8.61573447996181,4.79391465711069,-18.5));
#12340=CARTESIAN_POINT('Ctrl Pts',(-8.49255781686215,4.65453053834003,-18.5));
#12341=CARTESIAN_POINT('Ctrl Pts',(-8.1667879578749,4.52162940183777,-18.5));
#12342=CARTESIAN_POINT('Ctrl Pts',(-7.97067774425571,4.52162940183777,-18.5));
#12343=CARTESIAN_POINT('',(-7.97067774425571,4.52162940183777,-18.501));
#12344=CARTESIAN_POINT('Ctrl Pts',(-7.97067774425571,4.52162940183777,-18.501));
#12345=CARTESIAN_POINT('Ctrl Pts',(-8.1667879578749,4.52162940183777,-18.501));
#12346=CARTESIAN_POINT('Ctrl Pts',(-8.49255781686215,4.65453053834003,-18.501));
#12347=CARTESIAN_POINT('Ctrl Pts',(-8.61573447996181,4.79391465711069,-18.501));
#12348=CARTESIAN_POINT('',(-7.97067774425571,4.52162940183777,-18.5));
#12349=CARTESIAN_POINT('Ctrl Pts',(-7.32562100854961,4.79391465711069,-18.5));
#12350=CARTESIAN_POINT('Ctrl Pts',(-7.32562100854961,4.79391465711069,-18.501));
#12351=CARTESIAN_POINT('Ctrl Pts',(-7.44393543494797,4.65939277504133,-18.5));
#12352=CARTESIAN_POINT('Ctrl Pts',(-7.44393543494797,4.65939277504133,-18.501));
#12353=CARTESIAN_POINT('Ctrl Pts',(-7.76808454836812,4.52162940183777,-18.5));
#12354=CARTESIAN_POINT('Ctrl Pts',(-7.76808454836812,4.52162940183777,-18.501));
#12355=CARTESIAN_POINT('Ctrl Pts',(-7.97067774425571,4.52162940183777,-18.5));
#12356=CARTESIAN_POINT('Ctrl Pts',(-7.97067774425571,4.52162940183777,-18.501));
#12357=CARTESIAN_POINT('',(-7.32562100854961,4.79391465711069,-18.5));
#12358=CARTESIAN_POINT('Ctrl Pts',(-7.97067774425571,4.52162940183777,-18.5));
#12359=CARTESIAN_POINT('Ctrl Pts',(-7.76808454836812,4.52162940183777,-18.5));
#12360=CARTESIAN_POINT('Ctrl Pts',(-7.44393543494797,4.65939277504133,-18.5));
#12361=CARTESIAN_POINT('Ctrl Pts',(-7.32562100854961,4.79391465711069,-18.5));
#12362=CARTESIAN_POINT('',(-7.32562100854961,4.79391465711069,-18.501));
#12363=CARTESIAN_POINT('Ctrl Pts',(-7.32562100854961,4.79391465711069,-18.501));
#12364=CARTESIAN_POINT('Ctrl Pts',(-7.44393543494797,4.65939277504133,-18.501));
#12365=CARTESIAN_POINT('Ctrl Pts',(-7.76808454836812,4.52162940183777,-18.501));
#12366=CARTESIAN_POINT('Ctrl Pts',(-7.97067774425571,4.52162940183777,-18.501));
#12367=CARTESIAN_POINT('',(-7.32562100854961,4.79391465711069,-18.5));
#12368=CARTESIAN_POINT('Ctrl Pts',(-7.0873714101858,5.56376880148355,-18.5));
#12369=CARTESIAN_POINT('Ctrl Pts',(-7.0873714101858,5.56376880148355,-18.501));
#12370=CARTESIAN_POINT('Ctrl Pts',(-7.0873714101858,5.31741547528423,-18.5));
#12371=CARTESIAN_POINT('Ctrl Pts',(-7.0873714101858,5.31741547528423,-18.501));
#12372=CARTESIAN_POINT('Ctrl Pts',(-7.21054807328546,4.92681579361295,-18.5));
#12373=CARTESIAN_POINT('Ctrl Pts',(-7.21054807328546,4.92681579361295,-18.501));
#12374=CARTESIAN_POINT('Ctrl Pts',(-7.32562100854961,4.79391465711069,-18.5));
#12375=CARTESIAN_POINT('Ctrl Pts',(-7.32562100854961,4.79391465711069,-18.501));
#12376=CARTESIAN_POINT('',(-7.0873714101858,5.56376880148355,-18.5));
#12377=CARTESIAN_POINT('Ctrl Pts',(-7.32562100854961,4.79391465711069,-18.5));
#12378=CARTESIAN_POINT('Ctrl Pts',(-7.21054807328546,4.92681579361295,-18.5));
#12379=CARTESIAN_POINT('Ctrl Pts',(-7.0873714101858,5.31741547528423,-18.5));
#12380=CARTESIAN_POINT('Ctrl Pts',(-7.0873714101858,5.56376880148355,-18.5));
#12381=CARTESIAN_POINT('',(-7.0873714101858,5.56376880148355,-18.501));
#12382=CARTESIAN_POINT('Ctrl Pts',(-7.0873714101858,5.56376880148355,-18.501));
#12383=CARTESIAN_POINT('Ctrl Pts',(-7.0873714101858,5.31741547528423,-18.501));
#12384=CARTESIAN_POINT('Ctrl Pts',(-7.21054807328546,4.92681579361295,-18.501));
#12385=CARTESIAN_POINT('Ctrl Pts',(-7.32562100854961,4.79391465711069,-18.501));
#12386=CARTESIAN_POINT('',(-7.0873714101858,5.56376880148355,-18.5));
#12387=CARTESIAN_POINT('Ctrl Pts',(-7.32724175411671,6.3352436914235,-18.5));
#12388=CARTESIAN_POINT('Ctrl Pts',(-7.32724175411671,6.3352436914235,-18.501));
#12389=CARTESIAN_POINT('Ctrl Pts',(-7.21216881885256,6.19748031821994,-18.5));
#12390=CARTESIAN_POINT('Ctrl Pts',(-7.21216881885256,6.19748031821994,-18.501));
#12391=CARTESIAN_POINT('Ctrl Pts',(-7.0873714101858,5.81498436438416,-18.5));
#12392=CARTESIAN_POINT('Ctrl Pts',(-7.0873714101858,5.81498436438416,-18.501));
#12393=CARTESIAN_POINT('Ctrl Pts',(-7.0873714101858,5.56376880148355,-18.5));
#12394=CARTESIAN_POINT('Ctrl Pts',(-7.0873714101858,5.56376880148355,-18.501));
#12395=CARTESIAN_POINT('',(-7.32724175411671,6.3352436914235,-18.5));
#12396=CARTESIAN_POINT('Ctrl Pts',(-7.0873714101858,5.56376880148355,-18.5));
#12397=CARTESIAN_POINT('Ctrl Pts',(-7.0873714101858,5.81498436438416,-18.5));
#12398=CARTESIAN_POINT('Ctrl Pts',(-7.21216881885256,6.19748031821994,-18.5));
#12399=CARTESIAN_POINT('Ctrl Pts',(-7.32724175411671,6.3352436914235,-18.5));
#12400=CARTESIAN_POINT('',(-7.32724175411671,6.3352436914235,-18.501));
#12401=CARTESIAN_POINT('Ctrl Pts',(-7.32724175411671,6.3352436914235,-18.501));
#12402=CARTESIAN_POINT('Ctrl Pts',(-7.21216881885256,6.19748031821994,-18.501));
#12403=CARTESIAN_POINT('Ctrl Pts',(-7.0873714101858,5.81498436438416,-18.501));
#12404=CARTESIAN_POINT('Ctrl Pts',(-7.0873714101858,5.56376880148355,-18.501));
#12405=CARTESIAN_POINT('',(-7.32724175411671,6.3352436914235,-18.5));
#12406=CARTESIAN_POINT('Ctrl Pts',(-7.97067774425571,6.60590820112933,-18.5));
#12407=CARTESIAN_POINT('Ctrl Pts',(-7.97067774425571,6.60590820112933,-18.501));
#12408=CARTESIAN_POINT('Ctrl Pts',(-7.76970529393522,6.60590820112933,-18.5));
#12409=CARTESIAN_POINT('Ctrl Pts',(-7.76970529393522,6.60590820112933,-18.501));
#12410=CARTESIAN_POINT('Ctrl Pts',(-7.44393543494797,6.46814482792576,-18.5));
#12411=CARTESIAN_POINT('Ctrl Pts',(-7.44393543494797,6.46814482792576,-18.501));
#12412=CARTESIAN_POINT('Ctrl Pts',(-7.32724175411671,6.3352436914235,-18.5));
#12413=CARTESIAN_POINT('Ctrl Pts',(-7.32724175411671,6.3352436914235,-18.501));
#12414=CARTESIAN_POINT('',(-7.97067774425571,6.60590820112933,-18.5));
#12415=CARTESIAN_POINT('Ctrl Pts',(-7.32724175411671,6.3352436914235,-18.5));
#12416=CARTESIAN_POINT('Ctrl Pts',(-7.44393543494797,6.46814482792576,-18.5));
#12417=CARTESIAN_POINT('Ctrl Pts',(-7.76970529393522,6.60590820112933,-18.5));
#12418=CARTESIAN_POINT('Ctrl Pts',(-7.97067774425571,6.60590820112933,-18.5));
#12419=CARTESIAN_POINT('',(-7.97067774425571,6.60590820112933,-18.501));
#12420=CARTESIAN_POINT('Ctrl Pts',(-7.97067774425571,6.60590820112933,-18.501));
#12421=CARTESIAN_POINT('Ctrl Pts',(-7.76970529393522,6.60590820112933,-18.501));
#12422=CARTESIAN_POINT('Ctrl Pts',(-7.44393543494797,6.46814482792576,-18.501));
#12423=CARTESIAN_POINT('Ctrl Pts',(-7.32724175411671,6.3352436914235,-18.501));
#12424=CARTESIAN_POINT('',(-7.97067774425571,6.60590820112933,-18.5));
#12425=CARTESIAN_POINT('Ctrl Pts',(-8.61573447996181,6.3352436914235,-18.5));
#12426=CARTESIAN_POINT('Ctrl Pts',(-8.61573447996181,6.3352436914235,-18.501));
#12427=CARTESIAN_POINT('Ctrl Pts',(-8.50228229026475,6.46328259122446,-18.5));
#12428=CARTESIAN_POINT('Ctrl Pts',(-8.50228229026475,6.46328259122446,-18.501));
#12429=CARTESIAN_POINT('Ctrl Pts',(-8.1748916857104,6.60590820112933,-18.5));
#12430=CARTESIAN_POINT('Ctrl Pts',(-8.1748916857104,6.60590820112933,-18.501));
#12431=CARTESIAN_POINT('Ctrl Pts',(-7.97067774425571,6.60590820112933,-18.5));
#12432=CARTESIAN_POINT('Ctrl Pts',(-7.97067774425571,6.60590820112933,-18.501));
#12433=CARTESIAN_POINT('',(-8.61573447996181,6.3352436914235,-18.5));
#12434=CARTESIAN_POINT('Ctrl Pts',(-7.97067774425571,6.60590820112933,-18.5));
#12435=CARTESIAN_POINT('Ctrl Pts',(-8.1748916857104,6.60590820112933,-18.5));
#12436=CARTESIAN_POINT('Ctrl Pts',(-8.50228229026475,6.46328259122446,-18.5));
#12437=CARTESIAN_POINT('Ctrl Pts',(-8.61573447996181,6.3352436914235,-18.5));
#12438=CARTESIAN_POINT('',(-8.61573447996181,6.3352436914235,-18.501));
#12439=CARTESIAN_POINT('Ctrl Pts',(-8.61573447996181,6.3352436914235,-18.501));
#12440=CARTESIAN_POINT('Ctrl Pts',(-8.50228229026475,6.46328259122446,-18.501));
#12441=CARTESIAN_POINT('Ctrl Pts',(-8.1748916857104,6.60590820112933,-18.501));
#12442=CARTESIAN_POINT('Ctrl Pts',(-7.97067774425571,6.60590820112933,-18.501));
#12443=CARTESIAN_POINT('',(-8.61573447996181,6.3352436914235,-18.5));
#12444=CARTESIAN_POINT('Ctrl Pts',(-8.85560482389272,5.56376880148355,-18.5));
#12445=CARTESIAN_POINT('Ctrl Pts',(-8.85560482389272,5.56376880148355,-18.501));
#12446=CARTESIAN_POINT('Ctrl Pts',(-8.85560482389272,5.81336361881706,-18.5));
#12447=CARTESIAN_POINT('Ctrl Pts',(-8.85560482389272,5.81336361881706,-18.501));
#12448=CARTESIAN_POINT('Ctrl Pts',(-8.72918666965886,6.20234255492124,-18.5));
#12449=CARTESIAN_POINT('Ctrl Pts',(-8.72918666965886,6.20234255492124,-18.501));
#12450=CARTESIAN_POINT('Ctrl Pts',(-8.61573447996181,6.3352436914235,-18.5));
#12451=CARTESIAN_POINT('Ctrl Pts',(-8.61573447996181,6.3352436914235,-18.501));
#12452=CARTESIAN_POINT('Ctrl Pts',(-8.61573447996181,6.3352436914235,-18.5));
#12453=CARTESIAN_POINT('Ctrl Pts',(-8.72918666965886,6.20234255492124,-18.5));
#12454=CARTESIAN_POINT('Ctrl Pts',(-8.85560482389272,5.81336361881706,-18.5));
#12455=CARTESIAN_POINT('Ctrl Pts',(-8.85560482389272,5.56376880148355,-18.5));
#12456=CARTESIAN_POINT('Ctrl Pts',(-8.85560482389272,5.56376880148355,-18.501));
#12457=CARTESIAN_POINT('Ctrl Pts',(-8.85560482389272,5.81336361881706,-18.501));
#12458=CARTESIAN_POINT('Ctrl Pts',(-8.72918666965886,6.20234255492124,-18.501));
#12459=CARTESIAN_POINT('Ctrl Pts',(-8.61573447996181,6.3352436914235,-18.501));
#12460=CARTESIAN_POINT('Origin',(-7.97123874073698,5.56356865178058,-18.501));
#12461=CARTESIAN_POINT('Origin',(-2.9771606520183,6.28662132441048,-18.5));
#12462=CARTESIAN_POINT('',(-2.9771606520183,4.56376878658238,-18.5));
#12463=CARTESIAN_POINT('',(-2.9771606520183,6.28662132441048,-18.5));
#12464=CARTESIAN_POINT('',(-2.9771606520183,3.14331066220524,-18.5));
#12465=CARTESIAN_POINT('',(-2.9771606520183,4.56376878658238,-18.501));
#12466=CARTESIAN_POINT('',(-2.9771606520183,4.56376878658238,-18.5));
#12467=CARTESIAN_POINT('',(-2.9771606520183,6.28662132441048,-18.501));
#12468=CARTESIAN_POINT('',(-2.9771606520183,4.56376878658238,-18.501));
#12469=CARTESIAN_POINT('',(-2.9771606520183,6.28662132441048,-18.5));
#12470=CARTESIAN_POINT('Origin',(-2.45528057941186,5.11482227939664,-18.5));
#12471=CARTESIAN_POINT('',(-2.45528057941186,5.11482227939664,-18.5));
#12472=CARTESIAN_POINT('',(-1.30162107108992,2.52446257592841,-18.5));
#12473=CARTESIAN_POINT('',(-2.45528057941186,5.11482227939664,-18.501));
#12474=CARTESIAN_POINT('',(-2.9771606520183,6.28662132441048,-18.501));
#12475=CARTESIAN_POINT('',(-2.45528057941186,5.11482227939664,-18.5));
#12476=CARTESIAN_POINT('Origin',(-2.29320602270179,5.11482227939664,-18.5));
#12477=CARTESIAN_POINT('',(-2.29320602270179,5.11482227939664,-18.5));
#12478=CARTESIAN_POINT('',(-1.14660301135089,5.11482227939664,-18.5));
#12479=CARTESIAN_POINT('',(-2.29320602270179,5.11482227939664,-18.501));
#12480=CARTESIAN_POINT('',(-2.45528057941186,5.11482227939664,-18.501));
#12481=CARTESIAN_POINT('',(-2.29320602270179,5.11482227939664,-18.5));
#12482=CARTESIAN_POINT('Origin',(-1.77618818679665,6.28662132441048,-18.5));
#12483=CARTESIAN_POINT('',(-1.77618818679665,6.28662132441048,-18.5));
#12484=CARTESIAN_POINT('',(-2.79236202170309,3.98350633181689,-18.5));
#12485=CARTESIAN_POINT('',(-1.77618818679665,6.28662132441048,-18.501));
#12486=CARTESIAN_POINT('',(-2.29320602270179,5.11482227939664,-18.501));
#12487=CARTESIAN_POINT('',(-1.77618818679665,6.28662132441048,-18.5));
#12488=CARTESIAN_POINT('Origin',(-1.77618818679665,4.56376878658238,-18.5));
#12489=CARTESIAN_POINT('',(-1.77618818679665,4.56376878658238,-18.5));
#12490=CARTESIAN_POINT('',(-1.77618818679665,2.28188439329119,-18.5));
#12491=CARTESIAN_POINT('',(-1.77618818679665,4.56376878658238,-18.501));
#12492=CARTESIAN_POINT('',(-1.77618818679665,6.28662132441048,-18.501));
#12493=CARTESIAN_POINT('',(-1.77618818679665,4.56376878658238,-18.5));
#12494=CARTESIAN_POINT('Origin',(-1.52821411503024,4.56376878658238,-18.5));
#12495=CARTESIAN_POINT('',(-1.52821411503024,4.56376878658238,-18.5));
#12496=CARTESIAN_POINT('',(-0.764107057515118,4.56376878658238,-18.5));
#12497=CARTESIAN_POINT('',(-1.52821411503024,4.56376878658238,-18.501));
#12498=CARTESIAN_POINT('',(-1.77618818679665,4.56376878658238,-18.501));
#12499=CARTESIAN_POINT('',(-1.52821411503024,4.56376878658238,-18.5));
#12500=CARTESIAN_POINT('Origin',(-1.52821411503024,6.56376881638471,-18.5));
#12501=CARTESIAN_POINT('',(-1.52821411503024,6.56376881638471,-18.5));
#12502=CARTESIAN_POINT('',(-1.52821411503024,3.28188440819235,-18.5));
#12503=CARTESIAN_POINT('',(-1.52821411503024,6.56376881638471,-18.501));
#12504=CARTESIAN_POINT('',(-1.52821411503024,4.56376878658238,-18.501));
#12505=CARTESIAN_POINT('',(-1.52821411503024,6.56376881638471,-18.5));
#12506=CARTESIAN_POINT('Origin',(-1.8912611220608,6.56376881638471,-18.5));
#12507=CARTESIAN_POINT('',(-1.8912611220608,6.56376881638471,-18.5));
#12508=CARTESIAN_POINT('',(-0.945630561030402,6.56376881638471,-18.5));
#12509=CARTESIAN_POINT('',(-1.8912611220608,6.56376881638471,-18.501));
#12510=CARTESIAN_POINT('',(-1.52821411503024,6.56376881638471,-18.501));
#12511=CARTESIAN_POINT('',(-1.8912611220608,6.56376881638471,-18.5));
#12512=CARTESIAN_POINT('Origin',(-2.39045075672783,5.45031661178649,-18.5));
#12513=CARTESIAN_POINT('',(-2.39045075672783,5.45031661178649,-18.5));
#12514=CARTESIAN_POINT('',(-3.20770863797447,3.6274069870578,-18.5));
#12515=CARTESIAN_POINT('',(-2.39045075672783,5.45031661178649,-18.501));
#12516=CARTESIAN_POINT('',(-1.8912611220608,6.56376881638471,-18.501));
#12517=CARTESIAN_POINT('',(-2.39045075672783,5.45031661178649,-18.5));
#12518=CARTESIAN_POINT('Origin',(-2.87343293572386,6.56376881638471,-18.5));
#12519=CARTESIAN_POINT('',(-2.87343293572386,6.56376881638471,-18.5));
#12520=CARTESIAN_POINT('',(-1.44777008005213,3.27708968267171,-18.5));
#12521=CARTESIAN_POINT('',(-2.87343293572386,6.56376881638471,-18.501));
#12522=CARTESIAN_POINT('',(-2.39045075672783,5.45031661178649,-18.501));
#12523=CARTESIAN_POINT('',(-2.87343293572386,6.56376881638471,-18.5));
#12524=CARTESIAN_POINT('Origin',(-3.24296292502283,6.56376881638471,-18.5));
#12525=CARTESIAN_POINT('',(-3.24296292502283,6.56376881638471,-18.5));
#12526=CARTESIAN_POINT('',(-1.62148146251141,6.56376881638471,-18.5));
#12527=CARTESIAN_POINT('',(-3.24296292502283,6.56376881638471,-18.501));
#12528=CARTESIAN_POINT('',(-2.87343293572386,6.56376881638471,-18.501));
#12529=CARTESIAN_POINT('',(-3.24296292502283,6.56376881638471,-18.5));
#12530=CARTESIAN_POINT('Origin',(-3.24296292502283,4.56376878658238,-18.5));
#12531=CARTESIAN_POINT('',(-3.24296292502283,4.56376878658238,-18.5));
#12532=CARTESIAN_POINT('',(-3.24296292502283,2.28188439329119,-18.5));
#12533=CARTESIAN_POINT('',(-3.24296292502283,4.56376878658238,-18.501));
#12534=CARTESIAN_POINT('',(-3.24296292502283,6.56376881638471,-18.501));
#12535=CARTESIAN_POINT('',(-3.24296292502283,4.56376878658238,-18.5));
#12536=CARTESIAN_POINT('Origin',(-2.9771606520183,4.56376878658238,-18.5));
#12537=CARTESIAN_POINT('',(-1.48858032600915,4.56376878658238,-18.5));
#12538=CARTESIAN_POINT('',(-3.24296292502283,4.56376878658238,-18.501));
#12539=CARTESIAN_POINT('Origin',(-2.38244124656476,5.64307615313024,-18.501));
#12540=CARTESIAN_POINT('Ctrl Pts',(4.26919277848914,5.65615129880829,-18.5));
#12541=CARTESIAN_POINT('Ctrl Pts',(4.26919277848914,5.65615129880829,-18.501));
#12542=CARTESIAN_POINT('Ctrl Pts',(4.20922519250641,5.71611888479102,-18.5));
#12543=CARTESIAN_POINT('Ctrl Pts',(4.20922519250641,5.71611888479102,-18.501));
#12544=CARTESIAN_POINT('Ctrl Pts',(4.15574058879209,5.85712374912878,-18.5));
#12545=CARTESIAN_POINT('Ctrl Pts',(4.15574058879209,5.85712374912878,-18.501));
#12546=CARTESIAN_POINT('Ctrl Pts',(4.15574058879209,5.95274773758773,-18.5));
#12547=CARTESIAN_POINT('Ctrl Pts',(4.15574058879209,5.95274773758773,-18.501));
#12548=CARTESIAN_POINT('',(4.26919277848914,5.65615129880829,-18.5));
#12549=CARTESIAN_POINT('',(4.15574058879209,5.95274773758773,-18.5));
#12550=CARTESIAN_POINT('Ctrl Pts',(4.26919277848914,5.65615129880829,-18.5));
#12551=CARTESIAN_POINT('Ctrl Pts',(4.20922519250641,5.71611888479102,-18.5));
#12552=CARTESIAN_POINT('Ctrl Pts',(4.15574058879209,5.85712374912878,-18.5));
#12553=CARTESIAN_POINT('Ctrl Pts',(4.15574058879209,5.95274773758773,-18.5));
#12554=CARTESIAN_POINT('',(4.26919277848914,5.65615129880829,-18.501));
#12555=CARTESIAN_POINT('',(4.26919277848914,5.65615129880829,-18.5));
#12556=CARTESIAN_POINT('',(4.15574058879209,5.95274773758773,-18.501));
#12557=CARTESIAN_POINT('Ctrl Pts',(4.15574058879209,5.95274773758773,-18.501));
#12558=CARTESIAN_POINT('Ctrl Pts',(4.15574058879209,5.85712374912878,-18.501));
#12559=CARTESIAN_POINT('Ctrl Pts',(4.20922519250641,5.71611888479102,-18.501));
#12560=CARTESIAN_POINT('Ctrl Pts',(4.26919277848914,5.65615129880829,-18.501));
#12561=CARTESIAN_POINT('',(4.15574058879209,5.95274773758773,-18.5));
#12562=CARTESIAN_POINT('Ctrl Pts',(4.69544886263663,5.53621612684283,-18.5));
#12563=CARTESIAN_POINT('Ctrl Pts',(4.69544886263663,5.53621612684283,-18.501));
#12564=CARTESIAN_POINT('Ctrl Pts',(4.53337430592656,5.53621612684283,-18.5));
#12565=CARTESIAN_POINT('Ctrl Pts',(4.53337430592656,5.53621612684283,-18.501));
#12566=CARTESIAN_POINT('Ctrl Pts',(4.33402260117317,5.58807998499006,-18.5));
#12567=CARTESIAN_POINT('Ctrl Pts',(4.33402260117317,5.58807998499006,-18.501));
#12568=CARTESIAN_POINT('Ctrl Pts',(4.26919277848914,5.65615129880829,-18.5));
#12569=CARTESIAN_POINT('Ctrl Pts',(4.26919277848914,5.65615129880829,-18.501));
#12570=CARTESIAN_POINT('',(4.69544886263663,5.53621612684283,-18.5));
#12571=CARTESIAN_POINT('Ctrl Pts',(4.69544886263663,5.53621612684283,-18.5));
#12572=CARTESIAN_POINT('Ctrl Pts',(4.53337430592656,5.53621612684283,-18.5));
#12573=CARTESIAN_POINT('Ctrl Pts',(4.33402260117317,5.58807998499006,-18.5));
#12574=CARTESIAN_POINT('Ctrl Pts',(4.26919277848914,5.65615129880829,-18.5));
#12575=CARTESIAN_POINT('',(4.69544886263663,5.53621612684283,-18.501));
#12576=CARTESIAN_POINT('',(4.69544886263663,5.53621612684283,-18.5));
#12577=CARTESIAN_POINT('Ctrl Pts',(4.26919277848914,5.65615129880829,-18.501));
#12578=CARTESIAN_POINT('Ctrl Pts',(4.33402260117317,5.58807998499006,-18.501));
#12579=CARTESIAN_POINT('Ctrl Pts',(4.53337430592656,5.53621612684283,-18.501));
#12580=CARTESIAN_POINT('Ctrl Pts',(4.69544886263663,5.53621612684283,-18.501));
#12581=CARTESIAN_POINT('Origin',(4.87697236615192,5.53621612684283,-18.5));
#12582=CARTESIAN_POINT('',(4.87697236615192,5.53621612684283,-18.5));
#12583=CARTESIAN_POINT('',(2.43848618307596,5.53621612684283,-18.5));
#12584=CARTESIAN_POINT('',(4.87697236615192,5.53621612684283,-18.501));
#12585=CARTESIAN_POINT('',(4.87697236615192,5.53621612684283,-18.5));
#12586=CARTESIAN_POINT('',(4.81681941265705,5.53621612684283,-18.501));
#12587=CARTESIAN_POINT('Origin',(4.87697236615192,6.3336229458564,-18.5));
#12588=CARTESIAN_POINT('',(4.87697236615192,6.3336229458564,-18.5));
#12589=CARTESIAN_POINT('',(4.87697236615192,3.1668114729282,-18.5));
#12590=CARTESIAN_POINT('',(4.87697236615192,6.3336229458564,-18.501));
#12591=CARTESIAN_POINT('',(4.87697236615192,6.3336229458564,-18.5));
#12592=CARTESIAN_POINT('',(4.87697236615192,5.98083660235952,-18.501));
#12593=CARTESIAN_POINT('Origin',(4.65655096902622,6.3336229458564,-18.5));
#12594=CARTESIAN_POINT('',(4.65655096902622,6.3336229458564,-18.5));
#12595=CARTESIAN_POINT('',(2.32827548451311,6.3336229458564,-18.5));
#12596=CARTESIAN_POINT('',(4.65655096902622,6.3336229458564,-18.501));
#12597=CARTESIAN_POINT('',(4.65655096902622,6.3336229458564,-18.5));
#12598=CARTESIAN_POINT('',(4.7066087140942,6.3336229458564,-18.501));
#12599=CARTESIAN_POINT('Ctrl Pts',(4.29998694426405,6.25744790420267,-18.5));
#12600=CARTESIAN_POINT('Ctrl Pts',(4.29998694426405,6.25744790420267,-18.501));
#12601=CARTESIAN_POINT('Ctrl Pts',(4.36319602138098,6.29958728894729,-18.5));
#12602=CARTESIAN_POINT('Ctrl Pts',(4.36319602138098,6.29958728894729,-18.501));
#12603=CARTESIAN_POINT('Ctrl Pts',(4.53175356035946,6.3336229458564,-18.5));
#12604=CARTESIAN_POINT('Ctrl Pts',(4.53175356035946,6.3336229458564,-18.501));
#12605=CARTESIAN_POINT('Ctrl Pts',(4.65655096902622,6.3336229458564,-18.5));
#12606=CARTESIAN_POINT('Ctrl Pts',(4.65655096902622,6.3336229458564,-18.501));
#12607=CARTESIAN_POINT('',(4.29998694426405,6.25744790420267,-18.5));
#12608=CARTESIAN_POINT('Ctrl Pts',(4.29998694426405,6.25744790420267,-18.5));
#12609=CARTESIAN_POINT('Ctrl Pts',(4.36319602138098,6.29958728894729,-18.5));
#12610=CARTESIAN_POINT('Ctrl Pts',(4.53175356035946,6.3336229458564,-18.5));
#12611=CARTESIAN_POINT('Ctrl Pts',(4.65655096902622,6.3336229458564,-18.5));
#12612=CARTESIAN_POINT('',(4.29998694426405,6.25744790420267,-18.501));
#12613=CARTESIAN_POINT('',(4.29998694426405,6.25744790420267,-18.5));
#12614=CARTESIAN_POINT('Ctrl Pts',(4.65655096902622,6.3336229458564,-18.501));
#12615=CARTESIAN_POINT('Ctrl Pts',(4.53175356035946,6.3336229458564,-18.501));
#12616=CARTESIAN_POINT('Ctrl Pts',(4.36319602138098,6.29958728894729,-18.501));
#12617=CARTESIAN_POINT('Ctrl Pts',(4.29998694426405,6.25744790420267,-18.501));
#12618=CARTESIAN_POINT('Ctrl Pts',(4.15574058879209,5.95274773758773,-18.5));
#12619=CARTESIAN_POINT('Ctrl Pts',(4.15574058879209,5.95274773758773,-18.501));
#12620=CARTESIAN_POINT('Ctrl Pts',(4.15574058879209,6.05647545388217,-18.5));
#12621=CARTESIAN_POINT('Ctrl Pts',(4.15574058879209,6.05647545388217,-18.501));
#12622=CARTESIAN_POINT('Ctrl Pts',(4.22705339374452,6.20882553718964,-18.5));
#12623=CARTESIAN_POINT('Ctrl Pts',(4.22705339374452,6.20882553718964,-18.501));
#12624=CARTESIAN_POINT('Ctrl Pts',(4.29998694426405,6.25744790420267,-18.5));
#12625=CARTESIAN_POINT('Ctrl Pts',(4.29998694426405,6.25744790420267,-18.501));
#12626=CARTESIAN_POINT('Ctrl Pts',(4.15574058879209,5.95274773758773,-18.5));
#12627=CARTESIAN_POINT('Ctrl Pts',(4.15574058879209,6.05647545388217,-18.5));
#12628=CARTESIAN_POINT('Ctrl Pts',(4.22705339374452,6.20882553718964,-18.5));
#12629=CARTESIAN_POINT('Ctrl Pts',(4.29998694426405,6.25744790420267,-18.5));
#12630=CARTESIAN_POINT('Ctrl Pts',(4.29998694426405,6.25744790420267,-18.501));
#12631=CARTESIAN_POINT('Ctrl Pts',(4.22705339374452,6.20882553718964,-18.501));
#12632=CARTESIAN_POINT('Ctrl Pts',(4.15574058879209,6.05647545388217,-18.501));
#12633=CARTESIAN_POINT('Ctrl Pts',(4.15574058879209,5.95274773758773,-18.501));
#12634=CARTESIAN_POINT('Ctrl Pts',(4.65168873232491,5.30931174744873,-18.5));
#12635=CARTESIAN_POINT('Ctrl Pts',(4.65168873232491,5.30931174744873,-18.501));
#12636=CARTESIAN_POINT('Ctrl Pts',(4.43775031746762,5.30931174744873,-18.5));
#12637=CARTESIAN_POINT('Ctrl Pts',(4.43775031746762,5.30931174744873,-18.501));
#12638=CARTESIAN_POINT('Ctrl Pts',(4.15736133435919,5.41466020931028,-18.5));
#12639=CARTESIAN_POINT('Ctrl Pts',(4.15736133435919,5.41466020931028,-18.501));
#12640=CARTESIAN_POINT('Ctrl Pts',(4.05363361806474,5.51676718003763,-18.5));
#12641=CARTESIAN_POINT('Ctrl Pts',(4.05363361806474,5.51676718003763,-18.501));
#12642=CARTESIAN_POINT('',(4.05363361806474,5.51676718003763,-18.5));
#12643=CARTESIAN_POINT('',(4.65168873232491,5.30931174744873,-18.5));
#12644=CARTESIAN_POINT('Ctrl Pts',(4.05363361806474,5.51676718003763,-18.5));
#12645=CARTESIAN_POINT('Ctrl Pts',(4.15736133435919,5.41466020931028,-18.5));
#12646=CARTESIAN_POINT('Ctrl Pts',(4.43775031746762,5.30931174744873,-18.5));
#12647=CARTESIAN_POINT('Ctrl Pts',(4.65168873232491,5.30931174744873,-18.5));
#12648=CARTESIAN_POINT('',(4.05363361806474,5.51676718003763,-18.501));
#12649=CARTESIAN_POINT('',(4.05363361806474,5.51676718003763,-18.5));
#12650=CARTESIAN_POINT('',(4.65168873232491,5.30931174744873,-18.501));
#12651=CARTESIAN_POINT('Ctrl Pts',(4.65168873232491,5.30931174744873,-18.501));
#12652=CARTESIAN_POINT('Ctrl Pts',(4.43775031746762,5.30931174744873,-18.501));
#12653=CARTESIAN_POINT('Ctrl Pts',(4.15736133435919,5.41466020931028,-18.501));
#12654=CARTESIAN_POINT('Ctrl Pts',(4.05363361806474,5.51676718003763,-18.501));
#12655=CARTESIAN_POINT('',(4.65168873232491,5.30931174744873,-18.5));
#12656=CARTESIAN_POINT('Origin',(4.87697236615192,5.30931174744873,-18.5));
#12657=CARTESIAN_POINT('',(4.87697236615192,5.30931174744873,-18.5));
#12658=CARTESIAN_POINT('',(2.43848618307596,5.30931174744873,-18.5));
#12659=CARTESIAN_POINT('',(4.87697236615192,5.30931174744873,-18.501));
#12660=CARTESIAN_POINT('',(4.65168873232491,5.30931174744873,-18.501));
#12661=CARTESIAN_POINT('',(4.87697236615192,5.30931174744873,-18.5));
#12662=CARTESIAN_POINT('Origin',(4.87697236615192,4.56376878658238,-18.5));
#12663=CARTESIAN_POINT('',(4.87697236615192,4.56376878658238,-18.5));
#12664=CARTESIAN_POINT('',(4.87697236615192,2.28188439329119,-18.5));
#12665=CARTESIAN_POINT('',(4.87697236615192,4.56376878658238,-18.501));
#12666=CARTESIAN_POINT('',(4.87697236615192,5.30931174744873,-18.501));
#12667=CARTESIAN_POINT('',(4.87697236615192,4.56376878658238,-18.5));
#12668=CARTESIAN_POINT('Origin',(5.14277463915644,4.56376878658238,-18.5));
#12669=CARTESIAN_POINT('',(5.14277463915644,4.56376878658238,-18.5));
#12670=CARTESIAN_POINT('',(2.57138731957822,4.56376878658238,-18.5));
#12671=CARTESIAN_POINT('',(5.14277463915644,4.56376878658238,-18.501));
#12672=CARTESIAN_POINT('',(4.87697236615192,4.56376878658238,-18.501));
#12673=CARTESIAN_POINT('',(5.14277463915644,4.56376878658238,-18.5));
#12674=CARTESIAN_POINT('Origin',(5.14277463915644,6.56376881638471,-18.5));
#12675=CARTESIAN_POINT('',(5.14277463915644,6.56376881638471,-18.5));
#12676=CARTESIAN_POINT('',(5.14277463915644,3.28188440819235,-18.5));
#12677=CARTESIAN_POINT('',(5.14277463915644,6.56376881638471,-18.501));
#12678=CARTESIAN_POINT('',(5.14277463915644,4.56376878658238,-18.501));
#12679=CARTESIAN_POINT('',(5.14277463915644,6.56376881638471,-18.5));
#12680=CARTESIAN_POINT('Origin',(4.64034351335521,6.56376881638471,-18.5));
#12681=CARTESIAN_POINT('',(4.64034351335521,6.56376881638471,-18.5));
#12682=CARTESIAN_POINT('',(2.3201717566776,6.56376881638471,-18.5));
#12683=CARTESIAN_POINT('',(4.64034351335521,6.56376881638471,-18.501));
#12684=CARTESIAN_POINT('',(5.14277463915644,6.56376881638471,-18.501));
#12685=CARTESIAN_POINT('',(4.64034351335521,6.56376881638471,-18.5));
#12686=CARTESIAN_POINT('Ctrl Pts',(4.11684269518167,6.43897140771795,-18.5));
#12687=CARTESIAN_POINT('Ctrl Pts',(4.11684269518167,6.43897140771795,-18.501));
#12688=CARTESIAN_POINT('Ctrl Pts',(4.21246668364061,6.50542197596908,-18.5));
#12689=CARTESIAN_POINT('Ctrl Pts',(4.21246668364061,6.50542197596908,-18.501));
#12690=CARTESIAN_POINT('Ctrl Pts',(4.46206150097413,6.56376881638471,-18.5));
#12691=CARTESIAN_POINT('Ctrl Pts',(4.46206150097413,6.56376881638471,-18.501));
#12692=CARTESIAN_POINT('Ctrl Pts',(4.64034351335521,6.56376881638471,-18.5));
#12693=CARTESIAN_POINT('Ctrl Pts',(4.64034351335521,6.56376881638471,-18.501));
#12694=CARTESIAN_POINT('',(4.11684269518167,6.43897140771795,-18.5));
#12695=CARTESIAN_POINT('Ctrl Pts',(4.64034351335521,6.56376881638471,-18.5));
#12696=CARTESIAN_POINT('Ctrl Pts',(4.46206150097413,6.56376881638471,-18.5));
#12697=CARTESIAN_POINT('Ctrl Pts',(4.21246668364061,6.50542197596908,-18.5));
#12698=CARTESIAN_POINT('Ctrl Pts',(4.11684269518167,6.43897140771795,-18.5));
#12699=CARTESIAN_POINT('',(4.11684269518167,6.43897140771795,-18.501));
#12700=CARTESIAN_POINT('Ctrl Pts',(4.11684269518167,6.43897140771795,-18.501));
#12701=CARTESIAN_POINT('Ctrl Pts',(4.21246668364061,6.50542197596908,-18.501));
#12702=CARTESIAN_POINT('Ctrl Pts',(4.46206150097413,6.56376881638471,-18.501));
#12703=CARTESIAN_POINT('Ctrl Pts',(4.64034351335521,6.56376881638471,-18.501));
#12704=CARTESIAN_POINT('',(4.11684269518167,6.43897140771795,-18.5));
#12705=CARTESIAN_POINT('Ctrl Pts',(3.87859309681786,5.96085146542323,-18.5));
#12706=CARTESIAN_POINT('Ctrl Pts',(3.87859309681786,5.96085146542323,-18.501));
#12707=CARTESIAN_POINT('Ctrl Pts',(3.87859309681786,6.12778825883461,-18.5));
#12708=CARTESIAN_POINT('Ctrl Pts',(3.87859309681786,6.12778825883461,-18.501));
#12709=CARTESIAN_POINT('Ctrl Pts',(4.00501125105172,6.36279636606421,-18.5));
#12710=CARTESIAN_POINT('Ctrl Pts',(4.00501125105172,6.36279636606421,-18.501));
#12711=CARTESIAN_POINT('Ctrl Pts',(4.11684269518167,6.43897140771795,-18.5));
#12712=CARTESIAN_POINT('Ctrl Pts',(4.11684269518167,6.43897140771795,-18.501));
#12713=CARTESIAN_POINT('',(3.87859309681786,5.96085146542323,-18.5));
#12714=CARTESIAN_POINT('Ctrl Pts',(4.11684269518167,6.43897140771795,-18.5));
#12715=CARTESIAN_POINT('Ctrl Pts',(4.00501125105172,6.36279636606421,-18.5));
#12716=CARTESIAN_POINT('Ctrl Pts',(3.87859309681786,6.12778825883461,-18.5));
#12717=CARTESIAN_POINT('Ctrl Pts',(3.87859309681786,5.96085146542323,-18.5));
#12718=CARTESIAN_POINT('',(3.87859309681786,5.96085146542323,-18.501));
#12719=CARTESIAN_POINT('Ctrl Pts',(3.87859309681786,5.96085146542323,-18.501));
#12720=CARTESIAN_POINT('Ctrl Pts',(3.87859309681786,6.12778825883461,-18.501));
#12721=CARTESIAN_POINT('Ctrl Pts',(4.00501125105172,6.36279636606421,-18.501));
#12722=CARTESIAN_POINT('Ctrl Pts',(4.11684269518167,6.43897140771795,-18.501));
#12723=CARTESIAN_POINT('',(3.87859309681786,5.96085146542323,-18.5));
#12724=CARTESIAN_POINT('Ctrl Pts',(4.05363361806474,5.51676718003763,-18.5));
#12725=CARTESIAN_POINT('Ctrl Pts',(4.05363361806474,5.51676718003763,-18.501));
#12726=CARTESIAN_POINT('Ctrl Pts',(3.9709755941426,5.59780445839266,-18.5));
#12727=CARTESIAN_POINT('Ctrl Pts',(3.9709755941426,5.59780445839266,-18.501));
#12728=CARTESIAN_POINT('Ctrl Pts',(3.87859309681786,5.83119182005517,-18.5));
#12729=CARTESIAN_POINT('Ctrl Pts',(3.87859309681786,5.83119182005517,-18.501));
#12730=CARTESIAN_POINT('Ctrl Pts',(3.87859309681786,5.96085146542323,-18.5));
#12731=CARTESIAN_POINT('Ctrl Pts',(3.87859309681786,5.96085146542323,-18.501));
#12732=CARTESIAN_POINT('Ctrl Pts',(3.87859309681786,5.96085146542323,-18.5));
#12733=CARTESIAN_POINT('Ctrl Pts',(3.87859309681786,5.83119182005517,-18.5));
#12734=CARTESIAN_POINT('Ctrl Pts',(3.9709755941426,5.59780445839266,-18.5));
#12735=CARTESIAN_POINT('Ctrl Pts',(4.05363361806474,5.51676718003763,-18.5));
#12736=CARTESIAN_POINT('Ctrl Pts',(4.05363361806474,5.51676718003763,-18.501));
#12737=CARTESIAN_POINT('Ctrl Pts',(3.9709755941426,5.59780445839266,-18.501));
#12738=CARTESIAN_POINT('Ctrl Pts',(3.87859309681786,5.83119182005517,-18.501));
#12739=CARTESIAN_POINT('Ctrl Pts',(3.87859309681786,5.96085146542323,-18.501));
#12740=CARTESIAN_POINT('Origin',(4.75666645916218,5.62805025886264,-18.501));
#12741=CARTESIAN_POINT('Origin',(8.49609721748789,6.327139963588,-18.5));
#12742=CARTESIAN_POINT('',(7.82510855270818,6.327139963588,-18.5));
#12743=CARTESIAN_POINT('',(8.49609721748789,6.327139963588,-18.5));
#12744=CARTESIAN_POINT('',(4.24804860874394,6.327139963588,-18.5));
#12745=CARTESIAN_POINT('',(7.82510855270818,6.327139963588,-18.501));
#12746=CARTESIAN_POINT('',(7.82510855270818,6.327139963588,-18.5));
#12747=CARTESIAN_POINT('',(8.49609721748789,6.327139963588,-18.501));
#12748=CARTESIAN_POINT('',(7.82510855270818,6.327139963588,-18.501));
#12749=CARTESIAN_POINT('',(8.49609721748789,6.327139963588,-18.5));
#12750=CARTESIAN_POINT('Origin',(8.49609721748789,6.56376881638471,-18.5));
#12751=CARTESIAN_POINT('',(8.49609721748789,6.56376881638471,-18.5));
#12752=CARTESIAN_POINT('',(8.49609721748789,3.28188440819235,-18.5));
#12753=CARTESIAN_POINT('',(8.49609721748789,6.56376881638471,-18.501));
#12754=CARTESIAN_POINT('',(8.49609721748789,6.327139963588,-18.501));
#12755=CARTESIAN_POINT('',(8.49609721748789,6.56376881638471,-18.5));
#12756=CARTESIAN_POINT('Origin',(6.88831761492395,6.56376881638471,-18.5));
#12757=CARTESIAN_POINT('',(6.88831761492395,6.56376881638471,-18.5));
#12758=CARTESIAN_POINT('',(3.44415880746197,6.56376881638471,-18.5));
#12759=CARTESIAN_POINT('',(6.88831761492395,6.56376881638471,-18.501));
#12760=CARTESIAN_POINT('',(8.49609721748789,6.56376881638471,-18.501));
#12761=CARTESIAN_POINT('',(6.88831761492395,6.56376881638471,-18.5));
#12762=CARTESIAN_POINT('Origin',(6.88831761492395,6.327139963588,-18.5));
#12763=CARTESIAN_POINT('',(6.88831761492395,6.327139963588,-18.5));
#12764=CARTESIAN_POINT('',(6.88831761492395,3.163569981794,-18.5));
#12765=CARTESIAN_POINT('',(6.88831761492395,6.327139963588,-18.501));
#12766=CARTESIAN_POINT('',(6.88831761492395,6.56376881638471,-18.501));
#12767=CARTESIAN_POINT('',(6.88831761492395,6.327139963588,-18.5));
#12768=CARTESIAN_POINT('Origin',(7.55930627970366,6.327139963588,-18.5));
#12769=CARTESIAN_POINT('',(7.55930627970366,6.327139963588,-18.5));
#12770=CARTESIAN_POINT('',(3.77965313985183,6.327139963588,-18.5));
#12771=CARTESIAN_POINT('',(7.55930627970366,6.327139963588,-18.501));
#12772=CARTESIAN_POINT('',(6.88831761492395,6.327139963588,-18.501));
#12773=CARTESIAN_POINT('',(7.55930627970366,6.327139963588,-18.5));
#12774=CARTESIAN_POINT('Origin',(7.55930627970366,4.56376878658238,-18.5));
#12775=CARTESIAN_POINT('',(7.55930627970366,4.56376878658238,-18.5));
#12776=CARTESIAN_POINT('',(7.55930627970366,2.28188439329119,-18.5));
#12777=CARTESIAN_POINT('',(7.55930627970366,4.56376878658238,-18.501));
#12778=CARTESIAN_POINT('',(7.55930627970366,6.327139963588,-18.501));
#12779=CARTESIAN_POINT('',(7.55930627970366,4.56376878658238,-18.5));
#12780=CARTESIAN_POINT('Origin',(7.82510855270818,4.56376878658238,-18.5));
#12781=CARTESIAN_POINT('',(7.82510855270818,4.56376878658238,-18.5));
#12782=CARTESIAN_POINT('',(3.91255427635409,4.56376878658238,-18.5));
#12783=CARTESIAN_POINT('',(7.82510855270818,4.56376878658238,-18.501));
#12784=CARTESIAN_POINT('',(7.55930627970366,4.56376878658238,-18.501));
#12785=CARTESIAN_POINT('',(7.82510855270818,4.56376878658238,-18.5));
#12786=CARTESIAN_POINT('Origin',(7.82510855270818,6.327139963588,-18.5));
#12787=CARTESIAN_POINT('',(7.82510855270818,3.163569981794,-18.5));
#12788=CARTESIAN_POINT('',(7.82510855270818,4.56376878658238,-18.501));
#12789=CARTESIAN_POINT('Origin',(7.69220741620591,5.89172732227435,-18.501));
#12790=CARTESIAN_POINT('Origin',(9.92235331653655,5.01757754537059,-18.5));
#12791=CARTESIAN_POINT('',(9.92235331653655,4.68370395854784,-18.5));
#12792=CARTESIAN_POINT('',(9.92235331653655,5.01757754537059,-18.5));
#12793=CARTESIAN_POINT('',(9.92235331653655,2.5087887726853,-18.5));
#12794=CARTESIAN_POINT('',(9.92235331653655,4.68370395854784,-18.501));
#12795=CARTESIAN_POINT('',(9.92235331653655,4.68370395854784,-18.5));
#12796=CARTESIAN_POINT('',(9.92235331653655,5.01757754537059,-18.501));
#12797=CARTESIAN_POINT('',(9.92235331653655,4.68370395854784,-18.501));
#12798=CARTESIAN_POINT('',(9.92235331653655,5.01757754537059,-18.5));
#12799=CARTESIAN_POINT('Origin',(9.90290436973134,5.01757754537059,-18.5));
#12800=CARTESIAN_POINT('',(9.90290436973134,5.01757754537059,-18.5));
#12801=CARTESIAN_POINT('',(4.95145218486567,5.01757754537059,-18.5));
#12802=CARTESIAN_POINT('',(9.90290436973134,5.01757754537059,-18.501));
#12803=CARTESIAN_POINT('',(9.92235331653655,5.01757754537059,-18.501));
#12804=CARTESIAN_POINT('',(9.90290436973134,5.01757754537059,-18.5));
#12805=CARTESIAN_POINT('Ctrl Pts',(9.28540030866595,4.75825825463447,-18.5));
#12806=CARTESIAN_POINT('Ctrl Pts',(9.28540030866595,4.75825825463447,-18.501));
#12807=CARTESIAN_POINT('Ctrl Pts',(9.43937113754052,4.75825825463447,-18.5));
#12808=CARTESIAN_POINT('Ctrl Pts',(9.43937113754052,4.75825825463447,-18.501));
#12809=CARTESIAN_POINT('Ctrl Pts',(9.77162397879617,4.89440088227094,-18.5));
#12810=CARTESIAN_POINT('Ctrl Pts',(9.77162397879617,4.89440088227094,-18.501));
#12811=CARTESIAN_POINT('Ctrl Pts',(9.90290436973134,5.01757754537059,-18.5));
#12812=CARTESIAN_POINT('Ctrl Pts',(9.90290436973134,5.01757754537059,-18.501));
#12813=CARTESIAN_POINT('',(9.28540030866595,4.75825825463447,-18.5));
#12814=CARTESIAN_POINT('Ctrl Pts',(9.90290436973134,5.01757754537059,-18.5));
#12815=CARTESIAN_POINT('Ctrl Pts',(9.77162397879617,4.89440088227094,-18.5));
#12816=CARTESIAN_POINT('Ctrl Pts',(9.43937113754052,4.75825825463447,-18.5));
#12817=CARTESIAN_POINT('Ctrl Pts',(9.28540030866595,4.75825825463447,-18.5));
#12818=CARTESIAN_POINT('',(9.28540030866595,4.75825825463447,-18.501));
#12819=CARTESIAN_POINT('Ctrl Pts',(9.28540030866595,4.75825825463447,-18.501));
#12820=CARTESIAN_POINT('Ctrl Pts',(9.43937113754052,4.75825825463447,-18.501));
#12821=CARTESIAN_POINT('Ctrl Pts',(9.77162397879617,4.89440088227094,-18.501));
#12822=CARTESIAN_POINT('Ctrl Pts',(9.90290436973134,5.01757754537059,-18.501));
#12823=CARTESIAN_POINT('',(9.28540030866595,4.75825825463447,-18.5));
#12824=CARTESIAN_POINT('Ctrl Pts',(8.83969527771325,5.09213184145723,-18.5));
#12825=CARTESIAN_POINT('Ctrl Pts',(8.83969527771325,5.09213184145723,-18.501));
#12826=CARTESIAN_POINT('Ctrl Pts',(8.83969527771325,4.94140250371686,-18.5));
#12827=CARTESIAN_POINT('Ctrl Pts',(8.83969527771325,4.94140250371686,-18.501));
#12828=CARTESIAN_POINT('Ctrl Pts',(9.06497891154025,4.75825825463447,-18.5));
#12829=CARTESIAN_POINT('Ctrl Pts',(9.06497891154025,4.75825825463447,-18.501));
#12830=CARTESIAN_POINT('Ctrl Pts',(9.28540030866595,4.75825825463447,-18.5));
#12831=CARTESIAN_POINT('Ctrl Pts',(9.28540030866595,4.75825825463447,-18.501));
#12832=CARTESIAN_POINT('',(8.83969527771325,5.09213184145723,-18.5));
#12833=CARTESIAN_POINT('Ctrl Pts',(9.28540030866595,4.75825825463447,-18.5));
#12834=CARTESIAN_POINT('Ctrl Pts',(9.06497891154025,4.75825825463447,-18.5));
#12835=CARTESIAN_POINT('Ctrl Pts',(8.83969527771325,4.94140250371686,-18.5));
#12836=CARTESIAN_POINT('Ctrl Pts',(8.83969527771325,5.09213184145723,-18.5));
#12837=CARTESIAN_POINT('',(8.83969527771325,5.09213184145723,-18.501));
#12838=CARTESIAN_POINT('Ctrl Pts',(8.83969527771325,5.09213184145723,-18.501));
#12839=CARTESIAN_POINT('Ctrl Pts',(8.83969527771325,4.94140250371686,-18.501));
#12840=CARTESIAN_POINT('Ctrl Pts',(9.06497891154025,4.75825825463447,-18.501));
#12841=CARTESIAN_POINT('Ctrl Pts',(9.28540030866595,4.75825825463447,-18.501));
#12842=CARTESIAN_POINT('',(8.83969527771325,5.09213184145723,-18.5));
#12843=CARTESIAN_POINT('Ctrl Pts',(9.08604860391256,5.39845275363927,-18.5));
#12844=CARTESIAN_POINT('Ctrl Pts',(9.08604860391256,5.39845275363927,-18.501));
#12845=CARTESIAN_POINT('Ctrl Pts',(8.9580097041116,5.36117560559595,-18.5));
#12846=CARTESIAN_POINT('Ctrl Pts',(8.9580097041116,5.36117560559595,-18.501));
#12847=CARTESIAN_POINT('Ctrl Pts',(8.83969527771325,5.21206701342268,-18.5));
#12848=CARTESIAN_POINT('Ctrl Pts',(8.83969527771325,5.21206701342268,-18.501));
#12849=CARTESIAN_POINT('Ctrl Pts',(8.83969527771325,5.09213184145723,-18.5));
#12850=CARTESIAN_POINT('Ctrl Pts',(8.83969527771325,5.09213184145723,-18.501));
#12851=CARTESIAN_POINT('',(9.08604860391256,5.39845275363927,-18.5));
#12852=CARTESIAN_POINT('Ctrl Pts',(8.83969527771325,5.09213184145723,-18.5));
#12853=CARTESIAN_POINT('Ctrl Pts',(8.83969527771325,5.21206701342268,-18.5));
#12854=CARTESIAN_POINT('Ctrl Pts',(8.9580097041116,5.36117560559595,-18.5));
#12855=CARTESIAN_POINT('Ctrl Pts',(9.08604860391256,5.39845275363927,-18.5));
#12856=CARTESIAN_POINT('',(9.08604860391256,5.39845275363927,-18.501));
#12857=CARTESIAN_POINT('Ctrl Pts',(9.08604860391256,5.39845275363927,-18.501));
#12858=CARTESIAN_POINT('Ctrl Pts',(8.9580097041116,5.36117560559595,-18.501));
#12859=CARTESIAN_POINT('Ctrl Pts',(8.83969527771325,5.21206701342268,-18.501));
#12860=CARTESIAN_POINT('Ctrl Pts',(8.83969527771325,5.09213184145723,-18.501));
#12861=CARTESIAN_POINT('',(9.08604860391256,5.39845275363927,-18.5));
#12862=CARTESIAN_POINT('Ctrl Pts',(9.44747486537603,5.48921450539691,-18.5));
#12863=CARTESIAN_POINT('Ctrl Pts',(9.44747486537603,5.48921450539691,-18.501));
#12864=CARTESIAN_POINT('Ctrl Pts',(9.33240193011187,5.4600410851891,-18.5));
#12865=CARTESIAN_POINT('Ctrl Pts',(9.33240193011187,5.4600410851891,-18.501));
#12866=CARTESIAN_POINT('Ctrl Pts',(9.1784311012373,5.42438468271288,-18.5));
#12867=CARTESIAN_POINT('Ctrl Pts',(9.1784311012373,5.42438468271288,-18.501));
#12868=CARTESIAN_POINT('Ctrl Pts',(9.08604860391256,5.39845275363927,-18.5));
#12869=CARTESIAN_POINT('Ctrl Pts',(9.08604860391256,5.39845275363927,-18.501));
#12870=CARTESIAN_POINT('',(9.44747486537603,5.48921450539691,-18.5));
#12871=CARTESIAN_POINT('Ctrl Pts',(9.08604860391256,5.39845275363927,-18.5));
#12872=CARTESIAN_POINT('Ctrl Pts',(9.1784311012373,5.42438468271288,-18.5));
#12873=CARTESIAN_POINT('Ctrl Pts',(9.33240193011187,5.4600410851891,-18.5));
#12874=CARTESIAN_POINT('Ctrl Pts',(9.44747486537603,5.48921450539691,-18.5));
#12875=CARTESIAN_POINT('',(9.44747486537603,5.48921450539691,-18.501));
#12876=CARTESIAN_POINT('Ctrl Pts',(9.44747486537603,5.48921450539691,-18.501));
#12877=CARTESIAN_POINT('Ctrl Pts',(9.33240193011187,5.4600410851891,-18.501));
#12878=CARTESIAN_POINT('Ctrl Pts',(9.1784311012373,5.42438468271288,-18.501));
#12879=CARTESIAN_POINT('Ctrl Pts',(9.08604860391256,5.39845275363927,-18.501));
#12880=CARTESIAN_POINT('',(9.44747486537603,5.48921450539691,-18.5));
#12881=CARTESIAN_POINT('Ctrl Pts',(9.77810696106458,5.66587577221089,-18.5));
#12882=CARTESIAN_POINT('Ctrl Pts',(9.77810696106458,5.66587577221089,-18.501));
#12883=CARTESIAN_POINT('Ctrl Pts',(9.71489788394765,5.59942520395976,-18.5));
#12884=CARTESIAN_POINT('Ctrl Pts',(9.71489788394765,5.59942520395976,-18.501));
#12885=CARTESIAN_POINT('Ctrl Pts',(9.55120258167048,5.51676718003763,-18.5));
#12886=CARTESIAN_POINT('Ctrl Pts',(9.55120258167048,5.51676718003763,-18.501));
#12887=CARTESIAN_POINT('Ctrl Pts',(9.44747486537603,5.48921450539691,-18.5));
#12888=CARTESIAN_POINT('Ctrl Pts',(9.44747486537603,5.48921450539691,-18.501));
#12889=CARTESIAN_POINT('',(9.77810696106458,5.66587577221089,-18.5));
#12890=CARTESIAN_POINT('Ctrl Pts',(9.44747486537603,5.48921450539691,-18.5));
#12891=CARTESIAN_POINT('Ctrl Pts',(9.55120258167048,5.51676718003763,-18.5));
#12892=CARTESIAN_POINT('Ctrl Pts',(9.71489788394765,5.59942520395976,-18.5));
#12893=CARTESIAN_POINT('Ctrl Pts',(9.77810696106458,5.66587577221089,-18.5));
#12894=CARTESIAN_POINT('',(9.77810696106458,5.66587577221089,-18.501));
#12895=CARTESIAN_POINT('Ctrl Pts',(9.77810696106458,5.66587577221089,-18.501));
#12896=CARTESIAN_POINT('Ctrl Pts',(9.71489788394765,5.59942520395976,-18.501));
#12897=CARTESIAN_POINT('Ctrl Pts',(9.55120258167048,5.51676718003763,-18.501));
#12898=CARTESIAN_POINT('Ctrl Pts',(9.44747486537603,5.48921450539691,-18.501));
#12899=CARTESIAN_POINT('',(9.77810696106458,5.66587577221089,-18.5));
#12900=CARTESIAN_POINT('Ctrl Pts',(9.90776660643264,6.02730203367436,-18.5));
#12901=CARTESIAN_POINT('Ctrl Pts',(9.90776660643264,6.02730203367436,-18.501));
#12902=CARTESIAN_POINT('Ctrl Pts',(9.90776660643264,5.91060835284311,-18.5));
#12903=CARTESIAN_POINT('Ctrl Pts',(9.90776660643264,5.91060835284311,-18.501));
#12904=CARTESIAN_POINT('Ctrl Pts',(9.83969529261441,5.73232634046202,-18.5));
#12905=CARTESIAN_POINT('Ctrl Pts',(9.83969529261441,5.73232634046202,-18.501));
#12906=CARTESIAN_POINT('Ctrl Pts',(9.77810696106458,5.66587577221089,-18.5));
#12907=CARTESIAN_POINT('Ctrl Pts',(9.77810696106458,5.66587577221089,-18.501));
#12908=CARTESIAN_POINT('',(9.90776660643264,6.02730203367436,-18.5));
#12909=CARTESIAN_POINT('Ctrl Pts',(9.77810696106458,5.66587577221089,-18.5));
#12910=CARTESIAN_POINT('Ctrl Pts',(9.83969529261441,5.73232634046202,-18.5));
#12911=CARTESIAN_POINT('Ctrl Pts',(9.90776660643264,5.91060835284311,-18.5));
#12912=CARTESIAN_POINT('Ctrl Pts',(9.90776660643264,6.02730203367436,-18.5));
#12913=CARTESIAN_POINT('',(9.90776660643264,6.02730203367436,-18.501));
#12914=CARTESIAN_POINT('Ctrl Pts',(9.90776660643264,6.02730203367436,-18.501));
#12915=CARTESIAN_POINT('Ctrl Pts',(9.90776660643264,5.91060835284311,-18.501));
#12916=CARTESIAN_POINT('Ctrl Pts',(9.83969529261441,5.73232634046202,-18.501));
#12917=CARTESIAN_POINT('Ctrl Pts',(9.77810696106458,5.66587577221089,-18.501));
#12918=CARTESIAN_POINT('',(9.90776660643264,6.02730203367436,-18.5));
#12919=CARTESIAN_POINT('Ctrl Pts',(9.23515719608583,6.59942521886092,-18.5));
#12920=CARTESIAN_POINT('Ctrl Pts',(9.23515719608583,6.59942521886092,-18.501));
#12921=CARTESIAN_POINT('Ctrl Pts',(9.52851214373106,6.59942521886092,-18.5));
#12922=CARTESIAN_POINT('Ctrl Pts',(9.52851214373106,6.59942521886092,-18.501));
#12923=CARTESIAN_POINT('Ctrl Pts',(9.90776660643264,6.27041386873947,-18.5));
#12924=CARTESIAN_POINT('Ctrl Pts',(9.90776660643264,6.27041386873947,-18.501));
#12925=CARTESIAN_POINT('Ctrl Pts',(9.90776660643264,6.02730203367436,-18.5));
#12926=CARTESIAN_POINT('Ctrl Pts',(9.90776660643264,6.02730203367436,-18.501));
#12927=CARTESIAN_POINT('',(9.23515719608583,6.59942521886092,-18.5));
#12928=CARTESIAN_POINT('Ctrl Pts',(9.90776660643264,6.02730203367436,-18.5));
#12929=CARTESIAN_POINT('Ctrl Pts',(9.90776660643264,6.27041386873947,-18.5));
#12930=CARTESIAN_POINT('Ctrl Pts',(9.52851214373106,6.59942521886092,-18.5));
#12931=CARTESIAN_POINT('Ctrl Pts',(9.23515719608583,6.59942521886092,-18.5));
#12932=CARTESIAN_POINT('',(9.23515719608583,6.59942521886092,-18.501));
#12933=CARTESIAN_POINT('Ctrl Pts',(9.23515719608583,6.59942521886092,-18.501));
#12934=CARTESIAN_POINT('Ctrl Pts',(9.52851214373106,6.59942521886092,-18.501));
#12935=CARTESIAN_POINT('Ctrl Pts',(9.90776660643264,6.27041386873947,-18.501));
#12936=CARTESIAN_POINT('Ctrl Pts',(9.90776660643264,6.02730203367436,-18.501));
#12937=CARTESIAN_POINT('',(9.23515719608583,6.59942521886092,-18.5));
#12938=CARTESIAN_POINT('Ctrl Pts',(8.64034357295985,6.46976557349286,-18.5));
#12939=CARTESIAN_POINT('Ctrl Pts',(8.64034357295985,6.46976557349286,-18.501));
#12940=CARTESIAN_POINT('Ctrl Pts',(8.76838247276081,6.53297465060979,-18.5));
#12941=CARTESIAN_POINT('Ctrl Pts',(8.76838247276081,6.53297465060979,-18.501));
#12942=CARTESIAN_POINT('Ctrl Pts',(9.06659965710735,6.59942521886092,-18.5));
#12943=CARTESIAN_POINT('Ctrl Pts',(9.06659965710735,6.59942521886092,-18.501));
#12944=CARTESIAN_POINT('Ctrl Pts',(9.23515719608583,6.59942521886092,-18.5));
#12945=CARTESIAN_POINT('Ctrl Pts',(9.23515719608583,6.59942521886092,-18.501));
#12946=CARTESIAN_POINT('',(8.64034357295985,6.46976557349286,-18.5));
#12947=CARTESIAN_POINT('Ctrl Pts',(9.23515719608583,6.59942521886092,-18.5));
#12948=CARTESIAN_POINT('Ctrl Pts',(9.06659965710735,6.59942521886092,-18.5));
#12949=CARTESIAN_POINT('Ctrl Pts',(8.76838247276081,6.53297465060979,-18.5));
#12950=CARTESIAN_POINT('Ctrl Pts',(8.64034357295985,6.46976557349286,-18.5));
#12951=CARTESIAN_POINT('',(8.64034357295985,6.46976557349286,-18.501));
#12952=CARTESIAN_POINT('Ctrl Pts',(8.64034357295985,6.46976557349286,-18.501));
#12953=CARTESIAN_POINT('Ctrl Pts',(8.76838247276081,6.53297465060979,-18.501));
#12954=CARTESIAN_POINT('Ctrl Pts',(9.06659965710735,6.59942521886092,-18.501));
#12955=CARTESIAN_POINT('Ctrl Pts',(9.23515719608583,6.59942521886092,-18.501));
#12956=CARTESIAN_POINT('',(8.64034357295985,6.46976557349286,-18.5));
#12957=CARTESIAN_POINT('Origin',(8.64034357295985,6.15209944234112,-18.5));
#12958=CARTESIAN_POINT('',(8.64034357295985,6.15209944234112,-18.5));
#12959=CARTESIAN_POINT('',(8.64034357295985,3.07604972117056,-18.5));
#12960=CARTESIAN_POINT('',(8.64034357295985,6.15209944234112,-18.501));
#12961=CARTESIAN_POINT('',(8.64034357295985,6.46976557349286,-18.501));
#12962=CARTESIAN_POINT('',(8.64034357295985,6.15209944234112,-18.5));
#12963=CARTESIAN_POINT('Origin',(8.65979251976506,6.15209944234112,-18.5));
#12964=CARTESIAN_POINT('',(8.65979251976506,6.15209944234112,-18.5));
#12965=CARTESIAN_POINT('',(4.32989625988253,6.15209944234112,-18.5));
#12966=CARTESIAN_POINT('',(8.65979251976506,6.15209944234112,-18.501));
#12967=CARTESIAN_POINT('',(8.64034357295985,6.15209944234112,-18.501));
#12968=CARTESIAN_POINT('',(8.65979251976506,6.15209944234112,-18.5));
#12969=CARTESIAN_POINT('Ctrl Pts',(9.21732899484772,6.36927934833262,-18.5));
#12970=CARTESIAN_POINT('Ctrl Pts',(9.21732899484772,6.36927934833262,-18.501));
#12971=CARTESIAN_POINT('Ctrl Pts',(9.05363369257054,6.36927934833262,-18.5));
#12972=CARTESIAN_POINT('Ctrl Pts',(9.05363369257054,6.36927934833262,-18.501));
#12973=CARTESIAN_POINT('Ctrl Pts',(8.75541650822401,6.23961970296456,-18.5));
#12974=CARTESIAN_POINT('Ctrl Pts',(8.75541650822401,6.23961970296456,-18.501));
#12975=CARTESIAN_POINT('Ctrl Pts',(8.65979251976506,6.15209944234112,-18.5));
#12976=CARTESIAN_POINT('Ctrl Pts',(8.65979251976506,6.15209944234112,-18.501));
#12977=CARTESIAN_POINT('',(9.21732899484772,6.36927934833262,-18.5));
#12978=CARTESIAN_POINT('Ctrl Pts',(8.65979251976506,6.15209944234112,-18.5));
#12979=CARTESIAN_POINT('Ctrl Pts',(8.75541650822401,6.23961970296456,-18.5));
#12980=CARTESIAN_POINT('Ctrl Pts',(9.05363369257054,6.36927934833262,-18.5));
#12981=CARTESIAN_POINT('Ctrl Pts',(9.21732899484772,6.36927934833262,-18.5));
#12982=CARTESIAN_POINT('',(9.21732899484772,6.36927934833262,-18.501));
#12983=CARTESIAN_POINT('Ctrl Pts',(9.21732899484772,6.36927934833262,-18.501));
#12984=CARTESIAN_POINT('Ctrl Pts',(9.05363369257054,6.36927934833262,-18.501));
#12985=CARTESIAN_POINT('Ctrl Pts',(8.75541650822401,6.23961970296456,-18.501));
#12986=CARTESIAN_POINT('Ctrl Pts',(8.65979251976506,6.15209944234112,-18.501));
#12987=CARTESIAN_POINT('',(9.21732899484772,6.36927934833262,-18.5));
#12988=CARTESIAN_POINT('Ctrl Pts',(9.63061911445841,6.05485470831507,-18.5));
#12989=CARTESIAN_POINT('Ctrl Pts',(9.63061911445841,6.05485470831507,-18.501));
#12990=CARTESIAN_POINT('Ctrl Pts',(9.63061911445841,6.19585957265284,-18.5));
#12991=CARTESIAN_POINT('Ctrl Pts',(9.63061911445841,6.19585957265284,-18.501));
#12992=CARTESIAN_POINT('Ctrl Pts',(9.4020939894972,6.36927934833262,-18.5));
#12993=CARTESIAN_POINT('Ctrl Pts',(9.4020939894972,6.36927934833262,-18.501));
#12994=CARTESIAN_POINT('Ctrl Pts',(9.21732899484772,6.36927934833262,-18.5));
#12995=CARTESIAN_POINT('Ctrl Pts',(9.21732899484772,6.36927934833262,-18.501));
#12996=CARTESIAN_POINT('',(9.63061911445841,6.05485470831507,-18.5));
#12997=CARTESIAN_POINT('Ctrl Pts',(9.21732899484772,6.36927934833262,-18.5));
#12998=CARTESIAN_POINT('Ctrl Pts',(9.4020939894972,6.36927934833262,-18.5));
#12999=CARTESIAN_POINT('Ctrl Pts',(9.63061911445841,6.19585957265284,-18.5));
#13000=CARTESIAN_POINT('Ctrl Pts',(9.63061911445841,6.05485470831507,-18.5));
#13001=CARTESIAN_POINT('',(9.63061911445841,6.05485470831507,-18.501));
#13002=CARTESIAN_POINT('Ctrl Pts',(9.63061911445841,6.05485470831507,-18.501));
#13003=CARTESIAN_POINT('Ctrl Pts',(9.63061911445841,6.19585957265284,-18.501));
#13004=CARTESIAN_POINT('Ctrl Pts',(9.4020939894972,6.36927934833262,-18.501));
#13005=CARTESIAN_POINT('Ctrl Pts',(9.21732899484772,6.36927934833262,-18.501));
#13006=CARTESIAN_POINT('',(9.63061911445841,6.05485470831507,-18.5));
#13007=CARTESIAN_POINT('Ctrl Pts',(9.36967907815519,5.74367155943173,-18.5));
#13008=CARTESIAN_POINT('Ctrl Pts',(9.36967907815519,5.74367155943173,-18.501));
#13009=CARTESIAN_POINT('Ctrl Pts',(9.49609723238905,5.77770721634085,-18.5));
#13010=CARTESIAN_POINT('Ctrl Pts',(9.49609723238905,5.77770721634085,-18.501));
#13011=CARTESIAN_POINT('Ctrl Pts',(9.63061911445841,5.92843655408121,-18.5));
#13012=CARTESIAN_POINT('Ctrl Pts',(9.63061911445841,5.92843655408121,-18.501));
#13013=CARTESIAN_POINT('Ctrl Pts',(9.63061911445841,6.05485470831507,-18.5));
#13014=CARTESIAN_POINT('Ctrl Pts',(9.63061911445841,6.05485470831507,-18.501));
#13015=CARTESIAN_POINT('',(9.36967907815519,5.74367155943173,-18.5));
#13016=CARTESIAN_POINT('Ctrl Pts',(9.63061911445841,6.05485470831507,-18.5));
#13017=CARTESIAN_POINT('Ctrl Pts',(9.63061911445841,5.92843655408121,-18.5));
#13018=CARTESIAN_POINT('Ctrl Pts',(9.49609723238905,5.77770721634085,-18.5));
#13019=CARTESIAN_POINT('Ctrl Pts',(9.36967907815519,5.74367155943173,-18.5));
#13020=CARTESIAN_POINT('',(9.36967907815519,5.74367155943173,-18.501));
#13021=CARTESIAN_POINT('Ctrl Pts',(9.36967907815519,5.74367155943173,-18.501));
#13022=CARTESIAN_POINT('Ctrl Pts',(9.49609723238905,5.77770721634085,-18.501));
#13023=CARTESIAN_POINT('Ctrl Pts',(9.63061911445841,5.92843655408121,-18.501));
#13024=CARTESIAN_POINT('Ctrl Pts',(9.63061911445841,6.05485470831507,-18.501));
#13025=CARTESIAN_POINT('',(9.36967907815519,5.74367155943173,-18.5));
#13026=CARTESIAN_POINT('Ctrl Pts',(8.9596304496787,5.63832309757018,-18.5));
#13027=CARTESIAN_POINT('Ctrl Pts',(8.9596304496787,5.63832309757018,-18.501));
#13028=CARTESIAN_POINT('Ctrl Pts',(9.04066772803374,5.66263428107669,-18.5));
#13029=CARTESIAN_POINT('Ctrl Pts',(9.04066772803374,5.66263428107669,-18.501));
#13030=CARTESIAN_POINT('Ctrl Pts',(9.28540030866595,5.72098112149232,-18.5));
#13031=CARTESIAN_POINT('Ctrl Pts',(9.28540030866595,5.72098112149232,-18.501));
#13032=CARTESIAN_POINT('Ctrl Pts',(9.36967907815519,5.74367155943173,-18.5));
#13033=CARTESIAN_POINT('Ctrl Pts',(9.36967907815519,5.74367155943173,-18.501));
#13034=CARTESIAN_POINT('',(8.9596304496787,5.63832309757018,-18.5));
#13035=CARTESIAN_POINT('Ctrl Pts',(9.36967907815519,5.74367155943173,-18.5));
#13036=CARTESIAN_POINT('Ctrl Pts',(9.28540030866595,5.72098112149232,-18.5));
#13037=CARTESIAN_POINT('Ctrl Pts',(9.04066772803374,5.66263428107669,-18.5));
#13038=CARTESIAN_POINT('Ctrl Pts',(8.9596304496787,5.63832309757018,-18.5));
#13039=CARTESIAN_POINT('',(8.9596304496787,5.63832309757018,-18.501));
#13040=CARTESIAN_POINT('Ctrl Pts',(8.9596304496787,5.63832309757018,-18.501));
#13041=CARTESIAN_POINT('Ctrl Pts',(9.04066772803374,5.66263428107669,-18.501));
#13042=CARTESIAN_POINT('Ctrl Pts',(9.28540030866595,5.72098112149232,-18.501));
#13043=CARTESIAN_POINT('Ctrl Pts',(9.36967907815519,5.74367155943173,-18.501));
#13044=CARTESIAN_POINT('',(8.9596304496787,5.63832309757018,-18.5));
#13045=CARTESIAN_POINT('Ctrl Pts',(8.56254778573902,5.13427122620185,-18.5));
#13046=CARTESIAN_POINT('Ctrl Pts',(8.56254778573902,5.13427122620185,-18.501));
#13047=CARTESIAN_POINT('Ctrl Pts',(8.56254778573902,5.32065696641843,-18.5));
#13048=CARTESIAN_POINT('Ctrl Pts',(8.56254778573902,5.32065696641843,-18.501));
#13049=CARTESIAN_POINT('Ctrl Pts',(8.75379576265691,5.57511402045325,-18.5));
#13050=CARTESIAN_POINT('Ctrl Pts',(8.75379576265691,5.57511402045325,-18.501));
#13051=CARTESIAN_POINT('Ctrl Pts',(8.9596304496787,5.63832309757018,-18.5));
#13052=CARTESIAN_POINT('Ctrl Pts',(8.9596304496787,5.63832309757018,-18.501));
#13053=CARTESIAN_POINT('',(8.56254778573902,5.13427122620185,-18.5));
#13054=CARTESIAN_POINT('Ctrl Pts',(8.9596304496787,5.63832309757018,-18.5));
#13055=CARTESIAN_POINT('Ctrl Pts',(8.75379576265691,5.57511402045325,-18.5));
#13056=CARTESIAN_POINT('Ctrl Pts',(8.56254778573902,5.32065696641843,-18.5));
#13057=CARTESIAN_POINT('Ctrl Pts',(8.56254778573902,5.13427122620185,-18.5));
#13058=CARTESIAN_POINT('',(8.56254778573902,5.13427122620185,-18.501));
#13059=CARTESIAN_POINT('Ctrl Pts',(8.56254778573902,5.13427122620185,-18.501));
#13060=CARTESIAN_POINT('Ctrl Pts',(8.56254778573902,5.32065696641843,-18.501));
#13061=CARTESIAN_POINT('Ctrl Pts',(8.75379576265691,5.57511402045325,-18.501));
#13062=CARTESIAN_POINT('Ctrl Pts',(8.9596304496787,5.63832309757018,-18.501));
#13063=CARTESIAN_POINT('',(8.56254778573902,5.13427122620185,-18.5));
#13064=CARTESIAN_POINT('Ctrl Pts',(8.7440712892543,4.70963588762145,-18.5));
#13065=CARTESIAN_POINT('Ctrl Pts',(8.7440712892543,4.70963588762145,-18.501));
#13066=CARTESIAN_POINT('Ctrl Pts',(8.65817177419796,4.78905242040939,-18.5));
#13067=CARTESIAN_POINT('Ctrl Pts',(8.65817177419796,4.78905242040939,-18.501));
#13068=CARTESIAN_POINT('Ctrl Pts',(8.56254778573902,5.01595679980349,-18.5));
#13069=CARTESIAN_POINT('Ctrl Pts',(8.56254778573902,5.01595679980349,-18.501));
#13070=CARTESIAN_POINT('Ctrl Pts',(8.56254778573902,5.13427122620185,-18.5));
#13071=CARTESIAN_POINT('Ctrl Pts',(8.56254778573902,5.13427122620185,-18.501));
#13072=CARTESIAN_POINT('',(8.7440712892543,4.70963588762145,-18.5));
#13073=CARTESIAN_POINT('Ctrl Pts',(8.56254778573902,5.13427122620185,-18.5));
#13074=CARTESIAN_POINT('Ctrl Pts',(8.56254778573902,5.01595679980349,-18.5));
#13075=CARTESIAN_POINT('Ctrl Pts',(8.65817177419796,4.78905242040939,-18.5));
#13076=CARTESIAN_POINT('Ctrl Pts',(8.7440712892543,4.70963588762145,-18.5));
#13077=CARTESIAN_POINT('',(8.7440712892543,4.70963588762145,-18.501));
#13078=CARTESIAN_POINT('Ctrl Pts',(8.7440712892543,4.70963588762145,-18.501));
#13079=CARTESIAN_POINT('Ctrl Pts',(8.65817177419796,4.78905242040939,-18.501));
#13080=CARTESIAN_POINT('Ctrl Pts',(8.56254778573902,5.01595679980349,-18.501));
#13081=CARTESIAN_POINT('Ctrl Pts',(8.56254778573902,5.13427122620185,-18.501));
#13082=CARTESIAN_POINT('',(8.7440712892543,4.70963588762145,-18.5));
#13083=CARTESIAN_POINT('Ctrl Pts',(9.26595136186074,4.52811238410617,-18.5));
#13084=CARTESIAN_POINT('Ctrl Pts',(9.26595136186074,4.52811238410617,-18.501));
#13085=CARTESIAN_POINT('Ctrl Pts',(9.08280711277836,4.52811238410617,-18.5));
#13086=CARTESIAN_POINT('Ctrl Pts',(9.08280711277836,4.52811238410617,-18.501));
#13087=CARTESIAN_POINT('Ctrl Pts',(8.83969527771325,4.62211562699801,-18.5));
#13088=CARTESIAN_POINT('Ctrl Pts',(8.83969527771325,4.62211562699801,-18.501));
#13089=CARTESIAN_POINT('Ctrl Pts',(8.7440712892543,4.70963588762145,-18.5));
#13090=CARTESIAN_POINT('Ctrl Pts',(8.7440712892543,4.70963588762145,-18.501));
#13091=CARTESIAN_POINT('',(9.26595136186074,4.52811238410617,-18.5));
#13092=CARTESIAN_POINT('Ctrl Pts',(8.7440712892543,4.70963588762145,-18.5));
#13093=CARTESIAN_POINT('Ctrl Pts',(8.83969527771325,4.62211562699801,-18.5));
#13094=CARTESIAN_POINT('Ctrl Pts',(9.08280711277836,4.52811238410617,-18.5));
#13095=CARTESIAN_POINT('Ctrl Pts',(9.26595136186074,4.52811238410617,-18.5));
#13096=CARTESIAN_POINT('',(9.26595136186074,4.52811238410617,-18.501));
#13097=CARTESIAN_POINT('Ctrl Pts',(9.26595136186074,4.52811238410617,-18.501));
#13098=CARTESIAN_POINT('Ctrl Pts',(9.08280711277836,4.52811238410617,-18.501));
#13099=CARTESIAN_POINT('Ctrl Pts',(8.83969527771325,4.62211562699801,-18.501));
#13100=CARTESIAN_POINT('Ctrl Pts',(8.7440712892543,4.70963588762145,-18.501));
#13101=CARTESIAN_POINT('',(9.26595136186074,4.52811238410617,-18.5));
#13102=CARTESIAN_POINT('Ctrl Pts',(9.92235331653655,4.68370395854784,-18.5));
#13103=CARTESIAN_POINT('Ctrl Pts',(9.92235331653655,4.68370395854784,-18.501));
#13104=CARTESIAN_POINT('Ctrl Pts',(9.78783143446718,4.61887413586381,-18.5));
#13105=CARTESIAN_POINT('Ctrl Pts',(9.78783143446718,4.61887413586381,-18.501));
#13106=CARTESIAN_POINT('Ctrl Pts',(9.48313126785224,4.52811238410617,-18.5));
#13107=CARTESIAN_POINT('Ctrl Pts',(9.48313126785224,4.52811238410617,-18.501));
#13108=CARTESIAN_POINT('Ctrl Pts',(9.26595136186074,4.52811238410617,-18.5));
#13109=CARTESIAN_POINT('Ctrl Pts',(9.26595136186074,4.52811238410617,-18.501));
#13110=CARTESIAN_POINT('Ctrl Pts',(9.26595136186074,4.52811238410617,-18.5));
#13111=CARTESIAN_POINT('Ctrl Pts',(9.48313126785224,4.52811238410617,-18.5));
#13112=CARTESIAN_POINT('Ctrl Pts',(9.78783143446718,4.61887413586381,-18.5));
#13113=CARTESIAN_POINT('Ctrl Pts',(9.92235331653655,4.68370395854784,-18.5));
#13114=CARTESIAN_POINT('Ctrl Pts',(9.92235331653655,4.68370395854784,-18.501));
#13115=CARTESIAN_POINT('Ctrl Pts',(9.78783143446718,4.61887413586381,-18.501));
#13116=CARTESIAN_POINT('Ctrl Pts',(9.48313126785224,4.52811238410617,-18.501));
#13117=CARTESIAN_POINT('Ctrl Pts',(9.26595136186074,4.52811238410617,-18.501));
#13118=CARTESIAN_POINT('Origin',(9.25286187558251,5.55032386137233,-18.501));
#13119=CARTESIAN_POINT('Origin',(5.43450884123458,6.56376881638471,-18.5));
#13120=CARTESIAN_POINT('',(6.68572441903635,6.56376881638471,-18.5));
#13121=CARTESIAN_POINT('',(5.43450884123458,6.56376881638471,-18.5));
#13122=CARTESIAN_POINT('',(2.71725442061729,6.56376881638471,-18.5));
#13123=CARTESIAN_POINT('',(6.68572441903635,6.56376881638471,-18.501));
#13124=CARTESIAN_POINT('',(6.68572441903635,6.56376881638471,-18.5));
#13125=CARTESIAN_POINT('',(5.43450884123458,6.56376881638471,-18.501));
#13126=CARTESIAN_POINT('',(6.68572441903635,6.56376881638471,-18.501));
#13127=CARTESIAN_POINT('',(5.43450884123458,6.56376881638471,-18.5));
#13128=CARTESIAN_POINT('Origin',(5.43450884123458,6.327139963588,-18.5));
#13129=CARTESIAN_POINT('',(5.43450884123458,6.327139963588,-18.5));
#13130=CARTESIAN_POINT('',(5.43450884123458,3.163569981794,-18.5));
#13131=CARTESIAN_POINT('',(5.43450884123458,6.327139963588,-18.501));
#13132=CARTESIAN_POINT('',(5.43450884123458,6.56376881638471,-18.501));
#13133=CARTESIAN_POINT('',(5.43450884123458,6.327139963588,-18.5));
#13134=CARTESIAN_POINT('Origin',(6.41992214603183,6.327139963588,-18.5));
#13135=CARTESIAN_POINT('',(6.41992214603183,6.327139963588,-18.5));
#13136=CARTESIAN_POINT('',(3.20996107301591,6.327139963588,-18.5));
#13137=CARTESIAN_POINT('',(6.41992214603183,6.327139963588,-18.501));
#13138=CARTESIAN_POINT('',(5.43450884123458,6.327139963588,-18.501));
#13139=CARTESIAN_POINT('',(6.41992214603183,6.327139963588,-18.5));
#13140=CARTESIAN_POINT('Origin',(6.41992214603183,5.77932796190795,-18.5));
#13141=CARTESIAN_POINT('',(6.41992214603183,5.77932796190795,-18.5));
#13142=CARTESIAN_POINT('',(6.41992214603183,2.88966398095397,-18.5));
#13143=CARTESIAN_POINT('',(6.41992214603183,5.77932796190795,-18.501));
#13144=CARTESIAN_POINT('',(6.41992214603183,6.327139963588,-18.501));
#13145=CARTESIAN_POINT('',(6.41992214603183,5.77932796190795,-18.5));
#13146=CARTESIAN_POINT('Origin',(5.50095940948571,5.77932796190795,-18.5));
#13147=CARTESIAN_POINT('',(5.50095940948571,5.77932796190795,-18.5));
#13148=CARTESIAN_POINT('',(2.75047970474285,5.77932796190795,-18.5));
#13149=CARTESIAN_POINT('',(5.50095940948571,5.77932796190795,-18.501));
#13150=CARTESIAN_POINT('',(6.41992214603183,5.77932796190795,-18.501));
#13151=CARTESIAN_POINT('',(5.50095940948571,5.77932796190795,-18.5));
#13152=CARTESIAN_POINT('Origin',(5.50095940948571,5.54269910911124,-18.5));
#13153=CARTESIAN_POINT('',(5.50095940948571,5.54269910911124,-18.5));
#13154=CARTESIAN_POINT('',(5.50095940948571,2.77134955455562,-18.5));
#13155=CARTESIAN_POINT('',(5.50095940948571,5.54269910911124,-18.501));
#13156=CARTESIAN_POINT('',(5.50095940948571,5.77932796190795,-18.501));
#13157=CARTESIAN_POINT('',(5.50095940948571,5.54269910911124,-18.5));
#13158=CARTESIAN_POINT('Origin',(6.41992214603183,5.54269910911124,-18.5));
#13159=CARTESIAN_POINT('',(6.41992214603183,5.54269910911124,-18.5));
#13160=CARTESIAN_POINT('',(3.20996107301591,5.54269910911124,-18.5));
#13161=CARTESIAN_POINT('',(6.41992214603183,5.54269910911124,-18.501));
#13162=CARTESIAN_POINT('',(5.50095940948571,5.54269910911124,-18.501));
#13163=CARTESIAN_POINT('',(6.41992214603183,5.54269910911124,-18.5));
#13164=CARTESIAN_POINT('Origin',(6.41992214603183,4.80039763937909,-18.5));
#13165=CARTESIAN_POINT('',(6.41992214603183,4.80039763937909,-18.5));
#13166=CARTESIAN_POINT('',(6.41992214603183,2.40019881968955,-18.5));
#13167=CARTESIAN_POINT('',(6.41992214603183,4.80039763937909,-18.501));
#13168=CARTESIAN_POINT('',(6.41992214603183,5.54269910911124,-18.501));
#13169=CARTESIAN_POINT('',(6.41992214603183,4.80039763937909,-18.5));
#13170=CARTESIAN_POINT('Origin',(5.43450884123458,4.80039763937909,-18.5));
#13171=CARTESIAN_POINT('',(5.43450884123458,4.80039763937909,-18.5));
#13172=CARTESIAN_POINT('',(2.71725442061729,4.80039763937909,-18.5));
#13173=CARTESIAN_POINT('',(5.43450884123458,4.80039763937909,-18.501));
#13174=CARTESIAN_POINT('',(6.41992214603183,4.80039763937909,-18.501));
#13175=CARTESIAN_POINT('',(5.43450884123458,4.80039763937909,-18.5));
#13176=CARTESIAN_POINT('Origin',(5.43450884123458,4.56376878658238,-18.5));
#13177=CARTESIAN_POINT('',(5.43450884123458,4.56376878658238,-18.5));
#13178=CARTESIAN_POINT('',(5.43450884123458,2.28188439329119,-18.5));
#13179=CARTESIAN_POINT('',(5.43450884123458,4.56376878658238,-18.501));
#13180=CARTESIAN_POINT('',(5.43450884123458,4.80039763937909,-18.501));
#13181=CARTESIAN_POINT('',(5.43450884123458,4.56376878658238,-18.5));
#13182=CARTESIAN_POINT('Origin',(6.68572441903635,4.56376878658238,-18.5));
#13183=CARTESIAN_POINT('',(6.68572441903635,4.56376878658238,-18.5));
#13184=CARTESIAN_POINT('',(3.34286220951818,4.56376878658238,-18.5));
#13185=CARTESIAN_POINT('',(6.68572441903635,4.56376878658238,-18.501));
#13186=CARTESIAN_POINT('',(5.43450884123458,4.56376878658238,-18.501));
#13187=CARTESIAN_POINT('',(6.68572441903635,4.56376878658238,-18.5));
#13188=CARTESIAN_POINT('Origin',(6.68572441903635,6.56376881638471,-18.5));
#13189=CARTESIAN_POINT('',(6.68572441903635,3.28188440819235,-18.5));
#13190=CARTESIAN_POINT('',(6.68572441903635,4.56376878658238,-18.501));
#13191=CARTESIAN_POINT('Origin',(6.14176557307815,5.58110227026467,-18.501));
#13192=CARTESIAN_POINT('Ctrl Pts',(-4.41962420673797,4.75177527236607,-18.5));
#13193=CARTESIAN_POINT('Ctrl Pts',(-4.41962420673797,4.75177527236607,-18.501));
#13194=CARTESIAN_POINT('Ctrl Pts',(-4.6967716987122,4.75177527236607,-18.5));
#13195=CARTESIAN_POINT('Ctrl Pts',(-4.6967716987122,4.75177527236607,-18.501));
#13196=CARTESIAN_POINT('Ctrl Pts',(-5.02578304883365,5.16992762867806,-18.5));
#13197=CARTESIAN_POINT('Ctrl Pts',(-5.02578304883365,5.16992762867806,-18.501));
#13198=CARTESIAN_POINT('Ctrl Pts',(-5.02578304883365,5.56376880148355,-18.5));
#13199=CARTESIAN_POINT('Ctrl Pts',(-5.02578304883365,5.56376880148355,-18.501));
#13200=CARTESIAN_POINT('',(-4.41962420673797,4.75177527236607,-18.5));
#13201=CARTESIAN_POINT('',(-5.02578304883365,5.56376880148355,-18.5));
#13202=CARTESIAN_POINT('Ctrl Pts',(-4.41962420673797,4.75177527236607,-18.5));
#13203=CARTESIAN_POINT('Ctrl Pts',(-4.6967716987122,4.75177527236607,-18.5));
#13204=CARTESIAN_POINT('Ctrl Pts',(-5.02578304883365,5.16992762867806,-18.5));
#13205=CARTESIAN_POINT('Ctrl Pts',(-5.02578304883365,5.56376880148355,-18.5));
#13206=CARTESIAN_POINT('',(-4.41962420673797,4.75177527236607,-18.501));
#13207=CARTESIAN_POINT('',(-4.41962420673797,4.75177527236607,-18.5));
#13208=CARTESIAN_POINT('',(-5.02578304883365,5.56376880148355,-18.501));
#13209=CARTESIAN_POINT('Ctrl Pts',(-5.02578304883365,5.56376880148355,-18.501));
#13210=CARTESIAN_POINT('Ctrl Pts',(-5.02578304883365,5.16992762867806,-18.501));
#13211=CARTESIAN_POINT('Ctrl Pts',(-4.6967716987122,4.75177527236607,-18.501));
#13212=CARTESIAN_POINT('Ctrl Pts',(-4.41962420673797,4.75177527236607,-18.501));
#13213=CARTESIAN_POINT('',(-5.02578304883365,5.56376880148355,-18.5));
#13214=CARTESIAN_POINT('Ctrl Pts',(-3.81184461907519,5.56376880148355,-18.5));
#13215=CARTESIAN_POINT('Ctrl Pts',(-3.81184461907519,5.56376880148355,-18.501));
#13216=CARTESIAN_POINT('Ctrl Pts',(-3.81184461907519,5.16992762867806,-18.5));
#13217=CARTESIAN_POINT('Ctrl Pts',(-3.81184461907519,5.16992762867806,-18.501));
#13218=CARTESIAN_POINT('Ctrl Pts',(-4.14247671476374,4.75177527236607,-18.5));
#13219=CARTESIAN_POINT('Ctrl Pts',(-4.14247671476374,4.75177527236607,-18.501));
#13220=CARTESIAN_POINT('Ctrl Pts',(-4.41962420673797,4.75177527236607,-18.5));
#13221=CARTESIAN_POINT('Ctrl Pts',(-4.41962420673797,4.75177527236607,-18.501));
#13222=CARTESIAN_POINT('',(-3.81184461907519,5.56376880148355,-18.5));
#13223=CARTESIAN_POINT('Ctrl Pts',(-3.81184461907519,5.56376880148355,-18.5));
#13224=CARTESIAN_POINT('Ctrl Pts',(-3.81184461907519,5.16992762867806,-18.5));
#13225=CARTESIAN_POINT('Ctrl Pts',(-4.14247671476374,4.75177527236607,-18.5));
#13226=CARTESIAN_POINT('Ctrl Pts',(-4.41962420673797,4.75177527236607,-18.5));
#13227=CARTESIAN_POINT('',(-3.81184461907519,5.56376880148355,-18.501));
#13228=CARTESIAN_POINT('',(-3.81184461907519,5.56376880148355,-18.5));
#13229=CARTESIAN_POINT('Ctrl Pts',(-4.41962420673797,4.75177527236607,-18.501));
#13230=CARTESIAN_POINT('Ctrl Pts',(-4.14247671476374,4.75177527236607,-18.501));
#13231=CARTESIAN_POINT('Ctrl Pts',(-3.81184461907519,5.16992762867806,-18.501));
#13232=CARTESIAN_POINT('Ctrl Pts',(-3.81184461907519,5.56376880148355,-18.501));
#13233=CARTESIAN_POINT('Ctrl Pts',(-3.97553992135237,6.16830689801212,-18.5));
#13234=CARTESIAN_POINT('Ctrl Pts',(-3.97553992135237,6.16830689801212,-18.501));
#13235=CARTESIAN_POINT('Ctrl Pts',(-3.89612338856443,6.06619992728478,-18.5));
#13236=CARTESIAN_POINT('Ctrl Pts',(-3.89612338856443,6.06619992728478,-18.501));
#13237=CARTESIAN_POINT('Ctrl Pts',(-3.81184461907519,5.75825826953564,-18.5));
#13238=CARTESIAN_POINT('Ctrl Pts',(-3.81184461907519,5.75825826953564,-18.501));
#13239=CARTESIAN_POINT('Ctrl Pts',(-3.81184461907519,5.56376880148355,-18.5));
#13240=CARTESIAN_POINT('Ctrl Pts',(-3.81184461907519,5.56376880148355,-18.501));
#13241=CARTESIAN_POINT('',(-3.97553992135237,6.16830689801212,-18.5));
#13242=CARTESIAN_POINT('Ctrl Pts',(-3.97553992135237,6.16830689801212,-18.5));
#13243=CARTESIAN_POINT('Ctrl Pts',(-3.89612338856443,6.06619992728478,-18.5));
#13244=CARTESIAN_POINT('Ctrl Pts',(-3.81184461907519,5.75825826953564,-18.5));
#13245=CARTESIAN_POINT('Ctrl Pts',(-3.81184461907519,5.56376880148355,-18.5));
#13246=CARTESIAN_POINT('',(-3.97553992135237,6.16830689801212,-18.501));
#13247=CARTESIAN_POINT('',(-3.97553992135237,6.16830689801212,-18.5));
#13248=CARTESIAN_POINT('Ctrl Pts',(-3.81184461907519,5.56376880148355,-18.501));
#13249=CARTESIAN_POINT('Ctrl Pts',(-3.81184461907519,5.75825826953564,-18.501));
#13250=CARTESIAN_POINT('Ctrl Pts',(-3.89612338856443,6.06619992728478,-18.501));
#13251=CARTESIAN_POINT('Ctrl Pts',(-3.97553992135237,6.16830689801212,-18.501));
#13252=CARTESIAN_POINT('Ctrl Pts',(-4.41962420673797,6.37576233060102,-18.5));
#13253=CARTESIAN_POINT('Ctrl Pts',(-4.41962420673797,6.37576233060102,-18.501));
#13254=CARTESIAN_POINT('Ctrl Pts',(-4.275377851266,6.37576233060102,-18.5));
#13255=CARTESIAN_POINT('Ctrl Pts',(-4.275377851266,6.37576233060102,-18.501));
#13256=CARTESIAN_POINT('Ctrl Pts',(-4.0581979452745,6.27527610544077,-18.5));
#13257=CARTESIAN_POINT('Ctrl Pts',(-4.0581979452745,6.27527610544077,-18.501));
#13258=CARTESIAN_POINT('Ctrl Pts',(-3.97553992135237,6.16830689801212,-18.5));
#13259=CARTESIAN_POINT('Ctrl Pts',(-3.97553992135237,6.16830689801212,-18.501));
#13260=CARTESIAN_POINT('',(-4.41962420673797,6.37576233060102,-18.5));
#13261=CARTESIAN_POINT('Ctrl Pts',(-4.41962420673797,6.37576233060102,-18.5));
#13262=CARTESIAN_POINT('Ctrl Pts',(-4.275377851266,6.37576233060102,-18.5));
#13263=CARTESIAN_POINT('Ctrl Pts',(-4.0581979452745,6.27527610544077,-18.5));
#13264=CARTESIAN_POINT('Ctrl Pts',(-3.97553992135237,6.16830689801212,-18.5));
#13265=CARTESIAN_POINT('',(-4.41962420673797,6.37576233060102,-18.501));
#13266=CARTESIAN_POINT('',(-4.41962420673797,6.37576233060102,-18.5));
#13267=CARTESIAN_POINT('Ctrl Pts',(-3.97553992135237,6.16830689801212,-18.501));
#13268=CARTESIAN_POINT('Ctrl Pts',(-4.0581979452745,6.27527610544077,-18.501));
#13269=CARTESIAN_POINT('Ctrl Pts',(-4.275377851266,6.37576233060102,-18.501));
#13270=CARTESIAN_POINT('Ctrl Pts',(-4.41962420673797,6.37576233060102,-18.501));
#13271=CARTESIAN_POINT('Ctrl Pts',(-4.86208774655648,6.16830689801212,-18.5));
#13272=CARTESIAN_POINT('Ctrl Pts',(-4.86208774655648,6.16830689801212,-18.501));
#13273=CARTESIAN_POINT('Ctrl Pts',(-4.78267121376854,6.27203461430657,-18.5));
#13274=CARTESIAN_POINT('Ctrl Pts',(-4.78267121376854,6.27203461430657,-18.501));
#13275=CARTESIAN_POINT('Ctrl Pts',(-4.55900832550863,6.37576233060102,-18.5));
#13276=CARTESIAN_POINT('Ctrl Pts',(-4.55900832550863,6.37576233060102,-18.501));
#13277=CARTESIAN_POINT('Ctrl Pts',(-4.41962420673797,6.37576233060102,-18.5));
#13278=CARTESIAN_POINT('Ctrl Pts',(-4.41962420673797,6.37576233060102,-18.501));
#13279=CARTESIAN_POINT('',(-4.86208774655648,6.16830689801212,-18.5));
#13280=CARTESIAN_POINT('Ctrl Pts',(-4.86208774655648,6.16830689801212,-18.5));
#13281=CARTESIAN_POINT('Ctrl Pts',(-4.78267121376854,6.27203461430657,-18.5));
#13282=CARTESIAN_POINT('Ctrl Pts',(-4.55900832550863,6.37576233060102,-18.5));
#13283=CARTESIAN_POINT('Ctrl Pts',(-4.41962420673797,6.37576233060102,-18.5));
#13284=CARTESIAN_POINT('',(-4.86208774655648,6.16830689801212,-18.501));
#13285=CARTESIAN_POINT('',(-4.86208774655648,6.16830689801212,-18.5));
#13286=CARTESIAN_POINT('Ctrl Pts',(-4.41962420673797,6.37576233060102,-18.501));
#13287=CARTESIAN_POINT('Ctrl Pts',(-4.55900832550863,6.37576233060102,-18.501));
#13288=CARTESIAN_POINT('Ctrl Pts',(-4.78267121376854,6.27203461430657,-18.501));
#13289=CARTESIAN_POINT('Ctrl Pts',(-4.86208774655648,6.16830689801212,-18.501));
#13290=CARTESIAN_POINT('Ctrl Pts',(-5.02578304883365,5.56376880148355,-18.5));
#13291=CARTESIAN_POINT('Ctrl Pts',(-5.02578304883365,5.56376880148355,-18.501));
#13292=CARTESIAN_POINT('Ctrl Pts',(-5.02578304883365,5.76149976066984,-18.5));
#13293=CARTESIAN_POINT('Ctrl Pts',(-5.02578304883365,5.76149976066984,-18.501));
#13294=CARTESIAN_POINT('Ctrl Pts',(-4.93988353377731,6.06782067285188,-18.5));
#13295=CARTESIAN_POINT('Ctrl Pts',(-4.93988353377731,6.06782067285188,-18.501));
#13296=CARTESIAN_POINT('Ctrl Pts',(-4.86208774655648,6.16830689801212,-18.5));
#13297=CARTESIAN_POINT('Ctrl Pts',(-4.86208774655648,6.16830689801212,-18.501));
#13298=CARTESIAN_POINT('Ctrl Pts',(-5.02578304883365,5.56376880148355,-18.5));
#13299=CARTESIAN_POINT('Ctrl Pts',(-5.02578304883365,5.76149976066984,-18.5));
#13300=CARTESIAN_POINT('Ctrl Pts',(-4.93988353377731,6.06782067285188,-18.5));
#13301=CARTESIAN_POINT('Ctrl Pts',(-4.86208774655648,6.16830689801212,-18.5));
#13302=CARTESIAN_POINT('Ctrl Pts',(-4.86208774655648,6.16830689801212,-18.501));
#13303=CARTESIAN_POINT('Ctrl Pts',(-4.93988353377731,6.06782067285188,-18.501));
#13304=CARTESIAN_POINT('Ctrl Pts',(-5.02578304883365,5.76149976066984,-18.501));
#13305=CARTESIAN_POINT('Ctrl Pts',(-5.02578304883365,5.56376880148355,-18.501));
#13306=CARTESIAN_POINT('Ctrl Pts',(-5.06306019687697,4.79391465711069,-18.5));
#13307=CARTESIAN_POINT('Ctrl Pts',(-5.06306019687697,4.79391465711069,-18.501));
#13308=CARTESIAN_POINT('Ctrl Pts',(-5.17975387770822,4.92681579361295,-18.5));
#13309=CARTESIAN_POINT('Ctrl Pts',(-5.17975387770822,4.92681579361295,-18.501));
#13310=CARTESIAN_POINT('Ctrl Pts',(-5.30293054080788,5.32065696641843,-18.5));
#13311=CARTESIAN_POINT('Ctrl Pts',(-5.30293054080788,5.32065696641843,-18.501));
#13312=CARTESIAN_POINT('Ctrl Pts',(-5.30293054080788,5.56376880148355,-18.5));
#13313=CARTESIAN_POINT('Ctrl Pts',(-5.30293054080788,5.56376880148355,-18.501));
#13314=CARTESIAN_POINT('',(-5.30293054080788,5.56376880148355,-18.5));
#13315=CARTESIAN_POINT('',(-5.06306019687697,4.79391465711069,-18.5));
#13316=CARTESIAN_POINT('Ctrl Pts',(-5.30293054080788,5.56376880148355,-18.5));
#13317=CARTESIAN_POINT('Ctrl Pts',(-5.30293054080788,5.32065696641843,-18.5));
#13318=CARTESIAN_POINT('Ctrl Pts',(-5.17975387770822,4.92681579361295,-18.5));
#13319=CARTESIAN_POINT('Ctrl Pts',(-5.06306019687697,4.79391465711069,-18.5));
#13320=CARTESIAN_POINT('',(-5.30293054080788,5.56376880148355,-18.501));
#13321=CARTESIAN_POINT('',(-5.30293054080788,5.56376880148355,-18.5));
#13322=CARTESIAN_POINT('',(-5.06306019687697,4.79391465711069,-18.501));
#13323=CARTESIAN_POINT('Ctrl Pts',(-5.06306019687697,4.79391465711069,-18.501));
#13324=CARTESIAN_POINT('Ctrl Pts',(-5.17975387770822,4.92681579361295,-18.501));
#13325=CARTESIAN_POINT('Ctrl Pts',(-5.30293054080788,5.32065696641843,-18.501));
#13326=CARTESIAN_POINT('Ctrl Pts',(-5.30293054080788,5.56376880148355,-18.501));
#13327=CARTESIAN_POINT('',(-5.06306019687697,4.79391465711069,-18.5));
#13328=CARTESIAN_POINT('Ctrl Pts',(-4.41800346117087,4.52162940183777,-18.5));
#13329=CARTESIAN_POINT('Ctrl Pts',(-4.41800346117087,4.52162940183777,-18.501));
#13330=CARTESIAN_POINT('Ctrl Pts',(-4.61411367479006,4.52162940183777,-18.5));
#13331=CARTESIAN_POINT('Ctrl Pts',(-4.61411367479006,4.52162940183777,-18.501));
#13332=CARTESIAN_POINT('Ctrl Pts',(-4.93988353377731,4.65453053834003,-18.5));
#13333=CARTESIAN_POINT('Ctrl Pts',(-4.93988353377731,4.65453053834003,-18.501));
#13334=CARTESIAN_POINT('Ctrl Pts',(-5.06306019687697,4.79391465711069,-18.5));
#13335=CARTESIAN_POINT('Ctrl Pts',(-5.06306019687697,4.79391465711069,-18.501));
#13336=CARTESIAN_POINT('',(-4.41800346117087,4.52162940183777,-18.5));
#13337=CARTESIAN_POINT('Ctrl Pts',(-5.06306019687697,4.79391465711069,-18.5));
#13338=CARTESIAN_POINT('Ctrl Pts',(-4.93988353377731,4.65453053834003,-18.5));
#13339=CARTESIAN_POINT('Ctrl Pts',(-4.61411367479006,4.52162940183777,-18.5));
#13340=CARTESIAN_POINT('Ctrl Pts',(-4.41800346117087,4.52162940183777,-18.5));
#13341=CARTESIAN_POINT('',(-4.41800346117087,4.52162940183777,-18.501));
#13342=CARTESIAN_POINT('Ctrl Pts',(-4.41800346117087,4.52162940183777,-18.501));
#13343=CARTESIAN_POINT('Ctrl Pts',(-4.61411367479006,4.52162940183777,-18.501));
#13344=CARTESIAN_POINT('Ctrl Pts',(-4.93988353377731,4.65453053834003,-18.501));
#13345=CARTESIAN_POINT('Ctrl Pts',(-5.06306019687697,4.79391465711069,-18.501));
#13346=CARTESIAN_POINT('',(-4.41800346117087,4.52162940183777,-18.5));
#13347=CARTESIAN_POINT('Ctrl Pts',(-3.77294672546477,4.79391465711069,-18.5));
#13348=CARTESIAN_POINT('Ctrl Pts',(-3.77294672546477,4.79391465711069,-18.501));
#13349=CARTESIAN_POINT('Ctrl Pts',(-3.89126115186313,4.65939277504133,-18.5));
#13350=CARTESIAN_POINT('Ctrl Pts',(-3.89126115186313,4.65939277504133,-18.501));
#13351=CARTESIAN_POINT('Ctrl Pts',(-4.21541026528328,4.52162940183777,-18.5));
#13352=CARTESIAN_POINT('Ctrl Pts',(-4.21541026528328,4.52162940183777,-18.501));
#13353=CARTESIAN_POINT('Ctrl Pts',(-4.41800346117087,4.52162940183777,-18.5));
#13354=CARTESIAN_POINT('Ctrl Pts',(-4.41800346117087,4.52162940183777,-18.501));
#13355=CARTESIAN_POINT('',(-3.77294672546477,4.79391465711069,-18.5));
#13356=CARTESIAN_POINT('Ctrl Pts',(-4.41800346117087,4.52162940183777,-18.5));
#13357=CARTESIAN_POINT('Ctrl Pts',(-4.21541026528328,4.52162940183777,-18.5));
#13358=CARTESIAN_POINT('Ctrl Pts',(-3.89126115186313,4.65939277504133,-18.5));
#13359=CARTESIAN_POINT('Ctrl Pts',(-3.77294672546477,4.79391465711069,-18.5));
#13360=CARTESIAN_POINT('',(-3.77294672546477,4.79391465711069,-18.501));
#13361=CARTESIAN_POINT('Ctrl Pts',(-3.77294672546477,4.79391465711069,-18.501));
#13362=CARTESIAN_POINT('Ctrl Pts',(-3.89126115186313,4.65939277504133,-18.501));
#13363=CARTESIAN_POINT('Ctrl Pts',(-4.21541026528328,4.52162940183777,-18.501));
#13364=CARTESIAN_POINT('Ctrl Pts',(-4.41800346117087,4.52162940183777,-18.501));
#13365=CARTESIAN_POINT('',(-3.77294672546477,4.79391465711069,-18.5));
#13366=CARTESIAN_POINT('Ctrl Pts',(-3.53469712710096,5.56376880148355,-18.5));
#13367=CARTESIAN_POINT('Ctrl Pts',(-3.53469712710096,5.56376880148355,-18.501));
#13368=CARTESIAN_POINT('Ctrl Pts',(-3.53469712710096,5.31741547528423,-18.5));
#13369=CARTESIAN_POINT('Ctrl Pts',(-3.53469712710096,5.31741547528423,-18.501));
#13370=CARTESIAN_POINT('Ctrl Pts',(-3.65787379020062,4.92681579361295,-18.5));
#13371=CARTESIAN_POINT('Ctrl Pts',(-3.65787379020062,4.92681579361295,-18.501));
#13372=CARTESIAN_POINT('Ctrl Pts',(-3.77294672546477,4.79391465711069,-18.5));
#13373=CARTESIAN_POINT('Ctrl Pts',(-3.77294672546477,4.79391465711069,-18.501));
#13374=CARTESIAN_POINT('',(-3.53469712710096,5.56376880148355,-18.5));
#13375=CARTESIAN_POINT('Ctrl Pts',(-3.77294672546477,4.79391465711069,-18.5));
#13376=CARTESIAN_POINT('Ctrl Pts',(-3.65787379020062,4.92681579361295,-18.5));
#13377=CARTESIAN_POINT('Ctrl Pts',(-3.53469712710096,5.31741547528423,-18.5));
#13378=CARTESIAN_POINT('Ctrl Pts',(-3.53469712710096,5.56376880148355,-18.5));
#13379=CARTESIAN_POINT('',(-3.53469712710096,5.56376880148355,-18.501));
#13380=CARTESIAN_POINT('Ctrl Pts',(-3.53469712710096,5.56376880148355,-18.501));
#13381=CARTESIAN_POINT('Ctrl Pts',(-3.53469712710096,5.31741547528423,-18.501));
#13382=CARTESIAN_POINT('Ctrl Pts',(-3.65787379020062,4.92681579361295,-18.501));
#13383=CARTESIAN_POINT('Ctrl Pts',(-3.77294672546477,4.79391465711069,-18.501));
#13384=CARTESIAN_POINT('',(-3.53469712710096,5.56376880148355,-18.5));
#13385=CARTESIAN_POINT('Ctrl Pts',(-3.77456747103187,6.3352436914235,-18.5));
#13386=CARTESIAN_POINT('Ctrl Pts',(-3.77456747103187,6.3352436914235,-18.501));
#13387=CARTESIAN_POINT('Ctrl Pts',(-3.65949453576772,6.19748031821994,-18.5));
#13388=CARTESIAN_POINT('Ctrl Pts',(-3.65949453576772,6.19748031821994,-18.501));
#13389=CARTESIAN_POINT('Ctrl Pts',(-3.53469712710096,5.81498436438416,-18.5));
#13390=CARTESIAN_POINT('Ctrl Pts',(-3.53469712710096,5.81498436438416,-18.501));
#13391=CARTESIAN_POINT('Ctrl Pts',(-3.53469712710096,5.56376880148355,-18.5));
#13392=CARTESIAN_POINT('Ctrl Pts',(-3.53469712710096,5.56376880148355,-18.501));
#13393=CARTESIAN_POINT('',(-3.77456747103187,6.3352436914235,-18.5));
#13394=CARTESIAN_POINT('Ctrl Pts',(-3.53469712710096,5.56376880148355,-18.5));
#13395=CARTESIAN_POINT('Ctrl Pts',(-3.53469712710096,5.81498436438416,-18.5));
#13396=CARTESIAN_POINT('Ctrl Pts',(-3.65949453576772,6.19748031821994,-18.5));
#13397=CARTESIAN_POINT('Ctrl Pts',(-3.77456747103187,6.3352436914235,-18.5));
#13398=CARTESIAN_POINT('',(-3.77456747103187,6.3352436914235,-18.501));
#13399=CARTESIAN_POINT('Ctrl Pts',(-3.77456747103187,6.3352436914235,-18.501));
#13400=CARTESIAN_POINT('Ctrl Pts',(-3.65949453576772,6.19748031821994,-18.501));
#13401=CARTESIAN_POINT('Ctrl Pts',(-3.53469712710096,5.81498436438416,-18.501));
#13402=CARTESIAN_POINT('Ctrl Pts',(-3.53469712710096,5.56376880148355,-18.501));
#13403=CARTESIAN_POINT('',(-3.77456747103187,6.3352436914235,-18.5));
#13404=CARTESIAN_POINT('Ctrl Pts',(-4.41800346117087,6.60590820112933,-18.5));
#13405=CARTESIAN_POINT('Ctrl Pts',(-4.41800346117087,6.60590820112933,-18.501));
#13406=CARTESIAN_POINT('Ctrl Pts',(-4.21703101085038,6.60590820112933,-18.5));
#13407=CARTESIAN_POINT('Ctrl Pts',(-4.21703101085038,6.60590820112933,-18.501));
#13408=CARTESIAN_POINT('Ctrl Pts',(-3.89126115186313,6.46814482792576,-18.5));
#13409=CARTESIAN_POINT('Ctrl Pts',(-3.89126115186313,6.46814482792576,-18.501));
#13410=CARTESIAN_POINT('Ctrl Pts',(-3.77456747103187,6.3352436914235,-18.5));
#13411=CARTESIAN_POINT('Ctrl Pts',(-3.77456747103187,6.3352436914235,-18.501));
#13412=CARTESIAN_POINT('',(-4.41800346117087,6.60590820112933,-18.5));
#13413=CARTESIAN_POINT('Ctrl Pts',(-3.77456747103187,6.3352436914235,-18.5));
#13414=CARTESIAN_POINT('Ctrl Pts',(-3.89126115186313,6.46814482792576,-18.5));
#13415=CARTESIAN_POINT('Ctrl Pts',(-4.21703101085038,6.60590820112933,-18.5));
#13416=CARTESIAN_POINT('Ctrl Pts',(-4.41800346117087,6.60590820112933,-18.5));
#13417=CARTESIAN_POINT('',(-4.41800346117087,6.60590820112933,-18.501));
#13418=CARTESIAN_POINT('Ctrl Pts',(-4.41800346117087,6.60590820112933,-18.501));
#13419=CARTESIAN_POINT('Ctrl Pts',(-4.21703101085038,6.60590820112933,-18.501));
#13420=CARTESIAN_POINT('Ctrl Pts',(-3.89126115186313,6.46814482792576,-18.501));
#13421=CARTESIAN_POINT('Ctrl Pts',(-3.77456747103187,6.3352436914235,-18.501));
#13422=CARTESIAN_POINT('',(-4.41800346117087,6.60590820112933,-18.5));
#13423=CARTESIAN_POINT('Ctrl Pts',(-5.06306019687697,6.3352436914235,-18.5));
#13424=CARTESIAN_POINT('Ctrl Pts',(-5.06306019687697,6.3352436914235,-18.501));
#13425=CARTESIAN_POINT('Ctrl Pts',(-4.94960800717991,6.46328259122446,-18.5));
#13426=CARTESIAN_POINT('Ctrl Pts',(-4.94960800717991,6.46328259122446,-18.501));
#13427=CARTESIAN_POINT('Ctrl Pts',(-4.62221740262556,6.60590820112933,-18.5));
#13428=CARTESIAN_POINT('Ctrl Pts',(-4.62221740262556,6.60590820112933,-18.501));
#13429=CARTESIAN_POINT('Ctrl Pts',(-4.41800346117087,6.60590820112933,-18.5));
#13430=CARTESIAN_POINT('Ctrl Pts',(-4.41800346117087,6.60590820112933,-18.501));
#13431=CARTESIAN_POINT('',(-5.06306019687697,6.3352436914235,-18.5));
#13432=CARTESIAN_POINT('Ctrl Pts',(-4.41800346117087,6.60590820112933,-18.5));
#13433=CARTESIAN_POINT('Ctrl Pts',(-4.62221740262556,6.60590820112933,-18.5));
#13434=CARTESIAN_POINT('Ctrl Pts',(-4.94960800717991,6.46328259122446,-18.5));
#13435=CARTESIAN_POINT('Ctrl Pts',(-5.06306019687697,6.3352436914235,-18.5));
#13436=CARTESIAN_POINT('',(-5.06306019687697,6.3352436914235,-18.501));
#13437=CARTESIAN_POINT('Ctrl Pts',(-5.06306019687697,6.3352436914235,-18.501));
#13438=CARTESIAN_POINT('Ctrl Pts',(-4.94960800717991,6.46328259122446,-18.501));
#13439=CARTESIAN_POINT('Ctrl Pts',(-4.62221740262556,6.60590820112933,-18.501));
#13440=CARTESIAN_POINT('Ctrl Pts',(-4.41800346117087,6.60590820112933,-18.501));
#13441=CARTESIAN_POINT('',(-5.06306019687697,6.3352436914235,-18.5));
#13442=CARTESIAN_POINT('Ctrl Pts',(-5.30293054080788,5.56376880148355,-18.5));
#13443=CARTESIAN_POINT('Ctrl Pts',(-5.30293054080788,5.56376880148355,-18.501));
#13444=CARTESIAN_POINT('Ctrl Pts',(-5.30293054080788,5.81336361881706,-18.5));
#13445=CARTESIAN_POINT('Ctrl Pts',(-5.30293054080788,5.81336361881706,-18.501));
#13446=CARTESIAN_POINT('Ctrl Pts',(-5.17651238657402,6.20234255492124,-18.5));
#13447=CARTESIAN_POINT('Ctrl Pts',(-5.17651238657402,6.20234255492124,-18.501));
#13448=CARTESIAN_POINT('Ctrl Pts',(-5.06306019687697,6.3352436914235,-18.5));
#13449=CARTESIAN_POINT('Ctrl Pts',(-5.06306019687697,6.3352436914235,-18.501));
#13450=CARTESIAN_POINT('Ctrl Pts',(-5.06306019687697,6.3352436914235,-18.5));
#13451=CARTESIAN_POINT('Ctrl Pts',(-5.17651238657402,6.20234255492124,-18.5));
#13452=CARTESIAN_POINT('Ctrl Pts',(-5.30293054080788,5.81336361881706,-18.5));
#13453=CARTESIAN_POINT('Ctrl Pts',(-5.30293054080788,5.56376880148355,-18.5));
#13454=CARTESIAN_POINT('Ctrl Pts',(-5.30293054080788,5.56376880148355,-18.501));
#13455=CARTESIAN_POINT('Ctrl Pts',(-5.30293054080788,5.81336361881706,-18.501));
#13456=CARTESIAN_POINT('Ctrl Pts',(-5.17651238657402,6.20234255492124,-18.501));
#13457=CARTESIAN_POINT('Ctrl Pts',(-5.06306019687697,6.3352436914235,-18.501));
#13458=CARTESIAN_POINT('Origin',(-4.41856445765214,5.56356865178058,-18.501));
#13459=CARTESIAN_POINT('Origin',(-5.39045080143132,6.327139963588,-18.5));
#13460=CARTESIAN_POINT('',(-6.06143946621103,6.327139963588,-18.5));
#13461=CARTESIAN_POINT('',(-5.39045080143132,6.327139963588,-18.5));
#13462=CARTESIAN_POINT('',(-2.69522540071566,6.327139963588,-18.5));
#13463=CARTESIAN_POINT('',(-6.06143946621103,6.327139963588,-18.501));
#13464=CARTESIAN_POINT('',(-6.06143946621103,6.327139963588,-18.5));
#13465=CARTESIAN_POINT('',(-5.39045080143132,6.327139963588,-18.501));
#13466=CARTESIAN_POINT('',(-6.06143946621103,6.327139963588,-18.501));
#13467=CARTESIAN_POINT('',(-5.39045080143132,6.327139963588,-18.5));
#13468=CARTESIAN_POINT('Origin',(-5.39045080143132,6.56376881638471,-18.5));
#13469=CARTESIAN_POINT('',(-5.39045080143132,6.56376881638471,-18.5));
#13470=CARTESIAN_POINT('',(-5.39045080143132,3.28188440819235,-18.5));
#13471=CARTESIAN_POINT('',(-5.39045080143132,6.56376881638471,-18.501));
#13472=CARTESIAN_POINT('',(-5.39045080143132,6.327139963588,-18.501));
#13473=CARTESIAN_POINT('',(-5.39045080143132,6.56376881638471,-18.5));
#13474=CARTESIAN_POINT('Origin',(-6.99823040399526,6.56376881638471,-18.5));
#13475=CARTESIAN_POINT('',(-6.99823040399526,6.56376881638471,-18.5));
#13476=CARTESIAN_POINT('',(-3.49911520199763,6.56376881638471,-18.5));
#13477=CARTESIAN_POINT('',(-6.99823040399526,6.56376881638471,-18.501));
#13478=CARTESIAN_POINT('',(-5.39045080143132,6.56376881638471,-18.501));
#13479=CARTESIAN_POINT('',(-6.99823040399526,6.56376881638471,-18.5));
#13480=CARTESIAN_POINT('Origin',(-6.99823040399526,6.327139963588,-18.5));
#13481=CARTESIAN_POINT('',(-6.99823040399526,6.327139963588,-18.5));
#13482=CARTESIAN_POINT('',(-6.99823040399526,3.163569981794,-18.5));
#13483=CARTESIAN_POINT('',(-6.99823040399526,6.327139963588,-18.501));
#13484=CARTESIAN_POINT('',(-6.99823040399526,6.56376881638471,-18.501));
#13485=CARTESIAN_POINT('',(-6.99823040399526,6.327139963588,-18.5));
#13486=CARTESIAN_POINT('Origin',(-6.32724173921555,6.327139963588,-18.5));
#13487=CARTESIAN_POINT('',(-6.32724173921555,6.327139963588,-18.5));
#13488=CARTESIAN_POINT('',(-3.16362086960777,6.327139963588,-18.5));
#13489=CARTESIAN_POINT('',(-6.32724173921555,6.327139963588,-18.501));
#13490=CARTESIAN_POINT('',(-6.99823040399526,6.327139963588,-18.501));
#13491=CARTESIAN_POINT('',(-6.32724173921555,6.327139963588,-18.5));
#13492=CARTESIAN_POINT('Origin',(-6.32724173921555,4.56376878658238,-18.5));
#13493=CARTESIAN_POINT('',(-6.32724173921555,4.56376878658238,-18.5));
#13494=CARTESIAN_POINT('',(-6.32724173921555,2.28188439329119,-18.5));
#13495=CARTESIAN_POINT('',(-6.32724173921555,4.56376878658238,-18.501));
#13496=CARTESIAN_POINT('',(-6.32724173921555,6.327139963588,-18.501));
#13497=CARTESIAN_POINT('',(-6.32724173921555,4.56376878658238,-18.5));
#13498=CARTESIAN_POINT('Origin',(-6.06143946621103,4.56376878658238,-18.5));
#13499=CARTESIAN_POINT('',(-6.06143946621103,4.56376878658238,-18.5));
#13500=CARTESIAN_POINT('',(-3.03071973310551,4.56376878658238,-18.5));
#13501=CARTESIAN_POINT('',(-6.06143946621103,4.56376878658238,-18.501));
#13502=CARTESIAN_POINT('',(-6.32724173921555,4.56376878658238,-18.501));
#13503=CARTESIAN_POINT('',(-6.06143946621103,4.56376878658238,-18.5));
#13504=CARTESIAN_POINT('Origin',(-6.06143946621103,6.327139963588,-18.5));
#13505=CARTESIAN_POINT('',(-6.06143946621103,3.163569981794,-18.5));
#13506=CARTESIAN_POINT('',(-6.06143946621103,4.56376878658238,-18.501));
#13507=CARTESIAN_POINT('Origin',(-6.19434060271329,5.89172732227435,-18.501));
#13508=CARTESIAN_POINT('Ctrl Pts',(2.97478376581542,2.08752023123168,-18.5));
#13509=CARTESIAN_POINT('Ctrl Pts',(2.97478376581542,2.08752023123168,-18.501));
#13510=CARTESIAN_POINT('Ctrl Pts',(2.85809008498416,2.17666123742223,-18.5));
#13511=CARTESIAN_POINT('Ctrl Pts',(2.85809008498416,2.17666123742223,-18.501));
#13512=CARTESIAN_POINT('Ctrl Pts',(2.77543206106203,2.36628846877301,-18.5));
#13513=CARTESIAN_POINT('Ctrl Pts',(2.77543206106203,2.36628846877301,-18.501));
#13514=CARTESIAN_POINT('Ctrl Pts',(2.77543206106203,2.48784438630557,-18.5));
#13515=CARTESIAN_POINT('Ctrl Pts',(2.77543206106203,2.48784438630557,-18.501));
#13516=CARTESIAN_POINT('',(2.97478376581542,2.08752023123168,-18.5));
#13517=CARTESIAN_POINT('',(2.77543206106203,2.48784438630557,-18.5));
#13518=CARTESIAN_POINT('Ctrl Pts',(2.97478376581542,2.08752023123168,-18.5));
#13519=CARTESIAN_POINT('Ctrl Pts',(2.85809008498416,2.17666123742223,-18.5));
#13520=CARTESIAN_POINT('Ctrl Pts',(2.77543206106203,2.36628846877301,-18.5));
#13521=CARTESIAN_POINT('Ctrl Pts',(2.77543206106203,2.48784438630557,-18.5));
#13522=CARTESIAN_POINT('',(2.97478376581542,2.08752023123168,-18.501));
#13523=CARTESIAN_POINT('',(2.97478376581542,2.08752023123168,-18.5));
#13524=CARTESIAN_POINT('',(2.77543206106203,2.48784438630557,-18.501));
#13525=CARTESIAN_POINT('Ctrl Pts',(2.77543206106203,2.48784438630557,-18.501));
#13526=CARTESIAN_POINT('Ctrl Pts',(2.77543206106203,2.36628846877301,-18.501));
#13527=CARTESIAN_POINT('Ctrl Pts',(2.85809008498416,2.17666123742223,-18.501));
#13528=CARTESIAN_POINT('Ctrl Pts',(2.97478376581542,2.08752023123168,-18.501));
#13529=CARTESIAN_POINT('',(2.77543206106203,2.48784438630557,-18.5));
#13530=CARTESIAN_POINT('Ctrl Pts',(3.25679349449095,2.21231763989844,-18.5));
#13531=CARTESIAN_POINT('Ctrl Pts',(3.25679349449095,2.21231763989844,-18.501));
#13532=CARTESIAN_POINT('Ctrl Pts',(3.21627485531343,2.18962720195903,-18.5));
#13533=CARTESIAN_POINT('Ctrl Pts',(3.21627485531343,2.18962720195903,-18.501));
#13534=CARTESIAN_POINT('Ctrl Pts',(3.04447582520075,2.1102106691711,-18.5));
#13535=CARTESIAN_POINT('Ctrl Pts',(3.04447582520075,2.1102106691711,-18.501));
#13536=CARTESIAN_POINT('Ctrl Pts',(2.97478376581542,2.08752023123168,-18.5));
#13537=CARTESIAN_POINT('Ctrl Pts',(2.97478376581542,2.08752023123168,-18.501));
#13538=CARTESIAN_POINT('',(3.25679349449095,2.21231763989844,-18.5));
#13539=CARTESIAN_POINT('Ctrl Pts',(3.25679349449095,2.21231763989844,-18.5));
#13540=CARTESIAN_POINT('Ctrl Pts',(3.21627485531343,2.18962720195903,-18.5));
#13541=CARTESIAN_POINT('Ctrl Pts',(3.04447582520075,2.1102106691711,-18.5));
#13542=CARTESIAN_POINT('Ctrl Pts',(2.97478376581542,2.08752023123168,-18.5));
#13543=CARTESIAN_POINT('',(3.25679349449095,2.21231763989844,-18.501));
#13544=CARTESIAN_POINT('',(3.25679349449095,2.21231763989844,-18.5));
#13545=CARTESIAN_POINT('Ctrl Pts',(2.97478376581542,2.08752023123168,-18.501));
#13546=CARTESIAN_POINT('Ctrl Pts',(3.04447582520075,2.1102106691711,-18.501));
#13547=CARTESIAN_POINT('Ctrl Pts',(3.21627485531343,2.18962720195903,-18.501));
#13548=CARTESIAN_POINT('Ctrl Pts',(3.25679349449095,2.21231763989844,-18.501));
#13549=CARTESIAN_POINT('Ctrl Pts',(3.44804147140884,2.50405184197658,-18.5));
#13550=CARTESIAN_POINT('Ctrl Pts',(3.44804147140884,2.50405184197658,-18.501));
#13551=CARTESIAN_POINT('Ctrl Pts',(3.44804147140884,2.40518636238343,-18.5));
#13552=CARTESIAN_POINT('Ctrl Pts',(3.44804147140884,2.40518636238343,-18.501));
#13553=CARTESIAN_POINT('Ctrl Pts',(3.35241748294989,2.26742298917987,-18.5));
#13554=CARTESIAN_POINT('Ctrl Pts',(3.35241748294989,2.26742298917987,-18.501));
#13555=CARTESIAN_POINT('Ctrl Pts',(3.25679349449095,2.21231763989844,-18.5));
#13556=CARTESIAN_POINT('Ctrl Pts',(3.25679349449095,2.21231763989844,-18.501));
#13557=CARTESIAN_POINT('',(3.44804147140884,2.50405184197658,-18.5));
#13558=CARTESIAN_POINT('Ctrl Pts',(3.44804147140884,2.50405184197658,-18.5));
#13559=CARTESIAN_POINT('Ctrl Pts',(3.44804147140884,2.40518636238343,-18.5));
#13560=CARTESIAN_POINT('Ctrl Pts',(3.35241748294989,2.26742298917987,-18.5));
#13561=CARTESIAN_POINT('Ctrl Pts',(3.25679349449095,2.21231763989844,-18.5));
#13562=CARTESIAN_POINT('',(3.44804147140884,2.50405184197658,-18.501));
#13563=CARTESIAN_POINT('',(3.44804147140884,2.50405184197658,-18.5));
#13564=CARTESIAN_POINT('Ctrl Pts',(3.25679349449095,2.21231763989844,-18.501));
#13565=CARTESIAN_POINT('Ctrl Pts',(3.35241748294989,2.26742298917987,-18.501));
#13566=CARTESIAN_POINT('Ctrl Pts',(3.44804147140884,2.40518636238343,-18.501));
#13567=CARTESIAN_POINT('Ctrl Pts',(3.44804147140884,2.50405184197658,-18.501));
#13568=CARTESIAN_POINT('Ctrl Pts',(3.11578863015318,2.80226902632311,-18.5));
#13569=CARTESIAN_POINT('Ctrl Pts',(3.11578863015318,2.80226902632311,-18.501));
#13570=CARTESIAN_POINT('Ctrl Pts',(3.26165573119225,2.80226902632311,-18.5));
#13571=CARTESIAN_POINT('Ctrl Pts',(3.26165573119225,2.80226902632311,-18.501));
#13572=CARTESIAN_POINT('Ctrl Pts',(3.44804147140884,2.64181521518014,-18.5));
#13573=CARTESIAN_POINT('Ctrl Pts',(3.44804147140884,2.64181521518014,-18.501));
#13574=CARTESIAN_POINT('Ctrl Pts',(3.44804147140884,2.50405184197658,-18.5));
#13575=CARTESIAN_POINT('Ctrl Pts',(3.44804147140884,2.50405184197658,-18.501));
#13576=CARTESIAN_POINT('',(3.11578863015318,2.80226902632311,-18.5));
#13577=CARTESIAN_POINT('Ctrl Pts',(3.11578863015318,2.80226902632311,-18.5));
#13578=CARTESIAN_POINT('Ctrl Pts',(3.26165573119225,2.80226902632311,-18.5));
#13579=CARTESIAN_POINT('Ctrl Pts',(3.44804147140884,2.64181521518014,-18.5));
#13580=CARTESIAN_POINT('Ctrl Pts',(3.44804147140884,2.50405184197658,-18.5));
#13581=CARTESIAN_POINT('',(3.11578863015318,2.80226902632311,-18.501));
#13582=CARTESIAN_POINT('',(3.11578863015318,2.80226902632311,-18.5));
#13583=CARTESIAN_POINT('Ctrl Pts',(3.44804147140884,2.50405184197658,-18.501));
#13584=CARTESIAN_POINT('Ctrl Pts',(3.44804147140884,2.64181521518014,-18.501));
#13585=CARTESIAN_POINT('Ctrl Pts',(3.26165573119225,2.80226902632311,-18.501));
#13586=CARTESIAN_POINT('Ctrl Pts',(3.11578863015318,2.80226902632311,-18.501));
#13587=CARTESIAN_POINT('Ctrl Pts',(2.77543206106203,2.48784438630557,-18.5));
#13588=CARTESIAN_POINT('Ctrl Pts',(2.77543206106203,2.48784438630557,-18.501));
#13589=CARTESIAN_POINT('Ctrl Pts',(2.77543206106203,2.62236626837493,-18.5));
#13590=CARTESIAN_POINT('Ctrl Pts',(2.77543206106203,2.62236626837493,-18.501));
#13591=CARTESIAN_POINT('Ctrl Pts',(2.95533481901021,2.80226902632311,-18.5));
#13592=CARTESIAN_POINT('Ctrl Pts',(2.95533481901021,2.80226902632311,-18.501));
#13593=CARTESIAN_POINT('Ctrl Pts',(3.11578863015318,2.80226902632311,-18.5));
#13594=CARTESIAN_POINT('Ctrl Pts',(3.11578863015318,2.80226902632311,-18.501));
#13595=CARTESIAN_POINT('Ctrl Pts',(2.77543206106203,2.48784438630557,-18.5));
#13596=CARTESIAN_POINT('Ctrl Pts',(2.77543206106203,2.62236626837493,-18.5));
#13597=CARTESIAN_POINT('Ctrl Pts',(2.95533481901021,2.80226902632311,-18.5));
#13598=CARTESIAN_POINT('Ctrl Pts',(3.11578863015318,2.80226902632311,-18.5));
#13599=CARTESIAN_POINT('Ctrl Pts',(3.11578863015318,2.80226902632311,-18.501));
#13600=CARTESIAN_POINT('Ctrl Pts',(2.95533481901021,2.80226902632311,-18.501));
#13601=CARTESIAN_POINT('Ctrl Pts',(2.77543206106203,2.62236626837493,-18.501));
#13602=CARTESIAN_POINT('Ctrl Pts',(2.77543206106203,2.48784438630557,-18.501));
#13603=CARTESIAN_POINT('Ctrl Pts',(3.11092639345188,1.10858990870283,-18.5));
#13604=CARTESIAN_POINT('Ctrl Pts',(3.11092639345188,1.10858990870283,-18.501));
#13605=CARTESIAN_POINT('Ctrl Pts',(2.9423688544734,1.10858990870283,-18.5));
#13606=CARTESIAN_POINT('Ctrl Pts',(2.9423688544734,1.10858990870283,-18.501));
#13607=CARTESIAN_POINT('Ctrl Pts',(2.73815491301871,1.31118310459043,-18.5));
#13608=CARTESIAN_POINT('Ctrl Pts',(2.73815491301871,1.31118310459043,-18.501));
#13609=CARTESIAN_POINT('Ctrl Pts',(2.73815491301871,1.48622362583731,-18.5));
#13610=CARTESIAN_POINT('Ctrl Pts',(2.73815491301871,1.48622362583731,-18.501));
#13611=CARTESIAN_POINT('',(3.11092639345188,1.10858990870283,-18.5));
#13612=CARTESIAN_POINT('',(2.73815491301871,1.48622362583731,-18.5));
#13613=CARTESIAN_POINT('Ctrl Pts',(3.11092639345188,1.10858990870283,-18.5));
#13614=CARTESIAN_POINT('Ctrl Pts',(2.9423688544734,1.10858990870283,-18.5));
#13615=CARTESIAN_POINT('Ctrl Pts',(2.73815491301871,1.31118310459043,-18.5));
#13616=CARTESIAN_POINT('Ctrl Pts',(2.73815491301871,1.48622362583731,-18.5));
#13617=CARTESIAN_POINT('',(3.11092639345188,1.10858990870283,-18.501));
#13618=CARTESIAN_POINT('',(3.11092639345188,1.10858990870283,-18.5));
#13619=CARTESIAN_POINT('',(2.73815491301871,1.48622362583731,-18.501));
#13620=CARTESIAN_POINT('Ctrl Pts',(2.73815491301871,1.48622362583731,-18.501));
#13621=CARTESIAN_POINT('Ctrl Pts',(2.73815491301871,1.31118310459043,-18.501));
#13622=CARTESIAN_POINT('Ctrl Pts',(2.9423688544734,1.10858990870283,-18.501));
#13623=CARTESIAN_POINT('Ctrl Pts',(3.11092639345188,1.10858990870283,-18.501));
#13624=CARTESIAN_POINT('',(2.73815491301871,1.48622362583731,-18.5));
#13625=CARTESIAN_POINT('Ctrl Pts',(3.49504309285476,1.52674226501483,-18.5));
#13626=CARTESIAN_POINT('Ctrl Pts',(3.49504309285476,1.52674226501483,-18.501));
#13627=CARTESIAN_POINT('Ctrl Pts',(3.49504309285476,1.34521876149954,-18.5));
#13628=CARTESIAN_POINT('Ctrl Pts',(3.49504309285476,1.34521876149954,-18.501));
#13629=CARTESIAN_POINT('Ctrl Pts',(3.27624244129616,1.10858990870283,-18.5));
#13630=CARTESIAN_POINT('Ctrl Pts',(3.27624244129616,1.10858990870283,-18.501));
#13631=CARTESIAN_POINT('Ctrl Pts',(3.11092639345188,1.10858990870283,-18.5));
#13632=CARTESIAN_POINT('Ctrl Pts',(3.11092639345188,1.10858990870283,-18.501));
#13633=CARTESIAN_POINT('',(3.49504309285476,1.52674226501483,-18.5));
#13634=CARTESIAN_POINT('Ctrl Pts',(3.49504309285476,1.52674226501483,-18.5));
#13635=CARTESIAN_POINT('Ctrl Pts',(3.49504309285476,1.34521876149954,-18.5));
#13636=CARTESIAN_POINT('Ctrl Pts',(3.27624244129616,1.10858990870283,-18.5));
#13637=CARTESIAN_POINT('Ctrl Pts',(3.11092639345188,1.10858990870283,-18.5));
#13638=CARTESIAN_POINT('',(3.49504309285476,1.52674226501483,-18.501));
#13639=CARTESIAN_POINT('',(3.49504309285476,1.52674226501483,-18.5));
#13640=CARTESIAN_POINT('Ctrl Pts',(3.11092639345188,1.10858990870283,-18.501));
#13641=CARTESIAN_POINT('Ctrl Pts',(3.27624244129616,1.10858990870283,-18.501));
#13642=CARTESIAN_POINT('Ctrl Pts',(3.49504309285476,1.34521876149954,-18.501));
#13643=CARTESIAN_POINT('Ctrl Pts',(3.49504309285476,1.52674226501483,-18.501));
#13644=CARTESIAN_POINT('Ctrl Pts',(3.26651796789355,1.95461909472942,-18.5));
#13645=CARTESIAN_POINT('Ctrl Pts',(3.26651796789355,1.95461909472942,-18.501));
#13646=CARTESIAN_POINT('Ctrl Pts',(3.3767286664564,1.88168554420989,-18.5));
#13647=CARTESIAN_POINT('Ctrl Pts',(3.3767286664564,1.88168554420989,-18.501));
#13648=CARTESIAN_POINT('Ctrl Pts',(3.49504309285476,1.66450563821839,-18.5));
#13649=CARTESIAN_POINT('Ctrl Pts',(3.49504309285476,1.66450563821839,-18.501));
#13650=CARTESIAN_POINT('Ctrl Pts',(3.49504309285476,1.52674226501483,-18.5));
#13651=CARTESIAN_POINT('Ctrl Pts',(3.49504309285476,1.52674226501483,-18.501));
#13652=CARTESIAN_POINT('',(3.26651796789355,1.95461909472942,-18.5));
#13653=CARTESIAN_POINT('Ctrl Pts',(3.26651796789355,1.95461909472942,-18.5));
#13654=CARTESIAN_POINT('Ctrl Pts',(3.3767286664564,1.88168554420989,-18.5));
#13655=CARTESIAN_POINT('Ctrl Pts',(3.49504309285476,1.66450563821839,-18.5));
#13656=CARTESIAN_POINT('Ctrl Pts',(3.49504309285476,1.52674226501483,-18.5));
#13657=CARTESIAN_POINT('',(3.26651796789355,1.95461909472942,-18.501));
#13658=CARTESIAN_POINT('',(3.26651796789355,1.95461909472942,-18.5));
#13659=CARTESIAN_POINT('Ctrl Pts',(3.49504309285476,1.52674226501483,-18.501));
#13660=CARTESIAN_POINT('Ctrl Pts',(3.49504309285476,1.66450563821839,-18.501));
#13661=CARTESIAN_POINT('Ctrl Pts',(3.3767286664564,1.88168554420989,-18.501));
#13662=CARTESIAN_POINT('Ctrl Pts',(3.26651796789355,1.95461909472942,-18.501));
#13663=CARTESIAN_POINT('Ctrl Pts',(2.97316302024832,1.82982168606267,-18.5));
#13664=CARTESIAN_POINT('Ctrl Pts',(2.97316302024832,1.82982168606267,-18.501));
#13665=CARTESIAN_POINT('Ctrl Pts',(3.01854389612714,1.85575361513628,-18.5));
#13666=CARTESIAN_POINT('Ctrl Pts',(3.01854389612714,1.85575361513628,-18.501));
#13667=CARTESIAN_POINT('Ctrl Pts',(3.17089397943461,1.91572120111901,-18.5));
#13668=CARTESIAN_POINT('Ctrl Pts',(3.17089397943461,1.91572120111901,-18.501));
#13669=CARTESIAN_POINT('Ctrl Pts',(3.26651796789355,1.95461909472942,-18.5));
#13670=CARTESIAN_POINT('Ctrl Pts',(3.26651796789355,1.95461909472942,-18.501));
#13671=CARTESIAN_POINT('',(2.97316302024832,1.82982168606267,-18.5));
#13672=CARTESIAN_POINT('Ctrl Pts',(2.97316302024832,1.82982168606267,-18.5));
#13673=CARTESIAN_POINT('Ctrl Pts',(3.01854389612714,1.85575361513628,-18.5));
#13674=CARTESIAN_POINT('Ctrl Pts',(3.17089397943461,1.91572120111901,-18.5));
#13675=CARTESIAN_POINT('Ctrl Pts',(3.26651796789355,1.95461909472942,-18.5));
#13676=CARTESIAN_POINT('',(2.97316302024832,1.82982168606267,-18.501));
#13677=CARTESIAN_POINT('',(2.97316302024832,1.82982168606267,-18.5));
#13678=CARTESIAN_POINT('Ctrl Pts',(3.26651796789355,1.95461909472942,-18.501));
#13679=CARTESIAN_POINT('Ctrl Pts',(3.17089397943461,1.91572120111901,-18.501));
#13680=CARTESIAN_POINT('Ctrl Pts',(3.01854389612714,1.85575361513628,-18.501));
#13681=CARTESIAN_POINT('Ctrl Pts',(2.97316302024832,1.82982168606267,-18.501));
#13682=CARTESIAN_POINT('Ctrl Pts',(2.73815491301871,1.48622362583731,-18.5));
#13683=CARTESIAN_POINT('Ctrl Pts',(2.73815491301871,1.48622362583731,-18.501));
#13684=CARTESIAN_POINT('Ctrl Pts',(2.73815491301871,1.60940028893696,-18.5));
#13685=CARTESIAN_POINT('Ctrl Pts',(2.73815491301871,1.60940028893696,-18.501));
#13686=CARTESIAN_POINT('Ctrl Pts',(2.83539964704475,1.75526738997603,-18.5));
#13687=CARTESIAN_POINT('Ctrl Pts',(2.83539964704475,1.75526738997603,-18.501));
#13688=CARTESIAN_POINT('Ctrl Pts',(2.97316302024832,1.82982168606267,-18.5));
#13689=CARTESIAN_POINT('Ctrl Pts',(2.97316302024832,1.82982168606267,-18.501));
#13690=CARTESIAN_POINT('Ctrl Pts',(2.73815491301871,1.48622362583731,-18.5));
#13691=CARTESIAN_POINT('Ctrl Pts',(2.73815491301871,1.60940028893696,-18.5));
#13692=CARTESIAN_POINT('Ctrl Pts',(2.83539964704475,1.75526738997603,-18.5));
#13693=CARTESIAN_POINT('Ctrl Pts',(2.97316302024832,1.82982168606267,-18.5));
#13694=CARTESIAN_POINT('Ctrl Pts',(2.97316302024832,1.82982168606267,-18.501));
#13695=CARTESIAN_POINT('Ctrl Pts',(2.83539964704475,1.75526738997603,-18.501));
#13696=CARTESIAN_POINT('Ctrl Pts',(2.73815491301871,1.60940028893696,-18.501));
#13697=CARTESIAN_POINT('Ctrl Pts',(2.73815491301871,1.48622362583731,-18.501));
#13698=CARTESIAN_POINT('Ctrl Pts',(3.76570760256058,1.50729331820962,-18.5));
#13699=CARTESIAN_POINT('Ctrl Pts',(3.76570760256058,1.50729331820962,-18.501));
#13700=CARTESIAN_POINT('Ctrl Pts',(3.76570760256058,1.38249590954286,-18.5));
#13701=CARTESIAN_POINT('Ctrl Pts',(3.76570760256058,1.38249590954286,-18.501));
#13702=CARTESIAN_POINT('Ctrl Pts',(3.67818734193714,1.16207451241716,-18.5));
#13703=CARTESIAN_POINT('Ctrl Pts',(3.67818734193714,1.16207451241716,-18.501));
#13704=CARTESIAN_POINT('Ctrl Pts',(3.5939085724479,1.08103723406212,-18.5));
#13705=CARTESIAN_POINT('Ctrl Pts',(3.5939085724479,1.08103723406212,-18.501));
#13706=CARTESIAN_POINT('',(3.5939085724479,1.08103723406212,-18.5));
#13707=CARTESIAN_POINT('',(3.76570760256058,1.50729331820962,-18.5));
#13708=CARTESIAN_POINT('Ctrl Pts',(3.5939085724479,1.08103723406212,-18.5));
#13709=CARTESIAN_POINT('Ctrl Pts',(3.67818734193714,1.16207451241716,-18.5));
#13710=CARTESIAN_POINT('Ctrl Pts',(3.76570760256058,1.38249590954286,-18.5));
#13711=CARTESIAN_POINT('Ctrl Pts',(3.76570760256058,1.50729331820962,-18.5));
#13712=CARTESIAN_POINT('',(3.5939085724479,1.08103723406212,-18.501));
#13713=CARTESIAN_POINT('',(3.5939085724479,1.08103723406212,-18.5));
#13714=CARTESIAN_POINT('',(3.76570760256058,1.50729331820962,-18.501));
#13715=CARTESIAN_POINT('Ctrl Pts',(3.76570760256058,1.50729331820962,-18.501));
#13716=CARTESIAN_POINT('Ctrl Pts',(3.76570760256058,1.38249590954286,-18.501));
#13717=CARTESIAN_POINT('Ctrl Pts',(3.67818734193714,1.16207451241716,-18.501));
#13718=CARTESIAN_POINT('Ctrl Pts',(3.5939085724479,1.08103723406212,-18.501));
#13719=CARTESIAN_POINT('',(3.76570760256058,1.50729331820962,-18.5));
#13720=CARTESIAN_POINT('Ctrl Pts',(3.42697177903653,2.02269040854766,-18.5));
#13721=CARTESIAN_POINT('Ctrl Pts',(3.42697177903653,2.02269040854766,-18.501));
#13722=CARTESIAN_POINT('Ctrl Pts',(3.5922878268808,1.94165313019262,-18.5));
#13723=CARTESIAN_POINT('Ctrl Pts',(3.5922878268808,1.94165313019262,-18.501));
#13724=CARTESIAN_POINT('Ctrl Pts',(3.76570760256058,1.66936787491969,-18.5));
#13725=CARTESIAN_POINT('Ctrl Pts',(3.76570760256058,1.66936787491969,-18.501));
#13726=CARTESIAN_POINT('Ctrl Pts',(3.76570760256058,1.50729331820962,-18.5));
#13727=CARTESIAN_POINT('Ctrl Pts',(3.76570760256058,1.50729331820962,-18.501));
#13728=CARTESIAN_POINT('',(3.42697177903653,2.02269040854766,-18.5));
#13729=CARTESIAN_POINT('Ctrl Pts',(3.76570760256058,1.50729331820962,-18.5));
#13730=CARTESIAN_POINT('Ctrl Pts',(3.76570760256058,1.66936787491969,-18.5));
#13731=CARTESIAN_POINT('Ctrl Pts',(3.5922878268808,1.94165313019262,-18.5));
#13732=CARTESIAN_POINT('Ctrl Pts',(3.42697177903653,2.02269040854766,-18.5));
#13733=CARTESIAN_POINT('',(3.42697177903653,2.02269040854766,-18.501));
#13734=CARTESIAN_POINT('Ctrl Pts',(3.42697177903653,2.02269040854766,-18.501));
#13735=CARTESIAN_POINT('Ctrl Pts',(3.5922878268808,1.94165313019262,-18.501));
#13736=CARTESIAN_POINT('Ctrl Pts',(3.76570760256058,1.66936787491969,-18.501));
#13737=CARTESIAN_POINT('Ctrl Pts',(3.76570760256058,1.50729331820962,-18.501));
#13738=CARTESIAN_POINT('',(3.42697177903653,2.02269040854766,-18.5));
#13739=CARTESIAN_POINT('Origin',(3.42697177903653,2.03079413638316,-18.5));
#13740=CARTESIAN_POINT('',(3.42697177903653,2.03079413638316,-18.5));
#13741=CARTESIAN_POINT('',(3.42697177903653,1.01539706819158,-18.5));
#13742=CARTESIAN_POINT('',(3.42697177903653,2.03079413638316,-18.501));
#13743=CARTESIAN_POINT('',(3.42697177903653,2.02269040854766,-18.501));
#13744=CARTESIAN_POINT('',(3.42697177903653,2.03079413638316,-18.5));
#13745=CARTESIAN_POINT('Ctrl Pts',(3.71708523554756,2.47325767620166,-18.5));
#13746=CARTESIAN_POINT('Ctrl Pts',(3.71708523554756,2.47325767620166,-18.501));
#13747=CARTESIAN_POINT('Ctrl Pts',(3.71708523554756,2.32090759289419,-18.5));
#13748=CARTESIAN_POINT('Ctrl Pts',(3.71708523554756,2.32090759289419,-18.501));
#13749=CARTESIAN_POINT('Ctrl Pts',(3.57445962564269,2.1166936514395,-18.5));
#13750=CARTESIAN_POINT('Ctrl Pts',(3.57445962564269,2.1166936514395,-18.501));
#13751=CARTESIAN_POINT('Ctrl Pts',(3.42697177903653,2.03079413638316,-18.5));
#13752=CARTESIAN_POINT('Ctrl Pts',(3.42697177903653,2.03079413638316,-18.501));
#13753=CARTESIAN_POINT('',(3.71708523554756,2.47325767620166,-18.5));
#13754=CARTESIAN_POINT('Ctrl Pts',(3.42697177903653,2.03079413638316,-18.5));
#13755=CARTESIAN_POINT('Ctrl Pts',(3.57445962564269,2.1166936514395,-18.5));
#13756=CARTESIAN_POINT('Ctrl Pts',(3.71708523554756,2.32090759289419,-18.5));
#13757=CARTESIAN_POINT('Ctrl Pts',(3.71708523554756,2.47325767620166,-18.5));
#13758=CARTESIAN_POINT('',(3.71708523554756,2.47325767620166,-18.501));
#13759=CARTESIAN_POINT('Ctrl Pts',(3.71708523554756,2.47325767620166,-18.501));
#13760=CARTESIAN_POINT('Ctrl Pts',(3.71708523554756,2.32090759289419,-18.501));
#13761=CARTESIAN_POINT('Ctrl Pts',(3.57445962564269,2.1166936514395,-18.501));
#13762=CARTESIAN_POINT('Ctrl Pts',(3.42697177903653,2.03079413638316,-18.501));
#13763=CARTESIAN_POINT('',(3.71708523554756,2.47325767620166,-18.5));
#13764=CARTESIAN_POINT('Ctrl Pts',(3.11416788458608,2.99999998550941,-18.5));
#13765=CARTESIAN_POINT('Ctrl Pts',(3.11416788458608,2.99999998550941,-18.501));
#13766=CARTESIAN_POINT('Ctrl Pts',(3.3767286664564,2.99999998550941,-18.5));
#13767=CARTESIAN_POINT('Ctrl Pts',(3.3767286664564,2.99999998550941,-18.501));
#13768=CARTESIAN_POINT('Ctrl Pts',(3.71708523554756,2.69854131002867,-18.5));
#13769=CARTESIAN_POINT('Ctrl Pts',(3.71708523554756,2.69854131002867,-18.501));
#13770=CARTESIAN_POINT('Ctrl Pts',(3.71708523554756,2.47325767620166,-18.5));
#13771=CARTESIAN_POINT('Ctrl Pts',(3.71708523554756,2.47325767620166,-18.501));
#13772=CARTESIAN_POINT('',(3.11416788458608,2.99999998550941,-18.5));
#13773=CARTESIAN_POINT('Ctrl Pts',(3.71708523554756,2.47325767620166,-18.5));
#13774=CARTESIAN_POINT('Ctrl Pts',(3.71708523554756,2.69854131002867,-18.5));
#13775=CARTESIAN_POINT('Ctrl Pts',(3.3767286664564,2.99999998550941,-18.5));
#13776=CARTESIAN_POINT('Ctrl Pts',(3.11416788458608,2.99999998550941,-18.5));
#13777=CARTESIAN_POINT('',(3.11416788458608,2.99999998550941,-18.501));
#13778=CARTESIAN_POINT('Ctrl Pts',(3.11416788458608,2.99999998550941,-18.501));
#13779=CARTESIAN_POINT('Ctrl Pts',(3.3767286664564,2.99999998550941,-18.501));
#13780=CARTESIAN_POINT('Ctrl Pts',(3.71708523554756,2.69854131002867,-18.501));
#13781=CARTESIAN_POINT('Ctrl Pts',(3.71708523554756,2.47325767620166,-18.501));
#13782=CARTESIAN_POINT('',(3.11416788458608,2.99999998550941,-18.5));
#13783=CARTESIAN_POINT('Ctrl Pts',(2.5128712791917,2.49108587743977,-18.5));
#13784=CARTESIAN_POINT('Ctrl Pts',(2.5128712791917,2.49108587743977,-18.501));
#13785=CARTESIAN_POINT('Ctrl Pts',(2.5128712791917,2.71474876569967,-18.5));
#13786=CARTESIAN_POINT('Ctrl Pts',(2.5128712791917,2.71474876569967,-18.501));
#13787=CARTESIAN_POINT('Ctrl Pts',(2.84188262931316,2.99999998550941,-18.5));
#13788=CARTESIAN_POINT('Ctrl Pts',(2.84188262931316,2.99999998550941,-18.501));
#13789=CARTESIAN_POINT('Ctrl Pts',(3.11416788458608,2.99999998550941,-18.5));
#13790=CARTESIAN_POINT('Ctrl Pts',(3.11416788458608,2.99999998550941,-18.501));
#13791=CARTESIAN_POINT('',(2.5128712791917,2.49108587743977,-18.5));
#13792=CARTESIAN_POINT('Ctrl Pts',(3.11416788458608,2.99999998550941,-18.5));
#13793=CARTESIAN_POINT('Ctrl Pts',(2.84188262931316,2.99999998550941,-18.5));
#13794=CARTESIAN_POINT('Ctrl Pts',(2.5128712791917,2.71474876569967,-18.5));
#13795=CARTESIAN_POINT('Ctrl Pts',(2.5128712791917,2.49108587743977,-18.5));
#13796=CARTESIAN_POINT('',(2.5128712791917,2.49108587743977,-18.501));
#13797=CARTESIAN_POINT('Ctrl Pts',(2.5128712791917,2.49108587743977,-18.501));
#13798=CARTESIAN_POINT('Ctrl Pts',(2.5128712791917,2.71474876569967,-18.501));
#13799=CARTESIAN_POINT('Ctrl Pts',(2.84188262931316,2.99999998550941,-18.501));
#13800=CARTESIAN_POINT('Ctrl Pts',(3.11416788458608,2.99999998550941,-18.501));
#13801=CARTESIAN_POINT('',(2.5128712791917,2.49108587743977,-18.5));
#13802=CARTESIAN_POINT('Ctrl Pts',(2.81757144580665,2.01944891741345,-18.5));
#13803=CARTESIAN_POINT('Ctrl Pts',(2.81757144580665,2.01944891741345,-18.501));
#13804=CARTESIAN_POINT('Ctrl Pts',(2.67008359920048,2.09400321350009,-18.5));
#13805=CARTESIAN_POINT('Ctrl Pts',(2.67008359920048,2.09400321350009,-18.501));
#13806=CARTESIAN_POINT('Ctrl Pts',(2.5128712791917,2.35656399537041,-18.5));
#13807=CARTESIAN_POINT('Ctrl Pts',(2.5128712791917,2.35656399537041,-18.501));
#13808=CARTESIAN_POINT('Ctrl Pts',(2.5128712791917,2.49108587743977,-18.5));
#13809=CARTESIAN_POINT('Ctrl Pts',(2.5128712791917,2.49108587743977,-18.501));
#13810=CARTESIAN_POINT('',(2.81757144580665,2.01944891741345,-18.5));
#13811=CARTESIAN_POINT('Ctrl Pts',(2.5128712791917,2.49108587743977,-18.5));
#13812=CARTESIAN_POINT('Ctrl Pts',(2.5128712791917,2.35656399537041,-18.5));
#13813=CARTESIAN_POINT('Ctrl Pts',(2.67008359920048,2.09400321350009,-18.5));
#13814=CARTESIAN_POINT('Ctrl Pts',(2.81757144580665,2.01944891741345,-18.5));
#13815=CARTESIAN_POINT('',(2.81757144580665,2.01944891741345,-18.501));
#13816=CARTESIAN_POINT('Ctrl Pts',(2.81757144580665,2.01944891741345,-18.501));
#13817=CARTESIAN_POINT('Ctrl Pts',(2.67008359920048,2.09400321350009,-18.501));
#13818=CARTESIAN_POINT('Ctrl Pts',(2.5128712791917,2.35656399537041,-18.501));
#13819=CARTESIAN_POINT('Ctrl Pts',(2.5128712791917,2.49108587743977,-18.501));
#13820=CARTESIAN_POINT('',(2.81757144580665,2.01944891741345,-18.5));
#13821=CARTESIAN_POINT('Origin',(2.81757144580665,2.01134518957795,-18.5));
#13822=CARTESIAN_POINT('',(2.81757144580665,2.01134518957795,-18.5));
#13823=CARTESIAN_POINT('',(2.81757144580665,1.00567259478897,-18.5));
#13824=CARTESIAN_POINT('',(2.81757144580665,2.01134518957795,-18.501));
#13825=CARTESIAN_POINT('',(2.81757144580665,2.01944891741345,-18.501));
#13826=CARTESIAN_POINT('',(2.81757144580665,2.01134518957795,-18.5));
#13827=CARTESIAN_POINT('Ctrl Pts',(2.46262816661158,1.51215555491092,-18.5));
#13828=CARTESIAN_POINT('Ctrl Pts',(2.46262816661158,1.51215555491092,-18.501));
#13829=CARTESIAN_POINT('Ctrl Pts',(2.46262816661158,1.6969205495604,-18.5));
#13830=CARTESIAN_POINT('Ctrl Pts',(2.46262816661158,1.6969205495604,-18.501));
#13831=CARTESIAN_POINT('Ctrl Pts',(2.64253092455977,1.93030791122291,-18.5));
#13832=CARTESIAN_POINT('Ctrl Pts',(2.64253092455977,1.93030791122291,-18.501));
#13833=CARTESIAN_POINT('Ctrl Pts',(2.81757144580665,2.01134518957795,-18.5));
#13834=CARTESIAN_POINT('Ctrl Pts',(2.81757144580665,2.01134518957795,-18.501));
#13835=CARTESIAN_POINT('',(2.46262816661158,1.51215555491092,-18.5));
#13836=CARTESIAN_POINT('Ctrl Pts',(2.81757144580665,2.01134518957795,-18.5));
#13837=CARTESIAN_POINT('Ctrl Pts',(2.64253092455977,1.93030791122291,-18.5));
#13838=CARTESIAN_POINT('Ctrl Pts',(2.46262816661158,1.6969205495604,-18.5));
#13839=CARTESIAN_POINT('Ctrl Pts',(2.46262816661158,1.51215555491092,-18.5));
#13840=CARTESIAN_POINT('',(2.46262816661158,1.51215555491092,-18.501));
#13841=CARTESIAN_POINT('Ctrl Pts',(2.46262816661158,1.51215555491092,-18.501));
#13842=CARTESIAN_POINT('Ctrl Pts',(2.46262816661158,1.6969205495604,-18.501));
#13843=CARTESIAN_POINT('Ctrl Pts',(2.64253092455977,1.93030791122291,-18.501));
#13844=CARTESIAN_POINT('Ctrl Pts',(2.81757144580665,2.01134518957795,-18.501));
#13845=CARTESIAN_POINT('',(2.46262816661158,1.51215555491092,-18.5));
#13846=CARTESIAN_POINT('Ctrl Pts',(3.11416788458608,0.909238203949441,-18.5));
#13847=CARTESIAN_POINT('Ctrl Pts',(3.11416788458608,0.909238203949441,-18.501));
#13848=CARTESIAN_POINT('Ctrl Pts',(2.83539964704475,0.909238203949441,-18.5));
#13849=CARTESIAN_POINT('Ctrl Pts',(2.83539964704475,0.909238203949441,-18.501));
#13850=CARTESIAN_POINT('Ctrl Pts',(2.46262816661158,1.256077755309,-18.5));
#13851=CARTESIAN_POINT('Ctrl Pts',(2.46262816661158,1.256077755309,-18.501));
#13852=CARTESIAN_POINT('Ctrl Pts',(2.46262816661158,1.51215555491092,-18.5));
#13853=CARTESIAN_POINT('Ctrl Pts',(2.46262816661158,1.51215555491092,-18.501));
#13854=CARTESIAN_POINT('',(3.11416788458608,0.909238203949441,-18.5));
#13855=CARTESIAN_POINT('Ctrl Pts',(2.46262816661158,1.51215555491092,-18.5));
#13856=CARTESIAN_POINT('Ctrl Pts',(2.46262816661158,1.256077755309,-18.5));
#13857=CARTESIAN_POINT('Ctrl Pts',(2.83539964704475,0.909238203949441,-18.5));
#13858=CARTESIAN_POINT('Ctrl Pts',(3.11416788458608,0.909238203949441,-18.5));
#13859=CARTESIAN_POINT('',(3.11416788458608,0.909238203949441,-18.501));
#13860=CARTESIAN_POINT('Ctrl Pts',(3.11416788458608,0.909238203949441,-18.501));
#13861=CARTESIAN_POINT('Ctrl Pts',(2.83539964704475,0.909238203949441,-18.501));
#13862=CARTESIAN_POINT('Ctrl Pts',(2.46262816661158,1.256077755309,-18.501));
#13863=CARTESIAN_POINT('Ctrl Pts',(2.46262816661158,1.51215555491092,-18.501));
#13864=CARTESIAN_POINT('',(3.11416788458608,0.909238203949441,-18.5));
#13865=CARTESIAN_POINT('Ctrl Pts',(3.5939085724479,1.08103723406212,-18.5));
#13866=CARTESIAN_POINT('Ctrl Pts',(3.5939085724479,1.08103723406212,-18.501));
#13867=CARTESIAN_POINT('Ctrl Pts',(3.50800905739156,0.998379210139982,-18.5));
#13868=CARTESIAN_POINT('Ctrl Pts',(3.50800905739156,0.998379210139982,-18.501));
#13869=CARTESIAN_POINT('Ctrl Pts',(3.26327647675935,0.909238203949441,-18.5));
#13870=CARTESIAN_POINT('Ctrl Pts',(3.26327647675935,0.909238203949441,-18.501));
#13871=CARTESIAN_POINT('Ctrl Pts',(3.11416788458608,0.909238203949441,-18.5));
#13872=CARTESIAN_POINT('Ctrl Pts',(3.11416788458608,0.909238203949441,-18.501));
#13873=CARTESIAN_POINT('Ctrl Pts',(3.11416788458608,0.909238203949441,-18.5));
#13874=CARTESIAN_POINT('Ctrl Pts',(3.26327647675935,0.909238203949441,-18.5));
#13875=CARTESIAN_POINT('Ctrl Pts',(3.50800905739156,0.998379210139982,-18.5));
#13876=CARTESIAN_POINT('Ctrl Pts',(3.5939085724479,1.08103723406212,-18.5));
#13877=CARTESIAN_POINT('Ctrl Pts',(3.5939085724479,1.08103723406212,-18.501));
#13878=CARTESIAN_POINT('Ctrl Pts',(3.50800905739156,0.998379210139982,-18.501));
#13879=CARTESIAN_POINT('Ctrl Pts',(3.26327647675935,0.909238203949441,-18.501));
#13880=CARTESIAN_POINT('Ctrl Pts',(3.11416788458608,0.909238203949441,-18.501));
#13881=CARTESIAN_POINT('Origin',(3.1141564165927,1.9538168998658,-18.501));
#13882=CARTESIAN_POINT('Ctrl Pts',(0.289208361129479,2.20907614876424,-18.5));
#13883=CARTESIAN_POINT('Ctrl Pts',(0.289208361129479,2.20907614876424,-18.501));
#13884=CARTESIAN_POINT('Ctrl Pts',(0.227620029579651,2.24797404237466,-18.5));
#13885=CARTESIAN_POINT('Ctrl Pts',(0.227620029579651,2.24797404237466,-18.501));
#13886=CARTESIAN_POINT('Ctrl Pts',(0.177376916999528,2.37277145104142,-18.5));
#13887=CARTESIAN_POINT('Ctrl Pts',(0.177376916999528,2.37277145104142,-18.501));
#13888=CARTESIAN_POINT('Ctrl Pts',(0.177376916999528,2.46677469393326,-18.5));
#13889=CARTESIAN_POINT('Ctrl Pts',(0.177376916999528,2.46677469393326,-18.501));
#13890=CARTESIAN_POINT('',(0.289208361129479,2.20907614876424,-18.5));
#13891=CARTESIAN_POINT('',(0.177376916999528,2.46677469393326,-18.5));
#13892=CARTESIAN_POINT('Ctrl Pts',(0.289208361129479,2.20907614876424,-18.5));
#13893=CARTESIAN_POINT('Ctrl Pts',(0.227620029579651,2.24797404237466,-18.5));
#13894=CARTESIAN_POINT('Ctrl Pts',(0.177376916999528,2.37277145104142,-18.5));
#13895=CARTESIAN_POINT('Ctrl Pts',(0.177376916999528,2.46677469393326,-18.5));
#13896=CARTESIAN_POINT('',(0.289208361129479,2.20907614876424,-18.501));
#13897=CARTESIAN_POINT('',(0.289208361129479,2.20907614876424,-18.5));
#13898=CARTESIAN_POINT('',(0.177376916999528,2.46677469393326,-18.501));
#13899=CARTESIAN_POINT('Ctrl Pts',(0.177376916999528,2.46677469393326,-18.501));
#13900=CARTESIAN_POINT('Ctrl Pts',(0.177376916999528,2.37277145104142,-18.501));
#13901=CARTESIAN_POINT('Ctrl Pts',(0.227620029579651,2.24797404237466,-18.501));
#13902=CARTESIAN_POINT('Ctrl Pts',(0.289208361129479,2.20907614876424,-18.501));
#13903=CARTESIAN_POINT('',(0.177376916999528,2.46677469393326,-18.5));
#13904=CARTESIAN_POINT('Ctrl Pts',(0.595529273311521,2.14262558051311,-18.5));
#13905=CARTESIAN_POINT('Ctrl Pts',(0.595529273311521,2.14262558051311,-18.501));
#13906=CARTESIAN_POINT('Ctrl Pts',(0.470731864644763,2.14262558051311,-18.5));
#13907=CARTESIAN_POINT('Ctrl Pts',(0.470731864644763,2.14262558051311,-18.501));
#13908=CARTESIAN_POINT('Ctrl Pts',(0.352417438246408,2.16855750958672,-18.5));
#13909=CARTESIAN_POINT('Ctrl Pts',(0.352417438246408,2.16855750958672,-18.501));
#13910=CARTESIAN_POINT('Ctrl Pts',(0.289208361129479,2.20907614876424,-18.5));
#13911=CARTESIAN_POINT('Ctrl Pts',(0.289208361129479,2.20907614876424,-18.501));
#13912=CARTESIAN_POINT('',(0.595529273311521,2.14262558051311,-18.5));
#13913=CARTESIAN_POINT('Ctrl Pts',(0.595529273311521,2.14262558051311,-18.5));
#13914=CARTESIAN_POINT('Ctrl Pts',(0.470731864644763,2.14262558051311,-18.5));
#13915=CARTESIAN_POINT('Ctrl Pts',(0.352417438246408,2.16855750958672,-18.5));
#13916=CARTESIAN_POINT('Ctrl Pts',(0.289208361129479,2.20907614876424,-18.5));
#13917=CARTESIAN_POINT('',(0.595529273311521,2.14262558051311,-18.501));
#13918=CARTESIAN_POINT('',(0.595529273311521,2.14262558051311,-18.5));
#13919=CARTESIAN_POINT('Ctrl Pts',(0.289208361129479,2.20907614876424,-18.501));
#13920=CARTESIAN_POINT('Ctrl Pts',(0.352417438246408,2.16855750958672,-18.501));
#13921=CARTESIAN_POINT('Ctrl Pts',(0.470731864644763,2.14262558051311,-18.501));
#13922=CARTESIAN_POINT('Ctrl Pts',(0.595529273311521,2.14262558051311,-18.501));
#13923=CARTESIAN_POINT('Origin',(0.89698794879226,2.14262558051311,-18.5));
#13924=CARTESIAN_POINT('',(0.89698794879226,2.14262558051311,-18.5));
#13925=CARTESIAN_POINT('',(0.44849397439613,2.14262558051311,-18.5));
#13926=CARTESIAN_POINT('',(0.89698794879226,2.14262558051311,-18.501));
#13927=CARTESIAN_POINT('',(0.89698794879226,2.14262558051311,-18.5));
#13928=CARTESIAN_POINT('',(0.759818752281668,2.14262558051311,-18.501));
#13929=CARTESIAN_POINT('Origin',(0.89698794879226,2.72771473023648,-18.5));
#13930=CARTESIAN_POINT('',(0.89698794879226,2.72771473023648,-18.5));
#13931=CARTESIAN_POINT('',(0.89698794879226,1.36385736511824,-18.5));
#13932=CARTESIAN_POINT('',(0.89698794879226,2.72771473023648,-18.501));
#13933=CARTESIAN_POINT('',(0.89698794879226,2.72771473023648,-18.5));
#13934=CARTESIAN_POINT('',(0.89698794879226,2.34177670611658,-18.501));
#13935=CARTESIAN_POINT('Origin',(0.642530894757442,2.72771473023648,-18.5));
#13936=CARTESIAN_POINT('',(0.642530894757442,2.72771473023648,-18.5));
#13937=CARTESIAN_POINT('',(0.321265447378721,2.72771473023648,-18.5));
#13938=CARTESIAN_POINT('',(0.642530894757442,2.72771473023648,-18.501));
#13939=CARTESIAN_POINT('',(0.642530894757442,2.72771473023648,-18.5));
#13940=CARTESIAN_POINT('',(0.632590225264259,2.72771473023648,-18.501));
#13941=CARTESIAN_POINT('Ctrl Pts',(0.279483887726875,2.67585087208926,-18.5));
#13942=CARTESIAN_POINT('Ctrl Pts',(0.279483887726875,2.67585087208926,-18.501));
#13943=CARTESIAN_POINT('Ctrl Pts',(0.344313710410905,2.71150727456547,-18.5));
#13944=CARTESIAN_POINT('Ctrl Pts',(0.344313710410905,2.71150727456547,-18.501));
#13945=CARTESIAN_POINT('Ctrl Pts',(0.501526030419677,2.72771473023648,-18.5));
#13946=CARTESIAN_POINT('Ctrl Pts',(0.501526030419677,2.72771473023648,-18.501));
#13947=CARTESIAN_POINT('Ctrl Pts',(0.642530894757442,2.72771473023648,-18.5));
#13948=CARTESIAN_POINT('Ctrl Pts',(0.642530894757442,2.72771473023648,-18.501));
#13949=CARTESIAN_POINT('',(0.279483887726875,2.67585087208926,-18.5));
#13950=CARTESIAN_POINT('Ctrl Pts',(0.279483887726875,2.67585087208926,-18.5));
#13951=CARTESIAN_POINT('Ctrl Pts',(0.344313710410905,2.71150727456547,-18.5));
#13952=CARTESIAN_POINT('Ctrl Pts',(0.501526030419677,2.72771473023648,-18.5));
#13953=CARTESIAN_POINT('Ctrl Pts',(0.642530894757442,2.72771473023648,-18.5));
#13954=CARTESIAN_POINT('',(0.279483887726875,2.67585087208926,-18.501));
#13955=CARTESIAN_POINT('',(0.279483887726875,2.67585087208926,-18.5));
#13956=CARTESIAN_POINT('Ctrl Pts',(0.642530894757442,2.72771473023648,-18.501));
#13957=CARTESIAN_POINT('Ctrl Pts',(0.501526030419677,2.72771473023648,-18.501));
#13958=CARTESIAN_POINT('Ctrl Pts',(0.344313710410905,2.71150727456547,-18.501));
#13959=CARTESIAN_POINT('Ctrl Pts',(0.279483887726875,2.67585087208926,-18.501));
#13960=CARTESIAN_POINT('Ctrl Pts',(0.177376916999528,2.46677469393326,-18.5));
#13961=CARTESIAN_POINT('Ctrl Pts',(0.177376916999528,2.46677469393326,-18.501));
#13962=CARTESIAN_POINT('Ctrl Pts',(0.177376916999528,2.53808749888569,-18.5));
#13963=CARTESIAN_POINT('Ctrl Pts',(0.177376916999528,2.53808749888569,-18.501));
#13964=CARTESIAN_POINT('Ctrl Pts',(0.22599928401255,2.64505670631434,-18.5));
#13965=CARTESIAN_POINT('Ctrl Pts',(0.22599928401255,2.64505670631434,-18.501));
#13966=CARTESIAN_POINT('Ctrl Pts',(0.279483887726875,2.67585087208926,-18.5));
#13967=CARTESIAN_POINT('Ctrl Pts',(0.279483887726875,2.67585087208926,-18.501));
#13968=CARTESIAN_POINT('Ctrl Pts',(0.177376916999528,2.46677469393326,-18.5));
#13969=CARTESIAN_POINT('Ctrl Pts',(0.177376916999528,2.53808749888569,-18.5));
#13970=CARTESIAN_POINT('Ctrl Pts',(0.22599928401255,2.64505670631434,-18.5));
#13971=CARTESIAN_POINT('Ctrl Pts',(0.279483887726875,2.67585087208926,-18.5));
#13972=CARTESIAN_POINT('Ctrl Pts',(0.279483887726875,2.67585087208926,-18.501));
#13973=CARTESIAN_POINT('Ctrl Pts',(0.22599928401255,2.64505670631434,-18.501));
#13974=CARTESIAN_POINT('Ctrl Pts',(0.177376916999528,2.53808749888569,-18.501));
#13975=CARTESIAN_POINT('Ctrl Pts',(0.177376916999528,2.46677469393326,-18.501));
#13976=CARTESIAN_POINT('Ctrl Pts',(0.227620029579651,1.26580222871161,-18.5));
#13977=CARTESIAN_POINT('Ctrl Pts',(0.227620029579651,1.26580222871161,-18.501));
#13978=CARTESIAN_POINT('Ctrl Pts',(0.153065733493017,1.31928683242593,-18.5));
#13979=CARTESIAN_POINT('Ctrl Pts',(0.153065733493017,1.31928683242593,-18.501));
#13980=CARTESIAN_POINT('Ctrl Pts',(0.0833736741076846,1.45218796892819,
-18.5));
#13981=CARTESIAN_POINT('Ctrl Pts',(0.0833736741076846,1.45218796892819,
-18.501));
#13982=CARTESIAN_POINT('Ctrl Pts',(0.0833736741076846,1.55753643078974,
-18.5));
#13983=CARTESIAN_POINT('Ctrl Pts',(0.0833736741076846,1.55753643078974,
-18.501));
#13984=CARTESIAN_POINT('',(0.227620029579651,1.26580222871161,-18.5));
#13985=CARTESIAN_POINT('',(0.0833736741076846,1.55753643078974,-18.5));
#13986=CARTESIAN_POINT('Ctrl Pts',(0.227620029579651,1.26580222871161,-18.5));
#13987=CARTESIAN_POINT('Ctrl Pts',(0.153065733493017,1.31928683242593,-18.5));
#13988=CARTESIAN_POINT('Ctrl Pts',(0.0833736741076846,1.45218796892819,
-18.5));
#13989=CARTESIAN_POINT('Ctrl Pts',(0.0833736741076846,1.55753643078974,
-18.5));
#13990=CARTESIAN_POINT('',(0.227620029579651,1.26580222871161,-18.501));
#13991=CARTESIAN_POINT('',(0.227620029579651,1.26580222871161,-18.5));
#13992=CARTESIAN_POINT('',(0.0833736741076846,1.55753643078974,-18.501));
#13993=CARTESIAN_POINT('Ctrl Pts',(0.0833736741076846,1.55753643078974,
-18.501));
#13994=CARTESIAN_POINT('Ctrl Pts',(0.0833736741076846,1.45218796892819,
-18.501));
#13995=CARTESIAN_POINT('Ctrl Pts',(0.153065733493017,1.31928683242593,-18.501));
#13996=CARTESIAN_POINT('Ctrl Pts',(0.227620029579651,1.26580222871161,-18.501));
#13997=CARTESIAN_POINT('',(0.0833736741076846,1.55753643078974,-18.5));
#13998=CARTESIAN_POINT('Ctrl Pts',(0.68142878836786,1.18152345922237,-18.5));
#13999=CARTESIAN_POINT('Ctrl Pts',(0.68142878836786,1.18152345922237,-18.501));
#14000=CARTESIAN_POINT('Ctrl Pts',(0.50638826712098,1.18152345922237,-18.5));
#14001=CARTESIAN_POINT('Ctrl Pts',(0.50638826712098,1.18152345922237,-18.501));
#14002=CARTESIAN_POINT('Ctrl Pts',(0.305415816800487,1.21393837056438,-18.5));
#14003=CARTESIAN_POINT('Ctrl Pts',(0.305415816800487,1.21393837056438,-18.501));
#14004=CARTESIAN_POINT('Ctrl Pts',(0.227620029579651,1.26580222871161,-18.5));
#14005=CARTESIAN_POINT('Ctrl Pts',(0.227620029579651,1.26580222871161,-18.501));
#14006=CARTESIAN_POINT('',(0.68142878836786,1.18152345922237,-18.5));
#14007=CARTESIAN_POINT('Ctrl Pts',(0.68142878836786,1.18152345922237,-18.5));
#14008=CARTESIAN_POINT('Ctrl Pts',(0.50638826712098,1.18152345922237,-18.5));
#14009=CARTESIAN_POINT('Ctrl Pts',(0.305415816800487,1.21393837056438,-18.5));
#14010=CARTESIAN_POINT('Ctrl Pts',(0.227620029579651,1.26580222871161,-18.5));
#14011=CARTESIAN_POINT('',(0.68142878836786,1.18152345922237,-18.501));
#14012=CARTESIAN_POINT('',(0.68142878836786,1.18152345922237,-18.5));
#14013=CARTESIAN_POINT('Ctrl Pts',(0.227620029579651,1.26580222871161,-18.501));
#14014=CARTESIAN_POINT('Ctrl Pts',(0.305415816800487,1.21393837056438,-18.501));
#14015=CARTESIAN_POINT('Ctrl Pts',(0.50638826712098,1.18152345922237,-18.501));
#14016=CARTESIAN_POINT('Ctrl Pts',(0.68142878836786,1.18152345922237,-18.501));
#14017=CARTESIAN_POINT('Origin',(0.89698794879226,1.18152345922237,-18.5));
#14018=CARTESIAN_POINT('',(0.89698794879226,1.18152345922237,-18.5));
#14019=CARTESIAN_POINT('',(0.44849397439613,1.18152345922237,-18.5));
#14020=CARTESIAN_POINT('',(0.89698794879226,1.18152345922237,-18.501));
#14021=CARTESIAN_POINT('',(0.89698794879226,1.18152345922237,-18.5));
#14022=CARTESIAN_POINT('',(0.759818752281668,1.18152345922237,-18.501));
#14023=CARTESIAN_POINT('Origin',(0.89698794879226,1.92058343782031,-18.5));
#14024=CARTESIAN_POINT('',(0.89698794879226,1.92058343782031,-18.5));
#14025=CARTESIAN_POINT('',(0.89698794879226,0.960291718910154,-18.5));
#14026=CARTESIAN_POINT('',(0.89698794879226,1.92058343782031,-18.501));
#14027=CARTESIAN_POINT('',(0.89698794879226,1.92058343782031,-18.5));
#14028=CARTESIAN_POINT('',(0.89698794879226,1.93821105990849,-18.501));
#14029=CARTESIAN_POINT('Origin',(0.595529273311521,1.92058343782031,-18.5));
#14030=CARTESIAN_POINT('',(0.595529273311521,1.92058343782031,-18.5));
#14031=CARTESIAN_POINT('',(0.29776463665576,1.92058343782031,-18.5));
#14032=CARTESIAN_POINT('',(0.595529273311521,1.92058343782031,-18.501));
#14033=CARTESIAN_POINT('',(0.595529273311521,1.92058343782031,-18.5));
#14034=CARTESIAN_POINT('',(0.609089414541298,1.92058343782031,-18.501));
#14035=CARTESIAN_POINT('Ctrl Pts',(0.245448230817759,1.86871957967308,-18.5));
#14036=CARTESIAN_POINT('Ctrl Pts',(0.245448230817759,1.86871957967308,-18.501));
#14037=CARTESIAN_POINT('Ctrl Pts',(0.308657307934688,1.9011344910151,-18.5));
#14038=CARTESIAN_POINT('Ctrl Pts',(0.308657307934688,1.9011344910151,-18.501));
#14039=CARTESIAN_POINT('Ctrl Pts',(0.457765900107957,1.92058343782031,-18.5));
#14040=CARTESIAN_POINT('Ctrl Pts',(0.457765900107957,1.92058343782031,-18.501));
#14041=CARTESIAN_POINT('Ctrl Pts',(0.595529273311521,1.92058343782031,-18.5));
#14042=CARTESIAN_POINT('Ctrl Pts',(0.595529273311521,1.92058343782031,-18.501));
#14043=CARTESIAN_POINT('',(0.245448230817759,1.86871957967308,-18.5));
#14044=CARTESIAN_POINT('Ctrl Pts',(0.245448230817759,1.86871957967308,-18.5));
#14045=CARTESIAN_POINT('Ctrl Pts',(0.308657307934688,1.9011344910151,-18.5));
#14046=CARTESIAN_POINT('Ctrl Pts',(0.457765900107957,1.92058343782031,-18.5));
#14047=CARTESIAN_POINT('Ctrl Pts',(0.595529273311521,1.92058343782031,-18.5));
#14048=CARTESIAN_POINT('',(0.245448230817759,1.86871957967308,-18.501));
#14049=CARTESIAN_POINT('',(0.245448230817759,1.86871957967308,-18.5));
#14050=CARTESIAN_POINT('Ctrl Pts',(0.595529273311521,1.92058343782031,-18.501));
#14051=CARTESIAN_POINT('Ctrl Pts',(0.457765900107957,1.92058343782031,-18.501));
#14052=CARTESIAN_POINT('Ctrl Pts',(0.308657307934688,1.9011344910151,-18.501));
#14053=CARTESIAN_POINT('Ctrl Pts',(0.245448230817759,1.86871957967308,-18.501));
#14054=CARTESIAN_POINT('Ctrl Pts',(0.0833736741076846,1.55753643078974,
-18.5));
#14055=CARTESIAN_POINT('Ctrl Pts',(0.0833736741076846,1.55753643078974,
-18.501));
#14056=CARTESIAN_POINT('Ctrl Pts',(0.0833736741076846,1.67098862048679,
-18.5));
#14057=CARTESIAN_POINT('Ctrl Pts',(0.0833736741076846,1.67098862048679,
-18.501));
#14058=CARTESIAN_POINT('Ctrl Pts',(0.148203496791714,1.81685572152586,-18.5));
#14059=CARTESIAN_POINT('Ctrl Pts',(0.148203496791714,1.81685572152586,-18.501));
#14060=CARTESIAN_POINT('Ctrl Pts',(0.245448230817759,1.86871957967308,-18.5));
#14061=CARTESIAN_POINT('Ctrl Pts',(0.245448230817759,1.86871957967308,-18.501));
#14062=CARTESIAN_POINT('Ctrl Pts',(0.0833736741076846,1.55753643078974,
-18.5));
#14063=CARTESIAN_POINT('Ctrl Pts',(0.0833736741076846,1.67098862048679,
-18.5));
#14064=CARTESIAN_POINT('Ctrl Pts',(0.148203496791714,1.81685572152586,-18.5));
#14065=CARTESIAN_POINT('Ctrl Pts',(0.245448230817759,1.86871957967308,-18.5));
#14066=CARTESIAN_POINT('Ctrl Pts',(0.245448230817759,1.86871957967308,-18.501));
#14067=CARTESIAN_POINT('Ctrl Pts',(0.148203496791714,1.81685572152586,-18.501));
#14068=CARTESIAN_POINT('Ctrl Pts',(0.0833736741076846,1.67098862048679,
-18.501));
#14069=CARTESIAN_POINT('Ctrl Pts',(0.0833736741076846,1.55753643078974,
-18.501));
#14070=CARTESIAN_POINT('Ctrl Pts',(0.589046291043118,0.954619079828262,
-18.5));
#14071=CARTESIAN_POINT('Ctrl Pts',(0.589046291043118,0.954619079828262,
-18.501));
#14072=CARTESIAN_POINT('Ctrl Pts',(0.384832349588423,0.954619079828262,
-18.5));
#14073=CARTESIAN_POINT('Ctrl Pts',(0.384832349588423,0.954619079828262,
-18.501));
#14074=CARTESIAN_POINT('Ctrl Pts',(0.127133804419405,1.0291733759149,-18.5));
#14075=CARTESIAN_POINT('Ctrl Pts',(0.127133804419405,1.0291733759149,-18.501));
#14076=CARTESIAN_POINT('Ctrl Pts',(0.0136816147223523,1.11669363653834,
-18.5));
#14077=CARTESIAN_POINT('Ctrl Pts',(0.0136816147223523,1.11669363653834,
-18.501));
#14078=CARTESIAN_POINT('',(0.0136816147223523,1.11669363653834,-18.5));
#14079=CARTESIAN_POINT('',(0.589046291043118,0.954619079828262,-18.5));
#14080=CARTESIAN_POINT('Ctrl Pts',(0.0136816147223523,1.11669363653834,
-18.5));
#14081=CARTESIAN_POINT('Ctrl Pts',(0.127133804419405,1.0291733759149,-18.5));
#14082=CARTESIAN_POINT('Ctrl Pts',(0.384832349588423,0.954619079828262,
-18.5));
#14083=CARTESIAN_POINT('Ctrl Pts',(0.589046291043118,0.954619079828262,
-18.5));
#14084=CARTESIAN_POINT('',(0.0136816147223523,1.11669363653834,-18.501));
#14085=CARTESIAN_POINT('',(0.0136816147223523,1.11669363653834,-18.5));
#14086=CARTESIAN_POINT('',(0.589046291043118,0.954619079828262,-18.501));
#14087=CARTESIAN_POINT('Ctrl Pts',(0.589046291043118,0.954619079828262,
-18.501));
#14088=CARTESIAN_POINT('Ctrl Pts',(0.384832349588423,0.954619079828262,
-18.501));
#14089=CARTESIAN_POINT('Ctrl Pts',(0.127133804419405,1.0291733759149,-18.501));
#14090=CARTESIAN_POINT('Ctrl Pts',(0.0136816147223523,1.11669363653834,
-18.501));
#14091=CARTESIAN_POINT('',(0.589046291043118,0.954619079828262,-18.5));
#14092=CARTESIAN_POINT('Origin',(1.16279022179678,0.954619079828262,-18.5));
#14093=CARTESIAN_POINT('',(1.16279022179678,0.954619079828262,-18.5));
#14094=CARTESIAN_POINT('',(0.581395110898391,0.954619079828262,-18.5));
#14095=CARTESIAN_POINT('',(1.16279022179678,0.954619079828262,-18.501));
#14096=CARTESIAN_POINT('',(0.589046291043118,0.954619079828262,-18.501));
#14097=CARTESIAN_POINT('',(1.16279022179678,0.954619079828262,-18.5));
#14098=CARTESIAN_POINT('Origin',(1.16279022179678,2.95461910963058,-18.5));
#14099=CARTESIAN_POINT('',(1.16279022179678,2.95461910963058,-18.5));
#14100=CARTESIAN_POINT('',(1.16279022179678,1.47730955481529,-18.5));
#14101=CARTESIAN_POINT('',(1.16279022179678,2.95461910963058,-18.501));
#14102=CARTESIAN_POINT('',(1.16279022179678,0.954619079828262,-18.501));
#14103=CARTESIAN_POINT('',(1.16279022179678,2.95461910963058,-18.5));
#14104=CARTESIAN_POINT('Origin',(0.632806421354838,2.95461910963058,-18.5));
#14105=CARTESIAN_POINT('',(0.632806421354838,2.95461910963058,-18.5));
#14106=CARTESIAN_POINT('',(0.316403210677419,2.95461910963058,-18.5));
#14107=CARTESIAN_POINT('',(0.632806421354838,2.95461910963058,-18.501));
#14108=CARTESIAN_POINT('',(1.16279022179678,2.95461910963058,-18.501));
#14109=CARTESIAN_POINT('',(0.632806421354838,2.95461910963058,-18.5));
#14110=CARTESIAN_POINT('Ctrl Pts',(0.107684857614196,2.87358183127555,-18.5));
#14111=CARTESIAN_POINT('Ctrl Pts',(0.107684857614196,2.87358183127555,-18.501));
#14112=CARTESIAN_POINT('Ctrl Pts',(0.20492959164024,2.92706643498987,-18.5));
#14113=CARTESIAN_POINT('Ctrl Pts',(0.20492959164024,2.92706643498987,-18.501));
#14114=CARTESIAN_POINT('Ctrl Pts',(0.418868006497539,2.95461910963058,-18.5));
#14115=CARTESIAN_POINT('Ctrl Pts',(0.418868006497539,2.95461910963058,-18.501));
#14116=CARTESIAN_POINT('Ctrl Pts',(0.632806421354838,2.95461910963058,-18.5));
#14117=CARTESIAN_POINT('Ctrl Pts',(0.632806421354838,2.95461910963058,-18.501));
#14118=CARTESIAN_POINT('',(0.107684857614196,2.87358183127555,-18.5));
#14119=CARTESIAN_POINT('Ctrl Pts',(0.632806421354838,2.95461910963058,-18.5));
#14120=CARTESIAN_POINT('Ctrl Pts',(0.418868006497539,2.95461910963058,-18.5));
#14121=CARTESIAN_POINT('Ctrl Pts',(0.20492959164024,2.92706643498987,-18.5));
#14122=CARTESIAN_POINT('Ctrl Pts',(0.107684857614196,2.87358183127555,-18.5));
#14123=CARTESIAN_POINT('',(0.107684857614196,2.87358183127555,-18.501));
#14124=CARTESIAN_POINT('Ctrl Pts',(0.107684857614196,2.87358183127555,-18.501));
#14125=CARTESIAN_POINT('Ctrl Pts',(0.20492959164024,2.92706643498987,-18.501));
#14126=CARTESIAN_POINT('Ctrl Pts',(0.418868006497539,2.95461910963058,-18.501));
#14127=CARTESIAN_POINT('Ctrl Pts',(0.632806421354838,2.95461910963058,-18.501));
#14128=CARTESIAN_POINT('',(0.107684857614196,2.87358183127555,-18.5));
#14129=CARTESIAN_POINT('Ctrl Pts',(-0.0997705749746999,2.50405184197658,
-18.5));
#14130=CARTESIAN_POINT('Ctrl Pts',(-0.0997705749746999,2.50405184197658,
-18.501));
#14131=CARTESIAN_POINT('Ctrl Pts',(-0.0997705749746999,2.63046999621043,
-18.5));
#14132=CARTESIAN_POINT('Ctrl Pts',(-0.0997705749746999,2.63046999621043,
-18.501));
#14133=CARTESIAN_POINT('Ctrl Pts',(-0.000905095381554533,2.81685573642702,
-18.5));
#14134=CARTESIAN_POINT('Ctrl Pts',(-0.000905095381554533,2.81685573642702,
-18.501));
#14135=CARTESIAN_POINT('Ctrl Pts',(0.107684857614196,2.87358183127555,-18.5));
#14136=CARTESIAN_POINT('Ctrl Pts',(0.107684857614196,2.87358183127555,-18.501));
#14137=CARTESIAN_POINT('',(-0.0997705749746999,2.50405184197658,-18.5));
#14138=CARTESIAN_POINT('Ctrl Pts',(0.107684857614196,2.87358183127555,-18.5));
#14139=CARTESIAN_POINT('Ctrl Pts',(-0.000905095381554533,2.81685573642702,
-18.5));
#14140=CARTESIAN_POINT('Ctrl Pts',(-0.0997705749746999,2.63046999621043,
-18.5));
#14141=CARTESIAN_POINT('Ctrl Pts',(-0.0997705749746999,2.50405184197658,
-18.5));
#14142=CARTESIAN_POINT('',(-0.0997705749746999,2.50405184197658,-18.501));
#14143=CARTESIAN_POINT('Ctrl Pts',(-0.0997705749746999,2.50405184197658,
-18.501));
#14144=CARTESIAN_POINT('Ctrl Pts',(-0.0997705749746999,2.63046999621043,
-18.501));
#14145=CARTESIAN_POINT('Ctrl Pts',(-0.000905095381554533,2.81685573642702,
-18.501));
#14146=CARTESIAN_POINT('Ctrl Pts',(0.107684857614196,2.87358183127555,-18.501));
#14147=CARTESIAN_POINT('',(-0.0997705749746999,2.50405184197658,-18.5));
#14148=CARTESIAN_POINT('Ctrl Pts',(0.180618408133729,2.07617501226198,-18.5));
#14149=CARTESIAN_POINT('Ctrl Pts',(0.180618408133729,2.07617501226198,-18.501));
#14150=CARTESIAN_POINT('Ctrl Pts',(0.0493380171985688,2.13938408937891,
-18.5));
#14151=CARTESIAN_POINT('Ctrl Pts',(0.0493380171985688,2.13938408937891,
-18.501));
#14152=CARTESIAN_POINT('Ctrl Pts',(-0.0997705749746999,2.36304697763881,
-18.5));
#14153=CARTESIAN_POINT('Ctrl Pts',(-0.0997705749746999,2.36304697763881,
-18.501));
#14154=CARTESIAN_POINT('Ctrl Pts',(-0.0997705749746999,2.50405184197658,
-18.5));
#14155=CARTESIAN_POINT('Ctrl Pts',(-0.0997705749746999,2.50405184197658,
-18.501));
#14156=CARTESIAN_POINT('',(0.180618408133729,2.07617501226198,-18.5));
#14157=CARTESIAN_POINT('Ctrl Pts',(-0.0997705749746999,2.50405184197658,
-18.5));
#14158=CARTESIAN_POINT('Ctrl Pts',(-0.0997705749746999,2.36304697763881,
-18.5));
#14159=CARTESIAN_POINT('Ctrl Pts',(0.0493380171985688,2.13938408937891,
-18.5));
#14160=CARTESIAN_POINT('Ctrl Pts',(0.180618408133729,2.07617501226198,-18.5));
#14161=CARTESIAN_POINT('',(0.180618408133729,2.07617501226198,-18.501));
#14162=CARTESIAN_POINT('Ctrl Pts',(0.180618408133729,2.07617501226198,-18.501));
#14163=CARTESIAN_POINT('Ctrl Pts',(0.0493380171985688,2.13938408937891,
-18.501));
#14164=CARTESIAN_POINT('Ctrl Pts',(-0.0997705749746999,2.36304697763881,
-18.501));
#14165=CARTESIAN_POINT('Ctrl Pts',(-0.0997705749746999,2.50405184197658,
-18.501));
#14166=CARTESIAN_POINT('',(0.180618408133729,2.07617501226198,-18.5));
#14167=CARTESIAN_POINT('Origin',(0.180618408133729,2.06645053885938,-18.5));
#14168=CARTESIAN_POINT('',(0.180618408133729,2.06645053885938,-18.5));
#14169=CARTESIAN_POINT('',(0.180618408133729,1.03322526942969,-18.5));
#14170=CARTESIAN_POINT('',(0.180618408133729,2.06645053885938,-18.501));
#14171=CARTESIAN_POINT('',(0.180618408133729,2.07617501226198,-18.501));
#14172=CARTESIAN_POINT('',(0.180618408133729,2.06645053885938,-18.5));
#14173=CARTESIAN_POINT('Ctrl Pts',(-0.193773817866543,1.56888164975945,
-18.5));
#14174=CARTESIAN_POINT('Ctrl Pts',(-0.193773817866543,1.56888164975945,
-18.501));
#14175=CARTESIAN_POINT('Ctrl Pts',(-0.193773817866543,1.76012962667733,
-18.5));
#14176=CARTESIAN_POINT('Ctrl Pts',(-0.193773817866543,1.76012962667733,
-18.501));
#14177=CARTESIAN_POINT('Ctrl Pts',(0.00233639575264705,2.01782817184635,
-18.5));
#14178=CARTESIAN_POINT('Ctrl Pts',(0.00233639575264705,2.01782817184635,
-18.501));
#14179=CARTESIAN_POINT('Ctrl Pts',(0.180618408133729,2.06645053885938,-18.5));
#14180=CARTESIAN_POINT('Ctrl Pts',(0.180618408133729,2.06645053885938,-18.501));
#14181=CARTESIAN_POINT('',(-0.193773817866543,1.56888164975945,-18.5));
#14182=CARTESIAN_POINT('Ctrl Pts',(0.180618408133729,2.06645053885938,-18.5));
#14183=CARTESIAN_POINT('Ctrl Pts',(0.00233639575264705,2.01782817184635,
-18.5));
#14184=CARTESIAN_POINT('Ctrl Pts',(-0.193773817866543,1.76012962667733,
-18.5));
#14185=CARTESIAN_POINT('Ctrl Pts',(-0.193773817866543,1.56888164975945,
-18.5));
#14186=CARTESIAN_POINT('',(-0.193773817866543,1.56888164975945,-18.501));
#14187=CARTESIAN_POINT('Ctrl Pts',(-0.193773817866543,1.56888164975945,
-18.501));
#14188=CARTESIAN_POINT('Ctrl Pts',(-0.193773817866543,1.76012962667733,
-18.501));
#14189=CARTESIAN_POINT('Ctrl Pts',(0.00233639575264705,2.01782817184635,
-18.501));
#14190=CARTESIAN_POINT('Ctrl Pts',(0.180618408133729,2.06645053885938,-18.501));
#14191=CARTESIAN_POINT('',(-0.193773817866543,1.56888164975945,-18.5));
#14192=CARTESIAN_POINT('Ctrl Pts',(0.0136816147223523,1.11669363653834,
-18.5));
#14193=CARTESIAN_POINT('Ctrl Pts',(0.0136816147223523,1.11669363653834,
-18.501));
#14194=CARTESIAN_POINT('Ctrl Pts',(-0.080321628169491,1.19124793262497,
-18.5));
#14195=CARTESIAN_POINT('Ctrl Pts',(-0.080321628169491,1.19124793262497,
-18.501));
#14196=CARTESIAN_POINT('Ctrl Pts',(-0.193773817866543,1.41977305758618,
-18.5));
#14197=CARTESIAN_POINT('Ctrl Pts',(-0.193773817866543,1.41977305758618,
-18.501));
#14198=CARTESIAN_POINT('Ctrl Pts',(-0.193773817866543,1.56888164975945,
-18.5));
#14199=CARTESIAN_POINT('Ctrl Pts',(-0.193773817866543,1.56888164975945,
-18.501));
#14200=CARTESIAN_POINT('Ctrl Pts',(-0.193773817866543,1.56888164975945,
-18.5));
#14201=CARTESIAN_POINT('Ctrl Pts',(-0.193773817866543,1.41977305758618,
-18.5));
#14202=CARTESIAN_POINT('Ctrl Pts',(-0.080321628169491,1.19124793262497,
-18.5));
#14203=CARTESIAN_POINT('Ctrl Pts',(0.0136816147223523,1.11669363653834,
-18.5));
#14204=CARTESIAN_POINT('Ctrl Pts',(0.0136816147223523,1.11669363653834,
-18.501));
#14205=CARTESIAN_POINT('Ctrl Pts',(-0.080321628169491,1.19124793262497,
-18.501));
#14206=CARTESIAN_POINT('Ctrl Pts',(-0.193773817866543,1.41977305758618,
-18.501));
#14207=CARTESIAN_POINT('Ctrl Pts',(-0.193773817866543,1.56888164975945,
-18.501));
#14208=CARTESIAN_POINT('Origin',(0.622649555771076,1.95583868199668,-18.501));
#14209=CARTESIAN_POINT('Ctrl Pts',(-1.85179653301061,0.965964298797968,
-18.5));
#14210=CARTESIAN_POINT('Ctrl Pts',(-1.85179653301061,0.965964298797968,
-18.501));
#14211=CARTESIAN_POINT('Ctrl Pts',(-1.92473008353014,0.94975684312696,-18.5));
#14212=CARTESIAN_POINT('Ctrl Pts',(-1.92473008353014,0.94975684312696,-18.501));
#14213=CARTESIAN_POINT('Ctrl Pts',(-2.14028924395454,0.927066405187549,
-18.5));
#14214=CARTESIAN_POINT('Ctrl Pts',(-2.14028924395454,0.927066405187549,
-18.501));
#14215=CARTESIAN_POINT('Ctrl Pts',(-2.20511906663857,0.927066405187549,
-18.5));
#14216=CARTESIAN_POINT('Ctrl Pts',(-2.20511906663857,0.927066405187549,
-18.501));
#14217=CARTESIAN_POINT('',(-2.20511906663857,0.927066405187549,-18.5));
#14218=CARTESIAN_POINT('',(-1.85179653301061,0.965964298797968,-18.5));
#14219=CARTESIAN_POINT('Ctrl Pts',(-2.20511906663857,0.927066405187549,
-18.5));
#14220=CARTESIAN_POINT('Ctrl Pts',(-2.14028924395454,0.927066405187549,
-18.5));
#14221=CARTESIAN_POINT('Ctrl Pts',(-1.92473008353014,0.94975684312696,-18.5));
#14222=CARTESIAN_POINT('Ctrl Pts',(-1.85179653301061,0.965964298797968,
-18.5));
#14223=CARTESIAN_POINT('',(-2.20511906663857,0.927066405187549,-18.501));
#14224=CARTESIAN_POINT('',(-2.20511906663857,0.927066405187549,-18.5));
#14225=CARTESIAN_POINT('',(-1.85179653301061,0.965964298797968,-18.501));
#14226=CARTESIAN_POINT('Ctrl Pts',(-1.85179653301061,0.965964298797968,
-18.501));
#14227=CARTESIAN_POINT('Ctrl Pts',(-1.92473008353014,0.94975684312696,-18.501));
#14228=CARTESIAN_POINT('Ctrl Pts',(-2.14028924395454,0.927066405187549,
-18.501));
#14229=CARTESIAN_POINT('Ctrl Pts',(-2.20511906663857,0.927066405187549,
-18.501));
#14230=CARTESIAN_POINT('',(-1.85179653301061,0.965964298797968,-18.5));
#14231=CARTESIAN_POINT('Origin',(-1.85179653301061,1.22204209839989,-18.5));
#14232=CARTESIAN_POINT('',(-1.85179653301061,1.22204209839989,-18.5));
#14233=CARTESIAN_POINT('',(-1.85179653301061,0.611021049199943,-18.5));
#14234=CARTESIAN_POINT('',(-1.85179653301061,1.22204209839989,-18.501));
#14235=CARTESIAN_POINT('',(-1.85179653301061,0.965964298797968,-18.501));
#14236=CARTESIAN_POINT('',(-1.85179653301061,1.22204209839989,-18.5));
#14237=CARTESIAN_POINT('Origin',(-1.86638324311452,1.22204209839989,-18.5));
#14238=CARTESIAN_POINT('',(-1.86638324311452,1.22204209839989,-18.5));
#14239=CARTESIAN_POINT('',(-0.933191621557258,1.22204209839989,-18.5));
#14240=CARTESIAN_POINT('',(-1.86638324311452,1.22204209839989,-18.501));
#14241=CARTESIAN_POINT('',(-1.85179653301061,1.22204209839989,-18.501));
#14242=CARTESIAN_POINT('',(-1.86638324311452,1.22204209839989,-18.5));
#14243=CARTESIAN_POINT('Ctrl Pts',(-2.16946266416235,1.15721227571586,-18.5));
#14244=CARTESIAN_POINT('Ctrl Pts',(-2.16946266416235,1.15721227571586,-18.501));
#14245=CARTESIAN_POINT('Ctrl Pts',(-2.08518389467312,1.15721227571586,-18.5));
#14246=CARTESIAN_POINT('Ctrl Pts',(-2.08518389467312,1.15721227571586,-18.501));
#14247=CARTESIAN_POINT('Ctrl Pts',(-1.92148859239594,1.20259315159468,-18.5));
#14248=CARTESIAN_POINT('Ctrl Pts',(-1.92148859239594,1.20259315159468,-18.501));
#14249=CARTESIAN_POINT('Ctrl Pts',(-1.86638324311452,1.22204209839989,-18.5));
#14250=CARTESIAN_POINT('Ctrl Pts',(-1.86638324311452,1.22204209839989,-18.501));
#14251=CARTESIAN_POINT('',(-2.16946266416235,1.15721227571586,-18.5));
#14252=CARTESIAN_POINT('Ctrl Pts',(-1.86638324311452,1.22204209839989,-18.5));
#14253=CARTESIAN_POINT('Ctrl Pts',(-1.92148859239594,1.20259315159468,-18.5));
#14254=CARTESIAN_POINT('Ctrl Pts',(-2.08518389467312,1.15721227571586,-18.5));
#14255=CARTESIAN_POINT('Ctrl Pts',(-2.16946266416235,1.15721227571586,-18.5));
#14256=CARTESIAN_POINT('',(-2.16946266416235,1.15721227571586,-18.501));
#14257=CARTESIAN_POINT('Ctrl Pts',(-2.16946266416235,1.15721227571586,-18.501));
#14258=CARTESIAN_POINT('Ctrl Pts',(-2.08518389467312,1.15721227571586,-18.501));
#14259=CARTESIAN_POINT('Ctrl Pts',(-1.92148859239594,1.20259315159468,-18.501));
#14260=CARTESIAN_POINT('Ctrl Pts',(-1.86638324311452,1.22204209839989,-18.501));
#14261=CARTESIAN_POINT('',(-2.16946266416235,1.15721227571586,-18.5));
#14262=CARTESIAN_POINT('Ctrl Pts',(-2.4741628307773,1.26580222871161,-18.5));
#14263=CARTESIAN_POINT('Ctrl Pts',(-2.4741628307773,1.26580222871161,-18.501));
#14264=CARTESIAN_POINT('Ctrl Pts',(-2.44012717386818,1.21393837056438,-18.5));
#14265=CARTESIAN_POINT('Ctrl Pts',(-2.44012717386818,1.21393837056438,-18.501));
#14266=CARTESIAN_POINT('Ctrl Pts',(-2.29263932726201,1.15721227571586,-18.5));
#14267=CARTESIAN_POINT('Ctrl Pts',(-2.29263932726201,1.15721227571586,-18.501));
#14268=CARTESIAN_POINT('Ctrl Pts',(-2.16946266416235,1.15721227571586,-18.5));
#14269=CARTESIAN_POINT('Ctrl Pts',(-2.16946266416235,1.15721227571586,-18.501));
#14270=CARTESIAN_POINT('',(-2.4741628307773,1.26580222871161,-18.5));
#14271=CARTESIAN_POINT('Ctrl Pts',(-2.16946266416235,1.15721227571586,-18.5));
#14272=CARTESIAN_POINT('Ctrl Pts',(-2.29263932726201,1.15721227571586,-18.5));
#14273=CARTESIAN_POINT('Ctrl Pts',(-2.44012717386818,1.21393837056438,-18.5));
#14274=CARTESIAN_POINT('Ctrl Pts',(-2.4741628307773,1.26580222871161,-18.5));
#14275=CARTESIAN_POINT('',(-2.4741628307773,1.26580222871161,-18.501));
#14276=CARTESIAN_POINT('Ctrl Pts',(-2.4741628307773,1.26580222871161,-18.501));
#14277=CARTESIAN_POINT('Ctrl Pts',(-2.44012717386818,1.21393837056438,-18.501));
#14278=CARTESIAN_POINT('Ctrl Pts',(-2.29263932726201,1.15721227571586,-18.501));
#14279=CARTESIAN_POINT('Ctrl Pts',(-2.16946266416235,1.15721227571586,-18.501));
#14280=CARTESIAN_POINT('',(-2.4741628307773,1.26580222871161,-18.5));
#14281=CARTESIAN_POINT('Ctrl Pts',(-2.53088892562582,1.57698537759495,-18.5));
#14282=CARTESIAN_POINT('Ctrl Pts',(-2.53088892562582,1.57698537759495,-18.501));
#14283=CARTESIAN_POINT('Ctrl Pts',(-2.53088892562582,1.4748784068676,-18.5));
#14284=CARTESIAN_POINT('Ctrl Pts',(-2.53088892562582,1.4748784068676,-18.501));
#14285=CARTESIAN_POINT('Ctrl Pts',(-2.51143997882061,1.31928683242593,-18.5));
#14286=CARTESIAN_POINT('Ctrl Pts',(-2.51143997882061,1.31928683242593,-18.501));
#14287=CARTESIAN_POINT('Ctrl Pts',(-2.4741628307773,1.26580222871161,-18.5));
#14288=CARTESIAN_POINT('Ctrl Pts',(-2.4741628307773,1.26580222871161,-18.501));
#14289=CARTESIAN_POINT('',(-2.53088892562582,1.57698537759495,-18.5));
#14290=CARTESIAN_POINT('Ctrl Pts',(-2.4741628307773,1.26580222871161,-18.5));
#14291=CARTESIAN_POINT('Ctrl Pts',(-2.51143997882061,1.31928683242593,-18.5));
#14292=CARTESIAN_POINT('Ctrl Pts',(-2.53088892562582,1.4748784068676,-18.5));
#14293=CARTESIAN_POINT('Ctrl Pts',(-2.53088892562582,1.57698537759495,-18.5));
#14294=CARTESIAN_POINT('',(-2.53088892562582,1.57698537759495,-18.501));
#14295=CARTESIAN_POINT('Ctrl Pts',(-2.53088892562582,1.57698537759495,-18.501));
#14296=CARTESIAN_POINT('Ctrl Pts',(-2.53088892562582,1.4748784068676,-18.501));
#14297=CARTESIAN_POINT('Ctrl Pts',(-2.51143997882061,1.31928683242593,-18.501));
#14298=CARTESIAN_POINT('Ctrl Pts',(-2.4741628307773,1.26580222871161,-18.501));
#14299=CARTESIAN_POINT('',(-2.53088892562582,1.57698537759495,-18.5));
#14300=CARTESIAN_POINT('Origin',(-2.53088892562582,2.74230144034039,-18.5));
#14301=CARTESIAN_POINT('',(-2.53088892562582,2.74230144034039,-18.5));
#14302=CARTESIAN_POINT('',(-2.53088892562582,1.37115072017019,-18.5));
#14303=CARTESIAN_POINT('',(-2.53088892562582,2.74230144034039,-18.501));
#14304=CARTESIAN_POINT('',(-2.53088892562582,1.57698537759495,-18.501));
#14305=CARTESIAN_POINT('',(-2.53088892562582,2.74230144034039,-18.5));
#14306=CARTESIAN_POINT('Origin',(-2.10787433261253,2.74230144034039,-18.5));
#14307=CARTESIAN_POINT('',(-2.10787433261253,2.74230144034039,-18.5));
#14308=CARTESIAN_POINT('',(-1.05393716630626,2.74230144034039,-18.5));
#14309=CARTESIAN_POINT('',(-2.10787433261253,2.74230144034039,-18.501));
#14310=CARTESIAN_POINT('',(-2.53088892562582,2.74230144034039,-18.501));
#14311=CARTESIAN_POINT('',(-2.10787433261253,2.74230144034039,-18.5));
#14312=CARTESIAN_POINT('Origin',(-2.10787433261253,2.95461910963058,-18.5));
#14313=CARTESIAN_POINT('',(-2.10787433261253,2.95461910963058,-18.5));
#14314=CARTESIAN_POINT('',(-2.10787433261253,1.47730955481529,-18.5));
#14315=CARTESIAN_POINT('',(-2.10787433261253,2.95461910963058,-18.501));
#14316=CARTESIAN_POINT('',(-2.10787433261253,2.74230144034039,-18.501));
#14317=CARTESIAN_POINT('',(-2.10787433261253,2.95461910963058,-18.5));
#14318=CARTESIAN_POINT('Origin',(-2.79669119863034,2.95461910963058,-18.5));
#14319=CARTESIAN_POINT('',(-2.79669119863034,2.95461910963058,-18.5));
#14320=CARTESIAN_POINT('',(-1.39834559931517,2.95461910963058,-18.5));
#14321=CARTESIAN_POINT('',(-2.79669119863034,2.95461910963058,-18.501));
#14322=CARTESIAN_POINT('',(-2.10787433261253,2.95461910963058,-18.501));
#14323=CARTESIAN_POINT('',(-2.79669119863034,2.95461910963058,-18.5));
#14324=CARTESIAN_POINT('Origin',(-2.79669119863034,1.4748784068676,-18.5));
#14325=CARTESIAN_POINT('',(-2.79669119863034,1.4748784068676,-18.5));
#14326=CARTESIAN_POINT('',(-2.79669119863034,0.737439203433801,-18.5));
#14327=CARTESIAN_POINT('',(-2.79669119863034,1.4748784068676,-18.501));
#14328=CARTESIAN_POINT('',(-2.79669119863034,2.95461910963058,-18.501));
#14329=CARTESIAN_POINT('',(-2.79669119863034,1.4748784068676,-18.5));
#14330=CARTESIAN_POINT('Ctrl Pts',(-2.20511906663857,0.927066405187549,
-18.5));
#14331=CARTESIAN_POINT('Ctrl Pts',(-2.20511906663857,0.927066405187549,
-18.501));
#14332=CARTESIAN_POINT('Ctrl Pts',(-2.4757835763444,0.927066405187549,-18.5));
#14333=CARTESIAN_POINT('Ctrl Pts',(-2.4757835763444,0.927066405187549,-18.501));
#14334=CARTESIAN_POINT('Ctrl Pts',(-2.79669119863034,1.21231762499728,-18.5));
#14335=CARTESIAN_POINT('Ctrl Pts',(-2.79669119863034,1.21231762499728,-18.501));
#14336=CARTESIAN_POINT('Ctrl Pts',(-2.79669119863034,1.4748784068676,-18.5));
#14337=CARTESIAN_POINT('Ctrl Pts',(-2.79669119863034,1.4748784068676,-18.501));
#14338=CARTESIAN_POINT('Ctrl Pts',(-2.79669119863034,1.4748784068676,-18.5));
#14339=CARTESIAN_POINT('Ctrl Pts',(-2.79669119863034,1.21231762499728,-18.5));
#14340=CARTESIAN_POINT('Ctrl Pts',(-2.4757835763444,0.927066405187549,-18.5));
#14341=CARTESIAN_POINT('Ctrl Pts',(-2.20511906663857,0.927066405187549,
-18.5));
#14342=CARTESIAN_POINT('Ctrl Pts',(-2.20511906663857,0.927066405187549,
-18.501));
#14343=CARTESIAN_POINT('Ctrl Pts',(-2.4757835763444,0.927066405187549,-18.501));
#14344=CARTESIAN_POINT('Ctrl Pts',(-2.79669119863034,1.21231762499728,-18.501));
#14345=CARTESIAN_POINT('Ctrl Pts',(-2.79669119863034,1.4748784068676,-18.501));
#14346=CARTESIAN_POINT('Origin',(-2.48113403021866,1.99747239915337,-18.501));
#14347=CARTESIAN_POINT('Ctrl Pts',(4.90371383292819,-3.77233486879905,-18.5));
#14348=CARTESIAN_POINT('Ctrl Pts',(4.90371383292819,-3.77233486879905,-18.501));
#14349=CARTESIAN_POINT('Ctrl Pts',(4.74812225848652,-3.77233486879905,-18.5));
#14350=CARTESIAN_POINT('Ctrl Pts',(4.74812225848652,-3.77233486879905,-18.501));
#14351=CARTESIAN_POINT('Ctrl Pts',(4.49690669558591,-3.6669864069375,-18.5));
#14352=CARTESIAN_POINT('Ctrl Pts',(4.49690669558591,-3.6669864069375,-18.501));
#14353=CARTESIAN_POINT('Ctrl Pts',(4.41262792609667,-3.57622465517986,-18.5));
#14354=CARTESIAN_POINT('Ctrl Pts',(4.41262792609667,-3.57622465517986,-18.501));
#14355=CARTESIAN_POINT('',(4.41262792609667,-3.57622465517986,-18.5));
#14356=CARTESIAN_POINT('',(4.90371383292819,-3.77233486879905,-18.5));
#14357=CARTESIAN_POINT('Ctrl Pts',(4.41262792609667,-3.57622465517986,-18.5));
#14358=CARTESIAN_POINT('Ctrl Pts',(4.49690669558591,-3.6669864069375,-18.5));
#14359=CARTESIAN_POINT('Ctrl Pts',(4.74812225848652,-3.77233486879905,-18.5));
#14360=CARTESIAN_POINT('Ctrl Pts',(4.90371383292819,-3.77233486879905,-18.5));
#14361=CARTESIAN_POINT('',(4.41262792609667,-3.57622465517986,-18.501));
#14362=CARTESIAN_POINT('',(4.41262792609667,-3.57622465517986,-18.5));
#14363=CARTESIAN_POINT('',(4.90371383292819,-3.77233486879905,-18.501));
#14364=CARTESIAN_POINT('Ctrl Pts',(4.90371383292819,-3.77233486879905,-18.501));
#14365=CARTESIAN_POINT('Ctrl Pts',(4.74812225848652,-3.77233486879905,-18.501));
#14366=CARTESIAN_POINT('Ctrl Pts',(4.49690669558591,-3.6669864069375,-18.501));
#14367=CARTESIAN_POINT('Ctrl Pts',(4.41262792609667,-3.57622465517986,-18.501));
#14368=CARTESIAN_POINT('',(4.90371383292819,-3.77233486879905,-18.5));
#14369=CARTESIAN_POINT('Ctrl Pts',(5.42721465110174,-3.658882679102,-18.5));
#14370=CARTESIAN_POINT('Ctrl Pts',(5.42721465110174,-3.658882679102,-18.501));
#14371=CARTESIAN_POINT('Ctrl Pts',(5.32510768037439,-3.70912579168212,-18.5));
#14372=CARTESIAN_POINT('Ctrl Pts',(5.32510768037439,-3.70912579168212,-18.501));
#14373=CARTESIAN_POINT('Ctrl Pts',(5.04633944283306,-3.77233486879905,-18.5));
#14374=CARTESIAN_POINT('Ctrl Pts',(5.04633944283306,-3.77233486879905,-18.501));
#14375=CARTESIAN_POINT('Ctrl Pts',(4.90371383292819,-3.77233486879905,-18.5));
#14376=CARTESIAN_POINT('Ctrl Pts',(4.90371383292819,-3.77233486879905,-18.501));
#14377=CARTESIAN_POINT('',(5.42721465110174,-3.658882679102,-18.5));
#14378=CARTESIAN_POINT('Ctrl Pts',(4.90371383292819,-3.77233486879905,-18.5));
#14379=CARTESIAN_POINT('Ctrl Pts',(5.04633944283306,-3.77233486879905,-18.5));
#14380=CARTESIAN_POINT('Ctrl Pts',(5.32510768037439,-3.70912579168212,-18.5));
#14381=CARTESIAN_POINT('Ctrl Pts',(5.42721465110174,-3.658882679102,-18.5));
#14382=CARTESIAN_POINT('',(5.42721465110174,-3.658882679102,-18.501));
#14383=CARTESIAN_POINT('Ctrl Pts',(5.42721465110174,-3.658882679102,-18.501));
#14384=CARTESIAN_POINT('Ctrl Pts',(5.32510768037439,-3.70912579168212,-18.501));
#14385=CARTESIAN_POINT('Ctrl Pts',(5.04633944283306,-3.77233486879905,-18.501));
#14386=CARTESIAN_POINT('Ctrl Pts',(4.90371383292819,-3.77233486879905,-18.501));
#14387=CARTESIAN_POINT('',(5.42721465110174,-3.658882679102,-18.5));
#14388=CARTESIAN_POINT('Origin',(5.42721465110174,-3.37525220485937,-18.5));
#14389=CARTESIAN_POINT('',(5.42721465110174,-3.37525220485937,-18.5));
#14390=CARTESIAN_POINT('',(5.42721465110174,-1.68762610242969,-18.5));
#14391=CARTESIAN_POINT('',(5.42721465110174,-3.37525220485937,-18.501));
#14392=CARTESIAN_POINT('',(5.42721465110174,-3.658882679102,-18.501));
#14393=CARTESIAN_POINT('',(5.42721465110174,-3.37525220485937,-18.5));
#14394=CARTESIAN_POINT('Origin',(5.40776570429653,-3.37525220485937,-18.5));
#14395=CARTESIAN_POINT('',(5.40776570429653,-3.37525220485937,-18.5));
#14396=CARTESIAN_POINT('',(2.70388285214826,-3.37525220485937,-18.5));
#14397=CARTESIAN_POINT('',(5.40776570429653,-3.37525220485937,-18.501));
#14398=CARTESIAN_POINT('',(5.42721465110174,-3.37525220485937,-18.501));
#14399=CARTESIAN_POINT('',(5.40776570429653,-3.37525220485937,-18.5));
#14400=CARTESIAN_POINT('Ctrl Pts',(5.19220654387213,-3.48222141228802,-18.5));
#14401=CARTESIAN_POINT('Ctrl Pts',(5.19220654387213,-3.48222141228802,-18.501));
#14402=CARTESIAN_POINT('Ctrl Pts',(5.26189860325746,-3.45628948321441,-18.5));
#14403=CARTESIAN_POINT('Ctrl Pts',(5.26189860325746,-3.45628948321441,-18.501));
#14404=CARTESIAN_POINT('Ctrl Pts',(5.37697153852161,-3.39794264279878,-18.5));
#14405=CARTESIAN_POINT('Ctrl Pts',(5.37697153852161,-3.39794264279878,-18.501));
#14406=CARTESIAN_POINT('Ctrl Pts',(5.40776570429653,-3.37525220485937,-18.5));
#14407=CARTESIAN_POINT('Ctrl Pts',(5.40776570429653,-3.37525220485937,-18.501));
#14408=CARTESIAN_POINT('',(5.19220654387213,-3.48222141228802,-18.5));
#14409=CARTESIAN_POINT('Ctrl Pts',(5.40776570429653,-3.37525220485937,-18.5));
#14410=CARTESIAN_POINT('Ctrl Pts',(5.37697153852161,-3.39794264279878,-18.5));
#14411=CARTESIAN_POINT('Ctrl Pts',(5.26189860325746,-3.45628948321441,-18.5));
#14412=CARTESIAN_POINT('Ctrl Pts',(5.19220654387213,-3.48222141228802,-18.5));
#14413=CARTESIAN_POINT('',(5.19220654387213,-3.48222141228802,-18.501));
#14414=CARTESIAN_POINT('Ctrl Pts',(5.19220654387213,-3.48222141228802,-18.501));
#14415=CARTESIAN_POINT('Ctrl Pts',(5.26189860325746,-3.45628948321441,-18.501));
#14416=CARTESIAN_POINT('Ctrl Pts',(5.37697153852161,-3.39794264279878,-18.501));
#14417=CARTESIAN_POINT('Ctrl Pts',(5.40776570429653,-3.37525220485937,-18.501));
#14418=CARTESIAN_POINT('',(5.19220654387213,-3.48222141228802,-18.5));
#14419=CARTESIAN_POINT('Ctrl Pts',(4.89885159622689,-3.54056825270365,-18.5));
#14420=CARTESIAN_POINT('Ctrl Pts',(4.89885159622689,-3.54056825270365,-18.501));
#14421=CARTESIAN_POINT('Ctrl Pts',(4.98150962014903,-3.54056825270365,-18.5));
#14422=CARTESIAN_POINT('Ctrl Pts',(4.98150962014903,-3.54056825270365,-18.501));
#14423=CARTESIAN_POINT('Ctrl Pts',(5.11279001108419,-3.50977408692873,-18.5));
#14424=CARTESIAN_POINT('Ctrl Pts',(5.11279001108419,-3.50977408692873,-18.501));
#14425=CARTESIAN_POINT('Ctrl Pts',(5.19220654387213,-3.48222141228802,-18.5));
#14426=CARTESIAN_POINT('Ctrl Pts',(5.19220654387213,-3.48222141228802,-18.501));
#14427=CARTESIAN_POINT('',(4.89885159622689,-3.54056825270365,-18.5));
#14428=CARTESIAN_POINT('Ctrl Pts',(5.19220654387213,-3.48222141228802,-18.5));
#14429=CARTESIAN_POINT('Ctrl Pts',(5.11279001108419,-3.50977408692873,-18.5));
#14430=CARTESIAN_POINT('Ctrl Pts',(4.98150962014903,-3.54056825270365,-18.5));
#14431=CARTESIAN_POINT('Ctrl Pts',(4.89885159622689,-3.54056825270365,-18.5));
#14432=CARTESIAN_POINT('',(4.89885159622689,-3.54056825270365,-18.501));
#14433=CARTESIAN_POINT('Ctrl Pts',(4.89885159622689,-3.54056825270365,-18.501));
#14434=CARTESIAN_POINT('Ctrl Pts',(4.98150962014903,-3.54056825270365,-18.501));
#14435=CARTESIAN_POINT('Ctrl Pts',(5.11279001108419,-3.50977408692873,-18.501));
#14436=CARTESIAN_POINT('Ctrl Pts',(5.19220654387213,-3.48222141228802,-18.501));
#14437=CARTESIAN_POINT('',(4.89885159622689,-3.54056825270365,-18.5));
#14438=CARTESIAN_POINT('Ctrl Pts',(4.61035888528296,-3.41901233517109,-18.5));
#14439=CARTESIAN_POINT('Ctrl Pts',(4.61035888528296,-3.41901233517109,-18.501));
#14440=CARTESIAN_POINT('Ctrl Pts',(4.66546423456439,-3.48222141228802,-18.5));
#14441=CARTESIAN_POINT('Ctrl Pts',(4.66546423456439,-3.48222141228802,-18.501));
#14442=CARTESIAN_POINT('Ctrl Pts',(4.81781431787186,-3.54056825270365,-18.5));
#14443=CARTESIAN_POINT('Ctrl Pts',(4.81781431787186,-3.54056825270365,-18.501));
#14444=CARTESIAN_POINT('Ctrl Pts',(4.89885159622689,-3.54056825270365,-18.5));
#14445=CARTESIAN_POINT('Ctrl Pts',(4.89885159622689,-3.54056825270365,-18.501));
#14446=CARTESIAN_POINT('',(4.61035888528296,-3.41901233517109,-18.5));
#14447=CARTESIAN_POINT('Ctrl Pts',(4.89885159622689,-3.54056825270365,-18.5));
#14448=CARTESIAN_POINT('Ctrl Pts',(4.81781431787186,-3.54056825270365,-18.5));
#14449=CARTESIAN_POINT('Ctrl Pts',(4.66546423456439,-3.48222141228802,-18.5));
#14450=CARTESIAN_POINT('Ctrl Pts',(4.61035888528296,-3.41901233517109,-18.5));
#14451=CARTESIAN_POINT('',(4.61035888528296,-3.41901233517109,-18.501));
#14452=CARTESIAN_POINT('Ctrl Pts',(4.61035888528296,-3.41901233517109,-18.501));
#14453=CARTESIAN_POINT('Ctrl Pts',(4.66546423456439,-3.48222141228802,-18.501));
#14454=CARTESIAN_POINT('Ctrl Pts',(4.81781431787186,-3.54056825270365,-18.501));
#14455=CARTESIAN_POINT('Ctrl Pts',(4.89885159622689,-3.54056825270365,-18.501));
#14456=CARTESIAN_POINT('',(4.61035888528296,-3.41901233517109,-18.5));
#14457=CARTESIAN_POINT('Ctrl Pts',(4.50825191455561,-3.09324247618384,-18.5));
#14458=CARTESIAN_POINT('Ctrl Pts',(4.50825191455561,-3.09324247618384,-18.501));
#14459=CARTESIAN_POINT('Ctrl Pts',(4.50825191455561,-3.20021168361249,-18.5));
#14460=CARTESIAN_POINT('Ctrl Pts',(4.50825191455561,-3.20021168361249,-18.501));
#14461=CARTESIAN_POINT('Ctrl Pts',(4.56011577270284,-3.35904474918836,-18.5));
#14462=CARTESIAN_POINT('Ctrl Pts',(4.56011577270284,-3.35904474918836,-18.501));
#14463=CARTESIAN_POINT('Ctrl Pts',(4.61035888528296,-3.41901233517109,-18.5));
#14464=CARTESIAN_POINT('Ctrl Pts',(4.61035888528296,-3.41901233517109,-18.501));
#14465=CARTESIAN_POINT('',(4.50825191455561,-3.09324247618384,-18.5));
#14466=CARTESIAN_POINT('Ctrl Pts',(4.61035888528296,-3.41901233517109,-18.5));
#14467=CARTESIAN_POINT('Ctrl Pts',(4.56011577270284,-3.35904474918836,-18.5));
#14468=CARTESIAN_POINT('Ctrl Pts',(4.50825191455561,-3.20021168361249,-18.5));
#14469=CARTESIAN_POINT('Ctrl Pts',(4.50825191455561,-3.09324247618384,-18.5));
#14470=CARTESIAN_POINT('',(4.50825191455561,-3.09324247618384,-18.501));
#14471=CARTESIAN_POINT('Ctrl Pts',(4.50825191455561,-3.09324247618384,-18.501));
#14472=CARTESIAN_POINT('Ctrl Pts',(4.50825191455561,-3.20021168361249,-18.501));
#14473=CARTESIAN_POINT('Ctrl Pts',(4.56011577270284,-3.35904474918836,-18.501));
#14474=CARTESIAN_POINT('Ctrl Pts',(4.61035888528296,-3.41901233517109,-18.501));
#14475=CARTESIAN_POINT('',(4.50825191455561,-3.09324247618384,-18.5));
#14476=CARTESIAN_POINT('Ctrl Pts',(4.62170410425267,-2.80474976523991,-18.5));
#14477=CARTESIAN_POINT('Ctrl Pts',(4.62170410425267,-2.80474976523991,-18.501));
#14478=CARTESIAN_POINT('Ctrl Pts',(4.56659875497124,-2.85013064111873,-18.5));
#14479=CARTESIAN_POINT('Ctrl Pts',(4.56659875497124,-2.85013064111873,-18.501));
#14480=CARTESIAN_POINT('Ctrl Pts',(4.50825191455561,-2.98627326875519,-18.5));
#14481=CARTESIAN_POINT('Ctrl Pts',(4.50825191455561,-2.98627326875519,-18.501));
#14482=CARTESIAN_POINT('Ctrl Pts',(4.50825191455561,-3.09324247618384,-18.5));
#14483=CARTESIAN_POINT('Ctrl Pts',(4.50825191455561,-3.09324247618384,-18.501));
#14484=CARTESIAN_POINT('',(4.62170410425266,-2.80474976523991,-18.5));
#14485=CARTESIAN_POINT('Ctrl Pts',(4.50825191455561,-3.09324247618384,-18.5));
#14486=CARTESIAN_POINT('Ctrl Pts',(4.50825191455561,-2.98627326875519,-18.5));
#14487=CARTESIAN_POINT('Ctrl Pts',(4.56659875497124,-2.85013064111873,-18.5));
#14488=CARTESIAN_POINT('Ctrl Pts',(4.62170410425267,-2.80474976523991,-18.5));
#14489=CARTESIAN_POINT('',(4.62170410425266,-2.80474976523991,-18.501));
#14490=CARTESIAN_POINT('Ctrl Pts',(4.62170410425267,-2.80474976523991,-18.501));
#14491=CARTESIAN_POINT('Ctrl Pts',(4.56659875497124,-2.85013064111873,-18.501));
#14492=CARTESIAN_POINT('Ctrl Pts',(4.50825191455561,-2.98627326875519,-18.501));
#14493=CARTESIAN_POINT('Ctrl Pts',(4.50825191455561,-3.09324247618384,-18.501));
#14494=CARTESIAN_POINT('',(4.62170410425266,-2.80474976523991,-18.5));
#14495=CARTESIAN_POINT('Ctrl Pts',(4.94909470880702,-2.71236726791516,-18.5));
#14496=CARTESIAN_POINT('Ctrl Pts',(4.94909470880702,-2.71236726791516,-18.501));
#14497=CARTESIAN_POINT('Ctrl Pts',(4.84698773807967,-2.71236726791516,-18.5));
#14498=CARTESIAN_POINT('Ctrl Pts',(4.84698773807967,-2.71236726791516,-18.501));
#14499=CARTESIAN_POINT('Ctrl Pts',(4.67843019910119,-2.75450665265978,-18.5));
#14500=CARTESIAN_POINT('Ctrl Pts',(4.67843019910119,-2.75450665265978,-18.501));
#14501=CARTESIAN_POINT('Ctrl Pts',(4.62170410425267,-2.80474976523991,-18.5));
#14502=CARTESIAN_POINT('Ctrl Pts',(4.62170410425267,-2.80474976523991,-18.501));
#14503=CARTESIAN_POINT('',(4.94909470880702,-2.71236726791516,-18.5));
#14504=CARTESIAN_POINT('Ctrl Pts',(4.62170410425267,-2.80474976523991,-18.5));
#14505=CARTESIAN_POINT('Ctrl Pts',(4.67843019910119,-2.75450665265978,-18.5));
#14506=CARTESIAN_POINT('Ctrl Pts',(4.84698773807967,-2.71236726791516,-18.5));
#14507=CARTESIAN_POINT('Ctrl Pts',(4.94909470880702,-2.71236726791516,-18.5));
#14508=CARTESIAN_POINT('',(4.94909470880702,-2.71236726791516,-18.501));
#14509=CARTESIAN_POINT('Ctrl Pts',(4.94909470880702,-2.71236726791516,-18.501));
#14510=CARTESIAN_POINT('Ctrl Pts',(4.84698773807967,-2.71236726791516,-18.501));
#14511=CARTESIAN_POINT('Ctrl Pts',(4.67843019910119,-2.75450665265978,-18.501));
#14512=CARTESIAN_POINT('Ctrl Pts',(4.62170410425267,-2.80474976523991,-18.501));
#14513=CARTESIAN_POINT('',(4.94909470880702,-2.71236726791516,-18.5));
#14514=CARTESIAN_POINT('Ctrl Pts',(5.3445566271796,-2.76098963492819,-18.5));
#14515=CARTESIAN_POINT('Ctrl Pts',(5.3445566271796,-2.76098963492819,-18.501));
#14516=CARTESIAN_POINT('Ctrl Pts',(5.27810605892847,-2.74640292482428,-18.5));
#14517=CARTESIAN_POINT('Ctrl Pts',(5.27810605892847,-2.74640292482428,-18.501));
#14518=CARTESIAN_POINT('Ctrl Pts',(5.05930540736987,-2.71236726791516,-18.5));
#14519=CARTESIAN_POINT('Ctrl Pts',(5.05930540736987,-2.71236726791516,-18.501));
#14520=CARTESIAN_POINT('Ctrl Pts',(4.94909470880702,-2.71236726791516,-18.5));
#14521=CARTESIAN_POINT('Ctrl Pts',(4.94909470880702,-2.71236726791516,-18.501));
#14522=CARTESIAN_POINT('',(5.3445566271796,-2.76098963492819,-18.5));
#14523=CARTESIAN_POINT('Ctrl Pts',(4.94909470880702,-2.71236726791516,-18.5));
#14524=CARTESIAN_POINT('Ctrl Pts',(5.05930540736987,-2.71236726791516,-18.5));
#14525=CARTESIAN_POINT('Ctrl Pts',(5.27810605892847,-2.74640292482428,-18.5));
#14526=CARTESIAN_POINT('Ctrl Pts',(5.3445566271796,-2.76098963492819,-18.5));
#14527=CARTESIAN_POINT('',(5.3445566271796,-2.76098963492819,-18.501));
#14528=CARTESIAN_POINT('Ctrl Pts',(5.3445566271796,-2.76098963492819,-18.501));
#14529=CARTESIAN_POINT('Ctrl Pts',(5.27810605892847,-2.74640292482428,-18.501));
#14530=CARTESIAN_POINT('Ctrl Pts',(5.05930540736987,-2.71236726791516,-18.501));
#14531=CARTESIAN_POINT('Ctrl Pts',(4.94909470880702,-2.71236726791516,-18.501));
#14532=CARTESIAN_POINT('',(5.3445566271796,-2.76098963492819,-18.5));
#14533=CARTESIAN_POINT('Origin',(5.3445566271796,-1.73019545425211,-18.5));
#14534=CARTESIAN_POINT('',(5.3445566271796,-1.73019545425211,-18.5));
#14535=CARTESIAN_POINT('',(5.3445566271796,-0.865097727126056,-18.5));
#14536=CARTESIAN_POINT('',(5.3445566271796,-1.73019545425211,-18.501));
#14537=CARTESIAN_POINT('',(5.3445566271796,-2.76098963492819,-18.501));
#14538=CARTESIAN_POINT('',(5.3445566271796,-1.73019545425211,-18.5));
#14539=CARTESIAN_POINT('Origin',(4.24731187825239,-1.73019545425211,-18.5));
#14540=CARTESIAN_POINT('',(4.24731187825239,-1.73019545425211,-18.5));
#14541=CARTESIAN_POINT('',(2.1236559391262,-1.73019545425211,-18.5));
#14542=CARTESIAN_POINT('',(4.24731187825239,-1.73019545425211,-18.501));
#14543=CARTESIAN_POINT('',(5.3445566271796,-1.73019545425211,-18.501));
#14544=CARTESIAN_POINT('',(4.24731187825239,-1.73019545425211,-18.5));
#14545=CARTESIAN_POINT('Origin',(4.24731187825239,-1.96520356148172,-18.5));
#14546=CARTESIAN_POINT('',(4.24731187825239,-1.96520356148172,-18.5));
#14547=CARTESIAN_POINT('',(4.24731187825239,-0.98260178074086,-18.5));
#14548=CARTESIAN_POINT('',(4.24731187825239,-1.96520356148172,-18.501));
#14549=CARTESIAN_POINT('',(4.24731187825239,-1.73019545425211,-18.501));
#14550=CARTESIAN_POINT('',(4.24731187825239,-1.96520356148172,-18.5));
#14551=CARTESIAN_POINT('Origin',(5.08685808201058,-1.96520356148172,-18.5));
#14552=CARTESIAN_POINT('',(5.08685808201058,-1.96520356148172,-18.5));
#14553=CARTESIAN_POINT('',(2.54342904100529,-1.96520356148172,-18.5));
#14554=CARTESIAN_POINT('',(5.08685808201058,-1.96520356148172,-18.501));
#14555=CARTESIAN_POINT('',(4.24731187825239,-1.96520356148172,-18.501));
#14556=CARTESIAN_POINT('',(5.08685808201058,-1.96520356148172,-18.5));
#14557=CARTESIAN_POINT('Origin',(5.08685808201058,-2.49842885305787,-18.5));
#14558=CARTESIAN_POINT('',(5.08685808201058,-2.49842885305787,-18.5));
#14559=CARTESIAN_POINT('',(5.08685808201058,-1.24921442652893,-18.5));
#14560=CARTESIAN_POINT('',(5.08685808201058,-2.49842885305787,-18.501));
#14561=CARTESIAN_POINT('',(5.08685808201058,-1.96520356148172,-18.501));
#14562=CARTESIAN_POINT('',(5.08685808201058,-2.49842885305787,-18.5));
#14563=CARTESIAN_POINT('Ctrl Pts',(4.9053345784953,-2.48708363408816,-18.5));
#14564=CARTESIAN_POINT('Ctrl Pts',(4.9053345784953,-2.48708363408816,-18.501));
#14565=CARTESIAN_POINT('Ctrl Pts',(4.94423247210571,-2.48708363408816,-18.5));
#14566=CARTESIAN_POINT('Ctrl Pts',(4.94423247210571,-2.48708363408816,-18.501));
#14567=CARTESIAN_POINT('Ctrl Pts',(5.03823571499756,-2.49194587078946,-18.5));
#14568=CARTESIAN_POINT('Ctrl Pts',(5.03823571499756,-2.49194587078946,-18.501));
#14569=CARTESIAN_POINT('Ctrl Pts',(5.08685808201058,-2.49842885305787,-18.5));
#14570=CARTESIAN_POINT('Ctrl Pts',(5.08685808201058,-2.49842885305787,-18.501));
#14571=CARTESIAN_POINT('',(4.9053345784953,-2.48708363408816,-18.5));
#14572=CARTESIAN_POINT('Ctrl Pts',(5.08685808201058,-2.49842885305787,-18.5));
#14573=CARTESIAN_POINT('Ctrl Pts',(5.03823571499756,-2.49194587078946,-18.5));
#14574=CARTESIAN_POINT('Ctrl Pts',(4.94423247210571,-2.48708363408816,-18.5));
#14575=CARTESIAN_POINT('Ctrl Pts',(4.9053345784953,-2.48708363408816,-18.5));
#14576=CARTESIAN_POINT('',(4.9053345784953,-2.48708363408816,-18.501));
#14577=CARTESIAN_POINT('Ctrl Pts',(4.9053345784953,-2.48708363408816,-18.501));
#14578=CARTESIAN_POINT('Ctrl Pts',(4.94423247210571,-2.48708363408816,-18.501));
#14579=CARTESIAN_POINT('Ctrl Pts',(5.03823571499756,-2.49194587078946,-18.501));
#14580=CARTESIAN_POINT('Ctrl Pts',(5.08685808201058,-2.49842885305787,-18.501));
#14581=CARTESIAN_POINT('',(4.9053345784953,-2.48708363408816,-18.5));
#14582=CARTESIAN_POINT('Ctrl Pts',(4.44180134630448,-2.61188104275492,-18.5));
#14583=CARTESIAN_POINT('Ctrl Pts',(4.44180134630448,-2.61188104275492,-18.501));
#14584=CARTESIAN_POINT('Ctrl Pts',(4.53904608033053,-2.53732674666828,-18.5));
#14585=CARTESIAN_POINT('Ctrl Pts',(4.53904608033053,-2.53732674666828,-18.501));
#14586=CARTESIAN_POINT('Ctrl Pts',(4.75136374962073,-2.48708363408816,-18.5));
#14587=CARTESIAN_POINT('Ctrl Pts',(4.75136374962073,-2.48708363408816,-18.501));
#14588=CARTESIAN_POINT('Ctrl Pts',(4.9053345784953,-2.48708363408816,-18.5));
#14589=CARTESIAN_POINT('Ctrl Pts',(4.9053345784953,-2.48708363408816,-18.501));
#14590=CARTESIAN_POINT('',(4.44180134630448,-2.61188104275492,-18.5));
#14591=CARTESIAN_POINT('Ctrl Pts',(4.9053345784953,-2.48708363408816,-18.5));
#14592=CARTESIAN_POINT('Ctrl Pts',(4.75136374962073,-2.48708363408816,-18.5));
#14593=CARTESIAN_POINT('Ctrl Pts',(4.53904608033053,-2.53732674666828,-18.5));
#14594=CARTESIAN_POINT('Ctrl Pts',(4.44180134630448,-2.61188104275492,-18.5));
#14595=CARTESIAN_POINT('',(4.44180134630448,-2.61188104275492,-18.501));
#14596=CARTESIAN_POINT('Ctrl Pts',(4.44180134630448,-2.61188104275492,-18.501));
#14597=CARTESIAN_POINT('Ctrl Pts',(4.53904608033053,-2.53732674666828,-18.501));
#14598=CARTESIAN_POINT('Ctrl Pts',(4.75136374962073,-2.48708363408816,-18.501));
#14599=CARTESIAN_POINT('Ctrl Pts',(4.9053345784953,-2.48708363408816,-18.501));
#14600=CARTESIAN_POINT('',(4.44180134630448,-2.61188104275492,-18.5));
#14601=CARTESIAN_POINT('Ctrl Pts',(4.23596665928269,-3.09486322175094,-18.5));
#14602=CARTESIAN_POINT('Ctrl Pts',(4.23596665928269,-3.09486322175094,-18.501));
#14603=CARTESIAN_POINT('Ctrl Pts',(4.23596665928269,-2.91333971823566,-18.5));
#14604=CARTESIAN_POINT('Ctrl Pts',(4.23596665928269,-2.91333971823566,-18.501));
#14605=CARTESIAN_POINT('Ctrl Pts',(4.34293586671134,-2.68643533884155,-18.5));
#14606=CARTESIAN_POINT('Ctrl Pts',(4.34293586671134,-2.68643533884155,-18.501));
#14607=CARTESIAN_POINT('Ctrl Pts',(4.44180134630448,-2.61188104275492,-18.5));
#14608=CARTESIAN_POINT('Ctrl Pts',(4.44180134630448,-2.61188104275492,-18.501));
#14609=CARTESIAN_POINT('',(4.23596665928269,-3.09486322175094,-18.5));
#14610=CARTESIAN_POINT('Ctrl Pts',(4.44180134630448,-2.61188104275492,-18.5));
#14611=CARTESIAN_POINT('Ctrl Pts',(4.34293586671134,-2.68643533884155,-18.5));
#14612=CARTESIAN_POINT('Ctrl Pts',(4.23596665928269,-2.91333971823566,-18.5));
#14613=CARTESIAN_POINT('Ctrl Pts',(4.23596665928269,-3.09486322175094,-18.5));
#14614=CARTESIAN_POINT('',(4.23596665928269,-3.09486322175094,-18.501));
#14615=CARTESIAN_POINT('Ctrl Pts',(4.23596665928269,-3.09486322175094,-18.501));
#14616=CARTESIAN_POINT('Ctrl Pts',(4.23596665928269,-2.91333971823566,-18.501));
#14617=CARTESIAN_POINT('Ctrl Pts',(4.34293586671134,-2.68643533884155,-18.501));
#14618=CARTESIAN_POINT('Ctrl Pts',(4.44180134630448,-2.61188104275492,-18.501));
#14619=CARTESIAN_POINT('',(4.23596665928269,-3.09486322175094,-18.5));
#14620=CARTESIAN_POINT('Ctrl Pts',(4.41262792609667,-3.57622465517986,-18.5));
#14621=CARTESIAN_POINT('Ctrl Pts',(4.41262792609667,-3.57622465517986,-18.501));
#14622=CARTESIAN_POINT('Ctrl Pts',(4.32834915660743,-3.48546290342222,-18.5));
#14623=CARTESIAN_POINT('Ctrl Pts',(4.32834915660743,-3.48546290342222,-18.501));
#14624=CARTESIAN_POINT('Ctrl Pts',(4.23596665928269,-3.23910957722291,-18.5));
#14625=CARTESIAN_POINT('Ctrl Pts',(4.23596665928269,-3.23910957722291,-18.501));
#14626=CARTESIAN_POINT('Ctrl Pts',(4.23596665928269,-3.09486322175094,-18.5));
#14627=CARTESIAN_POINT('Ctrl Pts',(4.23596665928269,-3.09486322175094,-18.501));
#14628=CARTESIAN_POINT('Ctrl Pts',(4.23596665928269,-3.09486322175094,-18.5));
#14629=CARTESIAN_POINT('Ctrl Pts',(4.23596665928269,-3.23910957722291,-18.5));
#14630=CARTESIAN_POINT('Ctrl Pts',(4.32834915660743,-3.48546290342222,-18.5));
#14631=CARTESIAN_POINT('Ctrl Pts',(4.41262792609667,-3.57622465517986,-18.5));
#14632=CARTESIAN_POINT('Ctrl Pts',(4.41262792609667,-3.57622465517986,-18.501));
#14633=CARTESIAN_POINT('Ctrl Pts',(4.32834915660743,-3.48546290342222,-18.501));
#14634=CARTESIAN_POINT('Ctrl Pts',(4.23596665928269,-3.23910957722291,-18.501));
#14635=CARTESIAN_POINT('Ctrl Pts',(4.23596665928269,-3.09486322175094,-18.501));
#14636=CARTESIAN_POINT('Origin',(4.85326230538787,-2.62736873921342,-18.501));
#14637=CARTESIAN_POINT('Ctrl Pts',(-3.92610801663668,-3.36714847702387,
-18.5));
#14638=CARTESIAN_POINT('Ctrl Pts',(-3.92610801663668,-3.36714847702387,
-18.501));
#14639=CARTESIAN_POINT('Ctrl Pts',(-4.06549213540734,-3.27314523413202,
-18.5));
#14640=CARTESIAN_POINT('Ctrl Pts',(-4.06549213540734,-3.27314523413202,
-18.501));
#14641=CARTESIAN_POINT('Ctrl Pts',(-4.20487625417801,-2.96196208524868,
-18.5));
#14642=CARTESIAN_POINT('Ctrl Pts',(-4.20487625417801,-2.96196208524868,
-18.501));
#14643=CARTESIAN_POINT('Ctrl Pts',(-4.20487625417801,-2.72857472358617,
-18.5));
#14644=CARTESIAN_POINT('Ctrl Pts',(-4.20487625417801,-2.72857472358617,
-18.501));
#14645=CARTESIAN_POINT('',(-3.92610801663668,-3.36714847702387,-18.5));
#14646=CARTESIAN_POINT('',(-4.20487625417801,-2.72857472358617,-18.5));
#14647=CARTESIAN_POINT('Ctrl Pts',(-3.92610801663668,-3.36714847702387,
-18.5));
#14648=CARTESIAN_POINT('Ctrl Pts',(-4.06549213540734,-3.27314523413202,
-18.5));
#14649=CARTESIAN_POINT('Ctrl Pts',(-4.20487625417801,-2.96196208524868,
-18.5));
#14650=CARTESIAN_POINT('Ctrl Pts',(-4.20487625417801,-2.72857472358617,
-18.5));
#14651=CARTESIAN_POINT('',(-3.92610801663668,-3.36714847702387,-18.501));
#14652=CARTESIAN_POINT('',(-3.92610801663668,-3.36714847702387,-18.5));
#14653=CARTESIAN_POINT('',(-4.20487625417801,-2.72857472358617,-18.501));
#14654=CARTESIAN_POINT('Ctrl Pts',(-4.20487625417801,-2.72857472358617,
-18.501));
#14655=CARTESIAN_POINT('Ctrl Pts',(-4.20487625417801,-2.96196208524868,
-18.501));
#14656=CARTESIAN_POINT('Ctrl Pts',(-4.06549213540734,-3.27314523413202,
-18.501));
#14657=CARTESIAN_POINT('Ctrl Pts',(-3.92610801663668,-3.36714847702387,
-18.501));
#14658=CARTESIAN_POINT('',(-4.20487625417801,-2.72857472358617,-18.5));
#14659=CARTESIAN_POINT('Ctrl Pts',(-3.37343377825532,-3.50004961352613,
-18.5));
#14660=CARTESIAN_POINT('Ctrl Pts',(-3.37343377825532,-3.50004961352613,
-18.501));
#14661=CARTESIAN_POINT('Ctrl Pts',(-3.5500950450693,-3.50004961352613,-18.5));
#14662=CARTESIAN_POINT('Ctrl Pts',(-3.5500950450693,-3.50004961352613,-18.501));
#14663=CARTESIAN_POINT('Ctrl Pts',(-3.81751806364093,-3.4433235186776,-18.5));
#14664=CARTESIAN_POINT('Ctrl Pts',(-3.81751806364093,-3.4433235186776,-18.501));
#14665=CARTESIAN_POINT('Ctrl Pts',(-3.92610801663668,-3.36714847702387,
-18.5));
#14666=CARTESIAN_POINT('Ctrl Pts',(-3.92610801663668,-3.36714847702387,
-18.501));
#14667=CARTESIAN_POINT('',(-3.37343377825532,-3.50004961352613,-18.5));
#14668=CARTESIAN_POINT('Ctrl Pts',(-3.37343377825532,-3.50004961352613,
-18.5));
#14669=CARTESIAN_POINT('Ctrl Pts',(-3.5500950450693,-3.50004961352613,-18.5));
#14670=CARTESIAN_POINT('Ctrl Pts',(-3.81751806364093,-3.4433235186776,-18.5));
#14671=CARTESIAN_POINT('Ctrl Pts',(-3.92610801663668,-3.36714847702387,
-18.5));
#14672=CARTESIAN_POINT('',(-3.37343377825532,-3.50004961352613,-18.501));
#14673=CARTESIAN_POINT('',(-3.37343377825532,-3.50004961352613,-18.5));
#14674=CARTESIAN_POINT('Ctrl Pts',(-3.92610801663668,-3.36714847702387,
-18.501));
#14675=CARTESIAN_POINT('Ctrl Pts',(-3.81751806364093,-3.4433235186776,-18.501));
#14676=CARTESIAN_POINT('Ctrl Pts',(-3.5500950450693,-3.50004961352613,-18.501));
#14677=CARTESIAN_POINT('Ctrl Pts',(-3.37343377825532,-3.50004961352613,
-18.501));
#14678=CARTESIAN_POINT('Origin',(-3.17084058236773,-3.50004961352613,-18.5));
#14679=CARTESIAN_POINT('',(-3.17084058236773,-3.50004961352613,-18.5));
#14680=CARTESIAN_POINT('',(-1.58542029118387,-3.50004961352613,-18.5));
#14681=CARTESIAN_POINT('',(-3.17084058236773,-3.50004961352613,-18.501));
#14682=CARTESIAN_POINT('',(-3.17084058236773,-3.50004961352613,-18.5));
#14683=CARTESIAN_POINT('',(-3.33259380757595,-3.50004961352613,-18.501));
#14684=CARTESIAN_POINT('Origin',(-3.17084058236773,-1.96034132478042,-18.5));
#14685=CARTESIAN_POINT('',(-3.17084058236773,-1.96034132478042,-18.5));
#14686=CARTESIAN_POINT('',(-3.17084058236773,-0.980170662390209,-18.5));
#14687=CARTESIAN_POINT('',(-3.17084058236773,-1.96034132478042,-18.501));
#14688=CARTESIAN_POINT('',(-3.17084058236773,-1.96034132478042,-18.5));
#14689=CARTESIAN_POINT('',(-3.17084058236773,-2.3450411362536,-18.501));
#14690=CARTESIAN_POINT('Origin',(-3.37343377825532,-1.96034132478042,-18.5));
#14691=CARTESIAN_POINT('',(-3.37343377825532,-1.96034132478042,-18.5));
#14692=CARTESIAN_POINT('',(-1.68671688912766,-1.96034132478042,-18.5));
#14693=CARTESIAN_POINT('',(-3.37343377825532,-1.96034132478042,-18.501));
#14694=CARTESIAN_POINT('',(-3.37343377825532,-1.96034132478042,-18.5));
#14695=CARTESIAN_POINT('',(-3.43389040551974,-1.96034132478042,-18.501));
#14696=CARTESIAN_POINT('Ctrl Pts',(-3.90179683313017,-2.08027649674587,
-18.5));
#14697=CARTESIAN_POINT('Ctrl Pts',(-3.90179683313017,-2.08027649674587,
-18.501));
#14698=CARTESIAN_POINT('Ctrl Pts',(-3.79482762570152,-2.01706741962894,
-18.5));
#14699=CARTESIAN_POINT('Ctrl Pts',(-3.79482762570152,-2.01706741962894,
-18.501));
#14700=CARTESIAN_POINT('Ctrl Pts',(-3.55333653620351,-1.96034132478042,
-18.5));
#14701=CARTESIAN_POINT('Ctrl Pts',(-3.55333653620351,-1.96034132478042,
-18.501));
#14702=CARTESIAN_POINT('Ctrl Pts',(-3.37343377825532,-1.96034132478042,
-18.5));
#14703=CARTESIAN_POINT('Ctrl Pts',(-3.37343377825532,-1.96034132478042,
-18.501));
#14704=CARTESIAN_POINT('',(-3.90179683313017,-2.08027649674587,-18.5));
#14705=CARTESIAN_POINT('Ctrl Pts',(-3.90179683313017,-2.08027649674587,
-18.5));
#14706=CARTESIAN_POINT('Ctrl Pts',(-3.79482762570152,-2.01706741962894,
-18.5));
#14707=CARTESIAN_POINT('Ctrl Pts',(-3.55333653620351,-1.96034132478042,
-18.5));
#14708=CARTESIAN_POINT('Ctrl Pts',(-3.37343377825532,-1.96034132478042,
-18.5));
#14709=CARTESIAN_POINT('',(-3.90179683313017,-2.08027649674587,-18.501));
#14710=CARTESIAN_POINT('',(-3.90179683313017,-2.08027649674587,-18.5));
#14711=CARTESIAN_POINT('Ctrl Pts',(-3.37343377825532,-1.96034132478042,
-18.501));
#14712=CARTESIAN_POINT('Ctrl Pts',(-3.55333653620351,-1.96034132478042,
-18.501));
#14713=CARTESIAN_POINT('Ctrl Pts',(-3.79482762570152,-2.01706741962894,
-18.501));
#14714=CARTESIAN_POINT('Ctrl Pts',(-3.90179683313017,-2.08027649674587,
-18.501));
#14715=CARTESIAN_POINT('Ctrl Pts',(-4.20487625417801,-2.72857472358617,
-18.5));
#14716=CARTESIAN_POINT('Ctrl Pts',(-4.20487625417801,-2.72857472358617,
-18.501));
#14717=CARTESIAN_POINT('Ctrl Pts',(-4.20487625417801,-2.49842885305787,
-18.5));
#14718=CARTESIAN_POINT('Ctrl Pts',(-4.20487625417801,-2.49842885305787,
-18.501));
#14719=CARTESIAN_POINT('Ctrl Pts',(-4.05252617087054,-2.17265899407062,
-18.5));
#14720=CARTESIAN_POINT('Ctrl Pts',(-4.05252617087054,-2.17265899407062,
-18.501));
#14721=CARTESIAN_POINT('Ctrl Pts',(-3.90179683313017,-2.08027649674587,
-18.5));
#14722=CARTESIAN_POINT('Ctrl Pts',(-3.90179683313017,-2.08027649674587,
-18.501));
#14723=CARTESIAN_POINT('Ctrl Pts',(-4.20487625417801,-2.72857472358617,
-18.5));
#14724=CARTESIAN_POINT('Ctrl Pts',(-4.20487625417801,-2.49842885305787,
-18.5));
#14725=CARTESIAN_POINT('Ctrl Pts',(-4.05252617087054,-2.17265899407062,
-18.5));
#14726=CARTESIAN_POINT('Ctrl Pts',(-3.90179683313017,-2.08027649674587,
-18.5));
#14727=CARTESIAN_POINT('Ctrl Pts',(-3.90179683313017,-2.08027649674587,
-18.501));
#14728=CARTESIAN_POINT('Ctrl Pts',(-4.05252617087054,-2.17265899407062,
-18.501));
#14729=CARTESIAN_POINT('Ctrl Pts',(-4.20487625417801,-2.49842885305787,
-18.501));
#14730=CARTESIAN_POINT('Ctrl Pts',(-4.20487625417801,-2.72857472358617,
-18.501));
#14731=CARTESIAN_POINT('Ctrl Pts',(-3.36533005041982,-3.73019548405443,
-18.5));
#14732=CARTESIAN_POINT('Ctrl Pts',(-3.36533005041982,-3.73019548405443,
-18.501));
#14733=CARTESIAN_POINT('Ctrl Pts',(-3.60844188548493,-3.73019548405443,
-18.5));
#14734=CARTESIAN_POINT('Ctrl Pts',(-3.60844188548493,-3.73019548405443,
-18.501));
#14735=CARTESIAN_POINT('Ctrl Pts',(-3.92124577993538,-3.6653656613704,-18.5));
#14736=CARTESIAN_POINT('Ctrl Pts',(-3.92124577993538,-3.6653656613704,-18.501));
#14737=CARTESIAN_POINT('Ctrl Pts',(-4.07359586324285,-3.56974167291146,
-18.5));
#14738=CARTESIAN_POINT('Ctrl Pts',(-4.07359586324285,-3.56974167291146,
-18.501));
#14739=CARTESIAN_POINT('',(-4.07359586324285,-3.56974167291146,-18.5));
#14740=CARTESIAN_POINT('',(-3.36533005041982,-3.73019548405443,-18.5));
#14741=CARTESIAN_POINT('Ctrl Pts',(-4.07359586324285,-3.56974167291146,
-18.5));
#14742=CARTESIAN_POINT('Ctrl Pts',(-3.92124577993538,-3.6653656613704,-18.5));
#14743=CARTESIAN_POINT('Ctrl Pts',(-3.60844188548493,-3.73019548405443,
-18.5));
#14744=CARTESIAN_POINT('Ctrl Pts',(-3.36533005041982,-3.73019548405443,
-18.5));
#14745=CARTESIAN_POINT('',(-4.07359586324285,-3.56974167291146,-18.501));
#14746=CARTESIAN_POINT('',(-4.07359586324285,-3.56974167291146,-18.5));
#14747=CARTESIAN_POINT('',(-3.36533005041982,-3.73019548405443,-18.501));
#14748=CARTESIAN_POINT('Ctrl Pts',(-3.36533005041982,-3.73019548405443,
-18.501));
#14749=CARTESIAN_POINT('Ctrl Pts',(-3.60844188548493,-3.73019548405443,
-18.501));
#14750=CARTESIAN_POINT('Ctrl Pts',(-3.92124577993538,-3.6653656613704,-18.501));
#14751=CARTESIAN_POINT('Ctrl Pts',(-4.07359586324285,-3.56974167291146,
-18.501));
#14752=CARTESIAN_POINT('',(-3.36533005041982,-3.73019548405443,-18.5));
#14753=CARTESIAN_POINT('Origin',(-2.90503830936321,-3.73019548405443,-18.5));
#14754=CARTESIAN_POINT('',(-2.90503830936321,-3.73019548405443,-18.5));
#14755=CARTESIAN_POINT('',(-1.4525191546816,-3.73019548405443,-18.5));
#14756=CARTESIAN_POINT('',(-2.90503830936321,-3.73019548405443,-18.501));
#14757=CARTESIAN_POINT('',(-3.36533005041982,-3.73019548405443,-18.501));
#14758=CARTESIAN_POINT('',(-2.90503830936321,-3.73019548405443,-18.5));
#14759=CARTESIAN_POINT('Origin',(-2.90503830936321,-1.73019545425211,-18.5));
#14760=CARTESIAN_POINT('',(-2.90503830936321,-1.73019545425211,-18.5));
#14761=CARTESIAN_POINT('',(-2.90503830936321,-0.865097727126056,-18.5));
#14762=CARTESIAN_POINT('',(-2.90503830936321,-1.73019545425211,-18.501));
#14763=CARTESIAN_POINT('',(-2.90503830936321,-3.73019548405443,-18.501));
#14764=CARTESIAN_POINT('',(-2.90503830936321,-1.73019545425211,-18.5));
#14765=CARTESIAN_POINT('Origin',(-3.36046781371852,-1.73019545425211,-18.5));
#14766=CARTESIAN_POINT('',(-3.36046781371852,-1.73019545425211,-18.5));
#14767=CARTESIAN_POINT('',(-1.68023390685926,-1.73019545425211,-18.5));
#14768=CARTESIAN_POINT('',(-3.36046781371852,-1.73019545425211,-18.501));
#14769=CARTESIAN_POINT('',(-2.90503830936321,-1.73019545425211,-18.501));
#14770=CARTESIAN_POINT('',(-3.36046781371852,-1.73019545425211,-18.5));
#14771=CARTESIAN_POINT('Ctrl Pts',(-4.07683735437705,-1.88902851982798,
-18.5));
#14772=CARTESIAN_POINT('Ctrl Pts',(-4.07683735437705,-1.88902851982798,
-18.501));
#14773=CARTESIAN_POINT('Ctrl Pts',(-3.96338516468,-1.81447422374135,-18.5));
#14774=CARTESIAN_POINT('Ctrl Pts',(-3.96338516468,-1.81447422374135,-18.501));
#14775=CARTESIAN_POINT('Ctrl Pts',(-3.64247754239405,-1.73019545425211,
-18.5));
#14776=CARTESIAN_POINT('Ctrl Pts',(-3.64247754239405,-1.73019545425211,
-18.501));
#14777=CARTESIAN_POINT('Ctrl Pts',(-3.36046781371852,-1.73019545425211,
-18.5));
#14778=CARTESIAN_POINT('Ctrl Pts',(-3.36046781371852,-1.73019545425211,
-18.501));
#14779=CARTESIAN_POINT('',(-4.07683735437705,-1.88902851982798,-18.5));
#14780=CARTESIAN_POINT('Ctrl Pts',(-3.36046781371852,-1.73019545425211,
-18.5));
#14781=CARTESIAN_POINT('Ctrl Pts',(-3.64247754239405,-1.73019545425211,
-18.5));
#14782=CARTESIAN_POINT('Ctrl Pts',(-3.96338516468,-1.81447422374135,-18.5));
#14783=CARTESIAN_POINT('Ctrl Pts',(-4.07683735437705,-1.88902851982798,
-18.5));
#14784=CARTESIAN_POINT('',(-4.07683735437705,-1.88902851982798,-18.501));
#14785=CARTESIAN_POINT('Ctrl Pts',(-4.07683735437705,-1.88902851982798,
-18.501));
#14786=CARTESIAN_POINT('Ctrl Pts',(-3.96338516468,-1.81447422374135,-18.501));
#14787=CARTESIAN_POINT('Ctrl Pts',(-3.64247754239405,-1.73019545425211,
-18.501));
#14788=CARTESIAN_POINT('Ctrl Pts',(-3.36046781371852,-1.73019545425211,
-18.501));
#14789=CARTESIAN_POINT('',(-4.07683735437705,-1.88902851982798,-18.5));
#14790=CARTESIAN_POINT('Ctrl Pts',(-4.48202374615223,-2.73181621472037,
-18.5));
#14791=CARTESIAN_POINT('Ctrl Pts',(-4.48202374615223,-2.73181621472037,
-18.501));
#14792=CARTESIAN_POINT('Ctrl Pts',(-4.48202374615223,-2.44008201264224,
-18.5));
#14793=CARTESIAN_POINT('Ctrl Pts',(-4.48202374615223,-2.44008201264224,
-18.501));
#14794=CARTESIAN_POINT('Ctrl Pts',(-4.26970607686204,-2.01706741962894,
-18.5));
#14795=CARTESIAN_POINT('Ctrl Pts',(-4.26970607686204,-2.01706741962894,
-18.501));
#14796=CARTESIAN_POINT('Ctrl Pts',(-4.07683735437705,-1.88902851982798,
-18.5));
#14797=CARTESIAN_POINT('Ctrl Pts',(-4.07683735437705,-1.88902851982798,
-18.501));
#14798=CARTESIAN_POINT('',(-4.48202374615223,-2.73181621472037,-18.5));
#14799=CARTESIAN_POINT('Ctrl Pts',(-4.07683735437705,-1.88902851982798,
-18.5));
#14800=CARTESIAN_POINT('Ctrl Pts',(-4.26970607686204,-2.01706741962894,
-18.5));
#14801=CARTESIAN_POINT('Ctrl Pts',(-4.48202374615223,-2.44008201264224,
-18.5));
#14802=CARTESIAN_POINT('Ctrl Pts',(-4.48202374615223,-2.73181621472037,
-18.5));
#14803=CARTESIAN_POINT('',(-4.48202374615223,-2.73181621472037,-18.501));
#14804=CARTESIAN_POINT('Ctrl Pts',(-4.48202374615223,-2.73181621472037,
-18.501));
#14805=CARTESIAN_POINT('Ctrl Pts',(-4.48202374615223,-2.44008201264224,
-18.501));
#14806=CARTESIAN_POINT('Ctrl Pts',(-4.26970607686204,-2.01706741962894,
-18.501));
#14807=CARTESIAN_POINT('Ctrl Pts',(-4.07683735437705,-1.88902851982798,
-18.501));
#14808=CARTESIAN_POINT('',(-4.48202374615223,-2.73181621472037,-18.5));
#14809=CARTESIAN_POINT('Ctrl Pts',(-4.07359586324285,-3.56974167291146,
-18.5));
#14810=CARTESIAN_POINT('Ctrl Pts',(-4.07359586324285,-3.56974167291146,
-18.501));
#14811=CARTESIAN_POINT('Ctrl Pts',(-4.25998160345943,-3.4465650098118,-18.5));
#14812=CARTESIAN_POINT('Ctrl Pts',(-4.25998160345943,-3.4465650098118,-18.501));
#14813=CARTESIAN_POINT('Ctrl Pts',(-4.48202374615223,-3.0057222155604,-18.5));
#14814=CARTESIAN_POINT('Ctrl Pts',(-4.48202374615223,-3.0057222155604,-18.501));
#14815=CARTESIAN_POINT('Ctrl Pts',(-4.48202374615223,-2.73181621472037,
-18.5));
#14816=CARTESIAN_POINT('Ctrl Pts',(-4.48202374615223,-2.73181621472037,
-18.501));
#14817=CARTESIAN_POINT('Ctrl Pts',(-4.48202374615223,-2.73181621472037,
-18.5));
#14818=CARTESIAN_POINT('Ctrl Pts',(-4.48202374615223,-3.0057222155604,-18.5));
#14819=CARTESIAN_POINT('Ctrl Pts',(-4.25998160345943,-3.4465650098118,-18.5));
#14820=CARTESIAN_POINT('Ctrl Pts',(-4.07359586324285,-3.56974167291146,
-18.5));
#14821=CARTESIAN_POINT('Ctrl Pts',(-4.07359586324285,-3.56974167291146,
-18.501));
#14822=CARTESIAN_POINT('Ctrl Pts',(-4.25998160345943,-3.4465650098118,-18.501));
#14823=CARTESIAN_POINT('Ctrl Pts',(-4.48202374615223,-3.0057222155604,-18.501));
#14824=CARTESIAN_POINT('Ctrl Pts',(-4.48202374615223,-2.73181621472037,
-18.501));
#14825=CARTESIAN_POINT('Origin',(-3.49434703278417,-2.72974094772677,-18.501));
#14826=CARTESIAN_POINT('Ctrl Pts',(-4.65706426739912,-2.73181621472037,
-18.5));
#14827=CARTESIAN_POINT('Ctrl Pts',(-4.65706426739912,-2.73181621472037,
-18.501));
#14828=CARTESIAN_POINT('Ctrl Pts',(-4.65706426739912,-2.98465252318809,
-18.5));
#14829=CARTESIAN_POINT('Ctrl Pts',(-4.65706426739912,-2.98465252318809,
-18.501));
#14830=CARTESIAN_POINT('Ctrl Pts',(-4.78834465833428,-3.37363145929227,
-18.5));
#14831=CARTESIAN_POINT('Ctrl Pts',(-4.78834465833428,-3.37363145929227,
-18.501));
#14832=CARTESIAN_POINT('Ctrl Pts',(-4.90827983029973,-3.50329110466033,
-18.5));
#14833=CARTESIAN_POINT('Ctrl Pts',(-4.90827983029973,-3.50329110466033,
-18.501));
#14834=CARTESIAN_POINT('',(-4.90827983029973,-3.50329110466033,-18.5));
#14835=CARTESIAN_POINT('',(-4.65706426739912,-2.73181621472037,-18.5));
#14836=CARTESIAN_POINT('Ctrl Pts',(-4.90827983029973,-3.50329110466033,
-18.5));
#14837=CARTESIAN_POINT('Ctrl Pts',(-4.78834465833428,-3.37363145929227,
-18.5));
#14838=CARTESIAN_POINT('Ctrl Pts',(-4.65706426739912,-2.98465252318809,
-18.5));
#14839=CARTESIAN_POINT('Ctrl Pts',(-4.65706426739912,-2.73181621472037,
-18.5));
#14840=CARTESIAN_POINT('',(-4.90827983029973,-3.50329110466033,-18.501));
#14841=CARTESIAN_POINT('',(-4.90827983029973,-3.50329110466033,-18.5));
#14842=CARTESIAN_POINT('',(-4.65706426739912,-2.73181621472037,-18.501));
#14843=CARTESIAN_POINT('Ctrl Pts',(-4.65706426739912,-2.73181621472037,
-18.501));
#14844=CARTESIAN_POINT('Ctrl Pts',(-4.65706426739912,-2.98465252318809,
-18.501));
#14845=CARTESIAN_POINT('Ctrl Pts',(-4.78834465833428,-3.37363145929227,
-18.501));
#14846=CARTESIAN_POINT('Ctrl Pts',(-4.90827983029973,-3.50329110466033,
-18.501));
#14847=CARTESIAN_POINT('',(-4.65706426739912,-2.73181621472037,-18.5));
#14848=CARTESIAN_POINT('Ctrl Pts',(-4.90665908473263,-1.97006579818302,
-18.5));
#14849=CARTESIAN_POINT('Ctrl Pts',(-4.90665908473263,-1.97006579818302,
-18.501));
#14850=CARTESIAN_POINT('Ctrl Pts',(-4.78510316720007,-2.10782917138659,
-18.5));
#14851=CARTESIAN_POINT('Ctrl Pts',(-4.78510316720007,-2.10782917138659,
-18.501));
#14852=CARTESIAN_POINT('Ctrl Pts',(-4.65706426739912,-2.48060065181976,
-18.5));
#14853=CARTESIAN_POINT('Ctrl Pts',(-4.65706426739912,-2.48060065181976,
-18.501));
#14854=CARTESIAN_POINT('Ctrl Pts',(-4.65706426739912,-2.73181621472037,
-18.5));
#14855=CARTESIAN_POINT('Ctrl Pts',(-4.65706426739912,-2.73181621472037,
-18.501));
#14856=CARTESIAN_POINT('',(-4.90665908473263,-1.97006579818302,-18.5));
#14857=CARTESIAN_POINT('Ctrl Pts',(-4.65706426739912,-2.73181621472037,
-18.5));
#14858=CARTESIAN_POINT('Ctrl Pts',(-4.65706426739912,-2.48060065181976,
-18.5));
#14859=CARTESIAN_POINT('Ctrl Pts',(-4.78510316720007,-2.10782917138659,
-18.5));
#14860=CARTESIAN_POINT('Ctrl Pts',(-4.90665908473263,-1.97006579818302,
-18.5));
#14861=CARTESIAN_POINT('',(-4.90665908473263,-1.97006579818302,-18.501));
#14862=CARTESIAN_POINT('Ctrl Pts',(-4.90665908473263,-1.97006579818302,
-18.501));
#14863=CARTESIAN_POINT('Ctrl Pts',(-4.78510316720007,-2.10782917138659,
-18.501));
#14864=CARTESIAN_POINT('Ctrl Pts',(-4.65706426739912,-2.48060065181976,
-18.501));
#14865=CARTESIAN_POINT('Ctrl Pts',(-4.65706426739912,-2.73181621472037,
-18.501));
#14866=CARTESIAN_POINT('',(-4.90665908473263,-1.97006579818302,-18.5));
#14867=CARTESIAN_POINT('Ctrl Pts',(-5.55657805714003,-1.69453905177589,
-18.5));
#14868=CARTESIAN_POINT('Ctrl Pts',(-5.55657805714003,-1.69453905177589,
-18.501));
#14869=CARTESIAN_POINT('Ctrl Pts',(-5.35398486125244,-1.69453905177589,
-18.5));
#14870=CARTESIAN_POINT('Ctrl Pts',(-5.35398486125244,-1.69453905177589,
-18.501));
#14871=CARTESIAN_POINT('Ctrl Pts',(-5.02659425669809,-1.83554391611366,
-18.5));
#14872=CARTESIAN_POINT('Ctrl Pts',(-5.02659425669809,-1.83554391611366,
-18.501));
#14873=CARTESIAN_POINT('Ctrl Pts',(-4.90665908473263,-1.97006579818302,
-18.5));
#14874=CARTESIAN_POINT('Ctrl Pts',(-4.90665908473263,-1.97006579818302,
-18.501));
#14875=CARTESIAN_POINT('',(-5.55657805714003,-1.69453905177589,-18.5));
#14876=CARTESIAN_POINT('Ctrl Pts',(-4.90665908473263,-1.97006579818302,
-18.5));
#14877=CARTESIAN_POINT('Ctrl Pts',(-5.02659425669809,-1.83554391611366,
-18.5));
#14878=CARTESIAN_POINT('Ctrl Pts',(-5.35398486125244,-1.69453905177589,
-18.5));
#14879=CARTESIAN_POINT('Ctrl Pts',(-5.55657805714003,-1.69453905177589,
-18.5));
#14880=CARTESIAN_POINT('',(-5.55657805714003,-1.69453905177589,-18.501));
#14881=CARTESIAN_POINT('Ctrl Pts',(-5.55657805714003,-1.69453905177589,
-18.501));
#14882=CARTESIAN_POINT('Ctrl Pts',(-5.35398486125244,-1.69453905177589,
-18.501));
#14883=CARTESIAN_POINT('Ctrl Pts',(-5.02659425669809,-1.83554391611366,
-18.501));
#14884=CARTESIAN_POINT('Ctrl Pts',(-4.90665908473263,-1.97006579818302,
-18.501));
#14885=CARTESIAN_POINT('',(-5.55657805714003,-1.69453905177589,-18.5));
#14886=CARTESIAN_POINT('Ctrl Pts',(-5.90827984520089,-1.74640290992312,
-18.5));
#14887=CARTESIAN_POINT('Ctrl Pts',(-5.90827984520089,-1.74640290992312,
-18.501));
#14888=CARTESIAN_POINT('Ctrl Pts',(-5.83372554911426,-1.72371247198371,
-18.5));
#14889=CARTESIAN_POINT('Ctrl Pts',(-5.83372554911426,-1.72371247198371,
-18.501));
#14890=CARTESIAN_POINT('Ctrl Pts',(-5.65706428230028,-1.69453905177589,
-18.5));
#14891=CARTESIAN_POINT('Ctrl Pts',(-5.65706428230028,-1.69453905177589,
-18.501));
#14892=CARTESIAN_POINT('Ctrl Pts',(-5.55657805714003,-1.69453905177589,
-18.5));
#14893=CARTESIAN_POINT('Ctrl Pts',(-5.55657805714003,-1.69453905177589,
-18.501));
#14894=CARTESIAN_POINT('',(-5.90827984520089,-1.74640290992312,-18.5));
#14895=CARTESIAN_POINT('Ctrl Pts',(-5.55657805714003,-1.69453905177589,
-18.5));
#14896=CARTESIAN_POINT('Ctrl Pts',(-5.65706428230028,-1.69453905177589,
-18.5));
#14897=CARTESIAN_POINT('Ctrl Pts',(-5.83372554911426,-1.72371247198371,
-18.5));
#14898=CARTESIAN_POINT('Ctrl Pts',(-5.90827984520089,-1.74640290992312,
-18.5));
#14899=CARTESIAN_POINT('',(-5.90827984520089,-1.74640290992312,-18.501));
#14900=CARTESIAN_POINT('Ctrl Pts',(-5.90827984520089,-1.74640290992312,
-18.501));
#14901=CARTESIAN_POINT('Ctrl Pts',(-5.83372554911426,-1.72371247198371,
-18.501));
#14902=CARTESIAN_POINT('Ctrl Pts',(-5.65706428230028,-1.69453905177589,
-18.501));
#14903=CARTESIAN_POINT('Ctrl Pts',(-5.55657805714003,-1.69453905177589,
-18.501));
#14904=CARTESIAN_POINT('',(-5.90827984520089,-1.74640290992312,-18.5));
#14905=CARTESIAN_POINT('Ctrl Pts',(-6.17408211820542,-1.86309659075437,
-18.5));
#14906=CARTESIAN_POINT('Ctrl Pts',(-6.17408211820542,-1.86309659075437,
-18.501));
#14907=CARTESIAN_POINT('Ctrl Pts',(-6.10763154995428,-1.82744018827816,
-18.5));
#14908=CARTESIAN_POINT('Ctrl Pts',(-6.10763154995428,-1.82744018827816,
-18.501));
#14909=CARTESIAN_POINT('Ctrl Pts',(-5.97310966788492,-1.76747260229543,
-18.5));
#14910=CARTESIAN_POINT('Ctrl Pts',(-5.97310966788492,-1.76747260229543,
-18.501));
#14911=CARTESIAN_POINT('Ctrl Pts',(-5.90827984520089,-1.74640290992312,
-18.5));
#14912=CARTESIAN_POINT('Ctrl Pts',(-5.90827984520089,-1.74640290992312,
-18.501));
#14913=CARTESIAN_POINT('',(-6.17408211820542,-1.86309659075437,-18.5));
#14914=CARTESIAN_POINT('Ctrl Pts',(-5.90827984520089,-1.74640290992312,
-18.5));
#14915=CARTESIAN_POINT('Ctrl Pts',(-5.97310966788492,-1.76747260229543,
-18.5));
#14916=CARTESIAN_POINT('Ctrl Pts',(-6.10763154995428,-1.82744018827816,
-18.5));
#14917=CARTESIAN_POINT('Ctrl Pts',(-6.17408211820542,-1.86309659075437,
-18.5));
#14918=CARTESIAN_POINT('',(-6.17408211820542,-1.86309659075437,-18.501));
#14919=CARTESIAN_POINT('Ctrl Pts',(-6.17408211820542,-1.86309659075437,
-18.501));
#14920=CARTESIAN_POINT('Ctrl Pts',(-6.10763154995428,-1.82744018827816,
-18.501));
#14921=CARTESIAN_POINT('Ctrl Pts',(-5.97310966788492,-1.76747260229543,
-18.501));
#14922=CARTESIAN_POINT('Ctrl Pts',(-5.90827984520089,-1.74640290992312,
-18.501));
#14923=CARTESIAN_POINT('',(-6.17408211820542,-1.86309659075437,-18.5));
#14924=CARTESIAN_POINT('Origin',(-6.17408211820542,-2.18400421304032,-18.5));
#14925=CARTESIAN_POINT('',(-6.17408211820542,-2.18400421304032,-18.5));
#14926=CARTESIAN_POINT('',(-6.17408211820542,-1.09200210652016,-18.5));
#14927=CARTESIAN_POINT('',(-6.17408211820542,-2.18400421304032,-18.501));
#14928=CARTESIAN_POINT('',(-6.17408211820542,-1.86309659075437,-18.501));
#14929=CARTESIAN_POINT('',(-6.17408211820542,-2.18400421304032,-18.5));
#14930=CARTESIAN_POINT('Origin',(-6.15301242583311,-2.18400421304032,-18.5));
#14931=CARTESIAN_POINT('',(-6.15301242583311,-2.18400421304032,-18.5));
#14932=CARTESIAN_POINT('',(-3.07650621291655,-2.18400421304032,-18.5));
#14933=CARTESIAN_POINT('',(-6.15301242583311,-2.18400421304032,-18.501));
#14934=CARTESIAN_POINT('',(-6.17408211820542,-2.18400421304032,-18.501));
#14935=CARTESIAN_POINT('',(-6.15301242583311,-2.18400421304032,-18.5));
#14936=CARTESIAN_POINT('Ctrl Pts',(-5.9277287920061,-2.01706741962894,-18.5));
#14937=CARTESIAN_POINT('Ctrl Pts',(-5.9277287920061,-2.01706741962894,-18.501));
#14938=CARTESIAN_POINT('Ctrl Pts',(-6.00714532479404,-2.06082754994066,
-18.5));
#14939=CARTESIAN_POINT('Ctrl Pts',(-6.00714532479404,-2.06082754994066,
-18.501));
#14940=CARTESIAN_POINT('Ctrl Pts',(-6.11735602335689,-2.15158930169831,
-18.5));
#14941=CARTESIAN_POINT('Ctrl Pts',(-6.11735602335689,-2.15158930169831,
-18.501));
#14942=CARTESIAN_POINT('Ctrl Pts',(-6.15301242583311,-2.18400421304032,
-18.5));
#14943=CARTESIAN_POINT('Ctrl Pts',(-6.15301242583311,-2.18400421304032,
-18.501));
#14944=CARTESIAN_POINT('',(-5.9277287920061,-2.01706741962894,-18.5));
#14945=CARTESIAN_POINT('Ctrl Pts',(-6.15301242583311,-2.18400421304032,
-18.5));
#14946=CARTESIAN_POINT('Ctrl Pts',(-6.11735602335689,-2.15158930169831,
-18.5));
#14947=CARTESIAN_POINT('Ctrl Pts',(-6.00714532479404,-2.06082754994066,
-18.5));
#14948=CARTESIAN_POINT('Ctrl Pts',(-5.9277287920061,-2.01706741962894,-18.5));
#14949=CARTESIAN_POINT('',(-5.9277287920061,-2.01706741962894,-18.501));
#14950=CARTESIAN_POINT('Ctrl Pts',(-5.9277287920061,-2.01706741962894,-18.501));
#14951=CARTESIAN_POINT('Ctrl Pts',(-6.00714532479404,-2.06082754994066,
-18.501));
#14952=CARTESIAN_POINT('Ctrl Pts',(-6.11735602335689,-2.15158930169831,
-18.501));
#14953=CARTESIAN_POINT('Ctrl Pts',(-6.15301242583311,-2.18400421304032,
-18.501));
#14954=CARTESIAN_POINT('',(-5.9277287920061,-2.01706741962894,-18.5));
#14955=CARTESIAN_POINT('Ctrl Pts',(-5.55495731157293,-1.92144343117,-18.5));
#14956=CARTESIAN_POINT('Ctrl Pts',(-5.55495731157293,-1.92144343117,-18.501));
#14957=CARTESIAN_POINT('Ctrl Pts',(-5.67165099240418,-1.92144343117,-18.5));
#14958=CARTESIAN_POINT('Ctrl Pts',(-5.67165099240418,-1.92144343117,-18.501));
#14959=CARTESIAN_POINT('Ctrl Pts',(-5.85155375035237,-1.97492803488432,
-18.5));
#14960=CARTESIAN_POINT('Ctrl Pts',(-5.85155375035237,-1.97492803488432,
-18.501));
#14961=CARTESIAN_POINT('Ctrl Pts',(-5.9277287920061,-2.01706741962894,-18.5));
#14962=CARTESIAN_POINT('Ctrl Pts',(-5.9277287920061,-2.01706741962894,-18.501));
#14963=CARTESIAN_POINT('',(-5.55495731157293,-1.92144343117,-18.5));
#14964=CARTESIAN_POINT('Ctrl Pts',(-5.9277287920061,-2.01706741962894,-18.5));
#14965=CARTESIAN_POINT('Ctrl Pts',(-5.85155375035237,-1.97492803488432,
-18.5));
#14966=CARTESIAN_POINT('Ctrl Pts',(-5.67165099240418,-1.92144343117,-18.5));
#14967=CARTESIAN_POINT('Ctrl Pts',(-5.55495731157293,-1.92144343117,-18.5));
#14968=CARTESIAN_POINT('',(-5.55495731157293,-1.92144343117,-18.501));
#14969=CARTESIAN_POINT('Ctrl Pts',(-5.55495731157293,-1.92144343117,-18.501));
#14970=CARTESIAN_POINT('Ctrl Pts',(-5.67165099240418,-1.92144343117,-18.501));
#14971=CARTESIAN_POINT('Ctrl Pts',(-5.85155375035237,-1.97492803488432,
-18.501));
#14972=CARTESIAN_POINT('Ctrl Pts',(-5.9277287920061,-2.01706741962894,-18.501));
#14973=CARTESIAN_POINT('',(-5.55495731157293,-1.92144343117,-18.5));
#14974=CARTESIAN_POINT('Ctrl Pts',(-5.11249377175442,-2.12727811819179,
-18.5));
#14975=CARTESIAN_POINT('Ctrl Pts',(-5.11249377175442,-2.12727811819179,
-18.501));
#14976=CARTESIAN_POINT('Ctrl Pts',(-5.19839328681076,-2.02679189303155,
-18.5));
#14977=CARTESIAN_POINT('Ctrl Pts',(-5.19839328681076,-2.02679189303155,
-18.501));
#14978=CARTESIAN_POINT('Ctrl Pts',(-5.42691841177197,-1.92144343117,-18.5));
#14979=CARTESIAN_POINT('Ctrl Pts',(-5.42691841177197,-1.92144343117,-18.501));
#14980=CARTESIAN_POINT('Ctrl Pts',(-5.55495731157293,-1.92144343117,-18.5));
#14981=CARTESIAN_POINT('Ctrl Pts',(-5.55495731157293,-1.92144343117,-18.501));
#14982=CARTESIAN_POINT('',(-5.11249377175442,-2.1272781181918,-18.5));
#14983=CARTESIAN_POINT('Ctrl Pts',(-5.55495731157293,-1.92144343117,-18.5));
#14984=CARTESIAN_POINT('Ctrl Pts',(-5.42691841177197,-1.92144343117,-18.5));
#14985=CARTESIAN_POINT('Ctrl Pts',(-5.19839328681076,-2.02679189303155,
-18.5));
#14986=CARTESIAN_POINT('Ctrl Pts',(-5.11249377175442,-2.12727811819179,
-18.5));
#14987=CARTESIAN_POINT('',(-5.11249377175442,-2.1272781181918,-18.501));
#14988=CARTESIAN_POINT('Ctrl Pts',(-5.11249377175442,-2.12727811819179,
-18.501));
#14989=CARTESIAN_POINT('Ctrl Pts',(-5.19839328681076,-2.02679189303155,
-18.501));
#14990=CARTESIAN_POINT('Ctrl Pts',(-5.42691841177197,-1.92144343117,-18.501));
#14991=CARTESIAN_POINT('Ctrl Pts',(-5.55495731157293,-1.92144343117,-18.501));
#14992=CARTESIAN_POINT('',(-5.11249377175442,-2.1272781181918,-18.5));
#14993=CARTESIAN_POINT('Ctrl Pts',(-4.93421175937334,-2.73181621472037,
-18.5));
#14994=CARTESIAN_POINT('Ctrl Pts',(-4.93421175937334,-2.73181621472037,
-18.501));
#14995=CARTESIAN_POINT('Ctrl Pts',(-4.93421175937334,-2.53894749223538,
-18.5));
#14996=CARTESIAN_POINT('Ctrl Pts',(-4.93421175937334,-2.53894749223538,
-18.501));
#14997=CARTESIAN_POINT('Ctrl Pts',(-5.02821500226519,-2.22938508891914,
-18.5));
#14998=CARTESIAN_POINT('Ctrl Pts',(-5.02821500226519,-2.22938508891914,
-18.501));
#14999=CARTESIAN_POINT('Ctrl Pts',(-5.11249377175442,-2.12727811819179,
-18.5));
#15000=CARTESIAN_POINT('Ctrl Pts',(-5.11249377175442,-2.12727811819179,
-18.501));
#15001=CARTESIAN_POINT('',(-4.93421175937334,-2.73181621472037,-18.5));
#15002=CARTESIAN_POINT('Ctrl Pts',(-5.11249377175442,-2.12727811819179,
-18.5));
#15003=CARTESIAN_POINT('Ctrl Pts',(-5.02821500226519,-2.22938508891914,
-18.5));
#15004=CARTESIAN_POINT('Ctrl Pts',(-4.93421175937334,-2.53894749223538,
-18.5));
#15005=CARTESIAN_POINT('Ctrl Pts',(-4.93421175937334,-2.73181621472037,
-18.5));
#15006=CARTESIAN_POINT('',(-4.93421175937334,-2.73181621472037,-18.501));
#15007=CARTESIAN_POINT('Ctrl Pts',(-4.93421175937334,-2.73181621472037,
-18.501));
#15008=CARTESIAN_POINT('Ctrl Pts',(-4.93421175937334,-2.53894749223538,
-18.501));
#15009=CARTESIAN_POINT('Ctrl Pts',(-5.02821500226519,-2.22938508891914,
-18.501));
#15010=CARTESIAN_POINT('Ctrl Pts',(-5.11249377175442,-2.12727811819179,
-18.501));
#15011=CARTESIAN_POINT('',(-4.93421175937334,-2.73181621472037,-18.5));
#15012=CARTESIAN_POINT('Ctrl Pts',(-5.11897675402283,-3.33635431124895,
-18.5));
#15013=CARTESIAN_POINT('Ctrl Pts',(-5.11897675402283,-3.33635431124895,
-18.501));
#15014=CARTESIAN_POINT('Ctrl Pts',(-5.03307723896649,-3.23424734052161,
-18.5));
#15015=CARTESIAN_POINT('Ctrl Pts',(-5.03307723896649,-3.23424734052161,
-18.501));
#15016=CARTESIAN_POINT('Ctrl Pts',(-4.93421175937334,-2.93765090174217,
-18.5));
#15017=CARTESIAN_POINT('Ctrl Pts',(-4.93421175937334,-2.93765090174217,
-18.501));
#15018=CARTESIAN_POINT('Ctrl Pts',(-4.93421175937334,-2.73181621472037,
-18.5));
#15019=CARTESIAN_POINT('Ctrl Pts',(-4.93421175937334,-2.73181621472037,
-18.501));
#15020=CARTESIAN_POINT('',(-5.11897675402283,-3.33635431124895,-18.5));
#15021=CARTESIAN_POINT('Ctrl Pts',(-4.93421175937334,-2.73181621472037,
-18.5));
#15022=CARTESIAN_POINT('Ctrl Pts',(-4.93421175937334,-2.93765090174217,
-18.5));
#15023=CARTESIAN_POINT('Ctrl Pts',(-5.03307723896649,-3.23424734052161,
-18.5));
#15024=CARTESIAN_POINT('Ctrl Pts',(-5.11897675402283,-3.33635431124895,
-18.5));
#15025=CARTESIAN_POINT('',(-5.11897675402283,-3.33635431124895,-18.501));
#15026=CARTESIAN_POINT('Ctrl Pts',(-5.11897675402283,-3.33635431124895,
-18.501));
#15027=CARTESIAN_POINT('Ctrl Pts',(-5.03307723896649,-3.23424734052161,
-18.501));
#15028=CARTESIAN_POINT('Ctrl Pts',(-4.93421175937334,-2.93765090174217,
-18.501));
#15029=CARTESIAN_POINT('Ctrl Pts',(-4.93421175937334,-2.73181621472037,
-18.501));
#15030=CARTESIAN_POINT('',(-5.11897675402283,-3.33635431124895,-18.5));
#15031=CARTESIAN_POINT('Ctrl Pts',(-5.55495731157293,-3.53570601600234,
-18.5));
#15032=CARTESIAN_POINT('Ctrl Pts',(-5.55495731157293,-3.53570601600234,
-18.501));
#15033=CARTESIAN_POINT('Ctrl Pts',(-5.42853915733907,-3.53570601600234,
-18.5));
#15034=CARTESIAN_POINT('Ctrl Pts',(-5.42853915733907,-3.53570601600234,
-18.501));
#15035=CARTESIAN_POINT('Ctrl Pts',(-5.20325552351207,-3.4352197908421,-18.5));
#15036=CARTESIAN_POINT('Ctrl Pts',(-5.20325552351207,-3.4352197908421,-18.501));
#15037=CARTESIAN_POINT('Ctrl Pts',(-5.11897675402283,-3.33635431124895,
-18.5));
#15038=CARTESIAN_POINT('Ctrl Pts',(-5.11897675402283,-3.33635431124895,
-18.501));
#15039=CARTESIAN_POINT('',(-5.55495731157293,-3.53570601600234,-18.5));
#15040=CARTESIAN_POINT('Ctrl Pts',(-5.11897675402283,-3.33635431124895,
-18.5));
#15041=CARTESIAN_POINT('Ctrl Pts',(-5.20325552351207,-3.4352197908421,-18.5));
#15042=CARTESIAN_POINT('Ctrl Pts',(-5.42853915733907,-3.53570601600234,
-18.5));
#15043=CARTESIAN_POINT('Ctrl Pts',(-5.55495731157293,-3.53570601600234,
-18.5));
#15044=CARTESIAN_POINT('',(-5.55495731157293,-3.53570601600234,-18.501));
#15045=CARTESIAN_POINT('Ctrl Pts',(-5.55495731157293,-3.53570601600234,
-18.501));
#15046=CARTESIAN_POINT('Ctrl Pts',(-5.42853915733907,-3.53570601600234,
-18.501));
#15047=CARTESIAN_POINT('Ctrl Pts',(-5.20325552351207,-3.4352197908421,-18.501));
#15048=CARTESIAN_POINT('Ctrl Pts',(-5.11897675402283,-3.33635431124895,
-18.501));
#15049=CARTESIAN_POINT('',(-5.55495731157293,-3.53570601600234,-18.5));
#15050=CARTESIAN_POINT('Ctrl Pts',(-5.94231550211001,-3.4368405364092,-18.5));
#15051=CARTESIAN_POINT('Ctrl Pts',(-5.94231550211001,-3.4368405364092,-18.501));
#15052=CARTESIAN_POINT('Ctrl Pts',(-5.86614046045627,-3.47897992115382,
-18.5));
#15053=CARTESIAN_POINT('Ctrl Pts',(-5.86614046045627,-3.47897992115382,
-18.501));
#15054=CARTESIAN_POINT('Ctrl Pts',(-5.67003024683708,-3.53570601600234,
-18.5));
#15055=CARTESIAN_POINT('Ctrl Pts',(-5.67003024683708,-3.53570601600234,
-18.501));
#15056=CARTESIAN_POINT('Ctrl Pts',(-5.55495731157293,-3.53570601600234,
-18.5));
#15057=CARTESIAN_POINT('Ctrl Pts',(-5.55495731157293,-3.53570601600234,
-18.501));
#15058=CARTESIAN_POINT('',(-5.94231550211001,-3.4368405364092,-18.5));
#15059=CARTESIAN_POINT('Ctrl Pts',(-5.55495731157293,-3.53570601600234,
-18.5));
#15060=CARTESIAN_POINT('Ctrl Pts',(-5.67003024683708,-3.53570601600234,
-18.5));
#15061=CARTESIAN_POINT('Ctrl Pts',(-5.86614046045627,-3.47897992115382,
-18.5));
#15062=CARTESIAN_POINT('Ctrl Pts',(-5.94231550211001,-3.4368405364092,-18.5));
#15063=CARTESIAN_POINT('',(-5.94231550211001,-3.4368405364092,-18.501));
#15064=CARTESIAN_POINT('Ctrl Pts',(-5.94231550211001,-3.4368405364092,-18.501));
#15065=CARTESIAN_POINT('Ctrl Pts',(-5.86614046045627,-3.47897992115382,
-18.501));
#15066=CARTESIAN_POINT('Ctrl Pts',(-5.67003024683708,-3.53570601600234,
-18.501));
#15067=CARTESIAN_POINT('Ctrl Pts',(-5.55495731157293,-3.53570601600234,
-18.501));
#15068=CARTESIAN_POINT('',(-5.94231550211001,-3.4368405364092,-18.5));
#15069=CARTESIAN_POINT('Ctrl Pts',(-6.15463317140021,-3.27638672526622,
-18.5));
#15070=CARTESIAN_POINT('Ctrl Pts',(-6.15463317140021,-3.27638672526622,
-18.501));
#15071=CARTESIAN_POINT('Ctrl Pts',(-6.12383900562529,-3.30718089104114,
-18.5));
#15072=CARTESIAN_POINT('Ctrl Pts',(-6.12383900562529,-3.30718089104114,
-18.501));
#15073=CARTESIAN_POINT('Ctrl Pts',(-6.01524905262954,-3.39470115166458,
-18.5));
#15074=CARTESIAN_POINT('Ctrl Pts',(-6.01524905262954,-3.39470115166458,
-18.501));
#15075=CARTESIAN_POINT('Ctrl Pts',(-5.94231550211001,-3.4368405364092,-18.5));
#15076=CARTESIAN_POINT('Ctrl Pts',(-5.94231550211001,-3.4368405364092,-18.501));
#15077=CARTESIAN_POINT('',(-6.1546331714002,-3.27638672526622,-18.5));
#15078=CARTESIAN_POINT('Ctrl Pts',(-5.94231550211001,-3.4368405364092,-18.5));
#15079=CARTESIAN_POINT('Ctrl Pts',(-6.01524905262954,-3.39470115166458,
-18.5));
#15080=CARTESIAN_POINT('Ctrl Pts',(-6.12383900562529,-3.30718089104114,
-18.5));
#15081=CARTESIAN_POINT('Ctrl Pts',(-6.15463317140021,-3.27638672526622,
-18.5));
#15082=CARTESIAN_POINT('',(-6.1546331714002,-3.27638672526622,-18.501));
#15083=CARTESIAN_POINT('Ctrl Pts',(-6.15463317140021,-3.27638672526622,
-18.501));
#15084=CARTESIAN_POINT('Ctrl Pts',(-6.12383900562529,-3.30718089104114,
-18.501));
#15085=CARTESIAN_POINT('Ctrl Pts',(-6.01524905262954,-3.39470115166458,
-18.501));
#15086=CARTESIAN_POINT('Ctrl Pts',(-5.94231550211001,-3.4368405364092,-18.501));
#15087=CARTESIAN_POINT('',(-6.1546331714002,-3.27638672526622,-18.5));
#15088=CARTESIAN_POINT('Origin',(-6.17408211820542,-3.27638672526622,-18.5));
#15089=CARTESIAN_POINT('',(-6.17408211820542,-3.27638672526622,-18.5));
#15090=CARTESIAN_POINT('',(-3.08704105910271,-3.27638672526622,-18.5));
#15091=CARTESIAN_POINT('',(-6.17408211820542,-3.27638672526622,-18.501));
#15092=CARTESIAN_POINT('',(-6.15463317140021,-3.27638672526622,-18.501));
#15093=CARTESIAN_POINT('',(-6.17408211820542,-3.27638672526622,-18.5));
#15094=CARTESIAN_POINT('Origin',(-6.17408211820542,-3.59405285641797,-18.5));
#15095=CARTESIAN_POINT('',(-6.17408211820542,-3.59405285641797,-18.5));
#15096=CARTESIAN_POINT('',(-6.17408211820542,-1.79702642820899,-18.5));
#15097=CARTESIAN_POINT('',(-6.17408211820542,-3.59405285641797,-18.501));
#15098=CARTESIAN_POINT('',(-6.17408211820542,-3.27638672526622,-18.501));
#15099=CARTESIAN_POINT('',(-6.17408211820542,-3.59405285641797,-18.5));
#15100=CARTESIAN_POINT('Ctrl Pts',(-5.90827984520089,-3.70750504611502,
-18.5));
#15101=CARTESIAN_POINT('Ctrl Pts',(-5.90827984520089,-3.70750504611502,
-18.501));
#15102=CARTESIAN_POINT('Ctrl Pts',(-5.99093786912303,-3.68157311704141,
-18.5));
#15103=CARTESIAN_POINT('Ctrl Pts',(-5.99093786912303,-3.68157311704141,
-18.501));
#15104=CARTESIAN_POINT('Ctrl Pts',(-6.10763154995428,-3.62484702219289,
-18.5));
#15105=CARTESIAN_POINT('Ctrl Pts',(-6.10763154995428,-3.62484702219289,
-18.501));
#15106=CARTESIAN_POINT('Ctrl Pts',(-6.17408211820542,-3.59405285641797,
-18.5));
#15107=CARTESIAN_POINT('Ctrl Pts',(-6.17408211820542,-3.59405285641797,
-18.501));
#15108=CARTESIAN_POINT('',(-5.90827984520089,-3.70750504611502,-18.5));
#15109=CARTESIAN_POINT('Ctrl Pts',(-6.17408211820542,-3.59405285641797,
-18.5));
#15110=CARTESIAN_POINT('Ctrl Pts',(-6.10763154995428,-3.62484702219289,
-18.5));
#15111=CARTESIAN_POINT('Ctrl Pts',(-5.99093786912303,-3.68157311704141,
-18.5));
#15112=CARTESIAN_POINT('Ctrl Pts',(-5.90827984520089,-3.70750504611502,
-18.5));
#15113=CARTESIAN_POINT('',(-5.90827984520089,-3.70750504611502,-18.501));
#15114=CARTESIAN_POINT('Ctrl Pts',(-5.90827984520089,-3.70750504611502,
-18.501));
#15115=CARTESIAN_POINT('Ctrl Pts',(-5.99093786912303,-3.68157311704141,
-18.501));
#15116=CARTESIAN_POINT('Ctrl Pts',(-6.10763154995428,-3.62484702219289,
-18.501));
#15117=CARTESIAN_POINT('Ctrl Pts',(-6.17408211820542,-3.59405285641797,
-18.501));
#15118=CARTESIAN_POINT('',(-5.90827984520089,-3.70750504611502,-18.5));
#15119=CARTESIAN_POINT('Ctrl Pts',(-5.55171582043873,-3.76585188653065,
-18.5));
#15120=CARTESIAN_POINT('Ctrl Pts',(-5.55171582043873,-3.76585188653065,
-18.501));
#15121=CARTESIAN_POINT('Ctrl Pts',(-5.67165099240418,-3.76585188653065,
-18.5));
#15122=CARTESIAN_POINT('Ctrl Pts',(-5.67165099240418,-3.76585188653065,
-18.501));
#15123=CARTESIAN_POINT('Ctrl Pts',(-5.82075958457745,-3.73667846632284,
-18.5));
#15124=CARTESIAN_POINT('Ctrl Pts',(-5.82075958457745,-3.73667846632284,
-18.501));
#15125=CARTESIAN_POINT('Ctrl Pts',(-5.90827984520089,-3.70750504611502,
-18.5));
#15126=CARTESIAN_POINT('Ctrl Pts',(-5.90827984520089,-3.70750504611502,
-18.501));
#15127=CARTESIAN_POINT('',(-5.55171582043873,-3.76585188653065,-18.5));
#15128=CARTESIAN_POINT('Ctrl Pts',(-5.90827984520089,-3.70750504611502,
-18.5));
#15129=CARTESIAN_POINT('Ctrl Pts',(-5.82075958457745,-3.73667846632284,
-18.5));
#15130=CARTESIAN_POINT('Ctrl Pts',(-5.67165099240418,-3.76585188653065,
-18.5));
#15131=CARTESIAN_POINT('Ctrl Pts',(-5.55171582043873,-3.76585188653065,
-18.5));
#15132=CARTESIAN_POINT('',(-5.55171582043873,-3.76585188653065,-18.501));
#15133=CARTESIAN_POINT('Ctrl Pts',(-5.55171582043873,-3.76585188653065,
-18.501));
#15134=CARTESIAN_POINT('Ctrl Pts',(-5.67165099240418,-3.76585188653065,
-18.501));
#15135=CARTESIAN_POINT('Ctrl Pts',(-5.82075958457745,-3.73667846632284,
-18.501));
#15136=CARTESIAN_POINT('Ctrl Pts',(-5.90827984520089,-3.70750504611502,
-18.501));
#15137=CARTESIAN_POINT('',(-5.55171582043873,-3.76585188653065,-18.5));
#15138=CARTESIAN_POINT('Ctrl Pts',(-4.90827983029973,-3.50329110466033,
-18.5));
#15139=CARTESIAN_POINT('Ctrl Pts',(-4.90827983029973,-3.50329110466033,
-18.501));
#15140=CARTESIAN_POINT('Ctrl Pts',(-5.02821500226519,-3.63457149559549,
-18.5));
#15141=CARTESIAN_POINT('Ctrl Pts',(-5.02821500226519,-3.63457149559549,
-18.501));
#15142=CARTESIAN_POINT('Ctrl Pts',(-5.35722635238664,-3.76585188653065,
-18.5));
#15143=CARTESIAN_POINT('Ctrl Pts',(-5.35722635238664,-3.76585188653065,
-18.501));
#15144=CARTESIAN_POINT('Ctrl Pts',(-5.55171582043873,-3.76585188653065,
-18.5));
#15145=CARTESIAN_POINT('Ctrl Pts',(-5.55171582043873,-3.76585188653065,
-18.501));
#15146=CARTESIAN_POINT('Ctrl Pts',(-5.55171582043873,-3.76585188653065,
-18.5));
#15147=CARTESIAN_POINT('Ctrl Pts',(-5.35722635238664,-3.76585188653065,
-18.5));
#15148=CARTESIAN_POINT('Ctrl Pts',(-5.02821500226519,-3.63457149559549,
-18.5));
#15149=CARTESIAN_POINT('Ctrl Pts',(-4.90827983029973,-3.50329110466033,
-18.5));
#15150=CARTESIAN_POINT('Ctrl Pts',(-4.90827983029973,-3.50329110466033,
-18.501));
#15151=CARTESIAN_POINT('Ctrl Pts',(-5.02821500226519,-3.63457149559549,
-18.501));
#15152=CARTESIAN_POINT('Ctrl Pts',(-5.35722635238664,-3.76585188653065,
-18.501));
#15153=CARTESIAN_POINT('Ctrl Pts',(-5.55171582043873,-3.76585188653065,
-18.501));
#15154=CARTESIAN_POINT('Origin',(-5.3962629681647,-2.72994967762649,-18.501));
#15155=CARTESIAN_POINT('Origin',(0.,0.,-18.5));
#15156=CARTESIAN_POINT('',(13.,-1.59204083889156E-15,-18.5));
#15157=CARTESIAN_POINT('Origin',(0.,0.,-18.5));
#15158=CARTESIAN_POINT('Origin',(0.,0.,-18.5));
#15159=CARTESIAN_POINT('Origin',(0.,0.,-18.5));
#15160=CARTESIAN_POINT('Origin',(0.,0.,-18.5));
#15161=CARTESIAN_POINT('Origin',(0.,0.,-18.5));
#15162=CARTESIAN_POINT('Origin',(0.,0.,-18.5));
#15163=CARTESIAN_POINT('Origin',(0.,0.,-18.5));
#15164=CARTESIAN_POINT('Origin',(0.,0.,-18.5));
#15165=CARTESIAN_POINT('Origin',(0.,0.,-18.5));
#15166=CARTESIAN_POINT('Origin',(0.,0.,-18.5));
#15167=CARTESIAN_POINT('Origin',(0.,0.,-18.5));
#15168=CARTESIAN_POINT('Origin',(0.,0.,-18.5));
#15169=CARTESIAN_POINT('Origin',(0.,0.,-18.45));
#15170=CARTESIAN_POINT('',(13.,-1.59204083889156E-15,-18.45));
#15171=CARTESIAN_POINT('',(13.,-1.59204083889156E-15,-18.45));
#15172=CARTESIAN_POINT('Origin',(0.,0.,-18.45));
#15173=CARTESIAN_POINT('Origin',(0.,0.,-18.5));
#15174=CARTESIAN_POINT('Origin',(0.,0.,-18.45));
#15175=UNCERTAINTY_MEASURE_WITH_UNIT(LENGTH_MEASURE(0.01),#15179,
'DISTANCE_ACCURACY_VALUE',
'Maximum model space distance between geometric entities at asserted c
onnectivities');
#15176=UNCERTAINTY_MEASURE_WITH_UNIT(LENGTH_MEASURE(0.01),#15179,
'DISTANCE_ACCURACY_VALUE',
'Maximum model space distance between geometric entities at asserted c
onnectivities');
#15177=(
GEOMETRIC_REPRESENTATION_CONTEXT(3)
GLOBAL_UNCERTAINTY_ASSIGNED_CONTEXT((#15175))
GLOBAL_UNIT_ASSIGNED_CONTEXT((#15179,#15181,#15182))
REPRESENTATION_CONTEXT('','3D')
);
#15178=(
GEOMETRIC_REPRESENTATION_CONTEXT(3)
GLOBAL_UNCERTAINTY_ASSIGNED_CONTEXT((#15176))
GLOBAL_UNIT_ASSIGNED_CONTEXT((#15179,#15181,#15182))
REPRESENTATION_CONTEXT('','3D')
);
#15179=(
LENGTH_UNIT()
NAMED_UNIT(*)
SI_UNIT(.MILLI.,.METRE.)
);
#15180=(
LENGTH_UNIT()
NAMED_UNIT(*)
SI_UNIT(.CENTI.,.METRE.)
);
#15181=(
NAMED_UNIT(*)
PLANE_ANGLE_UNIT()
SI_UNIT($,.RADIAN.)
);
#15182=(
NAMED_UNIT(*)
SI_UNIT($,.STERADIAN.)
SOLID_ANGLE_UNIT()
);
#15183=SHAPE_DEFINITION_REPRESENTATION(#15184,#15185);
#15184=PRODUCT_DEFINITION_SHAPE('',$,#15187);
#15185=SHAPE_REPRESENTATION('',(#8486),#15177);
#15186=PRODUCT_DEFINITION_CONTEXT('part definition',#15191,'design');
#15187=PRODUCT_DEFINITION('Stepper motor 28-BYJ48',
'Stepper motor 28-BYJ48',#15188,#15186);
#15188=PRODUCT_DEFINITION_FORMATION('',$,#15193);
#15189=PRODUCT_RELATED_PRODUCT_CATEGORY('Stepper motor 28-BYJ48',
'Stepper motor 28-BYJ48',(#15193));
#15190=APPLICATION_PROTOCOL_DEFINITION('international standard',
'automotive_design',2009,#15191);
#15191=APPLICATION_CONTEXT(
'Core Data for Automotive Mechanical Design Process');
#15192=PRODUCT_CONTEXT('part definition',#15191,'mechanical');
#15193=PRODUCT('Stepper motor 28-BYJ48','Stepper motor 28-BYJ48',$,(#15192));
#15194=PRESENTATION_STYLE_ASSIGNMENT((#15204));
#15195=PRESENTATION_STYLE_ASSIGNMENT((#15205));
#15196=PRESENTATION_STYLE_ASSIGNMENT((#15206));
#15197=PRESENTATION_STYLE_ASSIGNMENT((#15207));
#15198=PRESENTATION_STYLE_ASSIGNMENT((#15208));
#15199=PRESENTATION_STYLE_ASSIGNMENT((#15209));
#15200=PRESENTATION_STYLE_ASSIGNMENT((#15210));
#15201=PRESENTATION_STYLE_ASSIGNMENT((#15211));
#15202=PRESENTATION_STYLE_ASSIGNMENT((#15212));
#15203=PRESENTATION_STYLE_ASSIGNMENT((#15213));
#15204=SURFACE_STYLE_USAGE(.BOTH.,#15234);
#15205=SURFACE_STYLE_USAGE(.BOTH.,#15235);
#15206=SURFACE_STYLE_USAGE(.BOTH.,#15236);
#15207=SURFACE_STYLE_USAGE(.BOTH.,#15237);
#15208=SURFACE_STYLE_USAGE(.BOTH.,#15238);
#15209=SURFACE_STYLE_USAGE(.BOTH.,#15239);
#15210=SURFACE_STYLE_USAGE(.BOTH.,#15240);
#15211=SURFACE_STYLE_USAGE(.BOTH.,#15241);
#15212=SURFACE_STYLE_USAGE(.BOTH.,#15242);
#15213=SURFACE_STYLE_USAGE(.BOTH.,#15243);
#15214=SURFACE_STYLE_RENDERING_WITH_PROPERTIES($,#15274,(#15224));
#15215=SURFACE_STYLE_RENDERING_WITH_PROPERTIES($,#15275,(#15225));
#15216=SURFACE_STYLE_RENDERING_WITH_PROPERTIES($,#15276,(#15226));
#15217=SURFACE_STYLE_RENDERING_WITH_PROPERTIES($,#15277,(#15227));
#15218=SURFACE_STYLE_RENDERING_WITH_PROPERTIES($,#15278,(#15228));
#15219=SURFACE_STYLE_RENDERING_WITH_PROPERTIES($,#15279,(#15229));
#15220=SURFACE_STYLE_RENDERING_WITH_PROPERTIES($,#15280,(#15230));
#15221=SURFACE_STYLE_RENDERING_WITH_PROPERTIES($,#15281,(#15231));
#15222=SURFACE_STYLE_RENDERING_WITH_PROPERTIES($,#15282,(#15232));
#15223=SURFACE_STYLE_RENDERING_WITH_PROPERTIES($,#15283,(#15233));
#15224=SURFACE_STYLE_TRANSPARENT(0.);
#15225=SURFACE_STYLE_TRANSPARENT(0.);
#15226=SURFACE_STYLE_TRANSPARENT(0.);
#15227=SURFACE_STYLE_TRANSPARENT(0.);
#15228=SURFACE_STYLE_TRANSPARENT(0.);
#15229=SURFACE_STYLE_TRANSPARENT(0.);
#15230=SURFACE_STYLE_TRANSPARENT(0.);
#15231=SURFACE_STYLE_TRANSPARENT(0.);
#15232=SURFACE_STYLE_TRANSPARENT(0.);
#15233=SURFACE_STYLE_TRANSPARENT(0.);
#15234=SURFACE_SIDE_STYLE('',(#15244,#15214));
#15235=SURFACE_SIDE_STYLE('',(#15245,#15215));
#15236=SURFACE_SIDE_STYLE('',(#15246,#15216));
#15237=SURFACE_SIDE_STYLE('',(#15247,#15217));
#15238=SURFACE_SIDE_STYLE('',(#15248,#15218));
#15239=SURFACE_SIDE_STYLE('',(#15249,#15219));
#15240=SURFACE_SIDE_STYLE('',(#15250,#15220));
#15241=SURFACE_SIDE_STYLE('',(#15251,#15221));
#15242=SURFACE_SIDE_STYLE('',(#15252,#15222));
#15243=SURFACE_SIDE_STYLE('',(#15253,#15223));
#15244=SURFACE_STYLE_FILL_AREA(#15254);
#15245=SURFACE_STYLE_FILL_AREA(#15255);
#15246=SURFACE_STYLE_FILL_AREA(#15256);
#15247=SURFACE_STYLE_FILL_AREA(#15257);
#15248=SURFACE_STYLE_FILL_AREA(#15258);
#15249=SURFACE_STYLE_FILL_AREA(#15259);
#15250=SURFACE_STYLE_FILL_AREA(#15260);
#15251=SURFACE_STYLE_FILL_AREA(#15261);
#15252=SURFACE_STYLE_FILL_AREA(#15262);
#15253=SURFACE_STYLE_FILL_AREA(#15263);
#15254=FILL_AREA_STYLE('',(#15264));
#15255=FILL_AREA_STYLE('',(#15265));
#15256=FILL_AREA_STYLE('',(#15266));
#15257=FILL_AREA_STYLE('',(#15267));
#15258=FILL_AREA_STYLE('',(#15268));
#15259=FILL_AREA_STYLE('',(#15269));
#15260=FILL_AREA_STYLE('',(#15270));
#15261=FILL_AREA_STYLE('',(#15271));
#15262=FILL_AREA_STYLE('',(#15272));
#15263=FILL_AREA_STYLE('',(#15273));
#15264=FILL_AREA_STYLE_COLOUR('',#15274);
#15265=FILL_AREA_STYLE_COLOUR('',#15275);
#15266=FILL_AREA_STYLE_COLOUR('',#15276);
#15267=FILL_AREA_STYLE_COLOUR('',#15277);
#15268=FILL_AREA_STYLE_COLOUR('',#15278);
#15269=FILL_AREA_STYLE_COLOUR('',#15279);
#15270=FILL_AREA_STYLE_COLOUR('',#15280);
#15271=FILL_AREA_STYLE_COLOUR('',#15281);
#15272=FILL_AREA_STYLE_COLOUR('',#15282);
#15273=FILL_AREA_STYLE_COLOUR('',#15283);
#15274=COLOUR_RGB('',0.745098039215686,0.737254901960784,0.729411764705882);
#15275=COLOUR_RGB('',1.,0.968627450980392,0.725490196078431);
#15276=COLOUR_RGB('',0.796078431372549,0.603921568627451,0.231372549019608);
#15277=COLOUR_RGB('',0.0941176470588235,0.145098039215686,0.972549019607843);
#15278=COLOUR_RGB('',1.,0.501960784313725,0.749019607843137);
#15279=COLOUR_RGB('',0.698039215686274,0.,0.);
#15280=COLOUR_RGB('',0.866666666666667,0.486274509803922,0.0588235294117647);
#15281=COLOUR_RGB('',0.866666666666667,0.866666666666667,0.0509803921568627);
#15282=COLOUR_RGB('',1.,0.996078431372549,0.964705882352941);
#15283=COLOUR_RGB('',0.0392156862745098,0.0392156862745098,0.0392156862745098);
ENDSEC;
END-ISO-10303-21;
