ISO-10303-21;
HEADER;
FILE_DESCRIPTION(('KiCad electronic assembly'),'2;1');
FILE_NAME('CARTE ELEC MEC 07.step','2026-08-07T02:13:15',('Pcbnew'),(
    'Kicad'),'Open CASCADE STEP processor 7.9','KiCad to STEP converter'
  ,'Unknown');
FILE_SCHEMA(('AUTOMOTIVE_DESIGN { 1 0 10303 214 1 1 1 1 }'));
ENDSEC;
DATA;
#1 = APPLICATION_PROTOCOL_DEFINITION('international standard',
  'automotive_design',2000,#2);
#2 = APPLICATION_CONTEXT(
  'core data for automotive mechanical design processes');
#3 = SHAPE_DEFINITION_REPRESENTATION(#4,#10);
#4 = PRODUCT_DEFINITION_SHAPE('','',#5);
#5 = PRODUCT_DEFINITION('design','',#6,#9);
#6 = PRODUCT_DEFINITION_FORMATION('','',#7);
#7 = PRODUCT('CARTE ELEC MEC 07 1','CARTE ELEC MEC 07 1','',(#8));
#8 = PRODUCT_CONTEXT('',#2,'mechanical');
#9 = PRODUCT_DEFINITION_CONTEXT('part definition',#2,'design');
#10 = SHAPE_REPRESENTATION('',(#11,#15,#19,#23,#27,#31,#35,#39,#43,#47,
    #51,#55,#59,#63,#67,#71,#75,#79,#83,#87,#91,#95,#99,#103,#107,#111,
    #115,#119,#123,#127,#131,#135,#139,#143,#147),#151);
#11 = AXIS2_PLACEMENT_3D('',#12,#13,#14);
#12 = CARTESIAN_POINT('',(0.,0.,0.));
#13 = DIRECTION('',(0.,0.,1.));
#14 = DIRECTION('',(1.,0.,-0.));
#15 = AXIS2_PLACEMENT_3D('',#16,#17,#18);
#16 = CARTESIAN_POINT('',(178.575,-77.305,1.595));
#17 = DIRECTION('',(0.,-0.,1.));
#18 = DIRECTION('',(1.110223024625E-16,1.,0.));
#19 = AXIS2_PLACEMENT_3D('',#20,#21,#22);
#20 = CARTESIAN_POINT('',(166.775,-58.15,1.595));
#21 = DIRECTION('',(0.,-0.,1.));
#22 = DIRECTION('',(1.110223024625E-16,1.,0.));
#23 = AXIS2_PLACEMENT_3D('',#24,#25,#26);
#24 = CARTESIAN_POINT('',(143.825,-69.685,1.595));
#25 = DIRECTION('',(0.,-0.,1.));
#26 = DIRECTION('',(1.110223024625E-16,1.,0.));
#27 = AXIS2_PLACEMENT_3D('',#28,#29,#30);
#28 = CARTESIAN_POINT('',(143.825,-91.455,1.595));
#29 = DIRECTION('',(0.,-0.,1.));
#30 = DIRECTION('',(1.110223024625E-16,1.,0.));
#31 = AXIS2_PLACEMENT_3D('',#32,#33,#34);
#32 = CARTESIAN_POINT('',(186.025,-67.6,1.595));
#33 = DIRECTION('',(0.,0.,1.));
#34 = DIRECTION('',(1.,0.,0.));
#35 = AXIS2_PLACEMENT_3D('',#36,#37,#38);
#36 = CARTESIAN_POINT('',(186.05,-81.75,1.595));
#37 = DIRECTION('',(0.,0.,1.));
#38 = DIRECTION('',(1.,0.,0.));
#39 = AXIS2_PLACEMENT_3D('',#40,#41,#42);
#40 = CARTESIAN_POINT('',(178.525,-91.465,1.595));
#41 = DIRECTION('',(0.,-0.,1.));
#42 = DIRECTION('',(1.110223024625E-16,1.,0.));
#43 = AXIS2_PLACEMENT_3D('',#44,#45,#46);
#44 = CARTESIAN_POINT('',(168.675,-74.545,1.595));
#45 = DIRECTION('',(0.,0.,1.));
#46 = DIRECTION('',(1.,0.,0.));
#47 = AXIS2_PLACEMENT_3D('',#48,#49,#50);
#48 = CARTESIAN_POINT('',(161.15,-77.175,1.595));
#49 = DIRECTION('',(0.,-0.,1.));
#50 = DIRECTION('',(1.110223024625E-16,1.,0.));
#51 = AXIS2_PLACEMENT_3D('',#52,#53,#54);
#52 = CARTESIAN_POINT('',(178.55,-84.38,1.595));
#53 = DIRECTION('',(0.,-0.,1.));
#54 = DIRECTION('',(1.110223024625E-16,1.,0.));
#55 = AXIS2_PLACEMENT_3D('',#56,#57,#58);
#56 = CARTESIAN_POINT('',(151.25,-88.8,1.595));
#57 = DIRECTION('',(0.,0.,1.));
#58 = DIRECTION('',(1.,0.,0.));
#59 = AXIS2_PLACEMENT_3D('',#60,#61,#62);
#60 = CARTESIAN_POINT('',(161.2,-84.475,1.595));
#61 = DIRECTION('',(0.,-0.,1.));
#62 = DIRECTION('',(1.110223024625E-16,1.,0.));
#63 = AXIS2_PLACEMENT_3D('',#64,#65,#66);
#64 = CARTESIAN_POINT('',(168.7,-67.3,1.595));
#65 = DIRECTION('',(0.,0.,1.));
#66 = DIRECTION('',(1.,0.,0.));
#67 = AXIS2_PLACEMENT_3D('',#68,#69,#70);
#68 = CARTESIAN_POINT('',(151.25,-81.625,1.595));
#69 = DIRECTION('',(0.,0.,1.));
#70 = DIRECTION('',(1.,0.,0.));
#71 = AXIS2_PLACEMENT_3D('',#72,#73,#74);
#72 = CARTESIAN_POINT('',(143.825,-84.255,1.595));
#73 = DIRECTION('',(0.,-0.,1.));
#74 = DIRECTION('',(1.110223024625E-16,1.,0.));
#75 = AXIS2_PLACEMENT_3D('',#76,#77,#78);
#76 = CARTESIAN_POINT('',(168.775,-88.895,1.595));
#77 = DIRECTION('',(0.,0.,1.));
#78 = DIRECTION('',(1.,0.,0.));
#79 = AXIS2_PLACEMENT_3D('',#80,#81,#82);
#80 = CARTESIAN_POINT('',(151.25,-74.4,1.595));
#81 = DIRECTION('',(0.,0.,1.));
#82 = DIRECTION('',(1.,0.,0.));
#83 = AXIS2_PLACEMENT_3D('',#84,#85,#86);
#84 = CARTESIAN_POINT('',(143.825,-77.03,1.595));
#85 = DIRECTION('',(0.,-0.,1.));
#86 = DIRECTION('',(1.110223024625E-16,1.,0.));
#87 = AXIS2_PLACEMENT_3D('',#88,#89,#90);
#88 = CARTESIAN_POINT('',(186.025,-88.825,1.595));
#89 = DIRECTION('',(0.,0.,1.));
#90 = DIRECTION('',(1.,0.,0.));
#91 = AXIS2_PLACEMENT_3D('',#92,#93,#94);
#92 = CARTESIAN_POINT('',(151.25,-67.2,1.595));
#93 = DIRECTION('',(0.,0.,1.));
#94 = DIRECTION('',(1.,0.,0.));
#95 = AXIS2_PLACEMENT_3D('',#96,#97,#98);
#96 = CARTESIAN_POINT('',(168.725,-81.82,1.595));
#97 = DIRECTION('',(0.,0.,1.));
#98 = DIRECTION('',(1.,0.,0.));
#99 = AXIS2_PLACEMENT_3D('',#100,#101,#102);
#100 = CARTESIAN_POINT('',(161.2,-91.55,1.595));
#101 = DIRECTION('',(0.,-0.,1.));
#102 = DIRECTION('',(1.110223024625E-16,1.,0.));
#103 = AXIS2_PLACEMENT_3D('',#104,#105,#106);
#104 = CARTESIAN_POINT('',(186.05,-74.675,1.595));
#105 = DIRECTION('',(0.,0.,1.));
#106 = DIRECTION('',(1.,0.,0.));
#107 = AXIS2_PLACEMENT_3D('',#108,#109,#110);
#108 = CARTESIAN_POINT('',(178.575,-70.255,1.595));
#109 = DIRECTION('',(0.,-0.,1.));
#110 = DIRECTION('',(1.110223024625E-16,1.,0.));
#111 = AXIS2_PLACEMENT_3D('',#112,#113,#114);
#112 = CARTESIAN_POINT('',(161.125,-69.95,1.595));
#113 = DIRECTION('',(0.,-0.,1.));
#114 = DIRECTION('',(1.110223024625E-16,1.,0.));
#115 = AXIS2_PLACEMENT_3D('',#116,#117,#118);
#116 = CARTESIAN_POINT('',(170.575,-54.45,-8.5E-02));
#117 = DIRECTION('',(1.224646799147E-16,-1.359631073447E-32,-1.));
#118 = DIRECTION('',(1.110223024625E-16,1.,0.));
#119 = AXIS2_PLACEMENT_3D('',#120,#121,#122);
#120 = CARTESIAN_POINT('',(174.175,-57.45,-8.5E-02));
#121 = DIRECTION('',(-1.224646799147E-16,-1.359631073447E-32,-1.));
#122 = DIRECTION('',(1.110223024625E-16,-1.,0.));
#123 = AXIS2_PLACEMENT_3D('',#124,#125,#126);
#124 = CARTESIAN_POINT('',(188.29,-62.275,-8.5E-02));
#125 = DIRECTION('',(1.224646799147E-16,-1.359631073447E-32,-1.));
#126 = DIRECTION('',(1.110223024625E-16,1.,0.));
#127 = AXIS2_PLACEMENT_3D('',#128,#129,#130);
#128 = CARTESIAN_POINT('',(170.525,-62.,-8.5E-02));
#129 = DIRECTION('',(1.224646799147E-16,-1.359631073447E-32,-1.));
#130 = DIRECTION('',(1.110223024625E-16,1.,0.));
#131 = AXIS2_PLACEMENT_3D('',#132,#133,#134);
#132 = CARTESIAN_POINT('',(178.925,-56.3,-8.5E-02));
#133 = DIRECTION('',(1.224646799147E-16,-1.359631073447E-32,-1.));
#134 = DIRECTION('',(1.110223024625E-16,1.,0.));
#135 = AXIS2_PLACEMENT_3D('',#136,#137,#138);
#136 = CARTESIAN_POINT('',(153.15,-61.85,-8.5E-02));
#137 = DIRECTION('',(1.224646799147E-16,-1.359631073447E-32,-1.));
#138 = DIRECTION('',(1.110223024625E-16,1.,0.));
#139 = AXIS2_PLACEMENT_3D('',#140,#141,#142);
#140 = CARTESIAN_POINT('',(187.05,-52.,-8.5E-02));
#141 = DIRECTION('',(-1.224646799147E-16,-1.359631073447E-32,-1.));
#142 = DIRECTION('',(1.110223024625E-16,-1.,0.));
#143 = AXIS2_PLACEMENT_3D('',#144,#145,#146);
#144 = CARTESIAN_POINT('',(174.175,-52.35,-8.5E-02));
#145 = DIRECTION('',(-1.224646799147E-16,-1.359631073447E-32,-1.));
#146 = DIRECTION('',(1.110223024625E-16,-1.,0.));
#147 = AXIS2_PLACEMENT_3D('',#148,#149,#150);
#148 = CARTESIAN_POINT('',(0.,0.,0.));
#149 = DIRECTION('',(0.,0.,1.));
#150 = DIRECTION('',(1.,0.,-0.));
#151 = ( GEOMETRIC_REPRESENTATION_CONTEXT(3) 
GLOBAL_UNCERTAINTY_ASSIGNED_CONTEXT((#155)) GLOBAL_UNIT_ASSIGNED_CONTEXT
((#152,#153,#154)) REPRESENTATION_CONTEXT('Context #1',
  '3D Context with UNIT and UNCERTAINTY') );
#152 = ( LENGTH_UNIT() NAMED_UNIT(*) SI_UNIT(.MILLI.,.METRE.) );
#153 = ( NAMED_UNIT(*) PLANE_ANGLE_UNIT() SI_UNIT($,.RADIAN.) );
#154 = ( NAMED_UNIT(*) SI_UNIT($,.STERADIAN.) SOLID_ANGLE_UNIT() );
#155 = UNCERTAINTY_MEASURE_WITH_UNIT(LENGTH_MEASURE(2.E-07),#152,
  'distance_accuracy_value','confusion accuracy');
#156 = PRODUCT_RELATED_PRODUCT_CATEGORY('part',$,(#7));
#157 = SHAPE_DEFINITION_REPRESENTATION(#158,#164);
#158 = PRODUCT_DEFINITION_SHAPE('','',#159);
#159 = PRODUCT_DEFINITION('design','',#160,#163);
#160 = PRODUCT_DEFINITION_FORMATION('','',#161);
#161 = PRODUCT('R_Axial_DIN0204_L3.6mm_D1.6mm_P5.08mm_Horizontal',
  'R_Axial_DIN0204_L3.6mm_D1.6mm_P5.08mm_Horizontal','',(#162));
#162 = PRODUCT_CONTEXT('',#2,'mechanical');
#163 = PRODUCT_DEFINITION_CONTEXT('part definition',#2,'design');
#164 = SHAPE_REPRESENTATION('',(#11,#165),#169);
#165 = AXIS2_PLACEMENT_3D('',#166,#167,#168);
#166 = CARTESIAN_POINT('',(0.,0.,0.));
#167 = DIRECTION('',(0.,0.,1.));
#168 = DIRECTION('',(1.,0.,-0.));
#169 = ( GEOMETRIC_REPRESENTATION_CONTEXT(3) 
GLOBAL_UNCERTAINTY_ASSIGNED_CONTEXT((#173)) GLOBAL_UNIT_ASSIGNED_CONTEXT
((#170,#171,#172)) REPRESENTATION_CONTEXT('Context #1',
  '3D Context with UNIT and UNCERTAINTY') );
#170 = ( LENGTH_UNIT() NAMED_UNIT(*) SI_UNIT(.MILLI.,.METRE.) );
#171 = ( NAMED_UNIT(*) PLANE_ANGLE_UNIT() SI_UNIT($,.RADIAN.) );
#172 = ( NAMED_UNIT(*) SI_UNIT($,.STERADIAN.) SOLID_ANGLE_UNIT() );
#173 = UNCERTAINTY_MEASURE_WITH_UNIT(LENGTH_MEASURE(1.E-07),#170,
  'distance_accuracy_value','confusion accuracy');
#174 = CONTEXT_DEPENDENT_SHAPE_REPRESENTATION(#175,#177);
#175 = ( REPRESENTATION_RELATIONSHIP('','',#164,#10) 
REPRESENTATION_RELATIONSHIP_WITH_TRANSFORMATION(#176) 
SHAPE_REPRESENTATION_RELATIONSHIP() );
#176 = ITEM_DEFINED_TRANSFORMATION('','',#11,#15);
#177 = PRODUCT_DEFINITION_SHAPE('Placement','Placement of an item',#178
  );
#178 = NEXT_ASSEMBLY_USAGE_OCCURRENCE('2','R19','',#5,#159,$);
#179 = PRODUCT_RELATED_PRODUCT_CATEGORY('part',$,(#161));
#180 = SHAPE_DEFINITION_REPRESENTATION(#181,#187);
#181 = PRODUCT_DEFINITION_SHAPE('','',#182);
#182 = PRODUCT_DEFINITION('design','',#183,#186);
#183 = PRODUCT_DEFINITION_FORMATION('','',#184);
#184 = PRODUCT('R_Axial_DIN0204_L36mm_D16mm_P508mm_Horizontal',
  'R_Axial_DIN0204_L36mm_D16mm_P508mm_Horizontal','',(#185));
#185 = PRODUCT_CONTEXT('',#2,'mechanical');
#186 = PRODUCT_DEFINITION_CONTEXT('part definition',#2,'design');
#187 = ADVANCED_BREP_SHAPE_REPRESENTATION('',(#11,#188),#719);
#188 = MANIFOLD_SOLID_BREP('',#189);
#189 = CLOSED_SHELL('',(#190,#223,#249,#269,#386,#411,#437,#457,#482,
    #507,#516,#542,#659,#685,#710));
#190 = ADVANCED_FACE('',(#191),#218,.T.);
#191 = FACE_BOUND('',#192,.T.);
#192 = EDGE_LOOP('',(#193,#202,#210,#217));
#193 = ORIENTED_EDGE('',*,*,#194,.T.);
#194 = EDGE_CURVE('',#195,#195,#197,.T.);
#195 = VERTEX_POINT('',#196);
#196 = CARTESIAN_POINT('',(1.14,0.8,0.8));
#197 = CIRCLE('',#198,0.8);
#198 = AXIS2_PLACEMENT_3D('',#199,#200,#201);
#199 = CARTESIAN_POINT('',(1.14,0.,0.8));
#200 = DIRECTION('',(1.,0.,0.));
#201 = DIRECTION('',(-0.,1.,0.));
#202 = ORIENTED_EDGE('',*,*,#203,.T.);
#203 = EDGE_CURVE('',#195,#204,#206,.T.);
#204 = VERTEX_POINT('',#205);
#205 = CARTESIAN_POINT('',(1.64,0.8,0.8));
#206 = LINE('',#207,#208);
#207 = CARTESIAN_POINT('',(0.74,0.8,0.8));
#208 = VECTOR('',#209,1.);
#209 = DIRECTION('',(1.,0.,0.));
#210 = ORIENTED_EDGE('',*,*,#211,.F.);
#211 = EDGE_CURVE('',#204,#204,#212,.T.);
#212 = CIRCLE('',#213,0.8);
#213 = AXIS2_PLACEMENT_3D('',#214,#215,#216);
#214 = CARTESIAN_POINT('',(1.64,0.,0.8));
#215 = DIRECTION('',(1.,0.,0.));
#216 = DIRECTION('',(-0.,1.,0.));
#217 = ORIENTED_EDGE('',*,*,#203,.F.);
#218 = CYLINDRICAL_SURFACE('',#219,0.8);
#219 = AXIS2_PLACEMENT_3D('',#220,#221,#222);
#220 = CARTESIAN_POINT('',(0.74,0.,0.8));
#221 = DIRECTION('',(-1.,-0.,-0.));
#222 = DIRECTION('',(0.,1.,0.));
#223 = ADVANCED_FACE('',(#224),#244,.T.);
#224 = FACE_BOUND('',#225,.T.);
#225 = EDGE_LOOP('',(#226,#235,#242,#243));
#226 = ORIENTED_EDGE('',*,*,#227,.T.);
#227 = EDGE_CURVE('',#228,#228,#230,.T.);
#228 = VERTEX_POINT('',#229);
#229 = CARTESIAN_POINT('',(0.74,0.4,0.8));
#230 = CIRCLE('',#231,0.4);
#231 = AXIS2_PLACEMENT_3D('',#232,#233,#234);
#232 = CARTESIAN_POINT('',(0.74,0.,0.8));
#233 = DIRECTION('',(1.,0.,0.));
#234 = DIRECTION('',(-0.,1.,0.));
#235 = ORIENTED_EDGE('',*,*,#236,.F.);
#236 = EDGE_CURVE('',#195,#228,#237,.T.);
#237 = CIRCLE('',#238,0.4);
#238 = AXIS2_PLACEMENT_3D('',#239,#240,#241);
#239 = CARTESIAN_POINT('',(1.14,0.4,0.8));
#240 = DIRECTION('',(0.,-0.,1.));
#241 = DIRECTION('',(0.,1.,0.));
#242 = ORIENTED_EDGE('',*,*,#194,.F.);
#243 = ORIENTED_EDGE('',*,*,#236,.T.);
#244 = TOROIDAL_SURFACE('',#245,0.4,0.4);
#245 = AXIS2_PLACEMENT_3D('',#246,#247,#248);
#246 = CARTESIAN_POINT('',(1.14,0.,0.8));
#247 = DIRECTION('',(-1.,0.,0.));
#248 = DIRECTION('',(0.,1.,0.));
#249 = ADVANCED_FACE('',(#250,#253),#264,.F.);
#250 = FACE_BOUND('',#251,.F.);
#251 = EDGE_LOOP('',(#252));
#252 = ORIENTED_EDGE('',*,*,#211,.F.);
#253 = FACE_BOUND('',#254,.F.);
#254 = EDGE_LOOP('',(#255));
#255 = ORIENTED_EDGE('',*,*,#256,.F.);
#256 = EDGE_CURVE('',#257,#257,#259,.T.);
#257 = VERTEX_POINT('',#258);
#258 = CARTESIAN_POINT('',(1.64,0.72,0.8));
#259 = CIRCLE('',#260,0.72);
#260 = AXIS2_PLACEMENT_3D('',#261,#262,#263);
#261 = CARTESIAN_POINT('',(1.64,0.,0.8));
#262 = DIRECTION('',(-1.,0.,0.));
#263 = DIRECTION('',(0.,1.,0.));
#264 = PLANE('',#265);
#265 = AXIS2_PLACEMENT_3D('',#266,#267,#268);
#266 = CARTESIAN_POINT('',(1.64,0.8,0.8));
#267 = DIRECTION('',(-1.,0.,0.));
#268 = DIRECTION('',(0.,0.,-1.));
#269 = ADVANCED_FACE('',(#270,#273),#381,.T.);
#270 = FACE_BOUND('',#271,.T.);
#271 = EDGE_LOOP('',(#272));
#272 = ORIENTED_EDGE('',*,*,#227,.F.);
#273 = FACE_BOUND('',#274,.T.);
#274 = EDGE_LOOP('',(#275));
#275 = ORIENTED_EDGE('',*,*,#276,.F.);
#276 = EDGE_CURVE('',#277,#277,#279,.T.);
#277 = VERTEX_POINT('',#278);
#278 = CARTESIAN_POINT('',(0.74,9.184850993605E-17,0.549899989998));
#279 = B_SPLINE_CURVE_WITH_KNOTS('',4,(#280,#281,#282,#283,#284,#285,
    #286,#287,#288,#289,#290,#291,#292,#293,#294,#295,#296,#297,#298,
    #299,#300,#301,#302,#303,#304,#305,#306,#307,#308,#309,#310,#311,
    #312,#313,#314,#315,#316,#317,#318,#319,#320,#321,#322,#323,#324,
    #325,#326,#327,#328,#329,#330,#331,#332,#333,#334,#335,#336,#337,
    #338,#339,#340,#341,#342,#343,#344,#345,#346,#347,#348,#349,#350,
    #351,#352,#353,#354,#355,#356,#357,#358,#359,#360,#361,#362,#363,
    #364,#365,#366,#367,#368,#369,#370,#371,#372,#373,#374,#375,#376,
    #377,#378,#379,#380),.UNSPECIFIED.,.T.,.F.,(1,4,3,3,3,3,3,3,3,3,3,3,
    3,3,3,3,3,3,3,3,3,3,3,3,3,3,3,3,3,3,3,3,3,3,4,1),(-4.2522324457E-02,
    0.,2.954854255424E-02,5.950725143879E-02,8.953239652948E-02,
    0.1196157841,0.149732114387,0.179853483798,0.209958258035,
    0.240033799606,0.270075422818,0.300083939965,0.330063238237,
    0.36001847489,0.38995496734,0.419877638599,0.449790835666,
    0.479698369961,0.507343389451,0.537249550333,0.567159850816,
    0.597077915405,0.627007845179,0.656954319857,0.686922528108,
    0.716917796043,0.746944740308,0.777005773153,0.807098913208,
    0.837215225245,0.867336923178,0.897438131904,0.927490895077,
    0.957477675543,1.,1.029548542554),.UNSPECIFIED.);
#280 = CARTESIAN_POINT('',(0.74,0.,0.549899989998));
#281 = CARTESIAN_POINT('',(0.74,-1.164050410382E-02,0.549899991162));
#282 = CARTESIAN_POINT('',(0.74,-2.328113700915E-02,0.550622828944));
#283 = CARTESIAN_POINT('',(0.74,-3.485062492862E-02,0.552068403168));
#284 = CARTESIAN_POINT('',(0.74,-5.786889927215E-02,0.556405386079));
#285 = CARTESIAN_POINT('',(0.74,-6.931396793767E-02,0.559316679183));
#286 = CARTESIAN_POINT('',(0.74,-8.054453860993E-02,0.562940371123));
#287 = CARTESIAN_POINT('',(0.74,-0.102472370433,0.571565542427));
#288 = CARTESIAN_POINT('',(0.74,-0.113168471235,0.576570161904));
#289 = CARTESIAN_POINT('',(0.74,-0.123520149553,0.582233698908));
#290 = CARTESIAN_POINT('',(0.74,-0.143440927185,0.594813804342));
#291 = CARTESIAN_POINT('',(0.74,-0.153008498875,0.601732848601));
#292 = CARTESIAN_POINT('',(0.74,-0.162116805714,0.609236193324));
#293 = CARTESIAN_POINT('',(0.74,-0.17932699595,0.625325812164));
#294 = CARTESIAN_POINT('',(0.74,-0.187427805148,0.633913311283));
#295 = CARTESIAN_POINT('',(0.74,-0.194970751603,0.642991732747));
#296 = CARTESIAN_POINT('',(0.74,-0.20886192381,0.662021732418));
#297 = CARTESIAN_POINT('',(0.74,-0.215210007465,0.671973515981));
#298 = CARTESIAN_POINT('',(0.74,-0.220919853528,0.682306073072));
#299 = CARTESIAN_POINT('',(0.74,-0.231000081052,0.703602963673));
#300 = CARTESIAN_POINT('',(0.74,-0.235371260958,0.714567031655));
#301 = CARTESIAN_POINT('',(0.74,-0.239044818888,0.725787734511));
#302 = CARTESIAN_POINT('',(0.74,-0.244956633251,0.748597257435));
#303 = CARTESIAN_POINT('',(0.74,-0.247196328538,0.760185820402));
#304 = CARTESIAN_POINT('',(0.74,-0.248702721603,0.771896818597));
#305 = CARTESIAN_POINT('',(0.74,-0.250236253198,0.795410784361));
#306 = CARTESIAN_POINT('',(0.74,-0.250265081605,0.80721376032));
#307 = CARTESIAN_POINT('',(0.74,-0.249550564145,0.818999739239));
#308 = CARTESIAN_POINT('',(0.74,-0.246651196549,0.842384879386));
#309 = CARTESIAN_POINT('',(0.74,-0.244467961818,0.853984364366));
#310 = CARTESIAN_POINT('',(0.74,-0.241557769402,0.865427456671));
#311 = CARTESIAN_POINT('',(0.74,-0.234328097064,0.887855103733));
#312 = CARTESIAN_POINT('',(0.74,-0.230009957692,0.898840222248));
#313 = CARTESIAN_POINT('',(0.74,-0.225007281179,0.909534878551));
#314 = CARTESIAN_POINT('',(0.74,-0.213703414458,0.930210386899));
#315 = CARTESIAN_POINT('',(0.74,-0.207403209754,0.94019192229));
#316 = CARTESIAN_POINT('',(0.74,-0.200485423873,0.949759258498));
#317 = CARTESIAN_POINT('',(0.74,-0.185507848738,0.967950151698));
#318 = CARTESIAN_POINT('',(0.74,-0.177448695369,0.976574397373));
#319 = CARTESIAN_POINT('',(0.74,-0.16886100615,0.984675563245));
#320 = CARTESIAN_POINT('',(0.74,-0.15074035222,0.99973744945));
#321 = CARTESIAN_POINT('',(0.74,-0.141207726995,1.006698777771));
#322 = CARTESIAN_POINT('',(0.74,-0.131254458415,1.01304690782));
#323 = CARTESIAN_POINT('',(0.74,-0.110632681238,1.024446271492));
#324 = CARTESIAN_POINT('',(0.74,-9.996428813179E-02,1.029497977347));
#325 = CARTESIAN_POINT('',(0.74,-8.899810082955E-02,1.033868315527));
#326 = CARTESIAN_POINT('',(0.74,-6.660573678598E-02,1.041201389552));
#327 = CARTESIAN_POINT('',(0.74,-5.517952646857E-02,1.044164431425));
#328 = CARTESIAN_POINT('',(0.74,-4.358893599885E-02,1.046402273007));
#329 = CARTESIAN_POINT('',(0.74,-2.110235317185E-02,1.049295690112));
#330 = CARTESIAN_POINT('',(0.74,-1.022004216384E-02,1.050058171079));
#331 = CARTESIAN_POINT('',(0.74,6.88261253639E-04,1.050186160754));
#332 = CARTESIAN_POINT('',(0.74,2.333588646645E-02,1.049137109102));
#333 = CARTESIAN_POINT('',(0.74,3.507031057171E-02,1.047852463956));
#334 = CARTESIAN_POINT('',(0.74,4.670026027805E-02,1.045831599041));
#335 = CARTESIAN_POINT('',(0.74,6.961621014314E-02,1.0403500113));
#336 = CARTESIAN_POINT('',(0.74,8.090228620131E-02,1.03688905958));
#337 = CARTESIAN_POINT('',(0.74,9.194735335081E-02,1.032724648899));
#338 = CARTESIAN_POINT('',(0.74,0.113430350488,1.023045880218));
#339 = CARTESIAN_POINT('',(0.74,0.123868238602,1.017531119412));
#340 = CARTESIAN_POINT('',(0.74,0.133937127441,1.011370767362));
#341 = CARTESIAN_POINT('',(0.74,0.153226135015,0.997837637328));
#342 = CARTESIAN_POINT('',(0.74,0.162446020628,0.990464305074));
#343 = CARTESIAN_POINT('',(0.74,0.171182023035,0.982526335191));
#344 = CARTESIAN_POINT('',(0.74,0.187593706123,0.965618198931));
#345 = CARTESIAN_POINT('',(0.74,0.195268887546,0.956647370184));
#346 = CARTESIAN_POINT('',(0.74,0.202362534209,0.947213093898));
#347 = CARTESIAN_POINT('',(0.74,0.215315466389,0.927528884092));
#348 = CARTESIAN_POINT('',(0.74,0.221173922179,0.917278252316));
#349 = CARTESIAN_POINT('',(0.74,0.226373965104,0.906681994238));
#350 = CARTESIAN_POINT('',(0.74,0.235409237432,0.884919036916));
#351 = CARTESIAN_POINT('',(0.74,0.239243276248,0.873751706864));
#352 = CARTESIAN_POINT('',(0.74,0.242365607032,0.862368932801));
#353 = CARTESIAN_POINT('',(0.74,0.247163118259,0.839298280802));
#354 = CARTESIAN_POINT('',(0.74,0.248836785466,0.827609961659));
#355 = CARTESIAN_POINT('',(0.74,0.249770959634,0.815843924672));
#356 = CARTESIAN_POINT('',(0.74,0.250160814951,0.79228306311));
#357 = CARTESIAN_POINT('',(0.74,0.249614805388,0.780488090186));
#358 = CARTESIAN_POINT('',(0.74,0.248327919568,0.76875547233));
#359 = CARTESIAN_POINT('',(0.74,0.244296518984,0.745539328351));
#360 = CARTESIAN_POINT('',(0.74,0.241550410078,0.734055962165));
#361 = CARTESIAN_POINT('',(0.74,0.238088171044,0.722772047565));
#362 = CARTESIAN_POINT('',(0.74,0.229778716904,0.700723294228));
#363 = CARTESIAN_POINT('',(0.74,0.224930379106,0.689958764322));
#364 = CARTESIAN_POINT('',(0.74,0.219415324105,0.679522729116));
#365 = CARTESIAN_POINT('',(0.74,0.207122627628,0.65942243541));
#366 = CARTESIAN_POINT('',(0.74,0.200344698317,0.649758245142));
#367 = CARTESIAN_POINT('',(0.74,0.19297168826,0.640539169842));
#368 = CARTESIAN_POINT('',(0.74,0.177131357046,0.623098938631));
#369 = CARTESIAN_POINT('',(0.74,0.168664735687,0.614877058187));
#370 = CARTESIAN_POINT('',(0.74,0.159694040497,0.6072012105));
#371 = CARTESIAN_POINT('',(0.74,0.140866486915,0.593038035278));
#372 = CARTESIAN_POINT('',(0.74,0.131011048613,0.586548760361));
#373 = CARTESIAN_POINT('',(0.74,0.120759511068,0.580688498933));
#374 = CARTESIAN_POINT('',(0.74,9.960983228886E-02,0.570303493649));
#375 = CARTESIAN_POINT('',(0.74,8.871311364285E-02,0.565775758459));
#376 = CARTESIAN_POINT('',(0.74,7.754383260831E-02,0.561940054509));
#377 = CARTESIAN_POINT('',(0.74,5.004266478494E-02,0.554390331695));
#378 = CARTESIAN_POINT('',(0.74,3.350366986136E-02,0.551397062447));
#379 = CARTESIAN_POINT('',(0.74,1.67515101641E-02,0.549899991673));
#380 = CARTESIAN_POINT('',(0.74,0.,0.549899989998));
#381 = PLANE('',#382);
#382 = AXIS2_PLACEMENT_3D('',#383,#384,#385);
#383 = CARTESIAN_POINT('',(0.74,0.8,0.8));
#384 = DIRECTION('',(-1.,0.,0.));
#385 = DIRECTION('',(0.,0.,-1.));
#386 = ADVANCED_FACE('',(#387),#406,.T.);
#387 = FACE_BOUND('',#388,.T.);
#388 = EDGE_LOOP('',(#389,#398,#404,#405));
#389 = ORIENTED_EDGE('',*,*,#390,.T.);
#390 = EDGE_CURVE('',#391,#391,#393,.T.);
#391 = VERTEX_POINT('',#392);
#392 = CARTESIAN_POINT('',(3.44,0.72,0.8));
#393 = CIRCLE('',#394,0.72);
#394 = AXIS2_PLACEMENT_3D('',#395,#396,#397);
#395 = CARTESIAN_POINT('',(3.44,0.,0.8));
#396 = DIRECTION('',(-1.,0.,0.));
#397 = DIRECTION('',(0.,1.,0.));
#398 = ORIENTED_EDGE('',*,*,#399,.F.);
#399 = EDGE_CURVE('',#257,#391,#400,.T.);
#400 = LINE('',#401,#402);
#401 = CARTESIAN_POINT('',(0.74,0.72,0.8));
#402 = VECTOR('',#403,1.);
#403 = DIRECTION('',(1.,0.,0.));
#404 = ORIENTED_EDGE('',*,*,#256,.F.);
#405 = ORIENTED_EDGE('',*,*,#399,.T.);
#406 = CYLINDRICAL_SURFACE('',#407,0.72);
#407 = AXIS2_PLACEMENT_3D('',#408,#409,#410);
#408 = CARTESIAN_POINT('',(0.74,0.,0.8));
#409 = DIRECTION('',(-1.,-0.,-0.));
#410 = DIRECTION('',(0.,1.,0.));
#411 = ADVANCED_FACE('',(#412),#432,.T.);
#412 = FACE_BOUND('',#413,.T.);
#413 = EDGE_LOOP('',(#414,#423,#430,#431));
#414 = ORIENTED_EDGE('',*,*,#415,.T.);
#415 = EDGE_CURVE('',#416,#416,#418,.T.);
#416 = VERTEX_POINT('',#417);
#417 = CARTESIAN_POINT('',(0.25,0.,5.E-02));
#418 = CIRCLE('',#419,0.25);
#419 = AXIS2_PLACEMENT_3D('',#420,#421,#422);
#420 = CARTESIAN_POINT('',(0.,0.,5.E-02));
#421 = DIRECTION('',(0.,0.,1.));
#422 = DIRECTION('',(1.,0.,-0.));
#423 = ORIENTED_EDGE('',*,*,#424,.T.);
#424 = EDGE_CURVE('',#416,#277,#425,.T.);
#425 = CIRCLE('',#426,0.5);
#426 = AXIS2_PLACEMENT_3D('',#427,#428,#429);
#427 = CARTESIAN_POINT('',(0.75,9.184850993605E-17,5.E-02));
#428 = DIRECTION('',(0.,1.,0.));
#429 = DIRECTION('',(-1.,0.,-1.184237892934E-15));
#430 = ORIENTED_EDGE('',*,*,#276,.T.);
#431 = ORIENTED_EDGE('',*,*,#424,.F.);
#432 = TOROIDAL_SURFACE('',#433,0.75,0.25);
#433 = AXIS2_PLACEMENT_3D('',#434,#435,#436);
#434 = CARTESIAN_POINT('',(0.75,0.,5.E-02));
#435 = DIRECTION('',(0.,1.,0.));
#436 = DIRECTION('',(-1.,0.,-1.184237892934E-15));
#437 = ADVANCED_FACE('',(#438,#449),#452,.T.);
#438 = FACE_BOUND('',#439,.T.);
#439 = EDGE_LOOP('',(#440));
#440 = ORIENTED_EDGE('',*,*,#441,.F.);
#441 = EDGE_CURVE('',#442,#442,#444,.T.);
#442 = VERTEX_POINT('',#443);
#443 = CARTESIAN_POINT('',(3.44,0.8,0.8));
#444 = CIRCLE('',#445,0.8);
#445 = AXIS2_PLACEMENT_3D('',#446,#447,#448);
#446 = CARTESIAN_POINT('',(3.44,0.,0.8));
#447 = DIRECTION('',(1.,0.,0.));
#448 = DIRECTION('',(-0.,1.,0.));
#449 = FACE_BOUND('',#450,.T.);
#450 = EDGE_LOOP('',(#451));
#451 = ORIENTED_EDGE('',*,*,#390,.F.);
#452 = PLANE('',#453);
#453 = AXIS2_PLACEMENT_3D('',#454,#455,#456);
#454 = CARTESIAN_POINT('',(3.44,0.8,0.8));
#455 = DIRECTION('',(-1.,0.,0.));
#456 = DIRECTION('',(0.,0.,-1.));
#457 = ADVANCED_FACE('',(#458),#477,.T.);
#458 = FACE_BOUND('',#459,.T.);
#459 = EDGE_LOOP('',(#460,#468,#469,#470));
#460 = ORIENTED_EDGE('',*,*,#461,.T.);
#461 = EDGE_CURVE('',#462,#416,#464,.T.);
#462 = VERTEX_POINT('',#463);
#463 = CARTESIAN_POINT('',(0.25,-6.123233995737E-17,-3.));
#464 = LINE('',#465,#466);
#465 = CARTESIAN_POINT('',(0.25,0.,-3.));
#466 = VECTOR('',#467,1.);
#467 = DIRECTION('',(0.,0.,1.));
#468 = ORIENTED_EDGE('',*,*,#415,.F.);
#469 = ORIENTED_EDGE('',*,*,#461,.F.);
#470 = ORIENTED_EDGE('',*,*,#471,.T.);
#471 = EDGE_CURVE('',#462,#462,#472,.T.);
#472 = CIRCLE('',#473,0.25);
#473 = AXIS2_PLACEMENT_3D('',#474,#475,#476);
#474 = CARTESIAN_POINT('',(0.,0.,-3.));
#475 = DIRECTION('',(0.,0.,1.));
#476 = DIRECTION('',(1.,0.,-0.));
#477 = CYLINDRICAL_SURFACE('',#478,0.25);
#478 = AXIS2_PLACEMENT_3D('',#479,#480,#481);
#479 = CARTESIAN_POINT('',(0.,0.,-3.));
#480 = DIRECTION('',(0.,0.,1.));
#481 = DIRECTION('',(1.,0.,-0.));
#482 = ADVANCED_FACE('',(#483),#502,.T.);
#483 = FACE_BOUND('',#484,.T.);
#484 = EDGE_LOOP('',(#485,#486,#494,#501));
#485 = ORIENTED_EDGE('',*,*,#441,.T.);
#486 = ORIENTED_EDGE('',*,*,#487,.T.);
#487 = EDGE_CURVE('',#442,#488,#490,.T.);
#488 = VERTEX_POINT('',#489);
#489 = CARTESIAN_POINT('',(3.94,0.8,0.8));
#490 = LINE('',#491,#492);
#491 = CARTESIAN_POINT('',(3.44,0.8,0.8));
#492 = VECTOR('',#493,1.);
#493 = DIRECTION('',(1.,0.,0.));
#494 = ORIENTED_EDGE('',*,*,#495,.F.);
#495 = EDGE_CURVE('',#488,#488,#496,.T.);
#496 = CIRCLE('',#497,0.8);
#497 = AXIS2_PLACEMENT_3D('',#498,#499,#500);
#498 = CARTESIAN_POINT('',(3.94,0.,0.8));
#499 = DIRECTION('',(1.,0.,0.));
#500 = DIRECTION('',(-0.,1.,0.));
#501 = ORIENTED_EDGE('',*,*,#487,.F.);
#502 = CYLINDRICAL_SURFACE('',#503,0.8);
#503 = AXIS2_PLACEMENT_3D('',#504,#505,#506);
#504 = CARTESIAN_POINT('',(3.44,0.,0.8));
#505 = DIRECTION('',(-1.,-0.,-0.));
#506 = DIRECTION('',(0.,1.,0.));
#507 = ADVANCED_FACE('',(#508),#511,.T.);
#508 = FACE_BOUND('',#509,.F.);
#509 = EDGE_LOOP('',(#510));
#510 = ORIENTED_EDGE('',*,*,#471,.T.);
#511 = PLANE('',#512);
#512 = AXIS2_PLACEMENT_3D('',#513,#514,#515);
#513 = CARTESIAN_POINT('',(0.25,0.,-3.));
#514 = DIRECTION('',(0.,0.,-1.));
#515 = DIRECTION('',(-1.,0.,0.));
#516 = ADVANCED_FACE('',(#517),#537,.T.);
#517 = FACE_BOUND('',#518,.T.);
#518 = EDGE_LOOP('',(#519,#528,#529,#530));
#519 = ORIENTED_EDGE('',*,*,#520,.F.);
#520 = EDGE_CURVE('',#488,#521,#523,.T.);
#521 = VERTEX_POINT('',#522);
#522 = CARTESIAN_POINT('',(4.34,0.4,0.8));
#523 = CIRCLE('',#524,0.4);
#524 = AXIS2_PLACEMENT_3D('',#525,#526,#527);
#525 = CARTESIAN_POINT('',(3.94,0.4,0.8));
#526 = DIRECTION('',(0.,0.,-1.));
#527 = DIRECTION('',(0.,1.,0.));
#528 = ORIENTED_EDGE('',*,*,#495,.T.);
#529 = ORIENTED_EDGE('',*,*,#520,.T.);
#530 = ORIENTED_EDGE('',*,*,#531,.F.);
#531 = EDGE_CURVE('',#521,#521,#532,.T.);
#532 = CIRCLE('',#533,0.4);
#533 = AXIS2_PLACEMENT_3D('',#534,#535,#536);
#534 = CARTESIAN_POINT('',(4.34,0.,0.8));
#535 = DIRECTION('',(1.,0.,0.));
#536 = DIRECTION('',(-0.,1.,0.));
#537 = TOROIDAL_SURFACE('',#538,0.4,0.4);
#538 = AXIS2_PLACEMENT_3D('',#539,#540,#541);
#539 = CARTESIAN_POINT('',(3.94,0.,0.8));
#540 = DIRECTION('',(1.,0.,0.));
#541 = DIRECTION('',(-0.,1.,0.));
#542 = ADVANCED_FACE('',(#543,#546),#654,.F.);
#543 = FACE_BOUND('',#544,.F.);
#544 = EDGE_LOOP('',(#545));
#545 = ORIENTED_EDGE('',*,*,#531,.F.);
#546 = FACE_BOUND('',#547,.F.);
#547 = EDGE_LOOP('',(#548));
#548 = ORIENTED_EDGE('',*,*,#549,.F.);
#549 = EDGE_CURVE('',#550,#550,#552,.T.);
#550 = VERTEX_POINT('',#551);
#551 = CARTESIAN_POINT('',(4.34,9.184850993605E-17,0.549899989998));
#552 = B_SPLINE_CURVE_WITH_KNOTS('',4,(#553,#554,#555,#556,#557,#558,
    #559,#560,#561,#562,#563,#564,#565,#566,#567,#568,#569,#570,#571,
    #572,#573,#574,#575,#576,#577,#578,#579,#580,#581,#582,#583,#584,
    #585,#586,#587,#588,#589,#590,#591,#592,#593,#594,#595,#596,#597,
    #598,#599,#600,#601,#602,#603,#604,#605,#606,#607,#608,#609,#610,
    #611,#612,#613,#614,#615,#616,#617,#618,#619,#620,#621,#622,#623,
    #624,#625,#626,#627,#628,#629,#630,#631,#632,#633,#634,#635,#636,
    #637,#638,#639,#640,#641,#642,#643,#644,#645,#646,#647,#648,#649,
    #650,#651,#652,#653),.UNSPECIFIED.,.T.,.F.,(1,4,3,3,3,3,3,3,3,3,3,3,
    3,3,3,3,3,3,3,3,3,3,3,3,3,3,3,3,3,3,3,3,3,3,4,1),(-4.2522324386E-02,
    0.,2.954854255526E-02,5.950725143982E-02,8.953239653051E-02,
    0.119615784102,0.149732114388,0.1798534838,0.209958258036,
    0.240033799607,0.270075422819,0.300083939966,0.330063238238,
    0.360018474891,0.389954967342,0.4198776386,0.449790835667,
    0.479698369962,0.507343389522,0.537249550404,0.567159850886,
    0.597077915475,0.62700784525,0.656954319928,0.686922528179,
    0.716917796113,0.746944740378,0.777005773224,0.807098913279,
    0.837215225316,0.867336923249,0.897438131975,0.927490895148,
    0.957477675614,1.,1.029548542555),.UNSPECIFIED.);
#553 = CARTESIAN_POINT('',(4.34,0.,0.549899989998));
#554 = CARTESIAN_POINT('',(4.34,-1.164050410422E-02,0.549899991162));
#555 = CARTESIAN_POINT('',(4.34,-2.328113700996E-02,0.550622828944));
#556 = CARTESIAN_POINT('',(4.34,-3.485062492983E-02,0.552068403169));
#557 = CARTESIAN_POINT('',(4.34,-5.786889927372E-02,0.55640538608));
#558 = CARTESIAN_POINT('',(4.34,-6.931396793922E-02,0.559316679184));
#559 = CARTESIAN_POINT('',(4.34,-8.054453861146E-02,0.562940371124));
#560 = CARTESIAN_POINT('',(4.34,-0.102472370435,0.571565542428));
#561 = CARTESIAN_POINT('',(4.34,-0.113168471237,0.576570161904));
#562 = CARTESIAN_POINT('',(4.34,-0.123520149554,0.582233698909));
#563 = CARTESIAN_POINT('',(4.34,-0.143440927187,0.594813804343));
#564 = CARTESIAN_POINT('',(4.34,-0.153008498876,0.601732848602));
#565 = CARTESIAN_POINT('',(4.34,-0.162116805716,0.609236193325));
#566 = CARTESIAN_POINT('',(4.34,-0.179326995951,0.625325812165));
#567 = CARTESIAN_POINT('',(4.34,-0.187427805149,0.633913311284));
#568 = CARTESIAN_POINT('',(4.34,-0.194970751604,0.642991732749));
#569 = CARTESIAN_POINT('',(4.34,-0.208861923811,0.662021732419));
#570 = CARTESIAN_POINT('',(4.34,-0.215210007466,0.671973515983));
#571 = CARTESIAN_POINT('',(4.34,-0.220919853528,0.682306073073));
#572 = CARTESIAN_POINT('',(4.34,-0.231000081052,0.703602963674));
#573 = CARTESIAN_POINT('',(4.34,-0.235371260959,0.714567031657));
#574 = CARTESIAN_POINT('',(4.34,-0.239044818889,0.725787734512));
#575 = CARTESIAN_POINT('',(4.34,-0.244956633252,0.748597257437));
#576 = CARTESIAN_POINT('',(4.34,-0.247196328539,0.760185820404));
#577 = CARTESIAN_POINT('',(4.34,-0.248702721603,0.771896818599));
#578 = CARTESIAN_POINT('',(4.34,-0.250236253198,0.795410784363));
#579 = CARTESIAN_POINT('',(4.34,-0.250265081604,0.807213760322));
#580 = CARTESIAN_POINT('',(4.34,-0.249550564145,0.818999739241));
#581 = CARTESIAN_POINT('',(4.34,-0.246651196549,0.842384879388));
#582 = CARTESIAN_POINT('',(4.34,-0.244467961817,0.853984364368));
#583 = CARTESIAN_POINT('',(4.34,-0.241557769401,0.865427456673));
#584 = CARTESIAN_POINT('',(4.34,-0.234328097063,0.887855103735));
#585 = CARTESIAN_POINT('',(4.34,-0.230009957691,0.89884022225));
#586 = CARTESIAN_POINT('',(4.34,-0.225007281178,0.909534878553));
#587 = CARTESIAN_POINT('',(4.34,-0.213703414457,0.930210386901));
#588 = CARTESIAN_POINT('',(4.34,-0.207403209753,0.940191922291));
#589 = CARTESIAN_POINT('',(4.34,-0.200485423872,0.9497592585));
#590 = CARTESIAN_POINT('',(4.34,-0.185507848737,0.9679501517));
#591 = CARTESIAN_POINT('',(4.34,-0.177448695368,0.976574397374));
#592 = CARTESIAN_POINT('',(4.34,-0.168861006149,0.984675563246));
#593 = CARTESIAN_POINT('',(4.34,-0.150740352219,0.999737449451));
#594 = CARTESIAN_POINT('',(4.34,-0.141207726994,1.006698777772));
#595 = CARTESIAN_POINT('',(4.34,-0.131254458413,1.013046907821));
#596 = CARTESIAN_POINT('',(4.34,-0.110632681236,1.024446271493));
#597 = CARTESIAN_POINT('',(4.34,-9.996428813031E-02,1.029497977347));
#598 = CARTESIAN_POINT('',(4.34,-8.899810082804E-02,1.033868315528));
#599 = CARTESIAN_POINT('',(4.34,-6.660573678443E-02,1.041201389552));
#600 = CARTESIAN_POINT('',(4.34,-5.517952646699E-02,1.044164431426));
#601 = CARTESIAN_POINT('',(4.34,-4.358893599727E-02,1.046402273007));
#602 = CARTESIAN_POINT('',(4.34,-2.110235314309E-02,1.049295690116));
#603 = CARTESIAN_POINT('',(4.34,-1.022004210752E-02,1.050058171083));
#604 = CARTESIAN_POINT('',(4.34,6.882613375073E-04,1.050186160755));
#605 = CARTESIAN_POINT('',(4.34,2.33358865772E-02,1.049137109091));
#606 = CARTESIAN_POINT('',(4.34,3.507031068188E-02,1.04785246394));
#607 = CARTESIAN_POINT('',(4.34,4.670026038733E-02,1.04583159902));
#608 = CARTESIAN_POINT('',(4.34,6.961621024999E-02,1.040350011269));
#609 = CARTESIAN_POINT('',(4.34,8.090228630662E-02,1.036889059544));
#610 = CARTESIAN_POINT('',(4.34,9.194735345427E-02,1.032724648859));
#611 = CARTESIAN_POINT('',(4.34,0.113430350588,1.023045880168));
#612 = CARTESIAN_POINT('',(4.34,0.123868238698,1.017531119357));
#613 = CARTESIAN_POINT('',(4.34,0.133937127535,1.011370767302));
#614 = CARTESIAN_POINT('',(4.34,0.153226135103,0.99783763726));
#615 = CARTESIAN_POINT('',(4.34,0.162446020713,0.990464305002));
#616 = CARTESIAN_POINT('',(4.34,0.171182023116,0.982526335115));
#617 = CARTESIAN_POINT('',(4.34,0.187593706196,0.965618198848));
#618 = CARTESIAN_POINT('',(4.34,0.195268887616,0.956647370097));
#619 = CARTESIAN_POINT('',(4.34,0.202362534275,0.947213093808));
#620 = CARTESIAN_POINT('',(4.34,0.215315466445,0.927528883997));
#621 = CARTESIAN_POINT('',(4.34,0.221173922232,0.917278252218));
#622 = CARTESIAN_POINT('',(4.34,0.226373965152,0.906681994138));
#623 = CARTESIAN_POINT('',(4.34,0.235409237469,0.884919036811));
#624 = CARTESIAN_POINT('',(4.34,0.239243276281,0.873751706758));
#625 = CARTESIAN_POINT('',(4.34,0.24236560706,0.862368932693));
#626 = CARTESIAN_POINT('',(4.34,0.247163118276,0.839298280692));
#627 = CARTESIAN_POINT('',(4.34,0.248836785479,0.827609961549));
#628 = CARTESIAN_POINT('',(4.34,0.249770959641,0.815843924561));
#629 = CARTESIAN_POINT('',(4.34,0.250160814947,0.792283062999));
#630 = CARTESIAN_POINT('',(4.34,0.24961480538,0.780488090075));
#631 = CARTESIAN_POINT('',(4.34,0.248327919554,0.768755472219));
#632 = CARTESIAN_POINT('',(4.34,0.24429651896,0.745539328242));
#633 = CARTESIAN_POINT('',(4.34,0.241550410048,0.734055962058));
#634 = CARTESIAN_POINT('',(4.34,0.23808817101,0.722772047459));
#635 = CARTESIAN_POINT('',(4.34,0.22977871686,0.700723294126));
#636 = CARTESIAN_POINT('',(4.34,0.224930379057,0.689958764222));
#637 = CARTESIAN_POINT('',(4.34,0.219415324052,0.679522729019));
#638 = CARTESIAN_POINT('',(4.34,0.207122627566,0.659422435318));
#639 = CARTESIAN_POINT('',(4.34,0.20034469825,0.649758245053));
#640 = CARTESIAN_POINT('',(4.34,0.192971688189,0.640539169756));
#641 = CARTESIAN_POINT('',(4.34,0.177131356967,0.623098938552));
#642 = CARTESIAN_POINT('',(4.34,0.168664735605,0.614877058112));
#643 = CARTESIAN_POINT('',(4.34,0.159694040411,0.607201210429));
#644 = CARTESIAN_POINT('',(4.34,0.140866486823,0.593038035215));
#645 = CARTESIAN_POINT('',(4.34,0.131011048519,0.586548760303));
#646 = CARTESIAN_POINT('',(4.34,0.120759510971,0.580688498879));
#647 = CARTESIAN_POINT('',(4.34,9.960983218682E-02,0.570303493605));
#648 = CARTESIAN_POINT('',(4.34,8.871311353879E-02,0.56577575842));
#649 = CARTESIAN_POINT('',(4.34,7.754383250254E-02,0.561940054475));
#650 = CARTESIAN_POINT('',(4.34,5.004266470253E-02,0.554390331681));
#651 = CARTESIAN_POINT('',(4.34,3.350366980571E-02,0.551397062442));
#652 = CARTESIAN_POINT('',(4.34,1.675151013628E-02,0.549899991673));
#653 = CARTESIAN_POINT('',(4.34,0.,0.549899989998));
#654 = PLANE('',#655);
#655 = AXIS2_PLACEMENT_3D('',#656,#657,#658);
#656 = CARTESIAN_POINT('',(4.34,0.8,0.8));
#657 = DIRECTION('',(-1.,0.,0.));
#658 = DIRECTION('',(0.,0.,-1.));
#659 = ADVANCED_FACE('',(#660),#680,.T.);
#660 = FACE_BOUND('',#661,.T.);
#661 = EDGE_LOOP('',(#662,#663,#672,#679));
#662 = ORIENTED_EDGE('',*,*,#549,.F.);
#663 = ORIENTED_EDGE('',*,*,#664,.T.);
#664 = EDGE_CURVE('',#550,#665,#667,.T.);
#665 = VERTEX_POINT('',#666);
#666 = CARTESIAN_POINT('',(4.83,0.,5.E-02));
#667 = CIRCLE('',#668,0.5);
#668 = AXIS2_PLACEMENT_3D('',#669,#670,#671);
#669 = CARTESIAN_POINT('',(4.33,9.184850993605E-17,5.E-02));
#670 = DIRECTION('',(0.,1.,-0.));
#671 = DIRECTION('',(-1.184237892934E-15,0.,1.));
#672 = ORIENTED_EDGE('',*,*,#673,.T.);
#673 = EDGE_CURVE('',#665,#665,#674,.T.);
#674 = CIRCLE('',#675,0.25);
#675 = AXIS2_PLACEMENT_3D('',#676,#677,#678);
#676 = CARTESIAN_POINT('',(5.08,0.,5.E-02));
#677 = DIRECTION('',(5.308866065094E-16,-0.,1.));
#678 = DIRECTION('',(1.,0.,-5.308866065094E-16));
#679 = ORIENTED_EDGE('',*,*,#664,.F.);
#680 = TOROIDAL_SURFACE('',#681,0.75,0.25);
#681 = AXIS2_PLACEMENT_3D('',#682,#683,#684);
#682 = CARTESIAN_POINT('',(4.33,0.,5.E-02));
#683 = DIRECTION('',(0.,1.,0.));
#684 = DIRECTION('',(-1.184237892934E-15,0.,1.));
#685 = ADVANCED_FACE('',(#686),#705,.T.);
#686 = FACE_BOUND('',#687,.T.);
#687 = EDGE_LOOP('',(#688,#696,#703,#704));
#688 = ORIENTED_EDGE('',*,*,#689,.T.);
#689 = EDGE_CURVE('',#665,#690,#692,.T.);
#690 = VERTEX_POINT('',#691);
#691 = CARTESIAN_POINT('',(4.83,-6.123233995737E-17,-3.));
#692 = LINE('',#693,#694);
#693 = CARTESIAN_POINT('',(4.83,0.,5.E-02));
#694 = VECTOR('',#695,1.);
#695 = DIRECTION('',(0.,0.,-1.));
#696 = ORIENTED_EDGE('',*,*,#697,.F.);
#697 = EDGE_CURVE('',#690,#690,#698,.T.);
#698 = CIRCLE('',#699,0.25);
#699 = AXIS2_PLACEMENT_3D('',#700,#701,#702);
#700 = CARTESIAN_POINT('',(5.08,0.,-3.));
#701 = DIRECTION('',(0.,0.,-1.));
#702 = DIRECTION('',(-1.,0.,0.));
#703 = ORIENTED_EDGE('',*,*,#689,.F.);
#704 = ORIENTED_EDGE('',*,*,#673,.F.);
#705 = CYLINDRICAL_SURFACE('',#706,0.25);
#706 = AXIS2_PLACEMENT_3D('',#707,#708,#709);
#707 = CARTESIAN_POINT('',(5.08,0.,5.E-02));
#708 = DIRECTION('',(0.,0.,-1.));
#709 = DIRECTION('',(-1.,0.,0.));
#710 = ADVANCED_FACE('',(#711),#714,.F.);
#711 = FACE_BOUND('',#712,.T.);
#712 = EDGE_LOOP('',(#713));
#713 = ORIENTED_EDGE('',*,*,#697,.T.);
#714 = PLANE('',#715);
#715 = AXIS2_PLACEMENT_3D('',#716,#717,#718);
#716 = CARTESIAN_POINT('',(4.83,0.,-3.));
#717 = DIRECTION('',(0.,0.,1.));
#718 = DIRECTION('',(1.,0.,-0.));
#719 = ( GEOMETRIC_REPRESENTATION_CONTEXT(3) 
GLOBAL_UNCERTAINTY_ASSIGNED_CONTEXT((#723)) GLOBAL_UNIT_ASSIGNED_CONTEXT
((#720,#721,#722)) REPRESENTATION_CONTEXT('Context #1',
  '3D Context with UNIT and UNCERTAINTY') );
#720 = ( LENGTH_UNIT() NAMED_UNIT(*) SI_UNIT(.MILLI.,.METRE.) );
#721 = ( NAMED_UNIT(*) PLANE_ANGLE_UNIT() SI_UNIT($,.RADIAN.) );
#722 = ( NAMED_UNIT(*) SI_UNIT($,.STERADIAN.) SOLID_ANGLE_UNIT() );
#723 = UNCERTAINTY_MEASURE_WITH_UNIT(LENGTH_MEASURE(1.E-07),#720,
  'distance_accuracy_value','confusion accuracy');
#724 = CONTEXT_DEPENDENT_SHAPE_REPRESENTATION(#725,#727);
#725 = ( REPRESENTATION_RELATIONSHIP('','',#187,#164) 
REPRESENTATION_RELATIONSHIP_WITH_TRANSFORMATION(#726) 
SHAPE_REPRESENTATION_RELATIONSHIP() );
#726 = ITEM_DEFINED_TRANSFORMATION('','',#11,#165);
#727 = PRODUCT_DEFINITION_SHAPE('Placement','Placement of an item',#728
  );
#728 = NEXT_ASSEMBLY_USAGE_OCCURRENCE('1','=>[0:1:1:3]','',#159,#182,$);
#729 = PRODUCT_RELATED_PRODUCT_CATEGORY('part',$,(#184));
#730 = SHAPE_DEFINITION_REPRESENTATION(#731,#737);
#731 = PRODUCT_DEFINITION_SHAPE('','',#732);
#732 = PRODUCT_DEFINITION('design','',#733,#736);
#733 = PRODUCT_DEFINITION_FORMATION('','',#734);
#734 = PRODUCT('PinSocket_1x04_P1.27mm_Vertical',
  'PinSocket_1x04_P1.27mm_Vertical','',(#735));
#735 = PRODUCT_CONTEXT('',#2,'mechanical');
#736 = PRODUCT_DEFINITION_CONTEXT('part definition',#2,'design');
#737 = SHAPE_REPRESENTATION('',(#11,#738),#742);
#738 = AXIS2_PLACEMENT_3D('',#739,#740,#741);
#739 = CARTESIAN_POINT('',(0.,0.,0.));
#740 = DIRECTION('',(0.,0.,1.));
#741 = DIRECTION('',(1.,0.,-0.));
#742 = ( GEOMETRIC_REPRESENTATION_CONTEXT(3) 
GLOBAL_UNCERTAINTY_ASSIGNED_CONTEXT((#746)) GLOBAL_UNIT_ASSIGNED_CONTEXT
((#743,#744,#745)) REPRESENTATION_CONTEXT('Context #1',
  '3D Context with UNIT and UNCERTAINTY') );
#743 = ( LENGTH_UNIT() NAMED_UNIT(*) SI_UNIT(.MILLI.,.METRE.) );
#744 = ( NAMED_UNIT(*) PLANE_ANGLE_UNIT() SI_UNIT($,.RADIAN.) );
#745 = ( NAMED_UNIT(*) SI_UNIT($,.STERADIAN.) SOLID_ANGLE_UNIT() );
#746 = UNCERTAINTY_MEASURE_WITH_UNIT(LENGTH_MEASURE(1.E-07),#743,
  'distance_accuracy_value','confusion accuracy');
#747 = CONTEXT_DEPENDENT_SHAPE_REPRESENTATION(#748,#750);
#748 = ( REPRESENTATION_RELATIONSHIP('','',#737,#10) 
REPRESENTATION_RELATIONSHIP_WITH_TRANSFORMATION(#749) 
SHAPE_REPRESENTATION_RELATIONSHIP() );
#749 = ITEM_DEFINED_TRANSFORMATION('','',#11,#19);
#750 = PRODUCT_DEFINITION_SHAPE('Placement','Placement of an item',#751
  );
#751 = NEXT_ASSEMBLY_USAGE_OCCURRENCE('4','J3','',#5,#732,$);
#752 = PRODUCT_RELATED_PRODUCT_CATEGORY('part',$,(#734));
#753 = SHAPE_DEFINITION_REPRESENTATION(#754,#760);
#754 = PRODUCT_DEFINITION_SHAPE('','',#755);
#755 = PRODUCT_DEFINITION('design','',#756,#759);
#756 = PRODUCT_DEFINITION_FORMATION('','',#757);
#757 = PRODUCT('PinSocket_1x04_P1.27mm_Vertical',
  'PinSocket_1x04_P1.27mm_Vertical','',(#758));
#758 = PRODUCT_CONTEXT('',#2,'mechanical');
#759 = PRODUCT_DEFINITION_CONTEXT('part definition',#2,'design');
#760 = ADVANCED_BREP_SHAPE_REPRESENTATION('',(#11,#761),#4147);
#761 = MANIFOLD_SOLID_BREP('',#762);
#762 = CLOSED_SHELL('',(#763,#803,#866,#929,#946,#1099,#1121,#1138,#1419
    ,#1431,#1443,#1474,#1498,#1522,#1539,#1570,#1594,#1618,#1635,#1666,
    #1690,#1714,#1731,#1762,#1786,#1810,#1827,#1844,#1891,#1908,#1955,
    #1972,#2019,#2036,#2083,#2100,#2147,#2164,#2211,#2228,#2275,#2292,
    #2339,#2370,#2426,#2450,#2499,#2530,#2586,#2610,#2659,#2690,#2746,
    #2770,#2819,#2850,#2906,#2930,#2979,#2996,#3013,#3030,#3047,#3059,
    #3076,#3093,#3110,#3127,#3139,#3156,#3173,#3190,#3207,#3219,#3236,
    #3253,#3270,#3287,#3299,#3316,#3333,#3382,#3406,#3448,#3465,#3482,
    #3499,#3548,#3572,#3614,#3631,#3648,#3665,#3714,#3738,#3780,#3797,
    #3814,#3831,#3880,#3904,#3946,#3963,#3980,#3997,#4009,#4026,#4043,
    #4055,#4072,#4089,#4101,#4118,#4135));
#763 = ADVANCED_FACE('',(#764),#798,.F.);
#764 = FACE_BOUND('',#765,.F.);
#765 = EDGE_LOOP('',(#766,#776,#784,#792));
#766 = ORIENTED_EDGE('',*,*,#767,.T.);
#767 = EDGE_CURVE('',#768,#770,#772,.T.);
#768 = VERTEX_POINT('',#769);
#769 = CARTESIAN_POINT('',(1.27,-4.445,0.));
#770 = VERTEX_POINT('',#771);
#771 = CARTESIAN_POINT('',(1.27,-4.445,4.4));
#772 = LINE('',#773,#774);
#773 = CARTESIAN_POINT('',(1.27,-4.445,0.));
#774 = VECTOR('',#775,1.);
#775 = DIRECTION('',(0.,0.,1.));
#776 = ORIENTED_EDGE('',*,*,#777,.T.);
#777 = EDGE_CURVE('',#770,#778,#780,.T.);
#778 = VERTEX_POINT('',#779);
#779 = CARTESIAN_POINT('',(1.27,0.635,4.4));
#780 = LINE('',#781,#782);
#781 = CARTESIAN_POINT('',(1.27,-4.445,4.4));
#782 = VECTOR('',#783,1.);
#783 = DIRECTION('',(1.110223024625E-16,1.,0.));
#784 = ORIENTED_EDGE('',*,*,#785,.F.);
#785 = EDGE_CURVE('',#786,#778,#788,.T.);
#786 = VERTEX_POINT('',#787);
#787 = CARTESIAN_POINT('',(1.27,0.635,0.));
#788 = LINE('',#789,#790);
#789 = CARTESIAN_POINT('',(1.27,0.635,0.));
#790 = VECTOR('',#791,1.);
#791 = DIRECTION('',(0.,0.,1.));
#792 = ORIENTED_EDGE('',*,*,#793,.F.);
#793 = EDGE_CURVE('',#768,#786,#794,.T.);
#794 = LINE('',#795,#796);
#795 = CARTESIAN_POINT('',(1.27,-4.445,0.));
#796 = VECTOR('',#797,1.);
#797 = DIRECTION('',(1.110223024625E-16,1.,0.));
#798 = PLANE('',#799);
#799 = AXIS2_PLACEMENT_3D('',#800,#801,#802);
#800 = CARTESIAN_POINT('',(1.27,-4.445,0.));
#801 = DIRECTION('',(-1.,1.110223024625E-16,0.));
#802 = DIRECTION('',(1.110223024625E-16,1.,0.));
#803 = ADVANCED_FACE('',(#804),#861,.F.);
#804 = FACE_BOUND('',#805,.F.);
#805 = EDGE_LOOP('',(#806,#816,#824,#830,#831,#839,#847,#855));
#806 = ORIENTED_EDGE('',*,*,#807,.F.);
#807 = EDGE_CURVE('',#808,#810,#812,.T.);
#808 = VERTEX_POINT('',#809);
#809 = CARTESIAN_POINT('',(-1.27,-4.445,0.));
#810 = VERTEX_POINT('',#811);
#811 = CARTESIAN_POINT('',(-0.846666666667,-4.445,0.));
#812 = LINE('',#813,#814);
#813 = CARTESIAN_POINT('',(-1.27,-4.445,0.));
#814 = VECTOR('',#815,1.);
#815 = DIRECTION('',(1.,-1.110223024625E-16,0.));
#816 = ORIENTED_EDGE('',*,*,#817,.T.);
#817 = EDGE_CURVE('',#808,#818,#820,.T.);
#818 = VERTEX_POINT('',#819);
#819 = CARTESIAN_POINT('',(-1.27,-4.445,4.4));
#820 = LINE('',#821,#822);
#821 = CARTESIAN_POINT('',(-1.27,-4.445,0.));
#822 = VECTOR('',#823,1.);
#823 = DIRECTION('',(0.,0.,1.));
#824 = ORIENTED_EDGE('',*,*,#825,.T.);
#825 = EDGE_CURVE('',#818,#770,#826,.T.);
#826 = LINE('',#827,#828);
#827 = CARTESIAN_POINT('',(-1.27,-4.445,4.4));
#828 = VECTOR('',#829,1.);
#829 = DIRECTION('',(1.,-1.110223024625E-16,0.));
#830 = ORIENTED_EDGE('',*,*,#767,.F.);
#831 = ORIENTED_EDGE('',*,*,#832,.F.);
#832 = EDGE_CURVE('',#833,#768,#835,.T.);
#833 = VERTEX_POINT('',#834);
#834 = CARTESIAN_POINT('',(0.846666666667,-4.445,0.));
#835 = LINE('',#836,#837);
#836 = CARTESIAN_POINT('',(-1.27,-4.445,0.));
#837 = VECTOR('',#838,1.);
#838 = DIRECTION('',(1.,-1.110223024625E-16,0.));
#839 = ORIENTED_EDGE('',*,*,#840,.T.);
#840 = EDGE_CURVE('',#833,#841,#843,.T.);
#841 = VERTEX_POINT('',#842);
#842 = CARTESIAN_POINT('',(0.846666666667,-4.445,0.2));
#843 = LINE('',#844,#845);
#844 = CARTESIAN_POINT('',(0.846666666667,-4.445,0.));
#845 = VECTOR('',#846,1.);
#846 = DIRECTION('',(0.,0.,1.));
#847 = ORIENTED_EDGE('',*,*,#848,.F.);
#848 = EDGE_CURVE('',#849,#841,#851,.T.);
#849 = VERTEX_POINT('',#850);
#850 = CARTESIAN_POINT('',(-0.846666666667,-4.445,0.2));
#851 = LINE('',#852,#853);
#852 = CARTESIAN_POINT('',(-0.846666666667,-4.445,0.2));
#853 = VECTOR('',#854,1.);
#854 = DIRECTION('',(1.,-1.110223024625E-16,0.));
#855 = ORIENTED_EDGE('',*,*,#856,.F.);
#856 = EDGE_CURVE('',#810,#849,#857,.T.);
#857 = LINE('',#858,#859);
#858 = CARTESIAN_POINT('',(-0.846666666667,-4.445,0.));
#859 = VECTOR('',#860,1.);
#860 = DIRECTION('',(0.,0.,1.));
#861 = PLANE('',#862);
#862 = AXIS2_PLACEMENT_3D('',#863,#864,#865);
#863 = CARTESIAN_POINT('',(-1.27,-4.445,0.));
#864 = DIRECTION('',(1.110223024625E-16,1.,0.));
#865 = DIRECTION('',(1.,-1.110223024625E-16,0.));
#866 = ADVANCED_FACE('',(#867),#924,.F.);
#867 = FACE_BOUND('',#868,.F.);
#868 = EDGE_LOOP('',(#869,#877,#878,#886,#894,#902,#910,#918));
#869 = ORIENTED_EDGE('',*,*,#870,.F.);
#870 = EDGE_CURVE('',#786,#871,#873,.T.);
#871 = VERTEX_POINT('',#872);
#872 = CARTESIAN_POINT('',(0.846666666667,0.635,0.));
#873 = LINE('',#874,#875);
#874 = CARTESIAN_POINT('',(1.27,0.635,0.));
#875 = VECTOR('',#876,1.);
#876 = DIRECTION('',(-1.,1.110223024625E-16,0.));
#877 = ORIENTED_EDGE('',*,*,#785,.T.);
#878 = ORIENTED_EDGE('',*,*,#879,.T.);
#879 = EDGE_CURVE('',#778,#880,#882,.T.);
#880 = VERTEX_POINT('',#881);
#881 = CARTESIAN_POINT('',(-1.27,0.635,4.4));
#882 = LINE('',#883,#884);
#883 = CARTESIAN_POINT('',(1.27,0.635,4.4));
#884 = VECTOR('',#885,1.);
#885 = DIRECTION('',(-1.,1.110223024625E-16,0.));
#886 = ORIENTED_EDGE('',*,*,#887,.F.);
#887 = EDGE_CURVE('',#888,#880,#890,.T.);
#888 = VERTEX_POINT('',#889);
#889 = CARTESIAN_POINT('',(-1.27,0.635,0.));
#890 = LINE('',#891,#892);
#891 = CARTESIAN_POINT('',(-1.27,0.635,0.));
#892 = VECTOR('',#893,1.);
#893 = DIRECTION('',(0.,0.,1.));
#894 = ORIENTED_EDGE('',*,*,#895,.F.);
#895 = EDGE_CURVE('',#896,#888,#898,.T.);
#896 = VERTEX_POINT('',#897);
#897 = CARTESIAN_POINT('',(-0.846666666667,0.635,0.));
#898 = LINE('',#899,#900);
#899 = CARTESIAN_POINT('',(1.27,0.635,0.));
#900 = VECTOR('',#901,1.);
#901 = DIRECTION('',(-1.,1.110223024625E-16,0.));
#902 = ORIENTED_EDGE('',*,*,#903,.T.);
#903 = EDGE_CURVE('',#896,#904,#906,.T.);
#904 = VERTEX_POINT('',#905);
#905 = CARTESIAN_POINT('',(-0.846666666667,0.635,0.2));
#906 = LINE('',#907,#908);
#907 = CARTESIAN_POINT('',(-0.846666666667,0.635,0.));
#908 = VECTOR('',#909,1.);
#909 = DIRECTION('',(0.,0.,1.));
#910 = ORIENTED_EDGE('',*,*,#911,.F.);
#911 = EDGE_CURVE('',#912,#904,#914,.T.);
#912 = VERTEX_POINT('',#913);
#913 = CARTESIAN_POINT('',(0.846666666667,0.635,0.2));
#914 = LINE('',#915,#916);
#915 = CARTESIAN_POINT('',(0.846666666667,0.635,0.2));
#916 = VECTOR('',#917,1.);
#917 = DIRECTION('',(-1.,1.110223024625E-16,0.));
#918 = ORIENTED_EDGE('',*,*,#919,.F.);
#919 = EDGE_CURVE('',#871,#912,#920,.T.);
#920 = LINE('',#921,#922);
#921 = CARTESIAN_POINT('',(0.846666666667,0.635,0.));
#922 = VECTOR('',#923,1.);
#923 = DIRECTION('',(0.,0.,1.));
#924 = PLANE('',#925);
#925 = AXIS2_PLACEMENT_3D('',#926,#927,#928);
#926 = CARTESIAN_POINT('',(1.27,0.635,0.));
#927 = DIRECTION('',(-1.110223024625E-16,-1.,0.));
#928 = DIRECTION('',(-1.,1.110223024625E-16,0.));
#929 = ADVANCED_FACE('',(#930),#941,.F.);
#930 = FACE_BOUND('',#931,.F.);
#931 = EDGE_LOOP('',(#932,#933,#934,#935));
#932 = ORIENTED_EDGE('',*,*,#832,.T.);
#933 = ORIENTED_EDGE('',*,*,#793,.T.);
#934 = ORIENTED_EDGE('',*,*,#870,.T.);
#935 = ORIENTED_EDGE('',*,*,#936,.F.);
#936 = EDGE_CURVE('',#833,#871,#937,.T.);
#937 = LINE('',#938,#939);
#938 = CARTESIAN_POINT('',(0.846666666667,-4.445,0.));
#939 = VECTOR('',#940,1.);
#940 = DIRECTION('',(1.110223024625E-16,1.,0.));
#941 = PLANE('',#942);
#942 = AXIS2_PLACEMENT_3D('',#943,#944,#945);
#943 = CARTESIAN_POINT('',(-1.393402745184E-16,-1.905,0.));
#944 = DIRECTION('',(0.,0.,1.));
#945 = DIRECTION('',(1.110223024625E-16,1.,-0.));
#946 = ADVANCED_FACE('',(#947,#958,#992,#1026,#1060),#1094,.T.);
#947 = FACE_BOUND('',#948,.T.);
#948 = EDGE_LOOP('',(#949,#950,#951,#957));
#949 = ORIENTED_EDGE('',*,*,#777,.T.);
#950 = ORIENTED_EDGE('',*,*,#879,.T.);
#951 = ORIENTED_EDGE('',*,*,#952,.T.);
#952 = EDGE_CURVE('',#880,#818,#953,.T.);
#953 = LINE('',#954,#955);
#954 = CARTESIAN_POINT('',(-1.27,0.635,4.4));
#955 = VECTOR('',#956,1.);
#956 = DIRECTION('',(-1.110223024625E-16,-1.,0.));
#957 = ORIENTED_EDGE('',*,*,#825,.T.);
#958 = FACE_BOUND('',#959,.T.);
#959 = EDGE_LOOP('',(#960,#970,#978,#986));
#960 = ORIENTED_EDGE('',*,*,#961,.F.);
#961 = EDGE_CURVE('',#962,#964,#966,.T.);
#962 = VERTEX_POINT('',#963);
#963 = CARTESIAN_POINT('',(0.5,-4.31,4.4));
#964 = VERTEX_POINT('',#965);
#965 = CARTESIAN_POINT('',(0.5,-3.31,4.4));
#966 = LINE('',#967,#968);
#967 = CARTESIAN_POINT('',(0.5,-4.31,4.4));
#968 = VECTOR('',#969,1.);
#969 = DIRECTION('',(1.110223024625E-16,1.,0.));
#970 = ORIENTED_EDGE('',*,*,#971,.F.);
#971 = EDGE_CURVE('',#972,#962,#974,.T.);
#972 = VERTEX_POINT('',#973);
#973 = CARTESIAN_POINT('',(-0.5,-4.31,4.4));
#974 = LINE('',#975,#976);
#975 = CARTESIAN_POINT('',(-0.5,-4.31,4.4));
#976 = VECTOR('',#977,1.);
#977 = DIRECTION('',(1.,-1.110223024625E-16,0.));
#978 = ORIENTED_EDGE('',*,*,#979,.F.);
#979 = EDGE_CURVE('',#980,#972,#982,.T.);
#980 = VERTEX_POINT('',#981);
#981 = CARTESIAN_POINT('',(-0.5,-3.31,4.4));
#982 = LINE('',#983,#984);
#983 = CARTESIAN_POINT('',(-0.5,-3.31,4.4));
#984 = VECTOR('',#985,1.);
#985 = DIRECTION('',(-1.110223024625E-16,-1.,0.));
#986 = ORIENTED_EDGE('',*,*,#987,.F.);
#987 = EDGE_CURVE('',#964,#980,#988,.T.);
#988 = LINE('',#989,#990);
#989 = CARTESIAN_POINT('',(0.5,-3.31,4.4));
#990 = VECTOR('',#991,1.);
#991 = DIRECTION('',(-1.,1.110223024625E-16,0.));
#992 = FACE_BOUND('',#993,.T.);
#993 = EDGE_LOOP('',(#994,#1004,#1012,#1020));
#994 = ORIENTED_EDGE('',*,*,#995,.F.);
#995 = EDGE_CURVE('',#996,#998,#1000,.T.);
#996 = VERTEX_POINT('',#997);
#997 = CARTESIAN_POINT('',(0.5,-3.04,4.4));
#998 = VERTEX_POINT('',#999);
#999 = CARTESIAN_POINT('',(0.5,-2.04,4.4));
#1000 = LINE('',#1001,#1002);
#1001 = CARTESIAN_POINT('',(0.5,-3.04,4.4));
#1002 = VECTOR('',#1003,1.);
#1003 = DIRECTION('',(1.110223024625E-16,1.,0.));
#1004 = ORIENTED_EDGE('',*,*,#1005,.F.);
#1005 = EDGE_CURVE('',#1006,#996,#1008,.T.);
#1006 = VERTEX_POINT('',#1007);
#1007 = CARTESIAN_POINT('',(-0.5,-3.04,4.4));
#1008 = LINE('',#1009,#1010);
#1009 = CARTESIAN_POINT('',(-0.5,-3.04,4.4));
#1010 = VECTOR('',#1011,1.);
#1011 = DIRECTION('',(1.,-1.110223024625E-16,0.));
#1012 = ORIENTED_EDGE('',*,*,#1013,.F.);
#1013 = EDGE_CURVE('',#1014,#1006,#1016,.T.);
#1014 = VERTEX_POINT('',#1015);
#1015 = CARTESIAN_POINT('',(-0.5,-2.04,4.4));
#1016 = LINE('',#1017,#1018);
#1017 = CARTESIAN_POINT('',(-0.5,-2.04,4.4));
#1018 = VECTOR('',#1019,1.);
#1019 = DIRECTION('',(-1.110223024625E-16,-1.,0.));
#1020 = ORIENTED_EDGE('',*,*,#1021,.F.);
#1021 = EDGE_CURVE('',#998,#1014,#1022,.T.);
#1022 = LINE('',#1023,#1024);
#1023 = CARTESIAN_POINT('',(0.5,-2.04,4.4));
#1024 = VECTOR('',#1025,1.);
#1025 = DIRECTION('',(-1.,1.110223024625E-16,0.));
#1026 = FACE_BOUND('',#1027,.T.);
#1027 = EDGE_LOOP('',(#1028,#1038,#1046,#1054));
#1028 = ORIENTED_EDGE('',*,*,#1029,.F.);
#1029 = EDGE_CURVE('',#1030,#1032,#1034,.T.);
#1030 = VERTEX_POINT('',#1031);
#1031 = CARTESIAN_POINT('',(0.5,-1.77,4.4));
#1032 = VERTEX_POINT('',#1033);
#1033 = CARTESIAN_POINT('',(0.5,-0.77,4.4));
#1034 = LINE('',#1035,#1036);
#1035 = CARTESIAN_POINT('',(0.5,-1.77,4.4));
#1036 = VECTOR('',#1037,1.);
#1037 = DIRECTION('',(1.110223024625E-16,1.,0.));
#1038 = ORIENTED_EDGE('',*,*,#1039,.F.);
#1039 = EDGE_CURVE('',#1040,#1030,#1042,.T.);
#1040 = VERTEX_POINT('',#1041);
#1041 = CARTESIAN_POINT('',(-0.5,-1.77,4.4));
#1042 = LINE('',#1043,#1044);
#1043 = CARTESIAN_POINT('',(-0.5,-1.77,4.4));
#1044 = VECTOR('',#1045,1.);
#1045 = DIRECTION('',(1.,-1.110223024625E-16,0.));
#1046 = ORIENTED_EDGE('',*,*,#1047,.F.);
#1047 = EDGE_CURVE('',#1048,#1040,#1050,.T.);
#1048 = VERTEX_POINT('',#1049);
#1049 = CARTESIAN_POINT('',(-0.5,-0.77,4.4));
#1050 = LINE('',#1051,#1052);
#1051 = CARTESIAN_POINT('',(-0.5,-0.77,4.4));
#1052 = VECTOR('',#1053,1.);
#1053 = DIRECTION('',(-1.110223024625E-16,-1.,0.));
#1054 = ORIENTED_EDGE('',*,*,#1055,.F.);
#1055 = EDGE_CURVE('',#1032,#1048,#1056,.T.);
#1056 = LINE('',#1057,#1058);
#1057 = CARTESIAN_POINT('',(0.5,-0.77,4.4));
#1058 = VECTOR('',#1059,1.);
#1059 = DIRECTION('',(-1.,1.110223024625E-16,0.));
#1060 = FACE_BOUND('',#1061,.T.);
#1061 = EDGE_LOOP('',(#1062,#1072,#1080,#1088));
#1062 = ORIENTED_EDGE('',*,*,#1063,.F.);
#1063 = EDGE_CURVE('',#1064,#1066,#1068,.T.);
#1064 = VERTEX_POINT('',#1065);
#1065 = CARTESIAN_POINT('',(0.5,-0.5,4.4));
#1066 = VERTEX_POINT('',#1067);
#1067 = CARTESIAN_POINT('',(0.5,0.5,4.4));
#1068 = LINE('',#1069,#1070);
#1069 = CARTESIAN_POINT('',(0.5,-0.5,4.4));
#1070 = VECTOR('',#1071,1.);
#1071 = DIRECTION('',(1.110223024625E-16,1.,0.));
#1072 = ORIENTED_EDGE('',*,*,#1073,.F.);
#1073 = EDGE_CURVE('',#1074,#1064,#1076,.T.);
#1074 = VERTEX_POINT('',#1075);
#1075 = CARTESIAN_POINT('',(-0.5,-0.5,4.4));
#1076 = LINE('',#1077,#1078);
#1077 = CARTESIAN_POINT('',(-0.5,-0.5,4.4));
#1078 = VECTOR('',#1079,1.);
#1079 = DIRECTION('',(1.,-1.110223024625E-16,0.));
#1080 = ORIENTED_EDGE('',*,*,#1081,.F.);
#1081 = EDGE_CURVE('',#1082,#1074,#1084,.T.);
#1082 = VERTEX_POINT('',#1083);
#1083 = CARTESIAN_POINT('',(-0.5,0.5,4.4));
#1084 = LINE('',#1085,#1086);
#1085 = CARTESIAN_POINT('',(-0.5,0.5,4.4));
#1086 = VECTOR('',#1087,1.);
#1087 = DIRECTION('',(-1.110223024625E-16,-1.,0.));
#1088 = ORIENTED_EDGE('',*,*,#1089,.F.);
#1089 = EDGE_CURVE('',#1066,#1082,#1090,.T.);
#1090 = LINE('',#1091,#1092);
#1091 = CARTESIAN_POINT('',(0.5,0.5,4.4));
#1092 = VECTOR('',#1093,1.);
#1093 = DIRECTION('',(-1.,1.110223024625E-16,0.));
#1094 = PLANE('',#1095);
#1095 = AXIS2_PLACEMENT_3D('',#1096,#1097,#1098);
#1096 = CARTESIAN_POINT('',(-1.393402745184E-16,-1.905,4.4));
#1097 = DIRECTION('',(0.,0.,1.));
#1098 = DIRECTION('',(1.110223024625E-16,1.,-0.));
#1099 = ADVANCED_FACE('',(#1100),#1116,.F.);
#1100 = FACE_BOUND('',#1101,.F.);
#1101 = EDGE_LOOP('',(#1102,#1103,#1109,#1110));
#1102 = ORIENTED_EDGE('',*,*,#807,.T.);
#1103 = ORIENTED_EDGE('',*,*,#1104,.F.);
#1104 = EDGE_CURVE('',#896,#810,#1105,.T.);
#1105 = LINE('',#1106,#1107);
#1106 = CARTESIAN_POINT('',(-0.846666666667,0.635,0.));
#1107 = VECTOR('',#1108,1.);
#1108 = DIRECTION('',(-1.110223024625E-16,-1.,0.));
#1109 = ORIENTED_EDGE('',*,*,#895,.T.);
#1110 = ORIENTED_EDGE('',*,*,#1111,.T.);
#1111 = EDGE_CURVE('',#888,#808,#1112,.T.);
#1112 = LINE('',#1113,#1114);
#1113 = CARTESIAN_POINT('',(-1.27,0.635,0.));
#1114 = VECTOR('',#1115,1.);
#1115 = DIRECTION('',(-1.110223024625E-16,-1.,0.));
#1116 = PLANE('',#1117);
#1117 = AXIS2_PLACEMENT_3D('',#1118,#1119,#1120);
#1118 = CARTESIAN_POINT('',(-1.393402745184E-16,-1.905,0.));
#1119 = DIRECTION('',(0.,0.,1.));
#1120 = DIRECTION('',(1.110223024625E-16,1.,-0.));
#1121 = ADVANCED_FACE('',(#1122),#1133,.T.);
#1122 = FACE_BOUND('',#1123,.T.);
#1123 = EDGE_LOOP('',(#1124,#1125,#1131,#1132));
#1124 = ORIENTED_EDGE('',*,*,#903,.T.);
#1125 = ORIENTED_EDGE('',*,*,#1126,.T.);
#1126 = EDGE_CURVE('',#904,#849,#1127,.T.);
#1127 = LINE('',#1128,#1129);
#1128 = CARTESIAN_POINT('',(-0.846666666667,0.635,0.2));
#1129 = VECTOR('',#1130,1.);
#1130 = DIRECTION('',(-1.110223024625E-16,-1.,0.));
#1131 = ORIENTED_EDGE('',*,*,#856,.F.);
#1132 = ORIENTED_EDGE('',*,*,#1104,.F.);
#1133 = PLANE('',#1134);
#1134 = AXIS2_PLACEMENT_3D('',#1135,#1136,#1137);
#1135 = CARTESIAN_POINT('',(-0.846666666667,0.635,0.));
#1136 = DIRECTION('',(1.,-1.110223024625E-16,0.));
#1137 = DIRECTION('',(-1.110223024625E-16,-1.,0.));
#1138 = ADVANCED_FACE('',(#1139,#1150,#1216,#1282,#1348),#1414,.F.);
#1139 = FACE_BOUND('',#1140,.F.);
#1140 = EDGE_LOOP('',(#1141,#1147,#1148,#1149));
#1141 = ORIENTED_EDGE('',*,*,#1142,.T.);
#1142 = EDGE_CURVE('',#841,#912,#1143,.T.);
#1143 = LINE('',#1144,#1145);
#1144 = CARTESIAN_POINT('',(0.846666666667,-4.445,0.2));
#1145 = VECTOR('',#1146,1.);
#1146 = DIRECTION('',(1.110223024625E-16,1.,0.));
#1147 = ORIENTED_EDGE('',*,*,#911,.T.);
#1148 = ORIENTED_EDGE('',*,*,#1126,.T.);
#1149 = ORIENTED_EDGE('',*,*,#848,.T.);
#1150 = FACE_BOUND('',#1151,.F.);
#1151 = EDGE_LOOP('',(#1152,#1162,#1170,#1178,#1186,#1194,#1202,#1210));
#1152 = ORIENTED_EDGE('',*,*,#1153,.F.);
#1153 = EDGE_CURVE('',#1154,#1156,#1158,.T.);
#1154 = VERTEX_POINT('',#1155);
#1155 = CARTESIAN_POINT('',(-0.1,-2.915,0.2));
#1156 = VERTEX_POINT('',#1157);
#1157 = CARTESIAN_POINT('',(0.1,-2.915,0.2));
#1158 = LINE('',#1159,#1160);
#1159 = CARTESIAN_POINT('',(-0.1,-2.915,0.2));
#1160 = VECTOR('',#1161,1.);
#1161 = DIRECTION('',(1.,-1.110223024625E-16,0.));
#1162 = ORIENTED_EDGE('',*,*,#1163,.T.);
#1163 = EDGE_CURVE('',#1154,#1164,#1166,.T.);
#1164 = VERTEX_POINT('',#1165);
#1165 = CARTESIAN_POINT('',(-0.1,-2.79,0.2));
#1166 = LINE('',#1167,#1168);
#1167 = CARTESIAN_POINT('',(-0.1,-2.915,0.2));
#1168 = VECTOR('',#1169,1.);
#1169 = DIRECTION('',(1.110223024625E-16,1.,0.));
#1170 = ORIENTED_EDGE('',*,*,#1171,.F.);
#1171 = EDGE_CURVE('',#1172,#1164,#1174,.T.);
#1172 = VERTEX_POINT('',#1173);
#1173 = CARTESIAN_POINT('',(-0.1,-2.29,0.2));
#1174 = LINE('',#1175,#1176);
#1175 = CARTESIAN_POINT('',(-0.1,-2.2225,0.2));
#1176 = VECTOR('',#1177,1.);
#1177 = DIRECTION('',(-1.110223024625E-16,-1.,0.));
#1178 = ORIENTED_EDGE('',*,*,#1179,.T.);
#1179 = EDGE_CURVE('',#1172,#1180,#1182,.T.);
#1180 = VERTEX_POINT('',#1181);
#1181 = CARTESIAN_POINT('',(-0.1,-2.165,0.2));
#1182 = LINE('',#1183,#1184);
#1183 = CARTESIAN_POINT('',(-0.1,-2.915,0.2));
#1184 = VECTOR('',#1185,1.);
#1185 = DIRECTION('',(1.110223024625E-16,1.,0.));
#1186 = ORIENTED_EDGE('',*,*,#1187,.T.);
#1187 = EDGE_CURVE('',#1180,#1188,#1190,.T.);
#1188 = VERTEX_POINT('',#1189);
#1189 = CARTESIAN_POINT('',(0.1,-2.165,0.2));
#1190 = LINE('',#1191,#1192);
#1191 = CARTESIAN_POINT('',(-0.1,-2.165,0.2));
#1192 = VECTOR('',#1193,1.);
#1193 = DIRECTION('',(1.,-1.110223024625E-16,0.));
#1194 = ORIENTED_EDGE('',*,*,#1195,.T.);
#1195 = EDGE_CURVE('',#1188,#1196,#1198,.T.);
#1196 = VERTEX_POINT('',#1197);
#1197 = CARTESIAN_POINT('',(0.1,-2.29,0.2));
#1198 = LINE('',#1199,#1200);
#1199 = CARTESIAN_POINT('',(0.1,-2.165,0.2));
#1200 = VECTOR('',#1201,1.);
#1201 = DIRECTION('',(-1.110223024625E-16,-1.,0.));
#1202 = ORIENTED_EDGE('',*,*,#1203,.T.);
#1203 = EDGE_CURVE('',#1196,#1204,#1206,.T.);
#1204 = VERTEX_POINT('',#1205);
#1205 = CARTESIAN_POINT('',(0.1,-2.79,0.2));
#1206 = LINE('',#1207,#1208);
#1207 = CARTESIAN_POINT('',(0.1,-2.2225,0.2));
#1208 = VECTOR('',#1209,1.);
#1209 = DIRECTION('',(-1.110223024625E-16,-1.,0.));
#1210 = ORIENTED_EDGE('',*,*,#1211,.T.);
#1211 = EDGE_CURVE('',#1204,#1156,#1212,.T.);
#1212 = LINE('',#1213,#1214);
#1213 = CARTESIAN_POINT('',(0.1,-2.165,0.2));
#1214 = VECTOR('',#1215,1.);
#1215 = DIRECTION('',(-1.110223024625E-16,-1.,0.));
#1216 = FACE_BOUND('',#1217,.F.);
#1217 = EDGE_LOOP('',(#1218,#1228,#1236,#1244,#1252,#1260,#1268,#1276));
#1218 = ORIENTED_EDGE('',*,*,#1219,.F.);
#1219 = EDGE_CURVE('',#1220,#1222,#1224,.T.);
#1220 = VERTEX_POINT('',#1221);
#1221 = CARTESIAN_POINT('',(-0.1,-4.185,0.2));
#1222 = VERTEX_POINT('',#1223);
#1223 = CARTESIAN_POINT('',(0.1,-4.185,0.2));
#1224 = LINE('',#1225,#1226);
#1225 = CARTESIAN_POINT('',(-0.1,-4.185,0.2));
#1226 = VECTOR('',#1227,1.);
#1227 = DIRECTION('',(1.,-1.110223024625E-16,0.));
#1228 = ORIENTED_EDGE('',*,*,#1229,.T.);
#1229 = EDGE_CURVE('',#1220,#1230,#1232,.T.);
#1230 = VERTEX_POINT('',#1231);
#1231 = CARTESIAN_POINT('',(-0.1,-4.06,0.2));
#1232 = LINE('',#1233,#1234);
#1233 = CARTESIAN_POINT('',(-0.1,-4.185,0.2));
#1234 = VECTOR('',#1235,1.);
#1235 = DIRECTION('',(1.110223024625E-16,1.,0.));
#1236 = ORIENTED_EDGE('',*,*,#1237,.F.);
#1237 = EDGE_CURVE('',#1238,#1230,#1240,.T.);
#1238 = VERTEX_POINT('',#1239);
#1239 = CARTESIAN_POINT('',(-0.1,-3.56,0.2));
#1240 = LINE('',#1241,#1242);
#1241 = CARTESIAN_POINT('',(-0.1,-2.8575,0.2));
#1242 = VECTOR('',#1243,1.);
#1243 = DIRECTION('',(-1.110223024625E-16,-1.,0.));
#1244 = ORIENTED_EDGE('',*,*,#1245,.T.);
#1245 = EDGE_CURVE('',#1238,#1246,#1248,.T.);
#1246 = VERTEX_POINT('',#1247);
#1247 = CARTESIAN_POINT('',(-0.1,-3.435,0.2));
#1248 = LINE('',#1249,#1250);
#1249 = CARTESIAN_POINT('',(-0.1,-4.185,0.2));
#1250 = VECTOR('',#1251,1.);
#1251 = DIRECTION('',(1.110223024625E-16,1.,0.));
#1252 = ORIENTED_EDGE('',*,*,#1253,.T.);
#1253 = EDGE_CURVE('',#1246,#1254,#1256,.T.);
#1254 = VERTEX_POINT('',#1255);
#1255 = CARTESIAN_POINT('',(0.1,-3.435,0.2));
#1256 = LINE('',#1257,#1258);
#1257 = CARTESIAN_POINT('',(-0.1,-3.435,0.2));
#1258 = VECTOR('',#1259,1.);
#1259 = DIRECTION('',(1.,-1.110223024625E-16,0.));
#1260 = ORIENTED_EDGE('',*,*,#1261,.T.);
#1261 = EDGE_CURVE('',#1254,#1262,#1264,.T.);
#1262 = VERTEX_POINT('',#1263);
#1263 = CARTESIAN_POINT('',(0.1,-3.56,0.2));
#1264 = LINE('',#1265,#1266);
#1265 = CARTESIAN_POINT('',(0.1,-3.435,0.2));
#1266 = VECTOR('',#1267,1.);
#1267 = DIRECTION('',(-1.110223024625E-16,-1.,0.));
#1268 = ORIENTED_EDGE('',*,*,#1269,.T.);
#1269 = EDGE_CURVE('',#1262,#1270,#1272,.T.);
#1270 = VERTEX_POINT('',#1271);
#1271 = CARTESIAN_POINT('',(0.1,-4.06,0.2));
#1272 = LINE('',#1273,#1274);
#1273 = CARTESIAN_POINT('',(0.1,-2.8575,0.2));
#1274 = VECTOR('',#1275,1.);
#1275 = DIRECTION('',(-1.110223024625E-16,-1.,0.));
#1276 = ORIENTED_EDGE('',*,*,#1277,.T.);
#1277 = EDGE_CURVE('',#1270,#1222,#1278,.T.);
#1278 = LINE('',#1279,#1280);
#1279 = CARTESIAN_POINT('',(0.1,-3.435,0.2));
#1280 = VECTOR('',#1281,1.);
#1281 = DIRECTION('',(-1.110223024625E-16,-1.,0.));
#1282 = FACE_BOUND('',#1283,.F.);
#1283 = EDGE_LOOP('',(#1284,#1294,#1302,#1310,#1318,#1326,#1334,#1342));
#1284 = ORIENTED_EDGE('',*,*,#1285,.F.);
#1285 = EDGE_CURVE('',#1286,#1288,#1290,.T.);
#1286 = VERTEX_POINT('',#1287);
#1287 = CARTESIAN_POINT('',(-0.1,-1.645,0.2));
#1288 = VERTEX_POINT('',#1289);
#1289 = CARTESIAN_POINT('',(0.1,-1.645,0.2));
#1290 = LINE('',#1291,#1292);
#1291 = CARTESIAN_POINT('',(-0.1,-1.645,0.2));
#1292 = VECTOR('',#1293,1.);
#1293 = DIRECTION('',(1.,-1.110223024625E-16,0.));
#1294 = ORIENTED_EDGE('',*,*,#1295,.T.);
#1295 = EDGE_CURVE('',#1286,#1296,#1298,.T.);
#1296 = VERTEX_POINT('',#1297);
#1297 = CARTESIAN_POINT('',(-0.1,-1.52,0.2));
#1298 = LINE('',#1299,#1300);
#1299 = CARTESIAN_POINT('',(-0.1,-1.645,0.2));
#1300 = VECTOR('',#1301,1.);
#1301 = DIRECTION('',(1.110223024625E-16,1.,0.));
#1302 = ORIENTED_EDGE('',*,*,#1303,.F.);
#1303 = EDGE_CURVE('',#1304,#1296,#1306,.T.);
#1304 = VERTEX_POINT('',#1305);
#1305 = CARTESIAN_POINT('',(-0.1,-1.02,0.2));
#1306 = LINE('',#1307,#1308);
#1307 = CARTESIAN_POINT('',(-0.1,-1.5875,0.2));
#1308 = VECTOR('',#1309,1.);
#1309 = DIRECTION('',(-1.110223024625E-16,-1.,0.));
#1310 = ORIENTED_EDGE('',*,*,#1311,.T.);
#1311 = EDGE_CURVE('',#1304,#1312,#1314,.T.);
#1312 = VERTEX_POINT('',#1313);
#1313 = CARTESIAN_POINT('',(-0.1,-0.895,0.2));
#1314 = LINE('',#1315,#1316);
#1315 = CARTESIAN_POINT('',(-0.1,-1.645,0.2));
#1316 = VECTOR('',#1317,1.);
#1317 = DIRECTION('',(1.110223024625E-16,1.,0.));
#1318 = ORIENTED_EDGE('',*,*,#1319,.T.);
#1319 = EDGE_CURVE('',#1312,#1320,#1322,.T.);
#1320 = VERTEX_POINT('',#1321);
#1321 = CARTESIAN_POINT('',(0.1,-0.895,0.2));
#1322 = LINE('',#1323,#1324);
#1323 = CARTESIAN_POINT('',(-0.1,-0.895,0.2));
#1324 = VECTOR('',#1325,1.);
#1325 = DIRECTION('',(1.,-1.110223024625E-16,0.));
#1326 = ORIENTED_EDGE('',*,*,#1327,.T.);
#1327 = EDGE_CURVE('',#1320,#1328,#1330,.T.);
#1328 = VERTEX_POINT('',#1329);
#1329 = CARTESIAN_POINT('',(0.1,-1.02,0.2));
#1330 = LINE('',#1331,#1332);
#1331 = CARTESIAN_POINT('',(0.1,-0.895,0.2));
#1332 = VECTOR('',#1333,1.);
#1333 = DIRECTION('',(-1.110223024625E-16,-1.,0.));
#1334 = ORIENTED_EDGE('',*,*,#1335,.T.);
#1335 = EDGE_CURVE('',#1328,#1336,#1338,.T.);
#1336 = VERTEX_POINT('',#1337);
#1337 = CARTESIAN_POINT('',(0.1,-1.52,0.2));
#1338 = LINE('',#1339,#1340);
#1339 = CARTESIAN_POINT('',(0.1,-1.5875,0.2));
#1340 = VECTOR('',#1341,1.);
#1341 = DIRECTION('',(-1.110223024625E-16,-1.,0.));
#1342 = ORIENTED_EDGE('',*,*,#1343,.T.);
#1343 = EDGE_CURVE('',#1336,#1288,#1344,.T.);
#1344 = LINE('',#1345,#1346);
#1345 = CARTESIAN_POINT('',(0.1,-0.895,0.2));
#1346 = VECTOR('',#1347,1.);
#1347 = DIRECTION('',(-1.110223024625E-16,-1.,0.));
#1348 = FACE_BOUND('',#1349,.F.);
#1349 = EDGE_LOOP('',(#1350,#1360,#1368,#1376,#1384,#1392,#1400,#1408));
#1350 = ORIENTED_EDGE('',*,*,#1351,.F.);
#1351 = EDGE_CURVE('',#1352,#1354,#1356,.T.);
#1352 = VERTEX_POINT('',#1353);
#1353 = CARTESIAN_POINT('',(-0.1,-0.375,0.2));
#1354 = VERTEX_POINT('',#1355);
#1355 = CARTESIAN_POINT('',(0.1,-0.375,0.2));
#1356 = LINE('',#1357,#1358);
#1357 = CARTESIAN_POINT('',(-0.1,-0.375,0.2));
#1358 = VECTOR('',#1359,1.);
#1359 = DIRECTION('',(1.,-1.110223024625E-16,0.));
#1360 = ORIENTED_EDGE('',*,*,#1361,.T.);
#1361 = EDGE_CURVE('',#1352,#1362,#1364,.T.);
#1362 = VERTEX_POINT('',#1363);
#1363 = CARTESIAN_POINT('',(-0.1,-0.25,0.2));
#1364 = LINE('',#1365,#1366);
#1365 = CARTESIAN_POINT('',(-0.1,-0.375,0.2));
#1366 = VECTOR('',#1367,1.);
#1367 = DIRECTION('',(1.110223024625E-16,1.,0.));
#1368 = ORIENTED_EDGE('',*,*,#1369,.F.);
#1369 = EDGE_CURVE('',#1370,#1362,#1372,.T.);
#1370 = VERTEX_POINT('',#1371);
#1371 = CARTESIAN_POINT('',(-0.1,0.25,0.2));
#1372 = LINE('',#1373,#1374);
#1373 = CARTESIAN_POINT('',(-0.1,-0.9525,0.2));
#1374 = VECTOR('',#1375,1.);
#1375 = DIRECTION('',(-1.110223024625E-16,-1.,0.));
#1376 = ORIENTED_EDGE('',*,*,#1377,.T.);
#1377 = EDGE_CURVE('',#1370,#1378,#1380,.T.);
#1378 = VERTEX_POINT('',#1379);
#1379 = CARTESIAN_POINT('',(-0.1,0.375,0.2));
#1380 = LINE('',#1381,#1382);
#1381 = CARTESIAN_POINT('',(-0.1,-0.375,0.2));
#1382 = VECTOR('',#1383,1.);
#1383 = DIRECTION('',(1.110223024625E-16,1.,0.));
#1384 = ORIENTED_EDGE('',*,*,#1385,.T.);
#1385 = EDGE_CURVE('',#1378,#1386,#1388,.T.);
#1386 = VERTEX_POINT('',#1387);
#1387 = CARTESIAN_POINT('',(0.1,0.375,0.2));
#1388 = LINE('',#1389,#1390);
#1389 = CARTESIAN_POINT('',(-0.1,0.375,0.2));
#1390 = VECTOR('',#1391,1.);
#1391 = DIRECTION('',(1.,-1.110223024625E-16,0.));
#1392 = ORIENTED_EDGE('',*,*,#1393,.T.);
#1393 = EDGE_CURVE('',#1386,#1394,#1396,.T.);
#1394 = VERTEX_POINT('',#1395);
#1395 = CARTESIAN_POINT('',(0.1,0.25,0.2));
#1396 = LINE('',#1397,#1398);
#1397 = CARTESIAN_POINT('',(0.1,0.375,0.2));
#1398 = VECTOR('',#1399,1.);
#1399 = DIRECTION('',(-1.110223024625E-16,-1.,0.));
#1400 = ORIENTED_EDGE('',*,*,#1401,.T.);
#1401 = EDGE_CURVE('',#1394,#1402,#1404,.T.);
#1402 = VERTEX_POINT('',#1403);
#1403 = CARTESIAN_POINT('',(0.1,-0.25,0.2));
#1404 = LINE('',#1405,#1406);
#1405 = CARTESIAN_POINT('',(0.1,-0.9525,0.2));
#1406 = VECTOR('',#1407,1.);
#1407 = DIRECTION('',(-1.110223024625E-16,-1.,0.));
#1408 = ORIENTED_EDGE('',*,*,#1409,.T.);
#1409 = EDGE_CURVE('',#1402,#1354,#1410,.T.);
#1410 = LINE('',#1411,#1412);
#1411 = CARTESIAN_POINT('',(0.1,0.375,0.2));
#1412 = VECTOR('',#1413,1.);
#1413 = DIRECTION('',(-1.110223024625E-16,-1.,0.));
#1414 = PLANE('',#1415);
#1415 = AXIS2_PLACEMENT_3D('',#1416,#1417,#1418);
#1416 = CARTESIAN_POINT('',(-1.976196983833E-16,-1.905,0.2));
#1417 = DIRECTION('',(0.,0.,1.));
#1418 = DIRECTION('',(1.110223024625E-16,1.,-0.));
#1419 = ADVANCED_FACE('',(#1420),#1426,.T.);
#1420 = FACE_BOUND('',#1421,.T.);
#1421 = EDGE_LOOP('',(#1422,#1423,#1424,#1425));
#1422 = ORIENTED_EDGE('',*,*,#840,.T.);
#1423 = ORIENTED_EDGE('',*,*,#1142,.T.);
#1424 = ORIENTED_EDGE('',*,*,#919,.F.);
#1425 = ORIENTED_EDGE('',*,*,#936,.F.);
#1426 = PLANE('',#1427);
#1427 = AXIS2_PLACEMENT_3D('',#1428,#1429,#1430);
#1428 = CARTESIAN_POINT('',(0.846666666667,-4.445,0.));
#1429 = DIRECTION('',(-1.,1.110223024625E-16,0.));
#1430 = DIRECTION('',(1.110223024625E-16,1.,0.));
#1431 = ADVANCED_FACE('',(#1432),#1438,.F.);
#1432 = FACE_BOUND('',#1433,.F.);
#1433 = EDGE_LOOP('',(#1434,#1435,#1436,#1437));
#1434 = ORIENTED_EDGE('',*,*,#887,.T.);
#1435 = ORIENTED_EDGE('',*,*,#952,.T.);
#1436 = ORIENTED_EDGE('',*,*,#817,.F.);
#1437 = ORIENTED_EDGE('',*,*,#1111,.F.);
#1438 = PLANE('',#1439);
#1439 = AXIS2_PLACEMENT_3D('',#1440,#1441,#1442);
#1440 = CARTESIAN_POINT('',(-1.27,0.635,0.));
#1441 = DIRECTION('',(1.,-1.110223024625E-16,0.));
#1442 = DIRECTION('',(-1.110223024625E-16,-1.,0.));
#1443 = ADVANCED_FACE('',(#1444),#1469,.T.);
#1444 = FACE_BOUND('',#1445,.T.);
#1445 = EDGE_LOOP('',(#1446,#1454,#1455,#1463));
#1446 = ORIENTED_EDGE('',*,*,#1447,.F.);
#1447 = EDGE_CURVE('',#962,#1448,#1450,.T.);
#1448 = VERTEX_POINT('',#1449);
#1449 = CARTESIAN_POINT('',(0.25,-4.06,4.15));
#1450 = LINE('',#1451,#1452);
#1451 = CARTESIAN_POINT('',(0.25,-4.06,4.15));
#1452 = VECTOR('',#1453,1.);
#1453 = DIRECTION('',(-0.57735026919,0.57735026919,-0.57735026919));
#1454 = ORIENTED_EDGE('',*,*,#961,.T.);
#1455 = ORIENTED_EDGE('',*,*,#1456,.T.);
#1456 = EDGE_CURVE('',#964,#1457,#1459,.T.);
#1457 = VERTEX_POINT('',#1458);
#1458 = CARTESIAN_POINT('',(0.25,-3.56,4.15));
#1459 = LINE('',#1460,#1461);
#1460 = CARTESIAN_POINT('',(0.25,-3.56,4.15));
#1461 = VECTOR('',#1462,1.);
#1462 = DIRECTION('',(-0.57735026919,-0.57735026919,-0.57735026919));
#1463 = ORIENTED_EDGE('',*,*,#1464,.F.);
#1464 = EDGE_CURVE('',#1448,#1457,#1465,.T.);
#1465 = LINE('',#1466,#1467);
#1466 = CARTESIAN_POINT('',(0.25,-4.31,4.15));
#1467 = VECTOR('',#1468,1.);
#1468 = DIRECTION('',(1.110223024625E-16,1.,0.));
#1469 = PLANE('',#1470);
#1470 = AXIS2_PLACEMENT_3D('',#1471,#1472,#1473);
#1471 = CARTESIAN_POINT('',(0.375,-4.31,4.275));
#1472 = DIRECTION('',(-0.707106781187,7.850462293414E-17,0.707106781187)
  );
#1473 = DIRECTION('',(1.110223024625E-16,1.,2.680278185005E-29));
#1474 = ADVANCED_FACE('',(#1475),#1493,.T.);
#1475 = FACE_BOUND('',#1476,.T.);
#1476 = EDGE_LOOP('',(#1477,#1478,#1479,#1487));
#1477 = ORIENTED_EDGE('',*,*,#1456,.F.);
#1478 = ORIENTED_EDGE('',*,*,#987,.T.);
#1479 = ORIENTED_EDGE('',*,*,#1480,.T.);
#1480 = EDGE_CURVE('',#980,#1481,#1483,.T.);
#1481 = VERTEX_POINT('',#1482);
#1482 = CARTESIAN_POINT('',(-0.25,-3.56,4.15));
#1483 = LINE('',#1484,#1485);
#1484 = CARTESIAN_POINT('',(-0.25,-3.56,4.15));
#1485 = VECTOR('',#1486,1.);
#1486 = DIRECTION('',(0.57735026919,-0.57735026919,-0.57735026919));
#1487 = ORIENTED_EDGE('',*,*,#1488,.F.);
#1488 = EDGE_CURVE('',#1457,#1481,#1489,.T.);
#1489 = LINE('',#1490,#1491);
#1490 = CARTESIAN_POINT('',(0.5,-3.56,4.15));
#1491 = VECTOR('',#1492,1.);
#1492 = DIRECTION('',(-1.,1.110223024625E-16,0.));
#1493 = PLANE('',#1494);
#1494 = AXIS2_PLACEMENT_3D('',#1495,#1496,#1497);
#1495 = CARTESIAN_POINT('',(0.5,-3.435,4.275));
#1496 = DIRECTION('',(-7.850462293414E-17,-0.707106781187,0.707106781187
    ));
#1497 = DIRECTION('',(-1.,1.110223024625E-16,2.680278185005E-29));
#1498 = ADVANCED_FACE('',(#1499),#1517,.T.);
#1499 = FACE_BOUND('',#1500,.T.);
#1500 = EDGE_LOOP('',(#1501,#1502,#1503,#1511));
#1501 = ORIENTED_EDGE('',*,*,#1480,.F.);
#1502 = ORIENTED_EDGE('',*,*,#979,.T.);
#1503 = ORIENTED_EDGE('',*,*,#1504,.T.);
#1504 = EDGE_CURVE('',#972,#1505,#1507,.T.);
#1505 = VERTEX_POINT('',#1506);
#1506 = CARTESIAN_POINT('',(-0.25,-4.06,4.15));
#1507 = LINE('',#1508,#1509);
#1508 = CARTESIAN_POINT('',(-0.25,-4.06,4.15));
#1509 = VECTOR('',#1510,1.);
#1510 = DIRECTION('',(0.57735026919,0.57735026919,-0.57735026919));
#1511 = ORIENTED_EDGE('',*,*,#1512,.F.);
#1512 = EDGE_CURVE('',#1481,#1505,#1513,.T.);
#1513 = LINE('',#1514,#1515);
#1514 = CARTESIAN_POINT('',(-0.25,-3.31,4.15));
#1515 = VECTOR('',#1516,1.);
#1516 = DIRECTION('',(-1.110223024625E-16,-1.,0.));
#1517 = PLANE('',#1518);
#1518 = AXIS2_PLACEMENT_3D('',#1519,#1520,#1521);
#1519 = CARTESIAN_POINT('',(-0.375,-3.31,4.275));
#1520 = DIRECTION('',(0.707106781187,-7.850462293414E-17,0.707106781187)
  );
#1521 = DIRECTION('',(-1.110223024625E-16,-1.,2.680278185005E-29));
#1522 = ADVANCED_FACE('',(#1523),#1534,.T.);
#1523 = FACE_BOUND('',#1524,.T.);
#1524 = EDGE_LOOP('',(#1525,#1526,#1527,#1528));
#1525 = ORIENTED_EDGE('',*,*,#1504,.F.);
#1526 = ORIENTED_EDGE('',*,*,#971,.T.);
#1527 = ORIENTED_EDGE('',*,*,#1447,.T.);
#1528 = ORIENTED_EDGE('',*,*,#1529,.F.);
#1529 = EDGE_CURVE('',#1505,#1448,#1530,.T.);
#1530 = LINE('',#1531,#1532);
#1531 = CARTESIAN_POINT('',(-0.5,-4.06,4.15));
#1532 = VECTOR('',#1533,1.);
#1533 = DIRECTION('',(1.,-1.110223024625E-16,0.));
#1534 = PLANE('',#1535);
#1535 = AXIS2_PLACEMENT_3D('',#1536,#1537,#1538);
#1536 = CARTESIAN_POINT('',(-0.5,-4.185,4.275));
#1537 = DIRECTION('',(7.850462293414E-17,0.707106781187,0.707106781187)
  );
#1538 = DIRECTION('',(1.,-1.110223024625E-16,2.680278185005E-29));
#1539 = ADVANCED_FACE('',(#1540),#1565,.T.);
#1540 = FACE_BOUND('',#1541,.T.);
#1541 = EDGE_LOOP('',(#1542,#1550,#1551,#1559));
#1542 = ORIENTED_EDGE('',*,*,#1543,.F.);
#1543 = EDGE_CURVE('',#996,#1544,#1546,.T.);
#1544 = VERTEX_POINT('',#1545);
#1545 = CARTESIAN_POINT('',(0.25,-2.79,4.15));
#1546 = LINE('',#1547,#1548);
#1547 = CARTESIAN_POINT('',(0.25,-2.79,4.15));
#1548 = VECTOR('',#1549,1.);
#1549 = DIRECTION('',(-0.57735026919,0.57735026919,-0.57735026919));
#1550 = ORIENTED_EDGE('',*,*,#995,.T.);
#1551 = ORIENTED_EDGE('',*,*,#1552,.T.);
#1552 = EDGE_CURVE('',#998,#1553,#1555,.T.);
#1553 = VERTEX_POINT('',#1554);
#1554 = CARTESIAN_POINT('',(0.25,-2.29,4.15));
#1555 = LINE('',#1556,#1557);
#1556 = CARTESIAN_POINT('',(0.25,-2.29,4.15));
#1557 = VECTOR('',#1558,1.);
#1558 = DIRECTION('',(-0.57735026919,-0.57735026919,-0.57735026919));
#1559 = ORIENTED_EDGE('',*,*,#1560,.F.);
#1560 = EDGE_CURVE('',#1544,#1553,#1561,.T.);
#1561 = LINE('',#1562,#1563);
#1562 = CARTESIAN_POINT('',(0.25,-3.04,4.15));
#1563 = VECTOR('',#1564,1.);
#1564 = DIRECTION('',(1.110223024625E-16,1.,0.));
#1565 = PLANE('',#1566);
#1566 = AXIS2_PLACEMENT_3D('',#1567,#1568,#1569);
#1567 = CARTESIAN_POINT('',(0.375,-3.04,4.275));
#1568 = DIRECTION('',(-0.707106781187,7.850462293414E-17,0.707106781187)
  );
#1569 = DIRECTION('',(1.110223024625E-16,1.,2.680278185005E-29));
#1570 = ADVANCED_FACE('',(#1571),#1589,.T.);
#1571 = FACE_BOUND('',#1572,.T.);
#1572 = EDGE_LOOP('',(#1573,#1574,#1575,#1583));
#1573 = ORIENTED_EDGE('',*,*,#1552,.F.);
#1574 = ORIENTED_EDGE('',*,*,#1021,.T.);
#1575 = ORIENTED_EDGE('',*,*,#1576,.T.);
#1576 = EDGE_CURVE('',#1014,#1577,#1579,.T.);
#1577 = VERTEX_POINT('',#1578);
#1578 = CARTESIAN_POINT('',(-0.25,-2.29,4.15));
#1579 = LINE('',#1580,#1581);
#1580 = CARTESIAN_POINT('',(-0.25,-2.29,4.15));
#1581 = VECTOR('',#1582,1.);
#1582 = DIRECTION('',(0.57735026919,-0.57735026919,-0.57735026919));
#1583 = ORIENTED_EDGE('',*,*,#1584,.F.);
#1584 = EDGE_CURVE('',#1553,#1577,#1585,.T.);
#1585 = LINE('',#1586,#1587);
#1586 = CARTESIAN_POINT('',(0.5,-2.29,4.15));
#1587 = VECTOR('',#1588,1.);
#1588 = DIRECTION('',(-1.,1.110223024625E-16,0.));
#1589 = PLANE('',#1590);
#1590 = AXIS2_PLACEMENT_3D('',#1591,#1592,#1593);
#1591 = CARTESIAN_POINT('',(0.5,-2.165,4.275));
#1592 = DIRECTION('',(-7.850462293414E-17,-0.707106781187,0.707106781187
    ));
#1593 = DIRECTION('',(-1.,1.110223024625E-16,2.680278185005E-29));
#1594 = ADVANCED_FACE('',(#1595),#1613,.T.);
#1595 = FACE_BOUND('',#1596,.T.);
#1596 = EDGE_LOOP('',(#1597,#1598,#1599,#1607));
#1597 = ORIENTED_EDGE('',*,*,#1576,.F.);
#1598 = ORIENTED_EDGE('',*,*,#1013,.T.);
#1599 = ORIENTED_EDGE('',*,*,#1600,.T.);
#1600 = EDGE_CURVE('',#1006,#1601,#1603,.T.);
#1601 = VERTEX_POINT('',#1602);
#1602 = CARTESIAN_POINT('',(-0.25,-2.79,4.15));
#1603 = LINE('',#1604,#1605);
#1604 = CARTESIAN_POINT('',(-0.25,-2.79,4.15));
#1605 = VECTOR('',#1606,1.);
#1606 = DIRECTION('',(0.57735026919,0.57735026919,-0.57735026919));
#1607 = ORIENTED_EDGE('',*,*,#1608,.F.);
#1608 = EDGE_CURVE('',#1577,#1601,#1609,.T.);
#1609 = LINE('',#1610,#1611);
#1610 = CARTESIAN_POINT('',(-0.25,-2.04,4.15));
#1611 = VECTOR('',#1612,1.);
#1612 = DIRECTION('',(-1.110223024625E-16,-1.,0.));
#1613 = PLANE('',#1614);
#1614 = AXIS2_PLACEMENT_3D('',#1615,#1616,#1617);
#1615 = CARTESIAN_POINT('',(-0.375,-2.04,4.275));
#1616 = DIRECTION('',(0.707106781187,-7.850462293414E-17,0.707106781187)
  );
#1617 = DIRECTION('',(-1.110223024625E-16,-1.,2.680278185005E-29));
#1618 = ADVANCED_FACE('',(#1619),#1630,.T.);
#1619 = FACE_BOUND('',#1620,.T.);
#1620 = EDGE_LOOP('',(#1621,#1622,#1623,#1624));
#1621 = ORIENTED_EDGE('',*,*,#1600,.F.);
#1622 = ORIENTED_EDGE('',*,*,#1005,.T.);
#1623 = ORIENTED_EDGE('',*,*,#1543,.T.);
#1624 = ORIENTED_EDGE('',*,*,#1625,.F.);
#1625 = EDGE_CURVE('',#1601,#1544,#1626,.T.);
#1626 = LINE('',#1627,#1628);
#1627 = CARTESIAN_POINT('',(-0.5,-2.79,4.15));
#1628 = VECTOR('',#1629,1.);
#1629 = DIRECTION('',(1.,-1.110223024625E-16,0.));
#1630 = PLANE('',#1631);
#1631 = AXIS2_PLACEMENT_3D('',#1632,#1633,#1634);
#1632 = CARTESIAN_POINT('',(-0.5,-2.915,4.275));
#1633 = DIRECTION('',(7.850462293414E-17,0.707106781187,0.707106781187)
  );
#1634 = DIRECTION('',(1.,-1.110223024625E-16,2.680278185005E-29));
#1635 = ADVANCED_FACE('',(#1636),#1661,.T.);
#1636 = FACE_BOUND('',#1637,.T.);
#1637 = EDGE_LOOP('',(#1638,#1646,#1647,#1655));
#1638 = ORIENTED_EDGE('',*,*,#1639,.F.);
#1639 = EDGE_CURVE('',#1030,#1640,#1642,.T.);
#1640 = VERTEX_POINT('',#1641);
#1641 = CARTESIAN_POINT('',(0.25,-1.52,4.15));
#1642 = LINE('',#1643,#1644);
#1643 = CARTESIAN_POINT('',(0.25,-1.52,4.15));
#1644 = VECTOR('',#1645,1.);
#1645 = DIRECTION('',(-0.57735026919,0.57735026919,-0.57735026919));
#1646 = ORIENTED_EDGE('',*,*,#1029,.T.);
#1647 = ORIENTED_EDGE('',*,*,#1648,.T.);
#1648 = EDGE_CURVE('',#1032,#1649,#1651,.T.);
#1649 = VERTEX_POINT('',#1650);
#1650 = CARTESIAN_POINT('',(0.25,-1.02,4.15));
#1651 = LINE('',#1652,#1653);
#1652 = CARTESIAN_POINT('',(0.25,-1.02,4.15));
#1653 = VECTOR('',#1654,1.);
#1654 = DIRECTION('',(-0.57735026919,-0.57735026919,-0.57735026919));
#1655 = ORIENTED_EDGE('',*,*,#1656,.F.);
#1656 = EDGE_CURVE('',#1640,#1649,#1657,.T.);
#1657 = LINE('',#1658,#1659);
#1658 = CARTESIAN_POINT('',(0.25,-1.77,4.15));
#1659 = VECTOR('',#1660,1.);
#1660 = DIRECTION('',(1.110223024625E-16,1.,0.));
#1661 = PLANE('',#1662);
#1662 = AXIS2_PLACEMENT_3D('',#1663,#1664,#1665);
#1663 = CARTESIAN_POINT('',(0.375,-1.77,4.275));
#1664 = DIRECTION('',(-0.707106781187,7.850462293414E-17,0.707106781187)
  );
#1665 = DIRECTION('',(1.110223024625E-16,1.,2.680278185005E-29));
#1666 = ADVANCED_FACE('',(#1667),#1685,.T.);
#1667 = FACE_BOUND('',#1668,.T.);
#1668 = EDGE_LOOP('',(#1669,#1670,#1671,#1679));
#1669 = ORIENTED_EDGE('',*,*,#1648,.F.);
#1670 = ORIENTED_EDGE('',*,*,#1055,.T.);
#1671 = ORIENTED_EDGE('',*,*,#1672,.T.);
#1672 = EDGE_CURVE('',#1048,#1673,#1675,.T.);
#1673 = VERTEX_POINT('',#1674);
#1674 = CARTESIAN_POINT('',(-0.25,-1.02,4.15));
#1675 = LINE('',#1676,#1677);
#1676 = CARTESIAN_POINT('',(-0.25,-1.02,4.15));
#1677 = VECTOR('',#1678,1.);
#1678 = DIRECTION('',(0.57735026919,-0.57735026919,-0.57735026919));
#1679 = ORIENTED_EDGE('',*,*,#1680,.F.);
#1680 = EDGE_CURVE('',#1649,#1673,#1681,.T.);
#1681 = LINE('',#1682,#1683);
#1682 = CARTESIAN_POINT('',(0.5,-1.02,4.15));
#1683 = VECTOR('',#1684,1.);
#1684 = DIRECTION('',(-1.,1.110223024625E-16,0.));
#1685 = PLANE('',#1686);
#1686 = AXIS2_PLACEMENT_3D('',#1687,#1688,#1689);
#1687 = CARTESIAN_POINT('',(0.5,-0.895,4.275));
#1688 = DIRECTION('',(-7.850462293414E-17,-0.707106781187,0.707106781187
    ));
#1689 = DIRECTION('',(-1.,1.110223024625E-16,2.680278185005E-29));
#1690 = ADVANCED_FACE('',(#1691),#1709,.T.);
#1691 = FACE_BOUND('',#1692,.T.);
#1692 = EDGE_LOOP('',(#1693,#1694,#1695,#1703));
#1693 = ORIENTED_EDGE('',*,*,#1672,.F.);
#1694 = ORIENTED_EDGE('',*,*,#1047,.T.);
#1695 = ORIENTED_EDGE('',*,*,#1696,.T.);
#1696 = EDGE_CURVE('',#1040,#1697,#1699,.T.);
#1697 = VERTEX_POINT('',#1698);
#1698 = CARTESIAN_POINT('',(-0.25,-1.52,4.15));
#1699 = LINE('',#1700,#1701);
#1700 = CARTESIAN_POINT('',(-0.25,-1.52,4.15));
#1701 = VECTOR('',#1702,1.);
#1702 = DIRECTION('',(0.57735026919,0.57735026919,-0.57735026919));
#1703 = ORIENTED_EDGE('',*,*,#1704,.F.);
#1704 = EDGE_CURVE('',#1673,#1697,#1705,.T.);
#1705 = LINE('',#1706,#1707);
#1706 = CARTESIAN_POINT('',(-0.25,-0.77,4.15));
#1707 = VECTOR('',#1708,1.);
#1708 = DIRECTION('',(-1.110223024625E-16,-1.,0.));
#1709 = PLANE('',#1710);
#1710 = AXIS2_PLACEMENT_3D('',#1711,#1712,#1713);
#1711 = CARTESIAN_POINT('',(-0.375,-0.77,4.275));
#1712 = DIRECTION('',(0.707106781187,-7.850462293414E-17,0.707106781187)
  );
#1713 = DIRECTION('',(-1.110223024625E-16,-1.,2.680278185005E-29));
#1714 = ADVANCED_FACE('',(#1715),#1726,.T.);
#1715 = FACE_BOUND('',#1716,.T.);
#1716 = EDGE_LOOP('',(#1717,#1718,#1719,#1720));
#1717 = ORIENTED_EDGE('',*,*,#1696,.F.);
#1718 = ORIENTED_EDGE('',*,*,#1039,.T.);
#1719 = ORIENTED_EDGE('',*,*,#1639,.T.);
#1720 = ORIENTED_EDGE('',*,*,#1721,.F.);
#1721 = EDGE_CURVE('',#1697,#1640,#1722,.T.);
#1722 = LINE('',#1723,#1724);
#1723 = CARTESIAN_POINT('',(-0.5,-1.52,4.15));
#1724 = VECTOR('',#1725,1.);
#1725 = DIRECTION('',(1.,-1.110223024625E-16,0.));
#1726 = PLANE('',#1727);
#1727 = AXIS2_PLACEMENT_3D('',#1728,#1729,#1730);
#1728 = CARTESIAN_POINT('',(-0.5,-1.645,4.275));
#1729 = DIRECTION('',(7.850462293414E-17,0.707106781187,0.707106781187)
  );
#1730 = DIRECTION('',(1.,-1.110223024625E-16,2.680278185005E-29));
#1731 = ADVANCED_FACE('',(#1732),#1757,.T.);
#1732 = FACE_BOUND('',#1733,.T.);
#1733 = EDGE_LOOP('',(#1734,#1742,#1743,#1751));
#1734 = ORIENTED_EDGE('',*,*,#1735,.F.);
#1735 = EDGE_CURVE('',#1064,#1736,#1738,.T.);
#1736 = VERTEX_POINT('',#1737);
#1737 = CARTESIAN_POINT('',(0.25,-0.25,4.15));
#1738 = LINE('',#1739,#1740);
#1739 = CARTESIAN_POINT('',(0.25,-0.25,4.15));
#1740 = VECTOR('',#1741,1.);
#1741 = DIRECTION('',(-0.57735026919,0.57735026919,-0.57735026919));
#1742 = ORIENTED_EDGE('',*,*,#1063,.T.);
#1743 = ORIENTED_EDGE('',*,*,#1744,.T.);
#1744 = EDGE_CURVE('',#1066,#1745,#1747,.T.);
#1745 = VERTEX_POINT('',#1746);
#1746 = CARTESIAN_POINT('',(0.25,0.25,4.15));
#1747 = LINE('',#1748,#1749);
#1748 = CARTESIAN_POINT('',(0.25,0.25,4.15));
#1749 = VECTOR('',#1750,1.);
#1750 = DIRECTION('',(-0.57735026919,-0.57735026919,-0.57735026919));
#1751 = ORIENTED_EDGE('',*,*,#1752,.F.);
#1752 = EDGE_CURVE('',#1736,#1745,#1753,.T.);
#1753 = LINE('',#1754,#1755);
#1754 = CARTESIAN_POINT('',(0.25,-0.5,4.15));
#1755 = VECTOR('',#1756,1.);
#1756 = DIRECTION('',(1.110223024625E-16,1.,0.));
#1757 = PLANE('',#1758);
#1758 = AXIS2_PLACEMENT_3D('',#1759,#1760,#1761);
#1759 = CARTESIAN_POINT('',(0.375,-0.5,4.275));
#1760 = DIRECTION('',(-0.707106781187,7.850462293414E-17,0.707106781187)
  );
#1761 = DIRECTION('',(1.110223024625E-16,1.,2.680278185005E-29));
#1762 = ADVANCED_FACE('',(#1763),#1781,.T.);
#1763 = FACE_BOUND('',#1764,.T.);
#1764 = EDGE_LOOP('',(#1765,#1766,#1767,#1775));
#1765 = ORIENTED_EDGE('',*,*,#1744,.F.);
#1766 = ORIENTED_EDGE('',*,*,#1089,.T.);
#1767 = ORIENTED_EDGE('',*,*,#1768,.T.);
#1768 = EDGE_CURVE('',#1082,#1769,#1771,.T.);
#1769 = VERTEX_POINT('',#1770);
#1770 = CARTESIAN_POINT('',(-0.25,0.25,4.15));
#1771 = LINE('',#1772,#1773);
#1772 = CARTESIAN_POINT('',(-0.25,0.25,4.15));
#1773 = VECTOR('',#1774,1.);
#1774 = DIRECTION('',(0.57735026919,-0.57735026919,-0.57735026919));
#1775 = ORIENTED_EDGE('',*,*,#1776,.F.);
#1776 = EDGE_CURVE('',#1745,#1769,#1777,.T.);
#1777 = LINE('',#1778,#1779);
#1778 = CARTESIAN_POINT('',(0.5,0.25,4.15));
#1779 = VECTOR('',#1780,1.);
#1780 = DIRECTION('',(-1.,1.110223024625E-16,0.));
#1781 = PLANE('',#1782);
#1782 = AXIS2_PLACEMENT_3D('',#1783,#1784,#1785);
#1783 = CARTESIAN_POINT('',(0.5,0.375,4.275));
#1784 = DIRECTION('',(-7.850462293414E-17,-0.707106781187,0.707106781187
    ));
#1785 = DIRECTION('',(-1.,1.110223024625E-16,2.680278185005E-29));
#1786 = ADVANCED_FACE('',(#1787),#1805,.T.);
#1787 = FACE_BOUND('',#1788,.T.);
#1788 = EDGE_LOOP('',(#1789,#1790,#1791,#1799));
#1789 = ORIENTED_EDGE('',*,*,#1768,.F.);
#1790 = ORIENTED_EDGE('',*,*,#1081,.T.);
#1791 = ORIENTED_EDGE('',*,*,#1792,.T.);
#1792 = EDGE_CURVE('',#1074,#1793,#1795,.T.);
#1793 = VERTEX_POINT('',#1794);
#1794 = CARTESIAN_POINT('',(-0.25,-0.25,4.15));
#1795 = LINE('',#1796,#1797);
#1796 = CARTESIAN_POINT('',(-0.25,-0.25,4.15));
#1797 = VECTOR('',#1798,1.);
#1798 = DIRECTION('',(0.57735026919,0.57735026919,-0.57735026919));
#1799 = ORIENTED_EDGE('',*,*,#1800,.F.);
#1800 = EDGE_CURVE('',#1769,#1793,#1801,.T.);
#1801 = LINE('',#1802,#1803);
#1802 = CARTESIAN_POINT('',(-0.25,0.5,4.15));
#1803 = VECTOR('',#1804,1.);
#1804 = DIRECTION('',(-1.110223024625E-16,-1.,0.));
#1805 = PLANE('',#1806);
#1806 = AXIS2_PLACEMENT_3D('',#1807,#1808,#1809);
#1807 = CARTESIAN_POINT('',(-0.375,0.5,4.275));
#1808 = DIRECTION('',(0.707106781187,-7.850462293414E-17,0.707106781187)
  );
#1809 = DIRECTION('',(-1.110223024625E-16,-1.,2.680278185005E-29));
#1810 = ADVANCED_FACE('',(#1811),#1822,.T.);
#1811 = FACE_BOUND('',#1812,.T.);
#1812 = EDGE_LOOP('',(#1813,#1814,#1815,#1816));
#1813 = ORIENTED_EDGE('',*,*,#1792,.F.);
#1814 = ORIENTED_EDGE('',*,*,#1073,.T.);
#1815 = ORIENTED_EDGE('',*,*,#1735,.T.);
#1816 = ORIENTED_EDGE('',*,*,#1817,.F.);
#1817 = EDGE_CURVE('',#1793,#1736,#1818,.T.);
#1818 = LINE('',#1819,#1820);
#1819 = CARTESIAN_POINT('',(-0.5,-0.25,4.15));
#1820 = VECTOR('',#1821,1.);
#1821 = DIRECTION('',(1.,-1.110223024625E-16,0.));
#1822 = PLANE('',#1823);
#1823 = AXIS2_PLACEMENT_3D('',#1824,#1825,#1826);
#1824 = CARTESIAN_POINT('',(-0.5,-0.375,4.275));
#1825 = DIRECTION('',(7.850462293414E-17,0.707106781187,0.707106781187)
  );
#1826 = DIRECTION('',(1.,-1.110223024625E-16,2.680278185005E-29));
#1827 = ADVANCED_FACE('',(#1828),#1839,.T.);
#1828 = FACE_BOUND('',#1829,.T.);
#1829 = EDGE_LOOP('',(#1830,#1831,#1832,#1838));
#1830 = ORIENTED_EDGE('',*,*,#1153,.F.);
#1831 = ORIENTED_EDGE('',*,*,#1163,.T.);
#1832 = ORIENTED_EDGE('',*,*,#1833,.T.);
#1833 = EDGE_CURVE('',#1164,#1204,#1834,.T.);
#1834 = LINE('',#1835,#1836);
#1835 = CARTESIAN_POINT('',(-0.1,-2.79,0.2));
#1836 = VECTOR('',#1837,1.);
#1837 = DIRECTION('',(1.,-1.110223024625E-16,0.));
#1838 = ORIENTED_EDGE('',*,*,#1211,.T.);
#1839 = PLANE('',#1840);
#1840 = AXIS2_PLACEMENT_3D('',#1841,#1842,#1843);
#1841 = CARTESIAN_POINT('',(-0.1,-2.79,0.2));
#1842 = DIRECTION('',(0.,-0.,-1.));
#1843 = DIRECTION('',(-1.110223024625E-16,-1.,0.));
#1844 = ADVANCED_FACE('',(#1845),#1886,.F.);
#1845 = FACE_BOUND('',#1846,.F.);
#1846 = EDGE_LOOP('',(#1847,#1855,#1856,#1864,#1872,#1880));
#1847 = ORIENTED_EDGE('',*,*,#1848,.T.);
#1848 = EDGE_CURVE('',#1849,#1204,#1851,.T.);
#1849 = VERTEX_POINT('',#1850);
#1850 = CARTESIAN_POINT('',(0.1,-2.79,-2.1));
#1851 = LINE('',#1852,#1853);
#1852 = CARTESIAN_POINT('',(0.1,-2.79,-2.1));
#1853 = VECTOR('',#1854,1.);
#1854 = DIRECTION('',(0.,0.,1.));
#1855 = ORIENTED_EDGE('',*,*,#1203,.F.);
#1856 = ORIENTED_EDGE('',*,*,#1857,.T.);
#1857 = EDGE_CURVE('',#1196,#1858,#1860,.T.);
#1858 = VERTEX_POINT('',#1859);
#1859 = CARTESIAN_POINT('',(0.1,-2.29,-2.1));
#1860 = LINE('',#1861,#1862);
#1861 = CARTESIAN_POINT('',(0.1,-2.29,0.2));
#1862 = VECTOR('',#1863,1.);
#1863 = DIRECTION('',(0.,0.,-1.));
#1864 = ORIENTED_EDGE('',*,*,#1865,.T.);
#1865 = EDGE_CURVE('',#1858,#1866,#1868,.T.);
#1866 = VERTEX_POINT('',#1867);
#1867 = CARTESIAN_POINT('',(0.1,-2.415,-2.6));
#1868 = LINE('',#1869,#1870);
#1869 = CARTESIAN_POINT('',(0.1,-2.29,-2.1));
#1870 = VECTOR('',#1871,1.);
#1871 = DIRECTION('',(-2.692686352073E-17,-0.242535625036,
    -0.970142500145));
#1872 = ORIENTED_EDGE('',*,*,#1873,.T.);
#1873 = EDGE_CURVE('',#1866,#1874,#1876,.T.);
#1874 = VERTEX_POINT('',#1875);
#1875 = CARTESIAN_POINT('',(0.1,-2.665,-2.6));
#1876 = LINE('',#1877,#1878);
#1877 = CARTESIAN_POINT('',(0.1,-2.415,-2.6));
#1878 = VECTOR('',#1879,1.);
#1879 = DIRECTION('',(-1.110223024625E-16,-1.,0.));
#1880 = ORIENTED_EDGE('',*,*,#1881,.T.);
#1881 = EDGE_CURVE('',#1874,#1849,#1882,.T.);
#1882 = LINE('',#1883,#1884);
#1883 = CARTESIAN_POINT('',(0.1,-2.665,-2.6));
#1884 = VECTOR('',#1885,1.);
#1885 = DIRECTION('',(-2.692686352073E-17,-0.242535625036,0.970142500145
    ));
#1886 = PLANE('',#1887);
#1887 = AXIS2_PLACEMENT_3D('',#1888,#1889,#1890);
#1888 = CARTESIAN_POINT('',(0.1,-2.54,1.92709124047));
#1889 = DIRECTION('',(-1.,1.110223024625E-16,0.));
#1890 = DIRECTION('',(0.,0.,1.));
#1891 = ADVANCED_FACE('',(#1892),#1903,.T.);
#1892 = FACE_BOUND('',#1893,.T.);
#1893 = EDGE_LOOP('',(#1894,#1900,#1901,#1902));
#1894 = ORIENTED_EDGE('',*,*,#1895,.F.);
#1895 = EDGE_CURVE('',#1172,#1196,#1896,.T.);
#1896 = LINE('',#1897,#1898);
#1897 = CARTESIAN_POINT('',(-0.1,-2.29,0.2));
#1898 = VECTOR('',#1899,1.);
#1899 = DIRECTION('',(1.,-1.110223024625E-16,0.));
#1900 = ORIENTED_EDGE('',*,*,#1179,.T.);
#1901 = ORIENTED_EDGE('',*,*,#1187,.T.);
#1902 = ORIENTED_EDGE('',*,*,#1195,.T.);
#1903 = PLANE('',#1904);
#1904 = AXIS2_PLACEMENT_3D('',#1905,#1906,#1907);
#1905 = CARTESIAN_POINT('',(-0.1,-2.79,0.2));
#1906 = DIRECTION('',(0.,-0.,-1.));
#1907 = DIRECTION('',(-1.110223024625E-16,-1.,0.));
#1908 = ADVANCED_FACE('',(#1909),#1950,.T.);
#1909 = FACE_BOUND('',#1910,.T.);
#1910 = EDGE_LOOP('',(#1911,#1919,#1920,#1928,#1936,#1944));
#1911 = ORIENTED_EDGE('',*,*,#1912,.T.);
#1912 = EDGE_CURVE('',#1913,#1164,#1915,.T.);
#1913 = VERTEX_POINT('',#1914);
#1914 = CARTESIAN_POINT('',(-0.1,-2.79,-2.1));
#1915 = LINE('',#1916,#1917);
#1916 = CARTESIAN_POINT('',(-0.1,-2.79,-2.1));
#1917 = VECTOR('',#1918,1.);
#1918 = DIRECTION('',(0.,0.,1.));
#1919 = ORIENTED_EDGE('',*,*,#1171,.F.);
#1920 = ORIENTED_EDGE('',*,*,#1921,.T.);
#1921 = EDGE_CURVE('',#1172,#1922,#1924,.T.);
#1922 = VERTEX_POINT('',#1923);
#1923 = CARTESIAN_POINT('',(-0.1,-2.29,-2.1));
#1924 = LINE('',#1925,#1926);
#1925 = CARTESIAN_POINT('',(-0.1,-2.29,0.2));
#1926 = VECTOR('',#1927,1.);
#1927 = DIRECTION('',(0.,0.,-1.));
#1928 = ORIENTED_EDGE('',*,*,#1929,.T.);
#1929 = EDGE_CURVE('',#1922,#1930,#1932,.T.);
#1930 = VERTEX_POINT('',#1931);
#1931 = CARTESIAN_POINT('',(-0.1,-2.415,-2.6));
#1932 = LINE('',#1933,#1934);
#1933 = CARTESIAN_POINT('',(-0.1,-2.29,-2.1));
#1934 = VECTOR('',#1935,1.);
#1935 = DIRECTION('',(-2.692686352073E-17,-0.242535625036,
    -0.970142500145));
#1936 = ORIENTED_EDGE('',*,*,#1937,.F.);
#1937 = EDGE_CURVE('',#1938,#1930,#1940,.T.);
#1938 = VERTEX_POINT('',#1939);
#1939 = CARTESIAN_POINT('',(-0.1,-2.665,-2.6));
#1940 = LINE('',#1941,#1942);
#1941 = CARTESIAN_POINT('',(-0.1,-2.665,-2.6));
#1942 = VECTOR('',#1943,1.);
#1943 = DIRECTION('',(1.110223024625E-16,1.,0.));
#1944 = ORIENTED_EDGE('',*,*,#1945,.T.);
#1945 = EDGE_CURVE('',#1938,#1913,#1946,.T.);
#1946 = LINE('',#1947,#1948);
#1947 = CARTESIAN_POINT('',(-0.1,-2.665,-2.6));
#1948 = VECTOR('',#1949,1.);
#1949 = DIRECTION('',(-2.692686352073E-17,-0.242535625036,0.970142500145
    ));
#1950 = PLANE('',#1951);
#1951 = AXIS2_PLACEMENT_3D('',#1952,#1953,#1954);
#1952 = CARTESIAN_POINT('',(-0.1,-2.54,1.92709124047));
#1953 = DIRECTION('',(-1.,1.110223024625E-16,0.));
#1954 = DIRECTION('',(0.,0.,1.));
#1955 = ADVANCED_FACE('',(#1956),#1967,.T.);
#1956 = FACE_BOUND('',#1957,.T.);
#1957 = EDGE_LOOP('',(#1958,#1959,#1960,#1966));
#1958 = ORIENTED_EDGE('',*,*,#1219,.F.);
#1959 = ORIENTED_EDGE('',*,*,#1229,.T.);
#1960 = ORIENTED_EDGE('',*,*,#1961,.T.);
#1961 = EDGE_CURVE('',#1230,#1270,#1962,.T.);
#1962 = LINE('',#1963,#1964);
#1963 = CARTESIAN_POINT('',(-0.1,-4.06,0.2));
#1964 = VECTOR('',#1965,1.);
#1965 = DIRECTION('',(1.,-1.110223024625E-16,0.));
#1966 = ORIENTED_EDGE('',*,*,#1277,.T.);
#1967 = PLANE('',#1968);
#1968 = AXIS2_PLACEMENT_3D('',#1969,#1970,#1971);
#1969 = CARTESIAN_POINT('',(-0.1,-4.06,0.2));
#1970 = DIRECTION('',(0.,-0.,-1.));
#1971 = DIRECTION('',(-1.110223024625E-16,-1.,0.));
#1972 = ADVANCED_FACE('',(#1973),#2014,.F.);
#1973 = FACE_BOUND('',#1974,.F.);
#1974 = EDGE_LOOP('',(#1975,#1983,#1984,#1992,#2000,#2008));
#1975 = ORIENTED_EDGE('',*,*,#1976,.T.);
#1976 = EDGE_CURVE('',#1977,#1270,#1979,.T.);
#1977 = VERTEX_POINT('',#1978);
#1978 = CARTESIAN_POINT('',(0.1,-4.06,-2.1));
#1979 = LINE('',#1980,#1981);
#1980 = CARTESIAN_POINT('',(0.1,-4.06,-2.1));
#1981 = VECTOR('',#1982,1.);
#1982 = DIRECTION('',(0.,0.,1.));
#1983 = ORIENTED_EDGE('',*,*,#1269,.F.);
#1984 = ORIENTED_EDGE('',*,*,#1985,.T.);
#1985 = EDGE_CURVE('',#1262,#1986,#1988,.T.);
#1986 = VERTEX_POINT('',#1987);
#1987 = CARTESIAN_POINT('',(0.1,-3.56,-2.1));
#1988 = LINE('',#1989,#1990);
#1989 = CARTESIAN_POINT('',(0.1,-3.56,0.2));
#1990 = VECTOR('',#1991,1.);
#1991 = DIRECTION('',(0.,0.,-1.));
#1992 = ORIENTED_EDGE('',*,*,#1993,.T.);
#1993 = EDGE_CURVE('',#1986,#1994,#1996,.T.);
#1994 = VERTEX_POINT('',#1995);
#1995 = CARTESIAN_POINT('',(0.1,-3.685,-2.6));
#1996 = LINE('',#1997,#1998);
#1997 = CARTESIAN_POINT('',(0.1,-3.56,-2.1));
#1998 = VECTOR('',#1999,1.);
#1999 = DIRECTION('',(-2.692686352073E-17,-0.242535625036,
    -0.970142500145));
#2000 = ORIENTED_EDGE('',*,*,#2001,.T.);
#2001 = EDGE_CURVE('',#1994,#2002,#2004,.T.);
#2002 = VERTEX_POINT('',#2003);
#2003 = CARTESIAN_POINT('',(0.1,-3.935,-2.6));
#2004 = LINE('',#2005,#2006);
#2005 = CARTESIAN_POINT('',(0.1,-3.685,-2.6));
#2006 = VECTOR('',#2007,1.);
#2007 = DIRECTION('',(-1.110223024625E-16,-1.,0.));
#2008 = ORIENTED_EDGE('',*,*,#2009,.T.);
#2009 = EDGE_CURVE('',#2002,#1977,#2010,.T.);
#2010 = LINE('',#2011,#2012);
#2011 = CARTESIAN_POINT('',(0.1,-3.935,-2.6));
#2012 = VECTOR('',#2013,1.);
#2013 = DIRECTION('',(-2.692686352073E-17,-0.242535625036,0.970142500145
    ));
#2014 = PLANE('',#2015);
#2015 = AXIS2_PLACEMENT_3D('',#2016,#2017,#2018);
#2016 = CARTESIAN_POINT('',(0.1,-3.81,1.92709124047));
#2017 = DIRECTION('',(-1.,1.110223024625E-16,0.));
#2018 = DIRECTION('',(0.,0.,1.));
#2019 = ADVANCED_FACE('',(#2020),#2031,.T.);
#2020 = FACE_BOUND('',#2021,.T.);
#2021 = EDGE_LOOP('',(#2022,#2028,#2029,#2030));
#2022 = ORIENTED_EDGE('',*,*,#2023,.F.);
#2023 = EDGE_CURVE('',#1238,#1262,#2024,.T.);
#2024 = LINE('',#2025,#2026);
#2025 = CARTESIAN_POINT('',(-0.1,-3.56,0.2));
#2026 = VECTOR('',#2027,1.);
#2027 = DIRECTION('',(1.,-1.110223024625E-16,0.));
#2028 = ORIENTED_EDGE('',*,*,#1245,.T.);
#2029 = ORIENTED_EDGE('',*,*,#1253,.T.);
#2030 = ORIENTED_EDGE('',*,*,#1261,.T.);
#2031 = PLANE('',#2032);
#2032 = AXIS2_PLACEMENT_3D('',#2033,#2034,#2035);
#2033 = CARTESIAN_POINT('',(-0.1,-4.06,0.2));
#2034 = DIRECTION('',(0.,-0.,-1.));
#2035 = DIRECTION('',(-1.110223024625E-16,-1.,0.));
#2036 = ADVANCED_FACE('',(#2037),#2078,.T.);
#2037 = FACE_BOUND('',#2038,.T.);
#2038 = EDGE_LOOP('',(#2039,#2047,#2048,#2056,#2064,#2072));
#2039 = ORIENTED_EDGE('',*,*,#2040,.T.);
#2040 = EDGE_CURVE('',#2041,#1230,#2043,.T.);
#2041 = VERTEX_POINT('',#2042);
#2042 = CARTESIAN_POINT('',(-0.1,-4.06,-2.1));
#2043 = LINE('',#2044,#2045);
#2044 = CARTESIAN_POINT('',(-0.1,-4.06,-2.1));
#2045 = VECTOR('',#2046,1.);
#2046 = DIRECTION('',(0.,0.,1.));
#2047 = ORIENTED_EDGE('',*,*,#1237,.F.);
#2048 = ORIENTED_EDGE('',*,*,#2049,.T.);
#2049 = EDGE_CURVE('',#1238,#2050,#2052,.T.);
#2050 = VERTEX_POINT('',#2051);
#2051 = CARTESIAN_POINT('',(-0.1,-3.56,-2.1));
#2052 = LINE('',#2053,#2054);
#2053 = CARTESIAN_POINT('',(-0.1,-3.56,0.2));
#2054 = VECTOR('',#2055,1.);
#2055 = DIRECTION('',(0.,0.,-1.));
#2056 = ORIENTED_EDGE('',*,*,#2057,.T.);
#2057 = EDGE_CURVE('',#2050,#2058,#2060,.T.);
#2058 = VERTEX_POINT('',#2059);
#2059 = CARTESIAN_POINT('',(-0.1,-3.685,-2.6));
#2060 = LINE('',#2061,#2062);
#2061 = CARTESIAN_POINT('',(-0.1,-3.56,-2.1));
#2062 = VECTOR('',#2063,1.);
#2063 = DIRECTION('',(-2.692686352073E-17,-0.242535625036,
    -0.970142500145));
#2064 = ORIENTED_EDGE('',*,*,#2065,.F.);
#2065 = EDGE_CURVE('',#2066,#2058,#2068,.T.);
#2066 = VERTEX_POINT('',#2067);
#2067 = CARTESIAN_POINT('',(-0.1,-3.935,-2.6));
#2068 = LINE('',#2069,#2070);
#2069 = CARTESIAN_POINT('',(-0.1,-3.935,-2.6));
#2070 = VECTOR('',#2071,1.);
#2071 = DIRECTION('',(1.110223024625E-16,1.,0.));
#2072 = ORIENTED_EDGE('',*,*,#2073,.T.);
#2073 = EDGE_CURVE('',#2066,#2041,#2074,.T.);
#2074 = LINE('',#2075,#2076);
#2075 = CARTESIAN_POINT('',(-0.1,-3.935,-2.6));
#2076 = VECTOR('',#2077,1.);
#2077 = DIRECTION('',(-2.692686352073E-17,-0.242535625036,0.970142500145
    ));
#2078 = PLANE('',#2079);
#2079 = AXIS2_PLACEMENT_3D('',#2080,#2081,#2082);
#2080 = CARTESIAN_POINT('',(-0.1,-3.81,1.92709124047));
#2081 = DIRECTION('',(-1.,1.110223024625E-16,0.));
#2082 = DIRECTION('',(0.,0.,1.));
#2083 = ADVANCED_FACE('',(#2084),#2095,.T.);
#2084 = FACE_BOUND('',#2085,.T.);
#2085 = EDGE_LOOP('',(#2086,#2087,#2088,#2094));
#2086 = ORIENTED_EDGE('',*,*,#1285,.F.);
#2087 = ORIENTED_EDGE('',*,*,#1295,.T.);
#2088 = ORIENTED_EDGE('',*,*,#2089,.T.);
#2089 = EDGE_CURVE('',#1296,#1336,#2090,.T.);
#2090 = LINE('',#2091,#2092);
#2091 = CARTESIAN_POINT('',(-0.1,-1.52,0.2));
#2092 = VECTOR('',#2093,1.);
#2093 = DIRECTION('',(1.,-1.110223024625E-16,0.));
#2094 = ORIENTED_EDGE('',*,*,#1343,.T.);
#2095 = PLANE('',#2096);
#2096 = AXIS2_PLACEMENT_3D('',#2097,#2098,#2099);
#2097 = CARTESIAN_POINT('',(-0.1,-1.52,0.2));
#2098 = DIRECTION('',(0.,-0.,-1.));
#2099 = DIRECTION('',(-1.110223024625E-16,-1.,0.));
#2100 = ADVANCED_FACE('',(#2101),#2142,.F.);
#2101 = FACE_BOUND('',#2102,.F.);
#2102 = EDGE_LOOP('',(#2103,#2111,#2112,#2120,#2128,#2136));
#2103 = ORIENTED_EDGE('',*,*,#2104,.T.);
#2104 = EDGE_CURVE('',#2105,#1336,#2107,.T.);
#2105 = VERTEX_POINT('',#2106);
#2106 = CARTESIAN_POINT('',(0.1,-1.52,-2.1));
#2107 = LINE('',#2108,#2109);
#2108 = CARTESIAN_POINT('',(0.1,-1.52,-2.1));
#2109 = VECTOR('',#2110,1.);
#2110 = DIRECTION('',(0.,0.,1.));
#2111 = ORIENTED_EDGE('',*,*,#1335,.F.);
#2112 = ORIENTED_EDGE('',*,*,#2113,.T.);
#2113 = EDGE_CURVE('',#1328,#2114,#2116,.T.);
#2114 = VERTEX_POINT('',#2115);
#2115 = CARTESIAN_POINT('',(0.1,-1.02,-2.1));
#2116 = LINE('',#2117,#2118);
#2117 = CARTESIAN_POINT('',(0.1,-1.02,0.2));
#2118 = VECTOR('',#2119,1.);
#2119 = DIRECTION('',(0.,0.,-1.));
#2120 = ORIENTED_EDGE('',*,*,#2121,.T.);
#2121 = EDGE_CURVE('',#2114,#2122,#2124,.T.);
#2122 = VERTEX_POINT('',#2123);
#2123 = CARTESIAN_POINT('',(0.1,-1.145,-2.6));
#2124 = LINE('',#2125,#2126);
#2125 = CARTESIAN_POINT('',(0.1,-1.02,-2.1));
#2126 = VECTOR('',#2127,1.);
#2127 = DIRECTION('',(-2.692686352073E-17,-0.242535625036,
    -0.970142500145));
#2128 = ORIENTED_EDGE('',*,*,#2129,.T.);
#2129 = EDGE_CURVE('',#2122,#2130,#2132,.T.);
#2130 = VERTEX_POINT('',#2131);
#2131 = CARTESIAN_POINT('',(0.1,-1.395,-2.6));
#2132 = LINE('',#2133,#2134);
#2133 = CARTESIAN_POINT('',(0.1,-1.145,-2.6));
#2134 = VECTOR('',#2135,1.);
#2135 = DIRECTION('',(-1.110223024625E-16,-1.,0.));
#2136 = ORIENTED_EDGE('',*,*,#2137,.T.);
#2137 = EDGE_CURVE('',#2130,#2105,#2138,.T.);
#2138 = LINE('',#2139,#2140);
#2139 = CARTESIAN_POINT('',(0.1,-1.395,-2.6));
#2140 = VECTOR('',#2141,1.);
#2141 = DIRECTION('',(-2.692686352073E-17,-0.242535625036,0.970142500145
    ));
#2142 = PLANE('',#2143);
#2143 = AXIS2_PLACEMENT_3D('',#2144,#2145,#2146);
#2144 = CARTESIAN_POINT('',(0.1,-1.27,1.92709124047));
#2145 = DIRECTION('',(-1.,1.110223024625E-16,0.));
#2146 = DIRECTION('',(0.,0.,1.));
#2147 = ADVANCED_FACE('',(#2148),#2159,.T.);
#2148 = FACE_BOUND('',#2149,.T.);
#2149 = EDGE_LOOP('',(#2150,#2156,#2157,#2158));
#2150 = ORIENTED_EDGE('',*,*,#2151,.F.);
#2151 = EDGE_CURVE('',#1304,#1328,#2152,.T.);
#2152 = LINE('',#2153,#2154);
#2153 = CARTESIAN_POINT('',(-0.1,-1.02,0.2));
#2154 = VECTOR('',#2155,1.);
#2155 = DIRECTION('',(1.,-1.110223024625E-16,0.));
#2156 = ORIENTED_EDGE('',*,*,#1311,.T.);
#2157 = ORIENTED_EDGE('',*,*,#1319,.T.);
#2158 = ORIENTED_EDGE('',*,*,#1327,.T.);
#2159 = PLANE('',#2160);
#2160 = AXIS2_PLACEMENT_3D('',#2161,#2162,#2163);
#2161 = CARTESIAN_POINT('',(-0.1,-1.52,0.2));
#2162 = DIRECTION('',(0.,-0.,-1.));
#2163 = DIRECTION('',(-1.110223024625E-16,-1.,0.));
#2164 = ADVANCED_FACE('',(#2165),#2206,.T.);
#2165 = FACE_BOUND('',#2166,.T.);
#2166 = EDGE_LOOP('',(#2167,#2175,#2176,#2184,#2192,#2200));
#2167 = ORIENTED_EDGE('',*,*,#2168,.T.);
#2168 = EDGE_CURVE('',#2169,#1296,#2171,.T.);
#2169 = VERTEX_POINT('',#2170);
#2170 = CARTESIAN_POINT('',(-0.1,-1.52,-2.1));
#2171 = LINE('',#2172,#2173);
#2172 = CARTESIAN_POINT('',(-0.1,-1.52,-2.1));
#2173 = VECTOR('',#2174,1.);
#2174 = DIRECTION('',(0.,0.,1.));
#2175 = ORIENTED_EDGE('',*,*,#1303,.F.);
#2176 = ORIENTED_EDGE('',*,*,#2177,.T.);
#2177 = EDGE_CURVE('',#1304,#2178,#2180,.T.);
#2178 = VERTEX_POINT('',#2179);
#2179 = CARTESIAN_POINT('',(-0.1,-1.02,-2.1));
#2180 = LINE('',#2181,#2182);
#2181 = CARTESIAN_POINT('',(-0.1,-1.02,0.2));
#2182 = VECTOR('',#2183,1.);
#2183 = DIRECTION('',(0.,0.,-1.));
#2184 = ORIENTED_EDGE('',*,*,#2185,.T.);
#2185 = EDGE_CURVE('',#2178,#2186,#2188,.T.);
#2186 = VERTEX_POINT('',#2187);
#2187 = CARTESIAN_POINT('',(-0.1,-1.145,-2.6));
#2188 = LINE('',#2189,#2190);
#2189 = CARTESIAN_POINT('',(-0.1,-1.02,-2.1));
#2190 = VECTOR('',#2191,1.);
#2191 = DIRECTION('',(-2.692686352073E-17,-0.242535625036,
    -0.970142500145));
#2192 = ORIENTED_EDGE('',*,*,#2193,.F.);
#2193 = EDGE_CURVE('',#2194,#2186,#2196,.T.);
#2194 = VERTEX_POINT('',#2195);
#2195 = CARTESIAN_POINT('',(-0.1,-1.395,-2.6));
#2196 = LINE('',#2197,#2198);
#2197 = CARTESIAN_POINT('',(-0.1,-1.395,-2.6));
#2198 = VECTOR('',#2199,1.);
#2199 = DIRECTION('',(1.110223024625E-16,1.,0.));
#2200 = ORIENTED_EDGE('',*,*,#2201,.T.);
#2201 = EDGE_CURVE('',#2194,#2169,#2202,.T.);
#2202 = LINE('',#2203,#2204);
#2203 = CARTESIAN_POINT('',(-0.1,-1.395,-2.6));
#2204 = VECTOR('',#2205,1.);
#2205 = DIRECTION('',(-2.692686352073E-17,-0.242535625036,0.970142500145
    ));
#2206 = PLANE('',#2207);
#2207 = AXIS2_PLACEMENT_3D('',#2208,#2209,#2210);
#2208 = CARTESIAN_POINT('',(-0.1,-1.27,1.92709124047));
#2209 = DIRECTION('',(-1.,1.110223024625E-16,0.));
#2210 = DIRECTION('',(0.,0.,1.));
#2211 = ADVANCED_FACE('',(#2212),#2223,.T.);
#2212 = FACE_BOUND('',#2213,.T.);
#2213 = EDGE_LOOP('',(#2214,#2215,#2216,#2222));
#2214 = ORIENTED_EDGE('',*,*,#1351,.F.);
#2215 = ORIENTED_EDGE('',*,*,#1361,.T.);
#2216 = ORIENTED_EDGE('',*,*,#2217,.T.);
#2217 = EDGE_CURVE('',#1362,#1402,#2218,.T.);
#2218 = LINE('',#2219,#2220);
#2219 = CARTESIAN_POINT('',(-0.1,-0.25,0.2));
#2220 = VECTOR('',#2221,1.);
#2221 = DIRECTION('',(1.,-1.110223024625E-16,0.));
#2222 = ORIENTED_EDGE('',*,*,#1409,.T.);
#2223 = PLANE('',#2224);
#2224 = AXIS2_PLACEMENT_3D('',#2225,#2226,#2227);
#2225 = CARTESIAN_POINT('',(-0.1,-0.25,0.2));
#2226 = DIRECTION('',(0.,-0.,-1.));
#2227 = DIRECTION('',(-1.110223024625E-16,-1.,0.));
#2228 = ADVANCED_FACE('',(#2229),#2270,.F.);
#2229 = FACE_BOUND('',#2230,.F.);
#2230 = EDGE_LOOP('',(#2231,#2239,#2240,#2248,#2256,#2264));
#2231 = ORIENTED_EDGE('',*,*,#2232,.T.);
#2232 = EDGE_CURVE('',#2233,#1402,#2235,.T.);
#2233 = VERTEX_POINT('',#2234);
#2234 = CARTESIAN_POINT('',(0.1,-0.25,-2.1));
#2235 = LINE('',#2236,#2237);
#2236 = CARTESIAN_POINT('',(0.1,-0.25,-2.1));
#2237 = VECTOR('',#2238,1.);
#2238 = DIRECTION('',(0.,0.,1.));
#2239 = ORIENTED_EDGE('',*,*,#1401,.F.);
#2240 = ORIENTED_EDGE('',*,*,#2241,.T.);
#2241 = EDGE_CURVE('',#1394,#2242,#2244,.T.);
#2242 = VERTEX_POINT('',#2243);
#2243 = CARTESIAN_POINT('',(0.1,0.25,-2.1));
#2244 = LINE('',#2245,#2246);
#2245 = CARTESIAN_POINT('',(0.1,0.25,0.2));
#2246 = VECTOR('',#2247,1.);
#2247 = DIRECTION('',(0.,0.,-1.));
#2248 = ORIENTED_EDGE('',*,*,#2249,.T.);
#2249 = EDGE_CURVE('',#2242,#2250,#2252,.T.);
#2250 = VERTEX_POINT('',#2251);
#2251 = CARTESIAN_POINT('',(0.1,0.125,-2.6));
#2252 = LINE('',#2253,#2254);
#2253 = CARTESIAN_POINT('',(0.1,0.25,-2.1));
#2254 = VECTOR('',#2255,1.);
#2255 = DIRECTION('',(-2.692686352073E-17,-0.242535625036,
    -0.970142500145));
#2256 = ORIENTED_EDGE('',*,*,#2257,.T.);
#2257 = EDGE_CURVE('',#2250,#2258,#2260,.T.);
#2258 = VERTEX_POINT('',#2259);
#2259 = CARTESIAN_POINT('',(0.1,-0.125,-2.6));
#2260 = LINE('',#2261,#2262);
#2261 = CARTESIAN_POINT('',(0.1,0.125,-2.6));
#2262 = VECTOR('',#2263,1.);
#2263 = DIRECTION('',(-1.110223024625E-16,-1.,0.));
#2264 = ORIENTED_EDGE('',*,*,#2265,.T.);
#2265 = EDGE_CURVE('',#2258,#2233,#2266,.T.);
#2266 = LINE('',#2267,#2268);
#2267 = CARTESIAN_POINT('',(0.1,-0.125,-2.6));
#2268 = VECTOR('',#2269,1.);
#2269 = DIRECTION('',(-2.692686352073E-17,-0.242535625036,0.970142500145
    ));
#2270 = PLANE('',#2271);
#2271 = AXIS2_PLACEMENT_3D('',#2272,#2273,#2274);
#2272 = CARTESIAN_POINT('',(0.1,-1.110223024625E-17,1.92709124047));
#2273 = DIRECTION('',(-1.,1.110223024625E-16,0.));
#2274 = DIRECTION('',(0.,0.,1.));
#2275 = ADVANCED_FACE('',(#2276),#2287,.T.);
#2276 = FACE_BOUND('',#2277,.T.);
#2277 = EDGE_LOOP('',(#2278,#2284,#2285,#2286));
#2278 = ORIENTED_EDGE('',*,*,#2279,.F.);
#2279 = EDGE_CURVE('',#1370,#1394,#2280,.T.);
#2280 = LINE('',#2281,#2282);
#2281 = CARTESIAN_POINT('',(-0.1,0.25,0.2));
#2282 = VECTOR('',#2283,1.);
#2283 = DIRECTION('',(1.,-1.110223024625E-16,0.));
#2284 = ORIENTED_EDGE('',*,*,#1377,.T.);
#2285 = ORIENTED_EDGE('',*,*,#1385,.T.);
#2286 = ORIENTED_EDGE('',*,*,#1393,.T.);
#2287 = PLANE('',#2288);
#2288 = AXIS2_PLACEMENT_3D('',#2289,#2290,#2291);
#2289 = CARTESIAN_POINT('',(-0.1,-0.25,0.2));
#2290 = DIRECTION('',(0.,-0.,-1.));
#2291 = DIRECTION('',(-1.110223024625E-16,-1.,0.));
#2292 = ADVANCED_FACE('',(#2293),#2334,.T.);
#2293 = FACE_BOUND('',#2294,.T.);
#2294 = EDGE_LOOP('',(#2295,#2303,#2304,#2312,#2320,#2328));
#2295 = ORIENTED_EDGE('',*,*,#2296,.T.);
#2296 = EDGE_CURVE('',#2297,#1362,#2299,.T.);
#2297 = VERTEX_POINT('',#2298);
#2298 = CARTESIAN_POINT('',(-0.1,-0.25,-2.1));
#2299 = LINE('',#2300,#2301);
#2300 = CARTESIAN_POINT('',(-0.1,-0.25,-2.1));
#2301 = VECTOR('',#2302,1.);
#2302 = DIRECTION('',(0.,0.,1.));
#2303 = ORIENTED_EDGE('',*,*,#1369,.F.);
#2304 = ORIENTED_EDGE('',*,*,#2305,.T.);
#2305 = EDGE_CURVE('',#1370,#2306,#2308,.T.);
#2306 = VERTEX_POINT('',#2307);
#2307 = CARTESIAN_POINT('',(-0.1,0.25,-2.1));
#2308 = LINE('',#2309,#2310);
#2309 = CARTESIAN_POINT('',(-0.1,0.25,0.2));
#2310 = VECTOR('',#2311,1.);
#2311 = DIRECTION('',(0.,0.,-1.));
#2312 = ORIENTED_EDGE('',*,*,#2313,.T.);
#2313 = EDGE_CURVE('',#2306,#2314,#2316,.T.);
#2314 = VERTEX_POINT('',#2315);
#2315 = CARTESIAN_POINT('',(-0.1,0.125,-2.6));
#2316 = LINE('',#2317,#2318);
#2317 = CARTESIAN_POINT('',(-0.1,0.25,-2.1));
#2318 = VECTOR('',#2319,1.);
#2319 = DIRECTION('',(-2.692686352073E-17,-0.242535625036,
    -0.970142500145));
#2320 = ORIENTED_EDGE('',*,*,#2321,.F.);
#2321 = EDGE_CURVE('',#2322,#2314,#2324,.T.);
#2322 = VERTEX_POINT('',#2323);
#2323 = CARTESIAN_POINT('',(-0.1,-0.125,-2.6));
#2324 = LINE('',#2325,#2326);
#2325 = CARTESIAN_POINT('',(-0.1,-0.125,-2.6));
#2326 = VECTOR('',#2327,1.);
#2327 = DIRECTION('',(1.110223024625E-16,1.,0.));
#2328 = ORIENTED_EDGE('',*,*,#2329,.T.);
#2329 = EDGE_CURVE('',#2322,#2297,#2330,.T.);
#2330 = LINE('',#2331,#2332);
#2331 = CARTESIAN_POINT('',(-0.1,-0.125,-2.6));
#2332 = VECTOR('',#2333,1.);
#2333 = DIRECTION('',(-2.692686352073E-17,-0.242535625036,0.970142500145
    ));
#2334 = PLANE('',#2335);
#2335 = AXIS2_PLACEMENT_3D('',#2336,#2337,#2338);
#2336 = CARTESIAN_POINT('',(-0.1,1.110223024625E-17,1.92709124047));
#2337 = DIRECTION('',(-1.,1.110223024625E-16,0.));
#2338 = DIRECTION('',(0.,0.,1.));
#2339 = ADVANCED_FACE('',(#2340),#2365,.F.);
#2340 = FACE_BOUND('',#2341,.F.);
#2341 = EDGE_LOOP('',(#2342,#2350,#2358,#2364));
#2342 = ORIENTED_EDGE('',*,*,#2343,.T.);
#2343 = EDGE_CURVE('',#1448,#2344,#2346,.T.);
#2344 = VERTEX_POINT('',#2345);
#2345 = CARTESIAN_POINT('',(0.25,-4.06,0.75));
#2346 = LINE('',#2347,#2348);
#2347 = CARTESIAN_POINT('',(0.25,-4.06,4.15));
#2348 = VECTOR('',#2349,1.);
#2349 = DIRECTION('',(0.,-0.,-1.));
#2350 = ORIENTED_EDGE('',*,*,#2351,.T.);
#2351 = EDGE_CURVE('',#2344,#2352,#2354,.T.);
#2352 = VERTEX_POINT('',#2353);
#2353 = CARTESIAN_POINT('',(0.25,-3.56,0.75));
#2354 = LINE('',#2355,#2356);
#2355 = CARTESIAN_POINT('',(0.25,-4.06,0.75));
#2356 = VECTOR('',#2357,1.);
#2357 = DIRECTION('',(1.110223024625E-16,1.,0.));
#2358 = ORIENTED_EDGE('',*,*,#2359,.F.);
#2359 = EDGE_CURVE('',#1457,#2352,#2360,.T.);
#2360 = LINE('',#2361,#2362);
#2361 = CARTESIAN_POINT('',(0.25,-3.56,4.15));
#2362 = VECTOR('',#2363,1.);
#2363 = DIRECTION('',(0.,-0.,-1.));
#2364 = ORIENTED_EDGE('',*,*,#1464,.F.);
#2365 = PLANE('',#2366);
#2366 = AXIS2_PLACEMENT_3D('',#2367,#2368,#2369);
#2367 = CARTESIAN_POINT('',(0.25,-4.06,4.15));
#2368 = DIRECTION('',(1.,-1.110223024625E-16,0.));
#2369 = DIRECTION('',(1.110223024625E-16,1.,0.));
#2370 = ADVANCED_FACE('',(#2371),#2421,.F.);
#2371 = FACE_BOUND('',#2372,.F.);
#2372 = EDGE_LOOP('',(#2373,#2374,#2375,#2383,#2391,#2399,#2407,#2415));
#2373 = ORIENTED_EDGE('',*,*,#1488,.F.);
#2374 = ORIENTED_EDGE('',*,*,#2359,.T.);
#2375 = ORIENTED_EDGE('',*,*,#2376,.T.);
#2376 = EDGE_CURVE('',#2352,#2377,#2379,.T.);
#2377 = VERTEX_POINT('',#2378);
#2378 = CARTESIAN_POINT('',(0.1,-3.56,0.75));
#2379 = LINE('',#2380,#2381);
#2380 = CARTESIAN_POINT('',(0.25,-3.56,0.75));
#2381 = VECTOR('',#2382,1.);
#2382 = DIRECTION('',(-1.,1.110223024625E-16,0.));
#2383 = ORIENTED_EDGE('',*,*,#2384,.T.);
#2384 = EDGE_CURVE('',#2377,#2385,#2387,.T.);
#2385 = VERTEX_POINT('',#2386);
#2386 = CARTESIAN_POINT('',(0.1,-3.56,3.5));
#2387 = LINE('',#2388,#2389);
#2388 = CARTESIAN_POINT('',(0.1,-3.56,3.038545620235));
#2389 = VECTOR('',#2390,1.);
#2390 = DIRECTION('',(0.,-0.,1.));
#2391 = ORIENTED_EDGE('',*,*,#2392,.F.);
#2392 = EDGE_CURVE('',#2393,#2385,#2395,.T.);
#2393 = VERTEX_POINT('',#2394);
#2394 = CARTESIAN_POINT('',(-0.1,-3.56,3.5));
#2395 = LINE('',#2396,#2397);
#2396 = CARTESIAN_POINT('',(-0.1,-3.56,3.5));
#2397 = VECTOR('',#2398,1.);
#2398 = DIRECTION('',(1.,-1.110223024625E-16,0.));
#2399 = ORIENTED_EDGE('',*,*,#2400,.F.);
#2400 = EDGE_CURVE('',#2401,#2393,#2403,.T.);
#2401 = VERTEX_POINT('',#2402);
#2402 = CARTESIAN_POINT('',(-0.1,-3.56,0.75));
#2403 = LINE('',#2404,#2405);
#2404 = CARTESIAN_POINT('',(-0.1,-3.56,3.038545620235));
#2405 = VECTOR('',#2406,1.);
#2406 = DIRECTION('',(0.,-0.,1.));
#2407 = ORIENTED_EDGE('',*,*,#2408,.T.);
#2408 = EDGE_CURVE('',#2401,#2409,#2411,.T.);
#2409 = VERTEX_POINT('',#2410);
#2410 = CARTESIAN_POINT('',(-0.25,-3.56,0.75));
#2411 = LINE('',#2412,#2413);
#2412 = CARTESIAN_POINT('',(0.25,-3.56,0.75));
#2413 = VECTOR('',#2414,1.);
#2414 = DIRECTION('',(-1.,1.110223024625E-16,0.));
#2415 = ORIENTED_EDGE('',*,*,#2416,.F.);
#2416 = EDGE_CURVE('',#1481,#2409,#2417,.T.);
#2417 = LINE('',#2418,#2419);
#2418 = CARTESIAN_POINT('',(-0.25,-3.56,4.15));
#2419 = VECTOR('',#2420,1.);
#2420 = DIRECTION('',(0.,-0.,-1.));
#2421 = PLANE('',#2422);
#2422 = AXIS2_PLACEMENT_3D('',#2423,#2424,#2425);
#2423 = CARTESIAN_POINT('',(0.25,-3.56,4.15));
#2424 = DIRECTION('',(1.110223024625E-16,1.,0.));
#2425 = DIRECTION('',(-1.,1.110223024625E-16,0.));
#2426 = ADVANCED_FACE('',(#2427),#2445,.F.);
#2427 = FACE_BOUND('',#2428,.F.);
#2428 = EDGE_LOOP('',(#2429,#2430,#2438,#2444));
#2429 = ORIENTED_EDGE('',*,*,#2416,.T.);
#2430 = ORIENTED_EDGE('',*,*,#2431,.T.);
#2431 = EDGE_CURVE('',#2409,#2432,#2434,.T.);
#2432 = VERTEX_POINT('',#2433);
#2433 = CARTESIAN_POINT('',(-0.25,-4.06,0.75));
#2434 = LINE('',#2435,#2436);
#2435 = CARTESIAN_POINT('',(-0.25,-3.56,0.75));
#2436 = VECTOR('',#2437,1.);
#2437 = DIRECTION('',(-1.110223024625E-16,-1.,0.));
#2438 = ORIENTED_EDGE('',*,*,#2439,.F.);
#2439 = EDGE_CURVE('',#1505,#2432,#2440,.T.);
#2440 = LINE('',#2441,#2442);
#2441 = CARTESIAN_POINT('',(-0.25,-4.06,4.15));
#2442 = VECTOR('',#2443,1.);
#2443 = DIRECTION('',(0.,-0.,-1.));
#2444 = ORIENTED_EDGE('',*,*,#1512,.F.);
#2445 = PLANE('',#2446);
#2446 = AXIS2_PLACEMENT_3D('',#2447,#2448,#2449);
#2447 = CARTESIAN_POINT('',(-0.25,-3.56,4.15));
#2448 = DIRECTION('',(-1.,1.110223024625E-16,0.));
#2449 = DIRECTION('',(-1.110223024625E-16,-1.,0.));
#2450 = ADVANCED_FACE('',(#2451),#2494,.F.);
#2451 = FACE_BOUND('',#2452,.F.);
#2452 = EDGE_LOOP('',(#2453,#2454,#2455,#2463,#2471,#2479,#2487,#2493));
#2453 = ORIENTED_EDGE('',*,*,#1529,.F.);
#2454 = ORIENTED_EDGE('',*,*,#2439,.T.);
#2455 = ORIENTED_EDGE('',*,*,#2456,.T.);
#2456 = EDGE_CURVE('',#2432,#2457,#2459,.T.);
#2457 = VERTEX_POINT('',#2458);
#2458 = CARTESIAN_POINT('',(-0.1,-4.06,0.75));
#2459 = LINE('',#2460,#2461);
#2460 = CARTESIAN_POINT('',(-0.25,-4.06,0.75));
#2461 = VECTOR('',#2462,1.);
#2462 = DIRECTION('',(1.,-1.110223024625E-16,0.));
#2463 = ORIENTED_EDGE('',*,*,#2464,.F.);
#2464 = EDGE_CURVE('',#2465,#2457,#2467,.T.);
#2465 = VERTEX_POINT('',#2466);
#2466 = CARTESIAN_POINT('',(-0.1,-4.06,3.5));
#2467 = LINE('',#2468,#2469);
#2468 = CARTESIAN_POINT('',(-0.1,-4.06,3.038545620235));
#2469 = VECTOR('',#2470,1.);
#2470 = DIRECTION('',(-0.,0.,-1.));
#2471 = ORIENTED_EDGE('',*,*,#2472,.T.);
#2472 = EDGE_CURVE('',#2465,#2473,#2475,.T.);
#2473 = VERTEX_POINT('',#2474);
#2474 = CARTESIAN_POINT('',(0.1,-4.06,3.5));
#2475 = LINE('',#2476,#2477);
#2476 = CARTESIAN_POINT('',(-0.1,-4.06,3.5));
#2477 = VECTOR('',#2478,1.);
#2478 = DIRECTION('',(1.,-1.110223024625E-16,0.));
#2479 = ORIENTED_EDGE('',*,*,#2480,.T.);
#2480 = EDGE_CURVE('',#2473,#2481,#2483,.T.);
#2481 = VERTEX_POINT('',#2482);
#2482 = CARTESIAN_POINT('',(0.1,-4.06,0.75));
#2483 = LINE('',#2484,#2485);
#2484 = CARTESIAN_POINT('',(0.1,-4.06,3.038545620235));
#2485 = VECTOR('',#2486,1.);
#2486 = DIRECTION('',(-0.,0.,-1.));
#2487 = ORIENTED_EDGE('',*,*,#2488,.T.);
#2488 = EDGE_CURVE('',#2481,#2344,#2489,.T.);
#2489 = LINE('',#2490,#2491);
#2490 = CARTESIAN_POINT('',(-0.25,-4.06,0.75));
#2491 = VECTOR('',#2492,1.);
#2492 = DIRECTION('',(1.,-1.110223024625E-16,0.));
#2493 = ORIENTED_EDGE('',*,*,#2343,.F.);
#2494 = PLANE('',#2495);
#2495 = AXIS2_PLACEMENT_3D('',#2496,#2497,#2498);
#2496 = CARTESIAN_POINT('',(-0.25,-4.06,4.15));
#2497 = DIRECTION('',(-1.110223024625E-16,-1.,0.));
#2498 = DIRECTION('',(1.,-1.110223024625E-16,0.));
#2499 = ADVANCED_FACE('',(#2500),#2525,.F.);
#2500 = FACE_BOUND('',#2501,.F.);
#2501 = EDGE_LOOP('',(#2502,#2510,#2518,#2524));
#2502 = ORIENTED_EDGE('',*,*,#2503,.T.);
#2503 = EDGE_CURVE('',#1544,#2504,#2506,.T.);
#2504 = VERTEX_POINT('',#2505);
#2505 = CARTESIAN_POINT('',(0.25,-2.79,0.75));
#2506 = LINE('',#2507,#2508);
#2507 = CARTESIAN_POINT('',(0.25,-2.79,4.15));
#2508 = VECTOR('',#2509,1.);
#2509 = DIRECTION('',(0.,-0.,-1.));
#2510 = ORIENTED_EDGE('',*,*,#2511,.T.);
#2511 = EDGE_CURVE('',#2504,#2512,#2514,.T.);
#2512 = VERTEX_POINT('',#2513);
#2513 = CARTESIAN_POINT('',(0.25,-2.29,0.75));
#2514 = LINE('',#2515,#2516);
#2515 = CARTESIAN_POINT('',(0.25,-2.79,0.75));
#2516 = VECTOR('',#2517,1.);
#2517 = DIRECTION('',(1.110223024625E-16,1.,0.));
#2518 = ORIENTED_EDGE('',*,*,#2519,.F.);
#2519 = EDGE_CURVE('',#1553,#2512,#2520,.T.);
#2520 = LINE('',#2521,#2522);
#2521 = CARTESIAN_POINT('',(0.25,-2.29,4.15));
#2522 = VECTOR('',#2523,1.);
#2523 = DIRECTION('',(0.,-0.,-1.));
#2524 = ORIENTED_EDGE('',*,*,#1560,.F.);
#2525 = PLANE('',#2526);
#2526 = AXIS2_PLACEMENT_3D('',#2527,#2528,#2529);
#2527 = CARTESIAN_POINT('',(0.25,-2.79,4.15));
#2528 = DIRECTION('',(1.,-1.110223024625E-16,0.));
#2529 = DIRECTION('',(1.110223024625E-16,1.,0.));
#2530 = ADVANCED_FACE('',(#2531),#2581,.F.);
#2531 = FACE_BOUND('',#2532,.F.);
#2532 = EDGE_LOOP('',(#2533,#2534,#2535,#2543,#2551,#2559,#2567,#2575));
#2533 = ORIENTED_EDGE('',*,*,#1584,.F.);
#2534 = ORIENTED_EDGE('',*,*,#2519,.T.);
#2535 = ORIENTED_EDGE('',*,*,#2536,.T.);
#2536 = EDGE_CURVE('',#2512,#2537,#2539,.T.);
#2537 = VERTEX_POINT('',#2538);
#2538 = CARTESIAN_POINT('',(0.1,-2.29,0.75));
#2539 = LINE('',#2540,#2541);
#2540 = CARTESIAN_POINT('',(0.25,-2.29,0.75));
#2541 = VECTOR('',#2542,1.);
#2542 = DIRECTION('',(-1.,1.110223024625E-16,0.));
#2543 = ORIENTED_EDGE('',*,*,#2544,.T.);
#2544 = EDGE_CURVE('',#2537,#2545,#2547,.T.);
#2545 = VERTEX_POINT('',#2546);
#2546 = CARTESIAN_POINT('',(0.1,-2.29,3.5));
#2547 = LINE('',#2548,#2549);
#2548 = CARTESIAN_POINT('',(0.1,-2.29,3.038545620235));
#2549 = VECTOR('',#2550,1.);
#2550 = DIRECTION('',(0.,-0.,1.));
#2551 = ORIENTED_EDGE('',*,*,#2552,.F.);
#2552 = EDGE_CURVE('',#2553,#2545,#2555,.T.);
#2553 = VERTEX_POINT('',#2554);
#2554 = CARTESIAN_POINT('',(-0.1,-2.29,3.5));
#2555 = LINE('',#2556,#2557);
#2556 = CARTESIAN_POINT('',(-0.1,-2.29,3.5));
#2557 = VECTOR('',#2558,1.);
#2558 = DIRECTION('',(1.,-1.110223024625E-16,0.));
#2559 = ORIENTED_EDGE('',*,*,#2560,.F.);
#2560 = EDGE_CURVE('',#2561,#2553,#2563,.T.);
#2561 = VERTEX_POINT('',#2562);
#2562 = CARTESIAN_POINT('',(-0.1,-2.29,0.75));
#2563 = LINE('',#2564,#2565);
#2564 = CARTESIAN_POINT('',(-0.1,-2.29,3.038545620235));
#2565 = VECTOR('',#2566,1.);
#2566 = DIRECTION('',(0.,-0.,1.));
#2567 = ORIENTED_EDGE('',*,*,#2568,.T.);
#2568 = EDGE_CURVE('',#2561,#2569,#2571,.T.);
#2569 = VERTEX_POINT('',#2570);
#2570 = CARTESIAN_POINT('',(-0.25,-2.29,0.75));
#2571 = LINE('',#2572,#2573);
#2572 = CARTESIAN_POINT('',(0.25,-2.29,0.75));
#2573 = VECTOR('',#2574,1.);
#2574 = DIRECTION('',(-1.,1.110223024625E-16,0.));
#2575 = ORIENTED_EDGE('',*,*,#2576,.F.);
#2576 = EDGE_CURVE('',#1577,#2569,#2577,.T.);
#2577 = LINE('',#2578,#2579);
#2578 = CARTESIAN_POINT('',(-0.25,-2.29,4.15));
#2579 = VECTOR('',#2580,1.);
#2580 = DIRECTION('',(0.,-0.,-1.));
#2581 = PLANE('',#2582);
#2582 = AXIS2_PLACEMENT_3D('',#2583,#2584,#2585);
#2583 = CARTESIAN_POINT('',(0.25,-2.29,4.15));
#2584 = DIRECTION('',(1.110223024625E-16,1.,0.));
#2585 = DIRECTION('',(-1.,1.110223024625E-16,0.));
#2586 = ADVANCED_FACE('',(#2587),#2605,.F.);
#2587 = FACE_BOUND('',#2588,.F.);
#2588 = EDGE_LOOP('',(#2589,#2590,#2598,#2604));
#2589 = ORIENTED_EDGE('',*,*,#2576,.T.);
#2590 = ORIENTED_EDGE('',*,*,#2591,.T.);
#2591 = EDGE_CURVE('',#2569,#2592,#2594,.T.);
#2592 = VERTEX_POINT('',#2593);
#2593 = CARTESIAN_POINT('',(-0.25,-2.79,0.75));
#2594 = LINE('',#2595,#2596);
#2595 = CARTESIAN_POINT('',(-0.25,-2.29,0.75));
#2596 = VECTOR('',#2597,1.);
#2597 = DIRECTION('',(-1.110223024625E-16,-1.,0.));
#2598 = ORIENTED_EDGE('',*,*,#2599,.F.);
#2599 = EDGE_CURVE('',#1601,#2592,#2600,.T.);
#2600 = LINE('',#2601,#2602);
#2601 = CARTESIAN_POINT('',(-0.25,-2.79,4.15));
#2602 = VECTOR('',#2603,1.);
#2603 = DIRECTION('',(0.,-0.,-1.));
#2604 = ORIENTED_EDGE('',*,*,#1608,.F.);
#2605 = PLANE('',#2606);
#2606 = AXIS2_PLACEMENT_3D('',#2607,#2608,#2609);
#2607 = CARTESIAN_POINT('',(-0.25,-2.29,4.15));
#2608 = DIRECTION('',(-1.,1.110223024625E-16,0.));
#2609 = DIRECTION('',(-1.110223024625E-16,-1.,0.));
#2610 = ADVANCED_FACE('',(#2611),#2654,.F.);
#2611 = FACE_BOUND('',#2612,.F.);
#2612 = EDGE_LOOP('',(#2613,#2614,#2615,#2623,#2631,#2639,#2647,#2653));
#2613 = ORIENTED_EDGE('',*,*,#1625,.F.);
#2614 = ORIENTED_EDGE('',*,*,#2599,.T.);
#2615 = ORIENTED_EDGE('',*,*,#2616,.T.);
#2616 = EDGE_CURVE('',#2592,#2617,#2619,.T.);
#2617 = VERTEX_POINT('',#2618);
#2618 = CARTESIAN_POINT('',(-0.1,-2.79,0.75));
#2619 = LINE('',#2620,#2621);
#2620 = CARTESIAN_POINT('',(-0.25,-2.79,0.75));
#2621 = VECTOR('',#2622,1.);
#2622 = DIRECTION('',(1.,-1.110223024625E-16,0.));
#2623 = ORIENTED_EDGE('',*,*,#2624,.F.);
#2624 = EDGE_CURVE('',#2625,#2617,#2627,.T.);
#2625 = VERTEX_POINT('',#2626);
#2626 = CARTESIAN_POINT('',(-0.1,-2.79,3.5));
#2627 = LINE('',#2628,#2629);
#2628 = CARTESIAN_POINT('',(-0.1,-2.79,3.038545620235));
#2629 = VECTOR('',#2630,1.);
#2630 = DIRECTION('',(-0.,0.,-1.));
#2631 = ORIENTED_EDGE('',*,*,#2632,.T.);
#2632 = EDGE_CURVE('',#2625,#2633,#2635,.T.);
#2633 = VERTEX_POINT('',#2634);
#2634 = CARTESIAN_POINT('',(0.1,-2.79,3.5));
#2635 = LINE('',#2636,#2637);
#2636 = CARTESIAN_POINT('',(-0.1,-2.79,3.5));
#2637 = VECTOR('',#2638,1.);
#2638 = DIRECTION('',(1.,-1.110223024625E-16,0.));
#2639 = ORIENTED_EDGE('',*,*,#2640,.T.);
#2640 = EDGE_CURVE('',#2633,#2641,#2643,.T.);
#2641 = VERTEX_POINT('',#2642);
#2642 = CARTESIAN_POINT('',(0.1,-2.79,0.75));
#2643 = LINE('',#2644,#2645);
#2644 = CARTESIAN_POINT('',(0.1,-2.79,3.038545620235));
#2645 = VECTOR('',#2646,1.);
#2646 = DIRECTION('',(-0.,0.,-1.));
#2647 = ORIENTED_EDGE('',*,*,#2648,.T.);
#2648 = EDGE_CURVE('',#2641,#2504,#2649,.T.);
#2649 = LINE('',#2650,#2651);
#2650 = CARTESIAN_POINT('',(-0.25,-2.79,0.75));
#2651 = VECTOR('',#2652,1.);
#2652 = DIRECTION('',(1.,-1.110223024625E-16,0.));
#2653 = ORIENTED_EDGE('',*,*,#2503,.F.);
#2654 = PLANE('',#2655);
#2655 = AXIS2_PLACEMENT_3D('',#2656,#2657,#2658);
#2656 = CARTESIAN_POINT('',(-0.25,-2.79,4.15));
#2657 = DIRECTION('',(-1.110223024625E-16,-1.,0.));
#2658 = DIRECTION('',(1.,-1.110223024625E-16,0.));
#2659 = ADVANCED_FACE('',(#2660),#2685,.F.);
#2660 = FACE_BOUND('',#2661,.F.);
#2661 = EDGE_LOOP('',(#2662,#2670,#2678,#2684));
#2662 = ORIENTED_EDGE('',*,*,#2663,.T.);
#2663 = EDGE_CURVE('',#1640,#2664,#2666,.T.);
#2664 = VERTEX_POINT('',#2665);
#2665 = CARTESIAN_POINT('',(0.25,-1.52,0.75));
#2666 = LINE('',#2667,#2668);
#2667 = CARTESIAN_POINT('',(0.25,-1.52,4.15));
#2668 = VECTOR('',#2669,1.);
#2669 = DIRECTION('',(0.,-0.,-1.));
#2670 = ORIENTED_EDGE('',*,*,#2671,.T.);
#2671 = EDGE_CURVE('',#2664,#2672,#2674,.T.);
#2672 = VERTEX_POINT('',#2673);
#2673 = CARTESIAN_POINT('',(0.25,-1.02,0.75));
#2674 = LINE('',#2675,#2676);
#2675 = CARTESIAN_POINT('',(0.25,-1.52,0.75));
#2676 = VECTOR('',#2677,1.);
#2677 = DIRECTION('',(1.110223024625E-16,1.,0.));
#2678 = ORIENTED_EDGE('',*,*,#2679,.F.);
#2679 = EDGE_CURVE('',#1649,#2672,#2680,.T.);
#2680 = LINE('',#2681,#2682);
#2681 = CARTESIAN_POINT('',(0.25,-1.02,4.15));
#2682 = VECTOR('',#2683,1.);
#2683 = DIRECTION('',(0.,-0.,-1.));
#2684 = ORIENTED_EDGE('',*,*,#1656,.F.);
#2685 = PLANE('',#2686);
#2686 = AXIS2_PLACEMENT_3D('',#2687,#2688,#2689);
#2687 = CARTESIAN_POINT('',(0.25,-1.52,4.15));
#2688 = DIRECTION('',(1.,-1.110223024625E-16,0.));
#2689 = DIRECTION('',(1.110223024625E-16,1.,0.));
#2690 = ADVANCED_FACE('',(#2691),#2741,.F.);
#2691 = FACE_BOUND('',#2692,.F.);
#2692 = EDGE_LOOP('',(#2693,#2694,#2695,#2703,#2711,#2719,#2727,#2735));
#2693 = ORIENTED_EDGE('',*,*,#1680,.F.);
#2694 = ORIENTED_EDGE('',*,*,#2679,.T.);
#2695 = ORIENTED_EDGE('',*,*,#2696,.T.);
#2696 = EDGE_CURVE('',#2672,#2697,#2699,.T.);
#2697 = VERTEX_POINT('',#2698);
#2698 = CARTESIAN_POINT('',(0.1,-1.02,0.75));
#2699 = LINE('',#2700,#2701);
#2700 = CARTESIAN_POINT('',(0.25,-1.02,0.75));
#2701 = VECTOR('',#2702,1.);
#2702 = DIRECTION('',(-1.,1.110223024625E-16,0.));
#2703 = ORIENTED_EDGE('',*,*,#2704,.T.);
#2704 = EDGE_CURVE('',#2697,#2705,#2707,.T.);
#2705 = VERTEX_POINT('',#2706);
#2706 = CARTESIAN_POINT('',(0.1,-1.02,3.5));
#2707 = LINE('',#2708,#2709);
#2708 = CARTESIAN_POINT('',(0.1,-1.02,3.038545620235));
#2709 = VECTOR('',#2710,1.);
#2710 = DIRECTION('',(0.,-0.,1.));
#2711 = ORIENTED_EDGE('',*,*,#2712,.F.);
#2712 = EDGE_CURVE('',#2713,#2705,#2715,.T.);
#2713 = VERTEX_POINT('',#2714);
#2714 = CARTESIAN_POINT('',(-0.1,-1.02,3.5));
#2715 = LINE('',#2716,#2717);
#2716 = CARTESIAN_POINT('',(-0.1,-1.02,3.5));
#2717 = VECTOR('',#2718,1.);
#2718 = DIRECTION('',(1.,-1.110223024625E-16,0.));
#2719 = ORIENTED_EDGE('',*,*,#2720,.F.);
#2720 = EDGE_CURVE('',#2721,#2713,#2723,.T.);
#2721 = VERTEX_POINT('',#2722);
#2722 = CARTESIAN_POINT('',(-0.1,-1.02,0.75));
#2723 = LINE('',#2724,#2725);
#2724 = CARTESIAN_POINT('',(-0.1,-1.02,3.038545620235));
#2725 = VECTOR('',#2726,1.);
#2726 = DIRECTION('',(0.,-0.,1.));
#2727 = ORIENTED_EDGE('',*,*,#2728,.T.);
#2728 = EDGE_CURVE('',#2721,#2729,#2731,.T.);
#2729 = VERTEX_POINT('',#2730);
#2730 = CARTESIAN_POINT('',(-0.25,-1.02,0.75));
#2731 = LINE('',#2732,#2733);
#2732 = CARTESIAN_POINT('',(0.25,-1.02,0.75));
#2733 = VECTOR('',#2734,1.);
#2734 = DIRECTION('',(-1.,1.110223024625E-16,0.));
#2735 = ORIENTED_EDGE('',*,*,#2736,.F.);
#2736 = EDGE_CURVE('',#1673,#2729,#2737,.T.);
#2737 = LINE('',#2738,#2739);
#2738 = CARTESIAN_POINT('',(-0.25,-1.02,4.15));
#2739 = VECTOR('',#2740,1.);
#2740 = DIRECTION('',(0.,-0.,-1.));
#2741 = PLANE('',#2742);
#2742 = AXIS2_PLACEMENT_3D('',#2743,#2744,#2745);
#2743 = CARTESIAN_POINT('',(0.25,-1.02,4.15));
#2744 = DIRECTION('',(1.110223024625E-16,1.,0.));
#2745 = DIRECTION('',(-1.,1.110223024625E-16,0.));
#2746 = ADVANCED_FACE('',(#2747),#2765,.F.);
#2747 = FACE_BOUND('',#2748,.F.);
#2748 = EDGE_LOOP('',(#2749,#2750,#2758,#2764));
#2749 = ORIENTED_EDGE('',*,*,#2736,.T.);
#2750 = ORIENTED_EDGE('',*,*,#2751,.T.);
#2751 = EDGE_CURVE('',#2729,#2752,#2754,.T.);
#2752 = VERTEX_POINT('',#2753);
#2753 = CARTESIAN_POINT('',(-0.25,-1.52,0.75));
#2754 = LINE('',#2755,#2756);
#2755 = CARTESIAN_POINT('',(-0.25,-1.02,0.75));
#2756 = VECTOR('',#2757,1.);
#2757 = DIRECTION('',(-1.110223024625E-16,-1.,0.));
#2758 = ORIENTED_EDGE('',*,*,#2759,.F.);
#2759 = EDGE_CURVE('',#1697,#2752,#2760,.T.);
#2760 = LINE('',#2761,#2762);
#2761 = CARTESIAN_POINT('',(-0.25,-1.52,4.15));
#2762 = VECTOR('',#2763,1.);
#2763 = DIRECTION('',(0.,-0.,-1.));
#2764 = ORIENTED_EDGE('',*,*,#1704,.F.);
#2765 = PLANE('',#2766);
#2766 = AXIS2_PLACEMENT_3D('',#2767,#2768,#2769);
#2767 = CARTESIAN_POINT('',(-0.25,-1.02,4.15));
#2768 = DIRECTION('',(-1.,1.110223024625E-16,0.));
#2769 = DIRECTION('',(-1.110223024625E-16,-1.,0.));
#2770 = ADVANCED_FACE('',(#2771),#2814,.F.);
#2771 = FACE_BOUND('',#2772,.F.);
#2772 = EDGE_LOOP('',(#2773,#2774,#2775,#2783,#2791,#2799,#2807,#2813));
#2773 = ORIENTED_EDGE('',*,*,#1721,.F.);
#2774 = ORIENTED_EDGE('',*,*,#2759,.T.);
#2775 = ORIENTED_EDGE('',*,*,#2776,.T.);
#2776 = EDGE_CURVE('',#2752,#2777,#2779,.T.);
#2777 = VERTEX_POINT('',#2778);
#2778 = CARTESIAN_POINT('',(-0.1,-1.52,0.75));
#2779 = LINE('',#2780,#2781);
#2780 = CARTESIAN_POINT('',(-0.25,-1.52,0.75));
#2781 = VECTOR('',#2782,1.);
#2782 = DIRECTION('',(1.,-1.110223024625E-16,0.));
#2783 = ORIENTED_EDGE('',*,*,#2784,.F.);
#2784 = EDGE_CURVE('',#2785,#2777,#2787,.T.);
#2785 = VERTEX_POINT('',#2786);
#2786 = CARTESIAN_POINT('',(-0.1,-1.52,3.5));
#2787 = LINE('',#2788,#2789);
#2788 = CARTESIAN_POINT('',(-0.1,-1.52,3.038545620235));
#2789 = VECTOR('',#2790,1.);
#2790 = DIRECTION('',(-0.,0.,-1.));
#2791 = ORIENTED_EDGE('',*,*,#2792,.T.);
#2792 = EDGE_CURVE('',#2785,#2793,#2795,.T.);
#2793 = VERTEX_POINT('',#2794);
#2794 = CARTESIAN_POINT('',(0.1,-1.52,3.5));
#2795 = LINE('',#2796,#2797);
#2796 = CARTESIAN_POINT('',(-0.1,-1.52,3.5));
#2797 = VECTOR('',#2798,1.);
#2798 = DIRECTION('',(1.,-1.110223024625E-16,0.));
#2799 = ORIENTED_EDGE('',*,*,#2800,.T.);
#2800 = EDGE_CURVE('',#2793,#2801,#2803,.T.);
#2801 = VERTEX_POINT('',#2802);
#2802 = CARTESIAN_POINT('',(0.1,-1.52,0.75));
#2803 = LINE('',#2804,#2805);
#2804 = CARTESIAN_POINT('',(0.1,-1.52,3.038545620235));
#2805 = VECTOR('',#2806,1.);
#2806 = DIRECTION('',(-0.,0.,-1.));
#2807 = ORIENTED_EDGE('',*,*,#2808,.T.);
#2808 = EDGE_CURVE('',#2801,#2664,#2809,.T.);
#2809 = LINE('',#2810,#2811);
#2810 = CARTESIAN_POINT('',(-0.25,-1.52,0.75));
#2811 = VECTOR('',#2812,1.);
#2812 = DIRECTION('',(1.,-1.110223024625E-16,0.));
#2813 = ORIENTED_EDGE('',*,*,#2663,.F.);
#2814 = PLANE('',#2815);
#2815 = AXIS2_PLACEMENT_3D('',#2816,#2817,#2818);
#2816 = CARTESIAN_POINT('',(-0.25,-1.52,4.15));
#2817 = DIRECTION('',(-1.110223024625E-16,-1.,0.));
#2818 = DIRECTION('',(1.,-1.110223024625E-16,0.));
#2819 = ADVANCED_FACE('',(#2820),#2845,.F.);
#2820 = FACE_BOUND('',#2821,.F.);
#2821 = EDGE_LOOP('',(#2822,#2830,#2838,#2844));
#2822 = ORIENTED_EDGE('',*,*,#2823,.T.);
#2823 = EDGE_CURVE('',#1736,#2824,#2826,.T.);
#2824 = VERTEX_POINT('',#2825);
#2825 = CARTESIAN_POINT('',(0.25,-0.25,0.75));
#2826 = LINE('',#2827,#2828);
#2827 = CARTESIAN_POINT('',(0.25,-0.25,4.15));
#2828 = VECTOR('',#2829,1.);
#2829 = DIRECTION('',(0.,-0.,-1.));
#2830 = ORIENTED_EDGE('',*,*,#2831,.T.);
#2831 = EDGE_CURVE('',#2824,#2832,#2834,.T.);
#2832 = VERTEX_POINT('',#2833);
#2833 = CARTESIAN_POINT('',(0.25,0.25,0.75));
#2834 = LINE('',#2835,#2836);
#2835 = CARTESIAN_POINT('',(0.25,-0.25,0.75));
#2836 = VECTOR('',#2837,1.);
#2837 = DIRECTION('',(1.110223024625E-16,1.,0.));
#2838 = ORIENTED_EDGE('',*,*,#2839,.F.);
#2839 = EDGE_CURVE('',#1745,#2832,#2840,.T.);
#2840 = LINE('',#2841,#2842);
#2841 = CARTESIAN_POINT('',(0.25,0.25,4.15));
#2842 = VECTOR('',#2843,1.);
#2843 = DIRECTION('',(0.,-0.,-1.));
#2844 = ORIENTED_EDGE('',*,*,#1752,.F.);
#2845 = PLANE('',#2846);
#2846 = AXIS2_PLACEMENT_3D('',#2847,#2848,#2849);
#2847 = CARTESIAN_POINT('',(0.25,-0.25,4.15));
#2848 = DIRECTION('',(1.,-1.110223024625E-16,0.));
#2849 = DIRECTION('',(1.110223024625E-16,1.,0.));
#2850 = ADVANCED_FACE('',(#2851),#2901,.F.);
#2851 = FACE_BOUND('',#2852,.F.);
#2852 = EDGE_LOOP('',(#2853,#2854,#2855,#2863,#2871,#2879,#2887,#2895));
#2853 = ORIENTED_EDGE('',*,*,#1776,.F.);
#2854 = ORIENTED_EDGE('',*,*,#2839,.T.);
#2855 = ORIENTED_EDGE('',*,*,#2856,.T.);
#2856 = EDGE_CURVE('',#2832,#2857,#2859,.T.);
#2857 = VERTEX_POINT('',#2858);
#2858 = CARTESIAN_POINT('',(0.1,0.25,0.75));
#2859 = LINE('',#2860,#2861);
#2860 = CARTESIAN_POINT('',(0.25,0.25,0.75));
#2861 = VECTOR('',#2862,1.);
#2862 = DIRECTION('',(-1.,1.110223024625E-16,0.));
#2863 = ORIENTED_EDGE('',*,*,#2864,.T.);
#2864 = EDGE_CURVE('',#2857,#2865,#2867,.T.);
#2865 = VERTEX_POINT('',#2866);
#2866 = CARTESIAN_POINT('',(0.1,0.25,3.5));
#2867 = LINE('',#2868,#2869);
#2868 = CARTESIAN_POINT('',(0.1,0.25,3.038545620235));
#2869 = VECTOR('',#2870,1.);
#2870 = DIRECTION('',(0.,-0.,1.));
#2871 = ORIENTED_EDGE('',*,*,#2872,.F.);
#2872 = EDGE_CURVE('',#2873,#2865,#2875,.T.);
#2873 = VERTEX_POINT('',#2874);
#2874 = CARTESIAN_POINT('',(-0.1,0.25,3.5));
#2875 = LINE('',#2876,#2877);
#2876 = CARTESIAN_POINT('',(-0.1,0.25,3.5));
#2877 = VECTOR('',#2878,1.);
#2878 = DIRECTION('',(1.,-1.110223024625E-16,0.));
#2879 = ORIENTED_EDGE('',*,*,#2880,.F.);
#2880 = EDGE_CURVE('',#2881,#2873,#2883,.T.);
#2881 = VERTEX_POINT('',#2882);
#2882 = CARTESIAN_POINT('',(-0.1,0.25,0.75));
#2883 = LINE('',#2884,#2885);
#2884 = CARTESIAN_POINT('',(-0.1,0.25,3.038545620235));
#2885 = VECTOR('',#2886,1.);
#2886 = DIRECTION('',(0.,-0.,1.));
#2887 = ORIENTED_EDGE('',*,*,#2888,.T.);
#2888 = EDGE_CURVE('',#2881,#2889,#2891,.T.);
#2889 = VERTEX_POINT('',#2890);
#2890 = CARTESIAN_POINT('',(-0.25,0.25,0.75));
#2891 = LINE('',#2892,#2893);
#2892 = CARTESIAN_POINT('',(0.25,0.25,0.75));
#2893 = VECTOR('',#2894,1.);
#2894 = DIRECTION('',(-1.,1.110223024625E-16,0.));
#2895 = ORIENTED_EDGE('',*,*,#2896,.F.);
#2896 = EDGE_CURVE('',#1769,#2889,#2897,.T.);
#2897 = LINE('',#2898,#2899);
#2898 = CARTESIAN_POINT('',(-0.25,0.25,4.15));
#2899 = VECTOR('',#2900,1.);
#2900 = DIRECTION('',(0.,-0.,-1.));
#2901 = PLANE('',#2902);
#2902 = AXIS2_PLACEMENT_3D('',#2903,#2904,#2905);
#2903 = CARTESIAN_POINT('',(0.25,0.25,4.15));
#2904 = DIRECTION('',(1.110223024625E-16,1.,0.));
#2905 = DIRECTION('',(-1.,1.110223024625E-16,0.));
#2906 = ADVANCED_FACE('',(#2907),#2925,.F.);
#2907 = FACE_BOUND('',#2908,.F.);
#2908 = EDGE_LOOP('',(#2909,#2910,#2918,#2924));
#2909 = ORIENTED_EDGE('',*,*,#2896,.T.);
#2910 = ORIENTED_EDGE('',*,*,#2911,.T.);
#2911 = EDGE_CURVE('',#2889,#2912,#2914,.T.);
#2912 = VERTEX_POINT('',#2913);
#2913 = CARTESIAN_POINT('',(-0.25,-0.25,0.75));
#2914 = LINE('',#2915,#2916);
#2915 = CARTESIAN_POINT('',(-0.25,0.25,0.75));
#2916 = VECTOR('',#2917,1.);
#2917 = DIRECTION('',(-1.110223024625E-16,-1.,0.));
#2918 = ORIENTED_EDGE('',*,*,#2919,.F.);
#2919 = EDGE_CURVE('',#1793,#2912,#2920,.T.);
#2920 = LINE('',#2921,#2922);
#2921 = CARTESIAN_POINT('',(-0.25,-0.25,4.15));
#2922 = VECTOR('',#2923,1.);
#2923 = DIRECTION('',(0.,-0.,-1.));
#2924 = ORIENTED_EDGE('',*,*,#1800,.F.);
#2925 = PLANE('',#2926);
#2926 = AXIS2_PLACEMENT_3D('',#2927,#2928,#2929);
#2927 = CARTESIAN_POINT('',(-0.25,0.25,4.15));
#2928 = DIRECTION('',(-1.,1.110223024625E-16,0.));
#2929 = DIRECTION('',(-1.110223024625E-16,-1.,0.));
#2930 = ADVANCED_FACE('',(#2931),#2974,.F.);
#2931 = FACE_BOUND('',#2932,.F.);
#2932 = EDGE_LOOP('',(#2933,#2934,#2935,#2943,#2951,#2959,#2967,#2973));
#2933 = ORIENTED_EDGE('',*,*,#1817,.F.);
#2934 = ORIENTED_EDGE('',*,*,#2919,.T.);
#2935 = ORIENTED_EDGE('',*,*,#2936,.T.);
#2936 = EDGE_CURVE('',#2912,#2937,#2939,.T.);
#2937 = VERTEX_POINT('',#2938);
#2938 = CARTESIAN_POINT('',(-0.1,-0.25,0.75));
#2939 = LINE('',#2940,#2941);
#2940 = CARTESIAN_POINT('',(-0.25,-0.25,0.75));
#2941 = VECTOR('',#2942,1.);
#2942 = DIRECTION('',(1.,-1.110223024625E-16,0.));
#2943 = ORIENTED_EDGE('',*,*,#2944,.F.);
#2944 = EDGE_CURVE('',#2945,#2937,#2947,.T.);
#2945 = VERTEX_POINT('',#2946);
#2946 = CARTESIAN_POINT('',(-0.1,-0.25,3.5));
#2947 = LINE('',#2948,#2949);
#2948 = CARTESIAN_POINT('',(-0.1,-0.25,3.038545620235));
#2949 = VECTOR('',#2950,1.);
#2950 = DIRECTION('',(-0.,0.,-1.));
#2951 = ORIENTED_EDGE('',*,*,#2952,.T.);
#2952 = EDGE_CURVE('',#2945,#2953,#2955,.T.);
#2953 = VERTEX_POINT('',#2954);
#2954 = CARTESIAN_POINT('',(0.1,-0.25,3.5));
#2955 = LINE('',#2956,#2957);
#2956 = CARTESIAN_POINT('',(-0.1,-0.25,3.5));
#2957 = VECTOR('',#2958,1.);
#2958 = DIRECTION('',(1.,-1.110223024625E-16,0.));
#2959 = ORIENTED_EDGE('',*,*,#2960,.T.);
#2960 = EDGE_CURVE('',#2953,#2961,#2963,.T.);
#2961 = VERTEX_POINT('',#2962);
#2962 = CARTESIAN_POINT('',(0.1,-0.25,0.75));
#2963 = LINE('',#2964,#2965);
#2964 = CARTESIAN_POINT('',(0.1,-0.25,3.038545620235));
#2965 = VECTOR('',#2966,1.);
#2966 = DIRECTION('',(-0.,0.,-1.));
#2967 = ORIENTED_EDGE('',*,*,#2968,.T.);
#2968 = EDGE_CURVE('',#2961,#2824,#2969,.T.);
#2969 = LINE('',#2970,#2971);
#2970 = CARTESIAN_POINT('',(-0.25,-0.25,0.75));
#2971 = VECTOR('',#2972,1.);
#2972 = DIRECTION('',(1.,-1.110223024625E-16,0.));
#2973 = ORIENTED_EDGE('',*,*,#2823,.F.);
#2974 = PLANE('',#2975);
#2975 = AXIS2_PLACEMENT_3D('',#2976,#2977,#2978);
#2976 = CARTESIAN_POINT('',(-0.25,-0.25,4.15));
#2977 = DIRECTION('',(-1.110223024625E-16,-1.,0.));
#2978 = DIRECTION('',(1.,-1.110223024625E-16,0.));
#2979 = ADVANCED_FACE('',(#2980),#2991,.T.);
#2980 = FACE_BOUND('',#2981,.T.);
#2981 = EDGE_LOOP('',(#2982,#2988,#2989,#2990));
#2982 = ORIENTED_EDGE('',*,*,#2983,.T.);
#2983 = EDGE_CURVE('',#1913,#1849,#2984,.T.);
#2984 = LINE('',#2985,#2986);
#2985 = CARTESIAN_POINT('',(-0.1,-2.79,-2.1));
#2986 = VECTOR('',#2987,1.);
#2987 = DIRECTION('',(1.,-1.110223024625E-16,0.));
#2988 = ORIENTED_EDGE('',*,*,#1848,.T.);
#2989 = ORIENTED_EDGE('',*,*,#1833,.F.);
#2990 = ORIENTED_EDGE('',*,*,#1912,.F.);
#2991 = PLANE('',#2992);
#2992 = AXIS2_PLACEMENT_3D('',#2993,#2994,#2995);
#2993 = CARTESIAN_POINT('',(-0.1,-2.79,-2.1));
#2994 = DIRECTION('',(-1.110223024625E-16,-1.,0.));
#2995 = DIRECTION('',(0.,0.,1.));
#2996 = ADVANCED_FACE('',(#2997),#3008,.T.);
#2997 = FACE_BOUND('',#2998,.T.);
#2998 = EDGE_LOOP('',(#2999,#3005,#3006,#3007));
#2999 = ORIENTED_EDGE('',*,*,#3000,.T.);
#3000 = EDGE_CURVE('',#1938,#1874,#3001,.T.);
#3001 = LINE('',#3002,#3003);
#3002 = CARTESIAN_POINT('',(-0.1,-2.665,-2.6));
#3003 = VECTOR('',#3004,1.);
#3004 = DIRECTION('',(1.,-1.110223024625E-16,0.));
#3005 = ORIENTED_EDGE('',*,*,#1881,.T.);
#3006 = ORIENTED_EDGE('',*,*,#2983,.F.);
#3007 = ORIENTED_EDGE('',*,*,#1945,.F.);
#3008 = PLANE('',#3009);
#3009 = AXIS2_PLACEMENT_3D('',#3010,#3011,#3012);
#3010 = CARTESIAN_POINT('',(-0.1,-2.665,-2.6));
#3011 = DIRECTION('',(-1.077074540829E-16,-0.970142500145,
    -0.242535625036));
#3012 = DIRECTION('',(-2.692686352073E-17,-0.242535625036,0.970142500145
    ));
#3013 = ADVANCED_FACE('',(#3014),#3025,.T.);
#3014 = FACE_BOUND('',#3015,.T.);
#3015 = EDGE_LOOP('',(#3016,#3022,#3023,#3024));
#3016 = ORIENTED_EDGE('',*,*,#3017,.T.);
#3017 = EDGE_CURVE('',#1930,#1866,#3018,.T.);
#3018 = LINE('',#3019,#3020);
#3019 = CARTESIAN_POINT('',(-0.1,-2.415,-2.6));
#3020 = VECTOR('',#3021,1.);
#3021 = DIRECTION('',(1.,-1.110223024625E-16,0.));
#3022 = ORIENTED_EDGE('',*,*,#1873,.T.);
#3023 = ORIENTED_EDGE('',*,*,#3000,.F.);
#3024 = ORIENTED_EDGE('',*,*,#1937,.T.);
#3025 = PLANE('',#3026);
#3026 = AXIS2_PLACEMENT_3D('',#3027,#3028,#3029);
#3027 = CARTESIAN_POINT('',(-0.1,-2.415,-2.6));
#3028 = DIRECTION('',(0.,-0.,-1.));
#3029 = DIRECTION('',(-1.110223024625E-16,-1.,0.));
#3030 = ADVANCED_FACE('',(#3031),#3042,.T.);
#3031 = FACE_BOUND('',#3032,.T.);
#3032 = EDGE_LOOP('',(#3033,#3039,#3040,#3041));
#3033 = ORIENTED_EDGE('',*,*,#3034,.T.);
#3034 = EDGE_CURVE('',#1922,#1858,#3035,.T.);
#3035 = LINE('',#3036,#3037);
#3036 = CARTESIAN_POINT('',(-0.1,-2.29,-2.1));
#3037 = VECTOR('',#3038,1.);
#3038 = DIRECTION('',(1.,-1.110223024625E-16,0.));
#3039 = ORIENTED_EDGE('',*,*,#1865,.T.);
#3040 = ORIENTED_EDGE('',*,*,#3017,.F.);
#3041 = ORIENTED_EDGE('',*,*,#1929,.F.);
#3042 = PLANE('',#3043);
#3043 = AXIS2_PLACEMENT_3D('',#3044,#3045,#3046);
#3044 = CARTESIAN_POINT('',(-0.1,-2.29,-2.1));
#3045 = DIRECTION('',(1.077074540829E-16,0.970142500145,-0.242535625036)
  );
#3046 = DIRECTION('',(-2.692686352073E-17,-0.242535625036,
    -0.970142500145));
#3047 = ADVANCED_FACE('',(#3048),#3054,.T.);
#3048 = FACE_BOUND('',#3049,.T.);
#3049 = EDGE_LOOP('',(#3050,#3051,#3052,#3053));
#3050 = ORIENTED_EDGE('',*,*,#1895,.T.);
#3051 = ORIENTED_EDGE('',*,*,#1857,.T.);
#3052 = ORIENTED_EDGE('',*,*,#3034,.F.);
#3053 = ORIENTED_EDGE('',*,*,#1921,.F.);
#3054 = PLANE('',#3055);
#3055 = AXIS2_PLACEMENT_3D('',#3056,#3057,#3058);
#3056 = CARTESIAN_POINT('',(-0.1,-2.29,0.2));
#3057 = DIRECTION('',(1.110223024625E-16,1.,0.));
#3058 = DIRECTION('',(0.,0.,-1.));
#3059 = ADVANCED_FACE('',(#3060),#3071,.T.);
#3060 = FACE_BOUND('',#3061,.T.);
#3061 = EDGE_LOOP('',(#3062,#3068,#3069,#3070));
#3062 = ORIENTED_EDGE('',*,*,#3063,.T.);
#3063 = EDGE_CURVE('',#2041,#1977,#3064,.T.);
#3064 = LINE('',#3065,#3066);
#3065 = CARTESIAN_POINT('',(-0.1,-4.06,-2.1));
#3066 = VECTOR('',#3067,1.);
#3067 = DIRECTION('',(1.,-1.110223024625E-16,0.));
#3068 = ORIENTED_EDGE('',*,*,#1976,.T.);
#3069 = ORIENTED_EDGE('',*,*,#1961,.F.);
#3070 = ORIENTED_EDGE('',*,*,#2040,.F.);
#3071 = PLANE('',#3072);
#3072 = AXIS2_PLACEMENT_3D('',#3073,#3074,#3075);
#3073 = CARTESIAN_POINT('',(-0.1,-4.06,-2.1));
#3074 = DIRECTION('',(-1.110223024625E-16,-1.,0.));
#3075 = DIRECTION('',(0.,0.,1.));
#3076 = ADVANCED_FACE('',(#3077),#3088,.T.);
#3077 = FACE_BOUND('',#3078,.T.);
#3078 = EDGE_LOOP('',(#3079,#3085,#3086,#3087));
#3079 = ORIENTED_EDGE('',*,*,#3080,.T.);
#3080 = EDGE_CURVE('',#2066,#2002,#3081,.T.);
#3081 = LINE('',#3082,#3083);
#3082 = CARTESIAN_POINT('',(-0.1,-3.935,-2.6));
#3083 = VECTOR('',#3084,1.);
#3084 = DIRECTION('',(1.,-1.110223024625E-16,0.));
#3085 = ORIENTED_EDGE('',*,*,#2009,.T.);
#3086 = ORIENTED_EDGE('',*,*,#3063,.F.);
#3087 = ORIENTED_EDGE('',*,*,#2073,.F.);
#3088 = PLANE('',#3089);
#3089 = AXIS2_PLACEMENT_3D('',#3090,#3091,#3092);
#3090 = CARTESIAN_POINT('',(-0.1,-3.935,-2.6));
#3091 = DIRECTION('',(-1.077074540829E-16,-0.970142500145,
    -0.242535625036));
#3092 = DIRECTION('',(-2.692686352073E-17,-0.242535625036,0.970142500145
    ));
#3093 = ADVANCED_FACE('',(#3094),#3105,.T.);
#3094 = FACE_BOUND('',#3095,.T.);
#3095 = EDGE_LOOP('',(#3096,#3102,#3103,#3104));
#3096 = ORIENTED_EDGE('',*,*,#3097,.T.);
#3097 = EDGE_CURVE('',#2058,#1994,#3098,.T.);
#3098 = LINE('',#3099,#3100);
#3099 = CARTESIAN_POINT('',(-0.1,-3.685,-2.6));
#3100 = VECTOR('',#3101,1.);
#3101 = DIRECTION('',(1.,-1.110223024625E-16,0.));
#3102 = ORIENTED_EDGE('',*,*,#2001,.T.);
#3103 = ORIENTED_EDGE('',*,*,#3080,.F.);
#3104 = ORIENTED_EDGE('',*,*,#2065,.T.);
#3105 = PLANE('',#3106);
#3106 = AXIS2_PLACEMENT_3D('',#3107,#3108,#3109);
#3107 = CARTESIAN_POINT('',(-0.1,-3.685,-2.6));
#3108 = DIRECTION('',(0.,-0.,-1.));
#3109 = DIRECTION('',(-1.110223024625E-16,-1.,0.));
#3110 = ADVANCED_FACE('',(#3111),#3122,.T.);
#3111 = FACE_BOUND('',#3112,.T.);
#3112 = EDGE_LOOP('',(#3113,#3119,#3120,#3121));
#3113 = ORIENTED_EDGE('',*,*,#3114,.T.);
#3114 = EDGE_CURVE('',#2050,#1986,#3115,.T.);
#3115 = LINE('',#3116,#3117);
#3116 = CARTESIAN_POINT('',(-0.1,-3.56,-2.1));
#3117 = VECTOR('',#3118,1.);
#3118 = DIRECTION('',(1.,-1.110223024625E-16,0.));
#3119 = ORIENTED_EDGE('',*,*,#1993,.T.);
#3120 = ORIENTED_EDGE('',*,*,#3097,.F.);
#3121 = ORIENTED_EDGE('',*,*,#2057,.F.);
#3122 = PLANE('',#3123);
#3123 = AXIS2_PLACEMENT_3D('',#3124,#3125,#3126);
#3124 = CARTESIAN_POINT('',(-0.1,-3.56,-2.1));
#3125 = DIRECTION('',(1.077074540829E-16,0.970142500145,-0.242535625036)
  );
#3126 = DIRECTION('',(-2.692686352073E-17,-0.242535625036,
    -0.970142500145));
#3127 = ADVANCED_FACE('',(#3128),#3134,.T.);
#3128 = FACE_BOUND('',#3129,.T.);
#3129 = EDGE_LOOP('',(#3130,#3131,#3132,#3133));
#3130 = ORIENTED_EDGE('',*,*,#2023,.T.);
#3131 = ORIENTED_EDGE('',*,*,#1985,.T.);
#3132 = ORIENTED_EDGE('',*,*,#3114,.F.);
#3133 = ORIENTED_EDGE('',*,*,#2049,.F.);
#3134 = PLANE('',#3135);
#3135 = AXIS2_PLACEMENT_3D('',#3136,#3137,#3138);
#3136 = CARTESIAN_POINT('',(-0.1,-3.56,0.2));
#3137 = DIRECTION('',(1.110223024625E-16,1.,0.));
#3138 = DIRECTION('',(0.,0.,-1.));
#3139 = ADVANCED_FACE('',(#3140),#3151,.T.);
#3140 = FACE_BOUND('',#3141,.T.);
#3141 = EDGE_LOOP('',(#3142,#3148,#3149,#3150));
#3142 = ORIENTED_EDGE('',*,*,#3143,.T.);
#3143 = EDGE_CURVE('',#2169,#2105,#3144,.T.);
#3144 = LINE('',#3145,#3146);
#3145 = CARTESIAN_POINT('',(-0.1,-1.52,-2.1));
#3146 = VECTOR('',#3147,1.);
#3147 = DIRECTION('',(1.,-1.110223024625E-16,0.));
#3148 = ORIENTED_EDGE('',*,*,#2104,.T.);
#3149 = ORIENTED_EDGE('',*,*,#2089,.F.);
#3150 = ORIENTED_EDGE('',*,*,#2168,.F.);
#3151 = PLANE('',#3152);
#3152 = AXIS2_PLACEMENT_3D('',#3153,#3154,#3155);
#3153 = CARTESIAN_POINT('',(-0.1,-1.52,-2.1));
#3154 = DIRECTION('',(-1.110223024625E-16,-1.,0.));
#3155 = DIRECTION('',(0.,0.,1.));
#3156 = ADVANCED_FACE('',(#3157),#3168,.T.);
#3157 = FACE_BOUND('',#3158,.T.);
#3158 = EDGE_LOOP('',(#3159,#3165,#3166,#3167));
#3159 = ORIENTED_EDGE('',*,*,#3160,.T.);
#3160 = EDGE_CURVE('',#2194,#2130,#3161,.T.);
#3161 = LINE('',#3162,#3163);
#3162 = CARTESIAN_POINT('',(-0.1,-1.395,-2.6));
#3163 = VECTOR('',#3164,1.);
#3164 = DIRECTION('',(1.,-1.110223024625E-16,0.));
#3165 = ORIENTED_EDGE('',*,*,#2137,.T.);
#3166 = ORIENTED_EDGE('',*,*,#3143,.F.);
#3167 = ORIENTED_EDGE('',*,*,#2201,.F.);
#3168 = PLANE('',#3169);
#3169 = AXIS2_PLACEMENT_3D('',#3170,#3171,#3172);
#3170 = CARTESIAN_POINT('',(-0.1,-1.395,-2.6));
#3171 = DIRECTION('',(-1.077074540829E-16,-0.970142500145,
    -0.242535625036));
#3172 = DIRECTION('',(-2.692686352073E-17,-0.242535625036,0.970142500145
    ));
#3173 = ADVANCED_FACE('',(#3174),#3185,.T.);
#3174 = FACE_BOUND('',#3175,.T.);
#3175 = EDGE_LOOP('',(#3176,#3182,#3183,#3184));
#3176 = ORIENTED_EDGE('',*,*,#3177,.T.);
#3177 = EDGE_CURVE('',#2186,#2122,#3178,.T.);
#3178 = LINE('',#3179,#3180);
#3179 = CARTESIAN_POINT('',(-0.1,-1.145,-2.6));
#3180 = VECTOR('',#3181,1.);
#3181 = DIRECTION('',(1.,-1.110223024625E-16,0.));
#3182 = ORIENTED_EDGE('',*,*,#2129,.T.);
#3183 = ORIENTED_EDGE('',*,*,#3160,.F.);
#3184 = ORIENTED_EDGE('',*,*,#2193,.T.);
#3185 = PLANE('',#3186);
#3186 = AXIS2_PLACEMENT_3D('',#3187,#3188,#3189);
#3187 = CARTESIAN_POINT('',(-0.1,-1.145,-2.6));
#3188 = DIRECTION('',(0.,-0.,-1.));
#3189 = DIRECTION('',(-1.110223024625E-16,-1.,0.));
#3190 = ADVANCED_FACE('',(#3191),#3202,.T.);
#3191 = FACE_BOUND('',#3192,.T.);
#3192 = EDGE_LOOP('',(#3193,#3199,#3200,#3201));
#3193 = ORIENTED_EDGE('',*,*,#3194,.T.);
#3194 = EDGE_CURVE('',#2178,#2114,#3195,.T.);
#3195 = LINE('',#3196,#3197);
#3196 = CARTESIAN_POINT('',(-0.1,-1.02,-2.1));
#3197 = VECTOR('',#3198,1.);
#3198 = DIRECTION('',(1.,-1.110223024625E-16,0.));
#3199 = ORIENTED_EDGE('',*,*,#2121,.T.);
#3200 = ORIENTED_EDGE('',*,*,#3177,.F.);
#3201 = ORIENTED_EDGE('',*,*,#2185,.F.);
#3202 = PLANE('',#3203);
#3203 = AXIS2_PLACEMENT_3D('',#3204,#3205,#3206);
#3204 = CARTESIAN_POINT('',(-0.1,-1.02,-2.1));
#3205 = DIRECTION('',(1.077074540829E-16,0.970142500145,-0.242535625036)
  );
#3206 = DIRECTION('',(-2.692686352073E-17,-0.242535625036,
    -0.970142500145));
#3207 = ADVANCED_FACE('',(#3208),#3214,.T.);
#3208 = FACE_BOUND('',#3209,.T.);
#3209 = EDGE_LOOP('',(#3210,#3211,#3212,#3213));
#3210 = ORIENTED_EDGE('',*,*,#2151,.T.);
#3211 = ORIENTED_EDGE('',*,*,#2113,.T.);
#3212 = ORIENTED_EDGE('',*,*,#3194,.F.);
#3213 = ORIENTED_EDGE('',*,*,#2177,.F.);
#3214 = PLANE('',#3215);
#3215 = AXIS2_PLACEMENT_3D('',#3216,#3217,#3218);
#3216 = CARTESIAN_POINT('',(-0.1,-1.02,0.2));
#3217 = DIRECTION('',(1.110223024625E-16,1.,0.));
#3218 = DIRECTION('',(0.,0.,-1.));
#3219 = ADVANCED_FACE('',(#3220),#3231,.T.);
#3220 = FACE_BOUND('',#3221,.T.);
#3221 = EDGE_LOOP('',(#3222,#3228,#3229,#3230));
#3222 = ORIENTED_EDGE('',*,*,#3223,.T.);
#3223 = EDGE_CURVE('',#2297,#2233,#3224,.T.);
#3224 = LINE('',#3225,#3226);
#3225 = CARTESIAN_POINT('',(-0.1,-0.25,-2.1));
#3226 = VECTOR('',#3227,1.);
#3227 = DIRECTION('',(1.,-1.110223024625E-16,0.));
#3228 = ORIENTED_EDGE('',*,*,#2232,.T.);
#3229 = ORIENTED_EDGE('',*,*,#2217,.F.);
#3230 = ORIENTED_EDGE('',*,*,#2296,.F.);
#3231 = PLANE('',#3232);
#3232 = AXIS2_PLACEMENT_3D('',#3233,#3234,#3235);
#3233 = CARTESIAN_POINT('',(-0.1,-0.25,-2.1));
#3234 = DIRECTION('',(-1.110223024625E-16,-1.,0.));
#3235 = DIRECTION('',(0.,0.,1.));
#3236 = ADVANCED_FACE('',(#3237),#3248,.T.);
#3237 = FACE_BOUND('',#3238,.T.);
#3238 = EDGE_LOOP('',(#3239,#3245,#3246,#3247));
#3239 = ORIENTED_EDGE('',*,*,#3240,.T.);
#3240 = EDGE_CURVE('',#2322,#2258,#3241,.T.);
#3241 = LINE('',#3242,#3243);
#3242 = CARTESIAN_POINT('',(-0.1,-0.125,-2.6));
#3243 = VECTOR('',#3244,1.);
#3244 = DIRECTION('',(1.,-1.110223024625E-16,0.));
#3245 = ORIENTED_EDGE('',*,*,#2265,.T.);
#3246 = ORIENTED_EDGE('',*,*,#3223,.F.);
#3247 = ORIENTED_EDGE('',*,*,#2329,.F.);
#3248 = PLANE('',#3249);
#3249 = AXIS2_PLACEMENT_3D('',#3250,#3251,#3252);
#3250 = CARTESIAN_POINT('',(-0.1,-0.125,-2.6));
#3251 = DIRECTION('',(-1.077074540829E-16,-0.970142500145,
    -0.242535625036));
#3252 = DIRECTION('',(-2.692686352073E-17,-0.242535625036,0.970142500145
    ));
#3253 = ADVANCED_FACE('',(#3254),#3265,.T.);
#3254 = FACE_BOUND('',#3255,.T.);
#3255 = EDGE_LOOP('',(#3256,#3262,#3263,#3264));
#3256 = ORIENTED_EDGE('',*,*,#3257,.T.);
#3257 = EDGE_CURVE('',#2314,#2250,#3258,.T.);
#3258 = LINE('',#3259,#3260);
#3259 = CARTESIAN_POINT('',(-0.1,0.125,-2.6));
#3260 = VECTOR('',#3261,1.);
#3261 = DIRECTION('',(1.,-1.110223024625E-16,0.));
#3262 = ORIENTED_EDGE('',*,*,#2257,.T.);
#3263 = ORIENTED_EDGE('',*,*,#3240,.F.);
#3264 = ORIENTED_EDGE('',*,*,#2321,.T.);
#3265 = PLANE('',#3266);
#3266 = AXIS2_PLACEMENT_3D('',#3267,#3268,#3269);
#3267 = CARTESIAN_POINT('',(-0.1,0.125,-2.6));
#3268 = DIRECTION('',(0.,-0.,-1.));
#3269 = DIRECTION('',(-1.110223024625E-16,-1.,0.));
#3270 = ADVANCED_FACE('',(#3271),#3282,.T.);
#3271 = FACE_BOUND('',#3272,.T.);
#3272 = EDGE_LOOP('',(#3273,#3279,#3280,#3281));
#3273 = ORIENTED_EDGE('',*,*,#3274,.T.);
#3274 = EDGE_CURVE('',#2306,#2242,#3275,.T.);
#3275 = LINE('',#3276,#3277);
#3276 = CARTESIAN_POINT('',(-0.1,0.25,-2.1));
#3277 = VECTOR('',#3278,1.);
#3278 = DIRECTION('',(1.,-1.110223024625E-16,0.));
#3279 = ORIENTED_EDGE('',*,*,#2249,.T.);
#3280 = ORIENTED_EDGE('',*,*,#3257,.F.);
#3281 = ORIENTED_EDGE('',*,*,#2313,.F.);
#3282 = PLANE('',#3283);
#3283 = AXIS2_PLACEMENT_3D('',#3284,#3285,#3286);
#3284 = CARTESIAN_POINT('',(-0.1,0.25,-2.1));
#3285 = DIRECTION('',(1.077074540829E-16,0.970142500145,-0.242535625036)
  );
#3286 = DIRECTION('',(-2.692686352073E-17,-0.242535625036,
    -0.970142500145));
#3287 = ADVANCED_FACE('',(#3288),#3294,.T.);
#3288 = FACE_BOUND('',#3289,.T.);
#3289 = EDGE_LOOP('',(#3290,#3291,#3292,#3293));
#3290 = ORIENTED_EDGE('',*,*,#2279,.T.);
#3291 = ORIENTED_EDGE('',*,*,#2241,.T.);
#3292 = ORIENTED_EDGE('',*,*,#3274,.F.);
#3293 = ORIENTED_EDGE('',*,*,#2305,.F.);
#3294 = PLANE('',#3295);
#3295 = AXIS2_PLACEMENT_3D('',#3296,#3297,#3298);
#3296 = CARTESIAN_POINT('',(-0.1,0.25,0.2));
#3297 = DIRECTION('',(1.110223024625E-16,1.,0.));
#3298 = DIRECTION('',(0.,0.,-1.));
#3299 = ADVANCED_FACE('',(#3300),#3311,.T.);
#3300 = FACE_BOUND('',#3301,.T.);
#3301 = EDGE_LOOP('',(#3302,#3303,#3304,#3305));
#3302 = ORIENTED_EDGE('',*,*,#2488,.T.);
#3303 = ORIENTED_EDGE('',*,*,#2351,.T.);
#3304 = ORIENTED_EDGE('',*,*,#2376,.T.);
#3305 = ORIENTED_EDGE('',*,*,#3306,.T.);
#3306 = EDGE_CURVE('',#2377,#2481,#3307,.T.);
#3307 = LINE('',#3308,#3309);
#3308 = CARTESIAN_POINT('',(0.1,-3.81,0.75));
#3309 = VECTOR('',#3310,1.);
#3310 = DIRECTION('',(-1.110223024625E-16,-1.,0.));
#3311 = PLANE('',#3312);
#3312 = AXIS2_PLACEMENT_3D('',#3313,#3314,#3315);
#3313 = CARTESIAN_POINT('',(-4.091171845744E-16,-3.81,0.75));
#3314 = DIRECTION('',(0.,0.,1.));
#3315 = DIRECTION('',(1.110223024625E-16,1.,-0.));
#3316 = ADVANCED_FACE('',(#3317),#3328,.T.);
#3317 = FACE_BOUND('',#3318,.T.);
#3318 = EDGE_LOOP('',(#3319,#3320,#3326,#3327));
#3319 = ORIENTED_EDGE('',*,*,#2456,.T.);
#3320 = ORIENTED_EDGE('',*,*,#3321,.F.);
#3321 = EDGE_CURVE('',#2401,#2457,#3322,.T.);
#3322 = LINE('',#3323,#3324);
#3323 = CARTESIAN_POINT('',(-0.1,-3.81,0.75));
#3324 = VECTOR('',#3325,1.);
#3325 = DIRECTION('',(-1.110223024625E-16,-1.,0.));
#3326 = ORIENTED_EDGE('',*,*,#2408,.T.);
#3327 = ORIENTED_EDGE('',*,*,#2431,.T.);
#3328 = PLANE('',#3329);
#3329 = AXIS2_PLACEMENT_3D('',#3330,#3331,#3332);
#3330 = CARTESIAN_POINT('',(-4.091171845744E-16,-3.81,0.75));
#3331 = DIRECTION('',(0.,0.,1.));
#3332 = DIRECTION('',(1.110223024625E-16,1.,-0.));
#3333 = ADVANCED_FACE('',(#3334),#3377,.T.);
#3334 = FACE_BOUND('',#3335,.T.);
#3335 = EDGE_LOOP('',(#3336,#3337,#3345,#3353,#3361,#3369,#3375,#3376));
#3336 = ORIENTED_EDGE('',*,*,#2464,.F.);
#3337 = ORIENTED_EDGE('',*,*,#3338,.T.);
#3338 = EDGE_CURVE('',#2465,#3339,#3341,.T.);
#3339 = VERTEX_POINT('',#3340);
#3340 = CARTESIAN_POINT('',(-0.1,-4.018333333333,3.458333333333));
#3341 = LINE('',#3342,#3343);
#3342 = CARTESIAN_POINT('',(-0.1,-4.06,3.5));
#3343 = VECTOR('',#3344,1.);
#3344 = DIRECTION('',(7.850462293414E-17,0.707106781187,-0.707106781187)
  );
#3345 = ORIENTED_EDGE('',*,*,#3346,.T.);
#3346 = EDGE_CURVE('',#3339,#3347,#3349,.T.);
#3347 = VERTEX_POINT('',#3348);
#3348 = CARTESIAN_POINT('',(-0.1,-4.018333333333,1.058333333333));
#3349 = LINE('',#3350,#3351);
#3350 = CARTESIAN_POINT('',(-0.1,-4.018333333333,3.458333333333));
#3351 = VECTOR('',#3352,1.);
#3352 = DIRECTION('',(0.,0.,-1.));
#3353 = ORIENTED_EDGE('',*,*,#3354,.T.);
#3354 = EDGE_CURVE('',#3347,#3355,#3357,.T.);
#3355 = VERTEX_POINT('',#3356);
#3356 = CARTESIAN_POINT('',(-0.1,-3.601666666667,1.058333333333));
#3357 = LINE('',#3358,#3359);
#3358 = CARTESIAN_POINT('',(-0.1,-4.018333333333,1.058333333333));
#3359 = VECTOR('',#3360,1.);
#3360 = DIRECTION('',(1.110223024625E-16,1.,0.));
#3361 = ORIENTED_EDGE('',*,*,#3362,.T.);
#3362 = EDGE_CURVE('',#3355,#3363,#3365,.T.);
#3363 = VERTEX_POINT('',#3364);
#3364 = CARTESIAN_POINT('',(-0.1,-3.601666666667,3.458333333333));
#3365 = LINE('',#3366,#3367);
#3366 = CARTESIAN_POINT('',(-0.1,-3.601666666667,1.058333333333));
#3367 = VECTOR('',#3368,1.);
#3368 = DIRECTION('',(0.,0.,1.));
#3369 = ORIENTED_EDGE('',*,*,#3370,.T.);
#3370 = EDGE_CURVE('',#3363,#2393,#3371,.T.);
#3371 = LINE('',#3372,#3373);
#3372 = CARTESIAN_POINT('',(-0.1,-3.601666666667,3.458333333333));
#3373 = VECTOR('',#3374,1.);
#3374 = DIRECTION('',(7.850462293414E-17,0.707106781187,0.707106781187)
  );
#3375 = ORIENTED_EDGE('',*,*,#2400,.F.);
#3376 = ORIENTED_EDGE('',*,*,#3321,.T.);
#3377 = PLANE('',#3378);
#3378 = AXIS2_PLACEMENT_3D('',#3379,#3380,#3381);
#3379 = CARTESIAN_POINT('',(-0.1,-3.81,1.92709124047));
#3380 = DIRECTION('',(-1.,1.110223024625E-16,0.));
#3381 = DIRECTION('',(0.,0.,1.));
#3382 = ADVANCED_FACE('',(#3383),#3401,.T.);
#3383 = FACE_BOUND('',#3384,.T.);
#3384 = EDGE_LOOP('',(#3385,#3393,#3399,#3400));
#3385 = ORIENTED_EDGE('',*,*,#3386,.T.);
#3386 = EDGE_CURVE('',#3363,#3387,#3389,.T.);
#3387 = VERTEX_POINT('',#3388);
#3388 = CARTESIAN_POINT('',(0.1,-3.601666666667,3.458333333333));
#3389 = LINE('',#3390,#3391);
#3390 = CARTESIAN_POINT('',(-0.1,-3.601666666667,3.458333333333));
#3391 = VECTOR('',#3392,1.);
#3392 = DIRECTION('',(1.,-1.110223024625E-16,0.));
#3393 = ORIENTED_EDGE('',*,*,#3394,.T.);
#3394 = EDGE_CURVE('',#3387,#2385,#3395,.T.);
#3395 = LINE('',#3396,#3397);
#3396 = CARTESIAN_POINT('',(0.1,-3.601666666667,3.458333333333));
#3397 = VECTOR('',#3398,1.);
#3398 = DIRECTION('',(7.850462293414E-17,0.707106781187,0.707106781187)
  );
#3399 = ORIENTED_EDGE('',*,*,#2392,.F.);
#3400 = ORIENTED_EDGE('',*,*,#3370,.F.);
#3401 = PLANE('',#3402);
#3402 = AXIS2_PLACEMENT_3D('',#3403,#3404,#3405);
#3403 = CARTESIAN_POINT('',(-0.1,-3.601666666667,3.458333333333));
#3404 = DIRECTION('',(-7.850462293414E-17,-0.707106781187,0.707106781187
    ));
#3405 = DIRECTION('',(7.850462293414E-17,0.707106781187,0.707106781187)
  );
#3406 = ADVANCED_FACE('',(#3407),#3443,.F.);
#3407 = FACE_BOUND('',#3408,.F.);
#3408 = EDGE_LOOP('',(#3409,#3410,#3418,#3426,#3434,#3440,#3441,#3442));
#3409 = ORIENTED_EDGE('',*,*,#2480,.F.);
#3410 = ORIENTED_EDGE('',*,*,#3411,.T.);
#3411 = EDGE_CURVE('',#2473,#3412,#3414,.T.);
#3412 = VERTEX_POINT('',#3413);
#3413 = CARTESIAN_POINT('',(0.1,-4.018333333333,3.458333333333));
#3414 = LINE('',#3415,#3416);
#3415 = CARTESIAN_POINT('',(0.1,-4.06,3.5));
#3416 = VECTOR('',#3417,1.);
#3417 = DIRECTION('',(7.850462293414E-17,0.707106781187,-0.707106781187)
  );
#3418 = ORIENTED_EDGE('',*,*,#3419,.T.);
#3419 = EDGE_CURVE('',#3412,#3420,#3422,.T.);
#3420 = VERTEX_POINT('',#3421);
#3421 = CARTESIAN_POINT('',(0.1,-4.018333333333,1.058333333333));
#3422 = LINE('',#3423,#3424);
#3423 = CARTESIAN_POINT('',(0.1,-4.018333333333,3.458333333333));
#3424 = VECTOR('',#3425,1.);
#3425 = DIRECTION('',(0.,0.,-1.));
#3426 = ORIENTED_EDGE('',*,*,#3427,.T.);
#3427 = EDGE_CURVE('',#3420,#3428,#3430,.T.);
#3428 = VERTEX_POINT('',#3429);
#3429 = CARTESIAN_POINT('',(0.1,-3.601666666667,1.058333333333));
#3430 = LINE('',#3431,#3432);
#3431 = CARTESIAN_POINT('',(0.1,-4.018333333333,1.058333333333));
#3432 = VECTOR('',#3433,1.);
#3433 = DIRECTION('',(1.110223024625E-16,1.,0.));
#3434 = ORIENTED_EDGE('',*,*,#3435,.T.);
#3435 = EDGE_CURVE('',#3428,#3387,#3436,.T.);
#3436 = LINE('',#3437,#3438);
#3437 = CARTESIAN_POINT('',(0.1,-3.601666666667,1.058333333333));
#3438 = VECTOR('',#3439,1.);
#3439 = DIRECTION('',(0.,0.,1.));
#3440 = ORIENTED_EDGE('',*,*,#3394,.T.);
#3441 = ORIENTED_EDGE('',*,*,#2384,.F.);
#3442 = ORIENTED_EDGE('',*,*,#3306,.T.);
#3443 = PLANE('',#3444);
#3444 = AXIS2_PLACEMENT_3D('',#3445,#3446,#3447);
#3445 = CARTESIAN_POINT('',(0.1,-3.81,1.92709124047));
#3446 = DIRECTION('',(-1.,1.110223024625E-16,0.));
#3447 = DIRECTION('',(0.,0.,1.));
#3448 = ADVANCED_FACE('',(#3449),#3460,.T.);
#3449 = FACE_BOUND('',#3450,.T.);
#3450 = EDGE_LOOP('',(#3451,#3452,#3453,#3459));
#3451 = ORIENTED_EDGE('',*,*,#2472,.T.);
#3452 = ORIENTED_EDGE('',*,*,#3411,.T.);
#3453 = ORIENTED_EDGE('',*,*,#3454,.F.);
#3454 = EDGE_CURVE('',#3339,#3412,#3455,.T.);
#3455 = LINE('',#3456,#3457);
#3456 = CARTESIAN_POINT('',(-0.1,-4.018333333333,3.458333333333));
#3457 = VECTOR('',#3458,1.);
#3458 = DIRECTION('',(1.,-1.110223024625E-16,0.));
#3459 = ORIENTED_EDGE('',*,*,#3338,.F.);
#3460 = PLANE('',#3461);
#3461 = AXIS2_PLACEMENT_3D('',#3462,#3463,#3464);
#3462 = CARTESIAN_POINT('',(-0.1,-4.06,3.5));
#3463 = DIRECTION('',(7.850462293414E-17,0.707106781187,0.707106781187)
  );
#3464 = DIRECTION('',(7.850462293414E-17,0.707106781187,-0.707106781187)
  );
#3465 = ADVANCED_FACE('',(#3466),#3477,.T.);
#3466 = FACE_BOUND('',#3467,.T.);
#3467 = EDGE_LOOP('',(#3468,#3469,#3470,#3471));
#3468 = ORIENTED_EDGE('',*,*,#2648,.T.);
#3469 = ORIENTED_EDGE('',*,*,#2511,.T.);
#3470 = ORIENTED_EDGE('',*,*,#2536,.T.);
#3471 = ORIENTED_EDGE('',*,*,#3472,.T.);
#3472 = EDGE_CURVE('',#2537,#2641,#3473,.T.);
#3473 = LINE('',#3474,#3475);
#3474 = CARTESIAN_POINT('',(0.1,-2.54,0.75));
#3475 = VECTOR('',#3476,1.);
#3476 = DIRECTION('',(-1.110223024625E-16,-1.,0.));
#3477 = PLANE('',#3478);
#3478 = AXIS2_PLACEMENT_3D('',#3479,#3480,#3481);
#3479 = CARTESIAN_POINT('',(-2.68118860447E-16,-2.54,0.75));
#3480 = DIRECTION('',(0.,0.,1.));
#3481 = DIRECTION('',(1.110223024625E-16,1.,-0.));
#3482 = ADVANCED_FACE('',(#3483),#3494,.T.);
#3483 = FACE_BOUND('',#3484,.T.);
#3484 = EDGE_LOOP('',(#3485,#3486,#3492,#3493));
#3485 = ORIENTED_EDGE('',*,*,#2616,.T.);
#3486 = ORIENTED_EDGE('',*,*,#3487,.F.);
#3487 = EDGE_CURVE('',#2561,#2617,#3488,.T.);
#3488 = LINE('',#3489,#3490);
#3489 = CARTESIAN_POINT('',(-0.1,-2.54,0.75));
#3490 = VECTOR('',#3491,1.);
#3491 = DIRECTION('',(-1.110223024625E-16,-1.,0.));
#3492 = ORIENTED_EDGE('',*,*,#2568,.T.);
#3493 = ORIENTED_EDGE('',*,*,#2591,.T.);
#3494 = PLANE('',#3495);
#3495 = AXIS2_PLACEMENT_3D('',#3496,#3497,#3498);
#3496 = CARTESIAN_POINT('',(-2.68118860447E-16,-2.54,0.75));
#3497 = DIRECTION('',(0.,0.,1.));
#3498 = DIRECTION('',(1.110223024625E-16,1.,-0.));
#3499 = ADVANCED_FACE('',(#3500),#3543,.T.);
#3500 = FACE_BOUND('',#3501,.T.);
#3501 = EDGE_LOOP('',(#3502,#3503,#3511,#3519,#3527,#3535,#3541,#3542));
#3502 = ORIENTED_EDGE('',*,*,#2624,.F.);
#3503 = ORIENTED_EDGE('',*,*,#3504,.T.);
#3504 = EDGE_CURVE('',#2625,#3505,#3507,.T.);
#3505 = VERTEX_POINT('',#3506);
#3506 = CARTESIAN_POINT('',(-0.1,-2.748333333333,3.458333333333));
#3507 = LINE('',#3508,#3509);
#3508 = CARTESIAN_POINT('',(-0.1,-2.79,3.5));
#3509 = VECTOR('',#3510,1.);
#3510 = DIRECTION('',(7.850462293414E-17,0.707106781187,-0.707106781187)
  );
#3511 = ORIENTED_EDGE('',*,*,#3512,.T.);
#3512 = EDGE_CURVE('',#3505,#3513,#3515,.T.);
#3513 = VERTEX_POINT('',#3514);
#3514 = CARTESIAN_POINT('',(-0.1,-2.748333333333,1.058333333333));
#3515 = LINE('',#3516,#3517);
#3516 = CARTESIAN_POINT('',(-0.1,-2.748333333333,3.458333333333));
#3517 = VECTOR('',#3518,1.);
#3518 = DIRECTION('',(0.,0.,-1.));
#3519 = ORIENTED_EDGE('',*,*,#3520,.T.);
#3520 = EDGE_CURVE('',#3513,#3521,#3523,.T.);
#3521 = VERTEX_POINT('',#3522);
#3522 = CARTESIAN_POINT('',(-0.1,-2.331666666667,1.058333333333));
#3523 = LINE('',#3524,#3525);
#3524 = CARTESIAN_POINT('',(-0.1,-2.748333333333,1.058333333333));
#3525 = VECTOR('',#3526,1.);
#3526 = DIRECTION('',(1.110223024625E-16,1.,0.));
#3527 = ORIENTED_EDGE('',*,*,#3528,.T.);
#3528 = EDGE_CURVE('',#3521,#3529,#3531,.T.);
#3529 = VERTEX_POINT('',#3530);
#3530 = CARTESIAN_POINT('',(-0.1,-2.331666666667,3.458333333333));
#3531 = LINE('',#3532,#3533);
#3532 = CARTESIAN_POINT('',(-0.1,-2.331666666667,1.058333333333));
#3533 = VECTOR('',#3534,1.);
#3534 = DIRECTION('',(0.,0.,1.));
#3535 = ORIENTED_EDGE('',*,*,#3536,.T.);
#3536 = EDGE_CURVE('',#3529,#2553,#3537,.T.);
#3537 = LINE('',#3538,#3539);
#3538 = CARTESIAN_POINT('',(-0.1,-2.331666666667,3.458333333333));
#3539 = VECTOR('',#3540,1.);
#3540 = DIRECTION('',(7.850462293414E-17,0.707106781187,0.707106781187)
  );
#3541 = ORIENTED_EDGE('',*,*,#2560,.F.);
#3542 = ORIENTED_EDGE('',*,*,#3487,.T.);
#3543 = PLANE('',#3544);
#3544 = AXIS2_PLACEMENT_3D('',#3545,#3546,#3547);
#3545 = CARTESIAN_POINT('',(-0.1,-2.54,1.92709124047));
#3546 = DIRECTION('',(-1.,1.110223024625E-16,0.));
#3547 = DIRECTION('',(0.,0.,1.));
#3548 = ADVANCED_FACE('',(#3549),#3567,.T.);
#3549 = FACE_BOUND('',#3550,.T.);
#3550 = EDGE_LOOP('',(#3551,#3559,#3565,#3566));
#3551 = ORIENTED_EDGE('',*,*,#3552,.T.);
#3552 = EDGE_CURVE('',#3529,#3553,#3555,.T.);
#3553 = VERTEX_POINT('',#3554);
#3554 = CARTESIAN_POINT('',(0.1,-2.331666666667,3.458333333333));
#3555 = LINE('',#3556,#3557);
#3556 = CARTESIAN_POINT('',(-0.1,-2.331666666667,3.458333333333));
#3557 = VECTOR('',#3558,1.);
#3558 = DIRECTION('',(1.,-1.110223024625E-16,0.));
#3559 = ORIENTED_EDGE('',*,*,#3560,.T.);
#3560 = EDGE_CURVE('',#3553,#2545,#3561,.T.);
#3561 = LINE('',#3562,#3563);
#3562 = CARTESIAN_POINT('',(0.1,-2.331666666667,3.458333333333));
#3563 = VECTOR('',#3564,1.);
#3564 = DIRECTION('',(7.850462293414E-17,0.707106781187,0.707106781187)
  );
#3565 = ORIENTED_EDGE('',*,*,#2552,.F.);
#3566 = ORIENTED_EDGE('',*,*,#3536,.F.);
#3567 = PLANE('',#3568);
#3568 = AXIS2_PLACEMENT_3D('',#3569,#3570,#3571);
#3569 = CARTESIAN_POINT('',(-0.1,-2.331666666667,3.458333333333));
#3570 = DIRECTION('',(-7.850462293414E-17,-0.707106781187,0.707106781187
    ));
#3571 = DIRECTION('',(7.850462293414E-17,0.707106781187,0.707106781187)
  );
#3572 = ADVANCED_FACE('',(#3573),#3609,.F.);
#3573 = FACE_BOUND('',#3574,.F.);
#3574 = EDGE_LOOP('',(#3575,#3576,#3584,#3592,#3600,#3606,#3607,#3608));
#3575 = ORIENTED_EDGE('',*,*,#2640,.F.);
#3576 = ORIENTED_EDGE('',*,*,#3577,.T.);
#3577 = EDGE_CURVE('',#2633,#3578,#3580,.T.);
#3578 = VERTEX_POINT('',#3579);
#3579 = CARTESIAN_POINT('',(0.1,-2.748333333333,3.458333333333));
#3580 = LINE('',#3581,#3582);
#3581 = CARTESIAN_POINT('',(0.1,-2.79,3.5));
#3582 = VECTOR('',#3583,1.);
#3583 = DIRECTION('',(7.850462293414E-17,0.707106781187,-0.707106781187)
  );
#3584 = ORIENTED_EDGE('',*,*,#3585,.T.);
#3585 = EDGE_CURVE('',#3578,#3586,#3588,.T.);
#3586 = VERTEX_POINT('',#3587);
#3587 = CARTESIAN_POINT('',(0.1,-2.748333333333,1.058333333333));
#3588 = LINE('',#3589,#3590);
#3589 = CARTESIAN_POINT('',(0.1,-2.748333333333,3.458333333333));
#3590 = VECTOR('',#3591,1.);
#3591 = DIRECTION('',(0.,0.,-1.));
#3592 = ORIENTED_EDGE('',*,*,#3593,.T.);
#3593 = EDGE_CURVE('',#3586,#3594,#3596,.T.);
#3594 = VERTEX_POINT('',#3595);
#3595 = CARTESIAN_POINT('',(0.1,-2.331666666667,1.058333333333));
#3596 = LINE('',#3597,#3598);
#3597 = CARTESIAN_POINT('',(0.1,-2.748333333333,1.058333333333));
#3598 = VECTOR('',#3599,1.);
#3599 = DIRECTION('',(1.110223024625E-16,1.,0.));
#3600 = ORIENTED_EDGE('',*,*,#3601,.T.);
#3601 = EDGE_CURVE('',#3594,#3553,#3602,.T.);
#3602 = LINE('',#3603,#3604);
#3603 = CARTESIAN_POINT('',(0.1,-2.331666666667,1.058333333333));
#3604 = VECTOR('',#3605,1.);
#3605 = DIRECTION('',(0.,0.,1.));
#3606 = ORIENTED_EDGE('',*,*,#3560,.T.);
#3607 = ORIENTED_EDGE('',*,*,#2544,.F.);
#3608 = ORIENTED_EDGE('',*,*,#3472,.T.);
#3609 = PLANE('',#3610);
#3610 = AXIS2_PLACEMENT_3D('',#3611,#3612,#3613);
#3611 = CARTESIAN_POINT('',(0.1,-2.54,1.92709124047));
#3612 = DIRECTION('',(-1.,1.110223024625E-16,0.));
#3613 = DIRECTION('',(0.,0.,1.));
#3614 = ADVANCED_FACE('',(#3615),#3626,.T.);
#3615 = FACE_BOUND('',#3616,.T.);
#3616 = EDGE_LOOP('',(#3617,#3618,#3619,#3625));
#3617 = ORIENTED_EDGE('',*,*,#2632,.T.);
#3618 = ORIENTED_EDGE('',*,*,#3577,.T.);
#3619 = ORIENTED_EDGE('',*,*,#3620,.F.);
#3620 = EDGE_CURVE('',#3505,#3578,#3621,.T.);
#3621 = LINE('',#3622,#3623);
#3622 = CARTESIAN_POINT('',(-0.1,-2.748333333333,3.458333333333));
#3623 = VECTOR('',#3624,1.);
#3624 = DIRECTION('',(1.,-1.110223024625E-16,0.));
#3625 = ORIENTED_EDGE('',*,*,#3504,.F.);
#3626 = PLANE('',#3627);
#3627 = AXIS2_PLACEMENT_3D('',#3628,#3629,#3630);
#3628 = CARTESIAN_POINT('',(-0.1,-2.79,3.5));
#3629 = DIRECTION('',(7.850462293414E-17,0.707106781187,0.707106781187)
  );
#3630 = DIRECTION('',(7.850462293414E-17,0.707106781187,-0.707106781187)
  );
#3631 = ADVANCED_FACE('',(#3632),#3643,.T.);
#3632 = FACE_BOUND('',#3633,.T.);
#3633 = EDGE_LOOP('',(#3634,#3635,#3636,#3637));
#3634 = ORIENTED_EDGE('',*,*,#2808,.T.);
#3635 = ORIENTED_EDGE('',*,*,#2671,.T.);
#3636 = ORIENTED_EDGE('',*,*,#2696,.T.);
#3637 = ORIENTED_EDGE('',*,*,#3638,.T.);
#3638 = EDGE_CURVE('',#2697,#2801,#3639,.T.);
#3639 = LINE('',#3640,#3641);
#3640 = CARTESIAN_POINT('',(0.1,-1.27,0.75));
#3641 = VECTOR('',#3642,1.);
#3642 = DIRECTION('',(-1.110223024625E-16,-1.,0.));
#3643 = PLANE('',#3644);
#3644 = AXIS2_PLACEMENT_3D('',#3645,#3646,#3647);
#3645 = CARTESIAN_POINT('',(-1.271205363196E-16,-1.27,0.75));
#3646 = DIRECTION('',(0.,0.,1.));
#3647 = DIRECTION('',(1.110223024625E-16,1.,-0.));
#3648 = ADVANCED_FACE('',(#3649),#3660,.T.);
#3649 = FACE_BOUND('',#3650,.T.);
#3650 = EDGE_LOOP('',(#3651,#3652,#3658,#3659));
#3651 = ORIENTED_EDGE('',*,*,#2776,.T.);
#3652 = ORIENTED_EDGE('',*,*,#3653,.F.);
#3653 = EDGE_CURVE('',#2721,#2777,#3654,.T.);
#3654 = LINE('',#3655,#3656);
#3655 = CARTESIAN_POINT('',(-0.1,-1.27,0.75));
#3656 = VECTOR('',#3657,1.);
#3657 = DIRECTION('',(-1.110223024625E-16,-1.,0.));
#3658 = ORIENTED_EDGE('',*,*,#2728,.T.);
#3659 = ORIENTED_EDGE('',*,*,#2751,.T.);
#3660 = PLANE('',#3661);
#3661 = AXIS2_PLACEMENT_3D('',#3662,#3663,#3664);
#3662 = CARTESIAN_POINT('',(-1.271205363196E-16,-1.27,0.75));
#3663 = DIRECTION('',(0.,0.,1.));
#3664 = DIRECTION('',(1.110223024625E-16,1.,-0.));
#3665 = ADVANCED_FACE('',(#3666),#3709,.T.);
#3666 = FACE_BOUND('',#3667,.T.);
#3667 = EDGE_LOOP('',(#3668,#3669,#3677,#3685,#3693,#3701,#3707,#3708));
#3668 = ORIENTED_EDGE('',*,*,#2784,.F.);
#3669 = ORIENTED_EDGE('',*,*,#3670,.T.);
#3670 = EDGE_CURVE('',#2785,#3671,#3673,.T.);
#3671 = VERTEX_POINT('',#3672);
#3672 = CARTESIAN_POINT('',(-0.1,-1.478333333333,3.458333333333));
#3673 = LINE('',#3674,#3675);
#3674 = CARTESIAN_POINT('',(-0.1,-1.52,3.5));
#3675 = VECTOR('',#3676,1.);
#3676 = DIRECTION('',(7.850462293414E-17,0.707106781187,-0.707106781187)
  );
#3677 = ORIENTED_EDGE('',*,*,#3678,.T.);
#3678 = EDGE_CURVE('',#3671,#3679,#3681,.T.);
#3679 = VERTEX_POINT('',#3680);
#3680 = CARTESIAN_POINT('',(-0.1,-1.478333333333,1.058333333333));
#3681 = LINE('',#3682,#3683);
#3682 = CARTESIAN_POINT('',(-0.1,-1.478333333333,3.458333333333));
#3683 = VECTOR('',#3684,1.);
#3684 = DIRECTION('',(0.,0.,-1.));
#3685 = ORIENTED_EDGE('',*,*,#3686,.T.);
#3686 = EDGE_CURVE('',#3679,#3687,#3689,.T.);
#3687 = VERTEX_POINT('',#3688);
#3688 = CARTESIAN_POINT('',(-0.1,-1.061666666667,1.058333333333));
#3689 = LINE('',#3690,#3691);
#3690 = CARTESIAN_POINT('',(-0.1,-1.478333333333,1.058333333333));
#3691 = VECTOR('',#3692,1.);
#3692 = DIRECTION('',(1.110223024625E-16,1.,0.));
#3693 = ORIENTED_EDGE('',*,*,#3694,.T.);
#3694 = EDGE_CURVE('',#3687,#3695,#3697,.T.);
#3695 = VERTEX_POINT('',#3696);
#3696 = CARTESIAN_POINT('',(-0.1,-1.061666666667,3.458333333333));
#3697 = LINE('',#3698,#3699);
#3698 = CARTESIAN_POINT('',(-0.1,-1.061666666667,1.058333333333));
#3699 = VECTOR('',#3700,1.);
#3700 = DIRECTION('',(0.,0.,1.));
#3701 = ORIENTED_EDGE('',*,*,#3702,.T.);
#3702 = EDGE_CURVE('',#3695,#2713,#3703,.T.);
#3703 = LINE('',#3704,#3705);
#3704 = CARTESIAN_POINT('',(-0.1,-1.061666666667,3.458333333333));
#3705 = VECTOR('',#3706,1.);
#3706 = DIRECTION('',(7.850462293414E-17,0.707106781187,0.707106781187)
  );
#3707 = ORIENTED_EDGE('',*,*,#2720,.F.);
#3708 = ORIENTED_EDGE('',*,*,#3653,.T.);
#3709 = PLANE('',#3710);
#3710 = AXIS2_PLACEMENT_3D('',#3711,#3712,#3713);
#3711 = CARTESIAN_POINT('',(-0.1,-1.27,1.92709124047));
#3712 = DIRECTION('',(-1.,1.110223024625E-16,0.));
#3713 = DIRECTION('',(0.,0.,1.));
#3714 = ADVANCED_FACE('',(#3715),#3733,.T.);
#3715 = FACE_BOUND('',#3716,.T.);
#3716 = EDGE_LOOP('',(#3717,#3725,#3731,#3732));
#3717 = ORIENTED_EDGE('',*,*,#3718,.T.);
#3718 = EDGE_CURVE('',#3695,#3719,#3721,.T.);
#3719 = VERTEX_POINT('',#3720);
#3720 = CARTESIAN_POINT('',(0.1,-1.061666666667,3.458333333333));
#3721 = LINE('',#3722,#3723);
#3722 = CARTESIAN_POINT('',(-0.1,-1.061666666667,3.458333333333));
#3723 = VECTOR('',#3724,1.);
#3724 = DIRECTION('',(1.,-1.110223024625E-16,0.));
#3725 = ORIENTED_EDGE('',*,*,#3726,.T.);
#3726 = EDGE_CURVE('',#3719,#2705,#3727,.T.);
#3727 = LINE('',#3728,#3729);
#3728 = CARTESIAN_POINT('',(0.1,-1.061666666667,3.458333333333));
#3729 = VECTOR('',#3730,1.);
#3730 = DIRECTION('',(7.850462293414E-17,0.707106781187,0.707106781187)
  );
#3731 = ORIENTED_EDGE('',*,*,#2712,.F.);
#3732 = ORIENTED_EDGE('',*,*,#3702,.F.);
#3733 = PLANE('',#3734);
#3734 = AXIS2_PLACEMENT_3D('',#3735,#3736,#3737);
#3735 = CARTESIAN_POINT('',(-0.1,-1.061666666667,3.458333333333));
#3736 = DIRECTION('',(-7.850462293414E-17,-0.707106781187,0.707106781187
    ));
#3737 = DIRECTION('',(7.850462293414E-17,0.707106781187,0.707106781187)
  );
#3738 = ADVANCED_FACE('',(#3739),#3775,.F.);
#3739 = FACE_BOUND('',#3740,.F.);
#3740 = EDGE_LOOP('',(#3741,#3742,#3750,#3758,#3766,#3772,#3773,#3774));
#3741 = ORIENTED_EDGE('',*,*,#2800,.F.);
#3742 = ORIENTED_EDGE('',*,*,#3743,.T.);
#3743 = EDGE_CURVE('',#2793,#3744,#3746,.T.);
#3744 = VERTEX_POINT('',#3745);
#3745 = CARTESIAN_POINT('',(0.1,-1.478333333333,3.458333333333));
#3746 = LINE('',#3747,#3748);
#3747 = CARTESIAN_POINT('',(0.1,-1.52,3.5));
#3748 = VECTOR('',#3749,1.);
#3749 = DIRECTION('',(7.850462293414E-17,0.707106781187,-0.707106781187)
  );
#3750 = ORIENTED_EDGE('',*,*,#3751,.T.);
#3751 = EDGE_CURVE('',#3744,#3752,#3754,.T.);
#3752 = VERTEX_POINT('',#3753);
#3753 = CARTESIAN_POINT('',(0.1,-1.478333333333,1.058333333333));
#3754 = LINE('',#3755,#3756);
#3755 = CARTESIAN_POINT('',(0.1,-1.478333333333,3.458333333333));
#3756 = VECTOR('',#3757,1.);
#3757 = DIRECTION('',(0.,0.,-1.));
#3758 = ORIENTED_EDGE('',*,*,#3759,.T.);
#3759 = EDGE_CURVE('',#3752,#3760,#3762,.T.);
#3760 = VERTEX_POINT('',#3761);
#3761 = CARTESIAN_POINT('',(0.1,-1.061666666667,1.058333333333));
#3762 = LINE('',#3763,#3764);
#3763 = CARTESIAN_POINT('',(0.1,-1.478333333333,1.058333333333));
#3764 = VECTOR('',#3765,1.);
#3765 = DIRECTION('',(1.110223024625E-16,1.,0.));
#3766 = ORIENTED_EDGE('',*,*,#3767,.T.);
#3767 = EDGE_CURVE('',#3760,#3719,#3768,.T.);
#3768 = LINE('',#3769,#3770);
#3769 = CARTESIAN_POINT('',(0.1,-1.061666666667,1.058333333333));
#3770 = VECTOR('',#3771,1.);
#3771 = DIRECTION('',(0.,0.,1.));
#3772 = ORIENTED_EDGE('',*,*,#3726,.T.);
#3773 = ORIENTED_EDGE('',*,*,#2704,.F.);
#3774 = ORIENTED_EDGE('',*,*,#3638,.T.);
#3775 = PLANE('',#3776);
#3776 = AXIS2_PLACEMENT_3D('',#3777,#3778,#3779);
#3777 = CARTESIAN_POINT('',(0.1,-1.27,1.92709124047));
#3778 = DIRECTION('',(-1.,1.110223024625E-16,0.));
#3779 = DIRECTION('',(0.,0.,1.));
#3780 = ADVANCED_FACE('',(#3781),#3792,.T.);
#3781 = FACE_BOUND('',#3782,.T.);
#3782 = EDGE_LOOP('',(#3783,#3784,#3785,#3791));
#3783 = ORIENTED_EDGE('',*,*,#2792,.T.);
#3784 = ORIENTED_EDGE('',*,*,#3743,.T.);
#3785 = ORIENTED_EDGE('',*,*,#3786,.F.);
#3786 = EDGE_CURVE('',#3671,#3744,#3787,.T.);
#3787 = LINE('',#3788,#3789);
#3788 = CARTESIAN_POINT('',(-0.1,-1.478333333333,3.458333333333));
#3789 = VECTOR('',#3790,1.);
#3790 = DIRECTION('',(1.,-1.110223024625E-16,0.));
#3791 = ORIENTED_EDGE('',*,*,#3670,.F.);
#3792 = PLANE('',#3793);
#3793 = AXIS2_PLACEMENT_3D('',#3794,#3795,#3796);
#3794 = CARTESIAN_POINT('',(-0.1,-1.52,3.5));
#3795 = DIRECTION('',(7.850462293414E-17,0.707106781187,0.707106781187)
  );
#3796 = DIRECTION('',(7.850462293414E-17,0.707106781187,-0.707106781187)
  );
#3797 = ADVANCED_FACE('',(#3798),#3809,.T.);
#3798 = FACE_BOUND('',#3799,.T.);
#3799 = EDGE_LOOP('',(#3800,#3801,#3802,#3803));
#3800 = ORIENTED_EDGE('',*,*,#2968,.T.);
#3801 = ORIENTED_EDGE('',*,*,#2831,.T.);
#3802 = ORIENTED_EDGE('',*,*,#2856,.T.);
#3803 = ORIENTED_EDGE('',*,*,#3804,.T.);
#3804 = EDGE_CURVE('',#2857,#2961,#3805,.T.);
#3805 = LINE('',#3806,#3807);
#3806 = CARTESIAN_POINT('',(0.1,-1.221245327088E-16,0.75));
#3807 = VECTOR('',#3808,1.);
#3808 = DIRECTION('',(-1.110223024625E-16,-1.,0.));
#3809 = PLANE('',#3810);
#3810 = AXIS2_PLACEMENT_3D('',#3811,#3812,#3813);
#3811 = CARTESIAN_POINT('',(1.387778780781E-17,-2.22044604925E-16,0.75)
  );
#3812 = DIRECTION('',(0.,0.,1.));
#3813 = DIRECTION('',(1.110223024625E-16,1.,-0.));
#3814 = ADVANCED_FACE('',(#3815),#3826,.T.);
#3815 = FACE_BOUND('',#3816,.T.);
#3816 = EDGE_LOOP('',(#3817,#3818,#3824,#3825));
#3817 = ORIENTED_EDGE('',*,*,#2936,.T.);
#3818 = ORIENTED_EDGE('',*,*,#3819,.F.);
#3819 = EDGE_CURVE('',#2881,#2937,#3820,.T.);
#3820 = LINE('',#3821,#3822);
#3821 = CARTESIAN_POINT('',(-0.1,-9.992007221626E-17,0.75));
#3822 = VECTOR('',#3823,1.);
#3823 = DIRECTION('',(-1.110223024625E-16,-1.,0.));
#3824 = ORIENTED_EDGE('',*,*,#2888,.T.);
#3825 = ORIENTED_EDGE('',*,*,#2911,.T.);
#3826 = PLANE('',#3827);
#3827 = AXIS2_PLACEMENT_3D('',#3828,#3829,#3830);
#3828 = CARTESIAN_POINT('',(1.387778780781E-17,-2.22044604925E-16,0.75)
  );
#3829 = DIRECTION('',(0.,0.,1.));
#3830 = DIRECTION('',(1.110223024625E-16,1.,-0.));
#3831 = ADVANCED_FACE('',(#3832),#3875,.T.);
#3832 = FACE_BOUND('',#3833,.T.);
#3833 = EDGE_LOOP('',(#3834,#3835,#3843,#3851,#3859,#3867,#3873,#3874));
#3834 = ORIENTED_EDGE('',*,*,#2944,.F.);
#3835 = ORIENTED_EDGE('',*,*,#3836,.T.);
#3836 = EDGE_CURVE('',#2945,#3837,#3839,.T.);
#3837 = VERTEX_POINT('',#3838);
#3838 = CARTESIAN_POINT('',(-0.1,-0.208333333333,3.458333333333));
#3839 = LINE('',#3840,#3841);
#3840 = CARTESIAN_POINT('',(-0.1,-0.25,3.5));
#3841 = VECTOR('',#3842,1.);
#3842 = DIRECTION('',(7.850462293414E-17,0.707106781187,-0.707106781187)
  );
#3843 = ORIENTED_EDGE('',*,*,#3844,.T.);
#3844 = EDGE_CURVE('',#3837,#3845,#3847,.T.);
#3845 = VERTEX_POINT('',#3846);
#3846 = CARTESIAN_POINT('',(-0.1,-0.208333333333,1.058333333333));
#3847 = LINE('',#3848,#3849);
#3848 = CARTESIAN_POINT('',(-0.1,-0.208333333333,3.458333333333));
#3849 = VECTOR('',#3850,1.);
#3850 = DIRECTION('',(0.,0.,-1.));
#3851 = ORIENTED_EDGE('',*,*,#3852,.T.);
#3852 = EDGE_CURVE('',#3845,#3853,#3855,.T.);
#3853 = VERTEX_POINT('',#3854);
#3854 = CARTESIAN_POINT('',(-0.1,0.208333333333,1.058333333333));
#3855 = LINE('',#3856,#3857);
#3856 = CARTESIAN_POINT('',(-0.1,-0.208333333333,1.058333333333));
#3857 = VECTOR('',#3858,1.);
#3858 = DIRECTION('',(1.110223024625E-16,1.,0.));
#3859 = ORIENTED_EDGE('',*,*,#3860,.T.);
#3860 = EDGE_CURVE('',#3853,#3861,#3863,.T.);
#3861 = VERTEX_POINT('',#3862);
#3862 = CARTESIAN_POINT('',(-0.1,0.208333333333,3.458333333333));
#3863 = LINE('',#3864,#3865);
#3864 = CARTESIAN_POINT('',(-0.1,0.208333333333,1.058333333333));
#3865 = VECTOR('',#3866,1.);
#3866 = DIRECTION('',(0.,0.,1.));
#3867 = ORIENTED_EDGE('',*,*,#3868,.T.);
#3868 = EDGE_CURVE('',#3861,#2873,#3869,.T.);
#3869 = LINE('',#3870,#3871);
#3870 = CARTESIAN_POINT('',(-0.1,0.208333333333,3.458333333333));
#3871 = VECTOR('',#3872,1.);
#3872 = DIRECTION('',(7.850462293414E-17,0.707106781187,0.707106781187)
  );
#3873 = ORIENTED_EDGE('',*,*,#2880,.F.);
#3874 = ORIENTED_EDGE('',*,*,#3819,.T.);
#3875 = PLANE('',#3876);
#3876 = AXIS2_PLACEMENT_3D('',#3877,#3878,#3879);
#3877 = CARTESIAN_POINT('',(-0.1,1.110223024625E-17,1.92709124047));
#3878 = DIRECTION('',(-1.,1.110223024625E-16,0.));
#3879 = DIRECTION('',(0.,0.,1.));
#3880 = ADVANCED_FACE('',(#3881),#3899,.T.);
#3881 = FACE_BOUND('',#3882,.T.);
#3882 = EDGE_LOOP('',(#3883,#3891,#3897,#3898));
#3883 = ORIENTED_EDGE('',*,*,#3884,.T.);
#3884 = EDGE_CURVE('',#3861,#3885,#3887,.T.);
#3885 = VERTEX_POINT('',#3886);
#3886 = CARTESIAN_POINT('',(0.1,0.208333333333,3.458333333333));
#3887 = LINE('',#3888,#3889);
#3888 = CARTESIAN_POINT('',(-0.1,0.208333333333,3.458333333333));
#3889 = VECTOR('',#3890,1.);
#3890 = DIRECTION('',(1.,-1.110223024625E-16,0.));
#3891 = ORIENTED_EDGE('',*,*,#3892,.T.);
#3892 = EDGE_CURVE('',#3885,#2865,#3893,.T.);
#3893 = LINE('',#3894,#3895);
#3894 = CARTESIAN_POINT('',(0.1,0.208333333333,3.458333333333));
#3895 = VECTOR('',#3896,1.);
#3896 = DIRECTION('',(7.850462293414E-17,0.707106781187,0.707106781187)
  );
#3897 = ORIENTED_EDGE('',*,*,#2872,.F.);
#3898 = ORIENTED_EDGE('',*,*,#3868,.F.);
#3899 = PLANE('',#3900);
#3900 = AXIS2_PLACEMENT_3D('',#3901,#3902,#3903);
#3901 = CARTESIAN_POINT('',(-0.1,0.208333333333,3.458333333333));
#3902 = DIRECTION('',(-7.850462293414E-17,-0.707106781187,0.707106781187
    ));
#3903 = DIRECTION('',(7.850462293414E-17,0.707106781187,0.707106781187)
  );
#3904 = ADVANCED_FACE('',(#3905),#3941,.F.);
#3905 = FACE_BOUND('',#3906,.F.);
#3906 = EDGE_LOOP('',(#3907,#3908,#3916,#3924,#3932,#3938,#3939,#3940));
#3907 = ORIENTED_EDGE('',*,*,#2960,.F.);
#3908 = ORIENTED_EDGE('',*,*,#3909,.T.);
#3909 = EDGE_CURVE('',#2953,#3910,#3912,.T.);
#3910 = VERTEX_POINT('',#3911);
#3911 = CARTESIAN_POINT('',(0.1,-0.208333333333,3.458333333333));
#3912 = LINE('',#3913,#3914);
#3913 = CARTESIAN_POINT('',(0.1,-0.25,3.5));
#3914 = VECTOR('',#3915,1.);
#3915 = DIRECTION('',(7.850462293414E-17,0.707106781187,-0.707106781187)
  );
#3916 = ORIENTED_EDGE('',*,*,#3917,.T.);
#3917 = EDGE_CURVE('',#3910,#3918,#3920,.T.);
#3918 = VERTEX_POINT('',#3919);
#3919 = CARTESIAN_POINT('',(0.1,-0.208333333333,1.058333333333));
#3920 = LINE('',#3921,#3922);
#3921 = CARTESIAN_POINT('',(0.1,-0.208333333333,3.458333333333));
#3922 = VECTOR('',#3923,1.);
#3923 = DIRECTION('',(0.,0.,-1.));
#3924 = ORIENTED_EDGE('',*,*,#3925,.T.);
#3925 = EDGE_CURVE('',#3918,#3926,#3928,.T.);
#3926 = VERTEX_POINT('',#3927);
#3927 = CARTESIAN_POINT('',(0.1,0.208333333333,1.058333333333));
#3928 = LINE('',#3929,#3930);
#3929 = CARTESIAN_POINT('',(0.1,-0.208333333333,1.058333333333));
#3930 = VECTOR('',#3931,1.);
#3931 = DIRECTION('',(1.110223024625E-16,1.,0.));
#3932 = ORIENTED_EDGE('',*,*,#3933,.T.);
#3933 = EDGE_CURVE('',#3926,#3885,#3934,.T.);
#3934 = LINE('',#3935,#3936);
#3935 = CARTESIAN_POINT('',(0.1,0.208333333333,1.058333333333));
#3936 = VECTOR('',#3937,1.);
#3937 = DIRECTION('',(0.,0.,1.));
#3938 = ORIENTED_EDGE('',*,*,#3892,.T.);
#3939 = ORIENTED_EDGE('',*,*,#2864,.F.);
#3940 = ORIENTED_EDGE('',*,*,#3804,.T.);
#3941 = PLANE('',#3942);
#3942 = AXIS2_PLACEMENT_3D('',#3943,#3944,#3945);
#3943 = CARTESIAN_POINT('',(0.1,-1.110223024625E-17,1.92709124047));
#3944 = DIRECTION('',(-1.,1.110223024625E-16,0.));
#3945 = DIRECTION('',(0.,0.,1.));
#3946 = ADVANCED_FACE('',(#3947),#3958,.T.);
#3947 = FACE_BOUND('',#3948,.T.);
#3948 = EDGE_LOOP('',(#3949,#3950,#3951,#3957));
#3949 = ORIENTED_EDGE('',*,*,#2952,.T.);
#3950 = ORIENTED_EDGE('',*,*,#3909,.T.);
#3951 = ORIENTED_EDGE('',*,*,#3952,.F.);
#3952 = EDGE_CURVE('',#3837,#3910,#3953,.T.);
#3953 = LINE('',#3954,#3955);
#3954 = CARTESIAN_POINT('',(-0.1,-0.208333333333,3.458333333333));
#3955 = VECTOR('',#3956,1.);
#3956 = DIRECTION('',(1.,-1.110223024625E-16,0.));
#3957 = ORIENTED_EDGE('',*,*,#3836,.F.);
#3958 = PLANE('',#3959);
#3959 = AXIS2_PLACEMENT_3D('',#3960,#3961,#3962);
#3960 = CARTESIAN_POINT('',(-0.1,-0.25,3.5));
#3961 = DIRECTION('',(7.850462293414E-17,0.707106781187,0.707106781187)
  );
#3962 = DIRECTION('',(7.850462293414E-17,0.707106781187,-0.707106781187)
  );
#3963 = ADVANCED_FACE('',(#3964),#3975,.T.);
#3964 = FACE_BOUND('',#3965,.T.);
#3965 = EDGE_LOOP('',(#3966,#3972,#3973,#3974));
#3966 = ORIENTED_EDGE('',*,*,#3967,.T.);
#3967 = EDGE_CURVE('',#3355,#3428,#3968,.T.);
#3968 = LINE('',#3969,#3970);
#3969 = CARTESIAN_POINT('',(-0.1,-3.601666666667,1.058333333333));
#3970 = VECTOR('',#3971,1.);
#3971 = DIRECTION('',(1.,-1.110223024625E-16,0.));
#3972 = ORIENTED_EDGE('',*,*,#3435,.T.);
#3973 = ORIENTED_EDGE('',*,*,#3386,.F.);
#3974 = ORIENTED_EDGE('',*,*,#3362,.F.);
#3975 = PLANE('',#3976);
#3976 = AXIS2_PLACEMENT_3D('',#3977,#3978,#3979);
#3977 = CARTESIAN_POINT('',(-0.1,-3.601666666667,1.058333333333));
#3978 = DIRECTION('',(-1.110223024625E-16,-1.,0.));
#3979 = DIRECTION('',(0.,0.,1.));
#3980 = ADVANCED_FACE('',(#3981),#3992,.T.);
#3981 = FACE_BOUND('',#3982,.T.);
#3982 = EDGE_LOOP('',(#3983,#3989,#3990,#3991));
#3983 = ORIENTED_EDGE('',*,*,#3984,.T.);
#3984 = EDGE_CURVE('',#3347,#3420,#3985,.T.);
#3985 = LINE('',#3986,#3987);
#3986 = CARTESIAN_POINT('',(-0.1,-4.018333333333,1.058333333333));
#3987 = VECTOR('',#3988,1.);
#3988 = DIRECTION('',(1.,-1.110223024625E-16,0.));
#3989 = ORIENTED_EDGE('',*,*,#3427,.T.);
#3990 = ORIENTED_EDGE('',*,*,#3967,.F.);
#3991 = ORIENTED_EDGE('',*,*,#3354,.F.);
#3992 = PLANE('',#3993);
#3993 = AXIS2_PLACEMENT_3D('',#3994,#3995,#3996);
#3994 = CARTESIAN_POINT('',(-0.1,-4.018333333333,1.058333333333));
#3995 = DIRECTION('',(0.,0.,1.));
#3996 = DIRECTION('',(1.110223024625E-16,1.,-0.));
#3997 = ADVANCED_FACE('',(#3998),#4004,.T.);
#3998 = FACE_BOUND('',#3999,.T.);
#3999 = EDGE_LOOP('',(#4000,#4001,#4002,#4003));
#4000 = ORIENTED_EDGE('',*,*,#3454,.T.);
#4001 = ORIENTED_EDGE('',*,*,#3419,.T.);
#4002 = ORIENTED_EDGE('',*,*,#3984,.F.);
#4003 = ORIENTED_EDGE('',*,*,#3346,.F.);
#4004 = PLANE('',#4005);
#4005 = AXIS2_PLACEMENT_3D('',#4006,#4007,#4008);
#4006 = CARTESIAN_POINT('',(-0.1,-4.018333333333,3.458333333333));
#4007 = DIRECTION('',(1.110223024625E-16,1.,0.));
#4008 = DIRECTION('',(0.,0.,-1.));
#4009 = ADVANCED_FACE('',(#4010),#4021,.T.);
#4010 = FACE_BOUND('',#4011,.T.);
#4011 = EDGE_LOOP('',(#4012,#4018,#4019,#4020));
#4012 = ORIENTED_EDGE('',*,*,#4013,.T.);
#4013 = EDGE_CURVE('',#3521,#3594,#4014,.T.);
#4014 = LINE('',#4015,#4016);
#4015 = CARTESIAN_POINT('',(-0.1,-2.331666666667,1.058333333333));
#4016 = VECTOR('',#4017,1.);
#4017 = DIRECTION('',(1.,-1.110223024625E-16,0.));
#4018 = ORIENTED_EDGE('',*,*,#3601,.T.);
#4019 = ORIENTED_EDGE('',*,*,#3552,.F.);
#4020 = ORIENTED_EDGE('',*,*,#3528,.F.);
#4021 = PLANE('',#4022);
#4022 = AXIS2_PLACEMENT_3D('',#4023,#4024,#4025);
#4023 = CARTESIAN_POINT('',(-0.1,-2.331666666667,1.058333333333));
#4024 = DIRECTION('',(-1.110223024625E-16,-1.,0.));
#4025 = DIRECTION('',(0.,0.,1.));
#4026 = ADVANCED_FACE('',(#4027),#4038,.T.);
#4027 = FACE_BOUND('',#4028,.T.);
#4028 = EDGE_LOOP('',(#4029,#4035,#4036,#4037));
#4029 = ORIENTED_EDGE('',*,*,#4030,.T.);
#4030 = EDGE_CURVE('',#3513,#3586,#4031,.T.);
#4031 = LINE('',#4032,#4033);
#4032 = CARTESIAN_POINT('',(-0.1,-2.748333333333,1.058333333333));
#4033 = VECTOR('',#4034,1.);
#4034 = DIRECTION('',(1.,-1.110223024625E-16,0.));
#4035 = ORIENTED_EDGE('',*,*,#3593,.T.);
#4036 = ORIENTED_EDGE('',*,*,#4013,.F.);
#4037 = ORIENTED_EDGE('',*,*,#3520,.F.);
#4038 = PLANE('',#4039);
#4039 = AXIS2_PLACEMENT_3D('',#4040,#4041,#4042);
#4040 = CARTESIAN_POINT('',(-0.1,-2.748333333333,1.058333333333));
#4041 = DIRECTION('',(0.,0.,1.));
#4042 = DIRECTION('',(1.110223024625E-16,1.,-0.));
#4043 = ADVANCED_FACE('',(#4044),#4050,.T.);
#4044 = FACE_BOUND('',#4045,.T.);
#4045 = EDGE_LOOP('',(#4046,#4047,#4048,#4049));
#4046 = ORIENTED_EDGE('',*,*,#3620,.T.);
#4047 = ORIENTED_EDGE('',*,*,#3585,.T.);
#4048 = ORIENTED_EDGE('',*,*,#4030,.F.);
#4049 = ORIENTED_EDGE('',*,*,#3512,.F.);
#4050 = PLANE('',#4051);
#4051 = AXIS2_PLACEMENT_3D('',#4052,#4053,#4054);
#4052 = CARTESIAN_POINT('',(-0.1,-2.748333333333,3.458333333333));
#4053 = DIRECTION('',(1.110223024625E-16,1.,0.));
#4054 = DIRECTION('',(0.,0.,-1.));
#4055 = ADVANCED_FACE('',(#4056),#4067,.T.);
#4056 = FACE_BOUND('',#4057,.T.);
#4057 = EDGE_LOOP('',(#4058,#4064,#4065,#4066));
#4058 = ORIENTED_EDGE('',*,*,#4059,.T.);
#4059 = EDGE_CURVE('',#3687,#3760,#4060,.T.);
#4060 = LINE('',#4061,#4062);
#4061 = CARTESIAN_POINT('',(-0.1,-1.061666666667,1.058333333333));
#4062 = VECTOR('',#4063,1.);
#4063 = DIRECTION('',(1.,-1.110223024625E-16,0.));
#4064 = ORIENTED_EDGE('',*,*,#3767,.T.);
#4065 = ORIENTED_EDGE('',*,*,#3718,.F.);
#4066 = ORIENTED_EDGE('',*,*,#3694,.F.);
#4067 = PLANE('',#4068);
#4068 = AXIS2_PLACEMENT_3D('',#4069,#4070,#4071);
#4069 = CARTESIAN_POINT('',(-0.1,-1.061666666667,1.058333333333));
#4070 = DIRECTION('',(-1.110223024625E-16,-1.,0.));
#4071 = DIRECTION('',(0.,0.,1.));
#4072 = ADVANCED_FACE('',(#4073),#4084,.T.);
#4073 = FACE_BOUND('',#4074,.T.);
#4074 = EDGE_LOOP('',(#4075,#4081,#4082,#4083));
#4075 = ORIENTED_EDGE('',*,*,#4076,.T.);
#4076 = EDGE_CURVE('',#3679,#3752,#4077,.T.);
#4077 = LINE('',#4078,#4079);
#4078 = CARTESIAN_POINT('',(-0.1,-1.478333333333,1.058333333333));
#4079 = VECTOR('',#4080,1.);
#4080 = DIRECTION('',(1.,-1.110223024625E-16,0.));
#4081 = ORIENTED_EDGE('',*,*,#3759,.T.);
#4082 = ORIENTED_EDGE('',*,*,#4059,.F.);
#4083 = ORIENTED_EDGE('',*,*,#3686,.F.);
#4084 = PLANE('',#4085);
#4085 = AXIS2_PLACEMENT_3D('',#4086,#4087,#4088);
#4086 = CARTESIAN_POINT('',(-0.1,-1.478333333333,1.058333333333));
#4087 = DIRECTION('',(0.,0.,1.));
#4088 = DIRECTION('',(1.110223024625E-16,1.,-0.));
#4089 = ADVANCED_FACE('',(#4090),#4096,.T.);
#4090 = FACE_BOUND('',#4091,.T.);
#4091 = EDGE_LOOP('',(#4092,#4093,#4094,#4095));
#4092 = ORIENTED_EDGE('',*,*,#3786,.T.);
#4093 = ORIENTED_EDGE('',*,*,#3751,.T.);
#4094 = ORIENTED_EDGE('',*,*,#4076,.F.);
#4095 = ORIENTED_EDGE('',*,*,#3678,.F.);
#4096 = PLANE('',#4097);
#4097 = AXIS2_PLACEMENT_3D('',#4098,#4099,#4100);
#4098 = CARTESIAN_POINT('',(-0.1,-1.478333333333,3.458333333333));
#4099 = DIRECTION('',(1.110223024625E-16,1.,0.));
#4100 = DIRECTION('',(0.,0.,-1.));
#4101 = ADVANCED_FACE('',(#4102),#4113,.T.);
#4102 = FACE_BOUND('',#4103,.T.);
#4103 = EDGE_LOOP('',(#4104,#4110,#4111,#4112));
#4104 = ORIENTED_EDGE('',*,*,#4105,.T.);
#4105 = EDGE_CURVE('',#3853,#3926,#4106,.T.);
#4106 = LINE('',#4107,#4108);
#4107 = CARTESIAN_POINT('',(-0.1,0.208333333333,1.058333333333));
#4108 = VECTOR('',#4109,1.);
#4109 = DIRECTION('',(1.,-1.110223024625E-16,0.));
#4110 = ORIENTED_EDGE('',*,*,#3933,.T.);
#4111 = ORIENTED_EDGE('',*,*,#3884,.F.);
#4112 = ORIENTED_EDGE('',*,*,#3860,.F.);
#4113 = PLANE('',#4114);
#4114 = AXIS2_PLACEMENT_3D('',#4115,#4116,#4117);
#4115 = CARTESIAN_POINT('',(-0.1,0.208333333333,1.058333333333));
#4116 = DIRECTION('',(-1.110223024625E-16,-1.,0.));
#4117 = DIRECTION('',(0.,0.,1.));
#4118 = ADVANCED_FACE('',(#4119),#4130,.T.);
#4119 = FACE_BOUND('',#4120,.T.);
#4120 = EDGE_LOOP('',(#4121,#4127,#4128,#4129));
#4121 = ORIENTED_EDGE('',*,*,#4122,.T.);
#4122 = EDGE_CURVE('',#3845,#3918,#4123,.T.);
#4123 = LINE('',#4124,#4125);
#4124 = CARTESIAN_POINT('',(-0.1,-0.208333333333,1.058333333333));
#4125 = VECTOR('',#4126,1.);
#4126 = DIRECTION('',(1.,-1.110223024625E-16,0.));
#4127 = ORIENTED_EDGE('',*,*,#3925,.T.);
#4128 = ORIENTED_EDGE('',*,*,#4105,.F.);
#4129 = ORIENTED_EDGE('',*,*,#3852,.F.);
#4130 = PLANE('',#4131);
#4131 = AXIS2_PLACEMENT_3D('',#4132,#4133,#4134);
#4132 = CARTESIAN_POINT('',(-0.1,-0.208333333333,1.058333333333));
#4133 = DIRECTION('',(0.,0.,1.));
#4134 = DIRECTION('',(1.110223024625E-16,1.,-0.));
#4135 = ADVANCED_FACE('',(#4136),#4142,.T.);
#4136 = FACE_BOUND('',#4137,.T.);
#4137 = EDGE_LOOP('',(#4138,#4139,#4140,#4141));
#4138 = ORIENTED_EDGE('',*,*,#3952,.T.);
#4139 = ORIENTED_EDGE('',*,*,#3917,.T.);
#4140 = ORIENTED_EDGE('',*,*,#4122,.F.);
#4141 = ORIENTED_EDGE('',*,*,#3844,.F.);
#4142 = PLANE('',#4143);
#4143 = AXIS2_PLACEMENT_3D('',#4144,#4145,#4146);
#4144 = CARTESIAN_POINT('',(-0.1,-0.208333333333,3.458333333333));
#4145 = DIRECTION('',(1.110223024625E-16,1.,0.));
#4146 = DIRECTION('',(0.,0.,-1.));
#4147 = ( GEOMETRIC_REPRESENTATION_CONTEXT(3) 
GLOBAL_UNCERTAINTY_ASSIGNED_CONTEXT((#4151)) 
GLOBAL_UNIT_ASSIGNED_CONTEXT((#4148,#4149,#4150)) REPRESENTATION_CONTEXT
('Context #1','3D Context with UNIT and UNCERTAINTY') );
#4148 = ( LENGTH_UNIT() NAMED_UNIT(*) SI_UNIT(.MILLI.,.METRE.) );
#4149 = ( NAMED_UNIT(*) PLANE_ANGLE_UNIT() SI_UNIT($,.RADIAN.) );
#4150 = ( NAMED_UNIT(*) SI_UNIT($,.STERADIAN.) SOLID_ANGLE_UNIT() );
#4151 = UNCERTAINTY_MEASURE_WITH_UNIT(LENGTH_MEASURE(1.E-07),#4148,
  'distance_accuracy_value','confusion accuracy');
#4152 = CONTEXT_DEPENDENT_SHAPE_REPRESENTATION(#4153,#4155);
#4153 = ( REPRESENTATION_RELATIONSHIP('','',#760,#737) 
REPRESENTATION_RELATIONSHIP_WITH_TRANSFORMATION(#4154) 
SHAPE_REPRESENTATION_RELATIONSHIP() );
#4154 = ITEM_DEFINED_TRANSFORMATION('','',#11,#738);
#4155 = PRODUCT_DEFINITION_SHAPE('Placement','Placement of an item',
  #4156);
#4156 = NEXT_ASSEMBLY_USAGE_OCCURRENCE('3','=>[0:1:1:5]','',#732,#755,$
  );
#4157 = PRODUCT_RELATED_PRODUCT_CATEGORY('part',$,(#757));
#4158 = CONTEXT_DEPENDENT_SHAPE_REPRESENTATION(#4159,#4161);
#4159 = ( REPRESENTATION_RELATIONSHIP('','',#164,#10) 
REPRESENTATION_RELATIONSHIP_WITH_TRANSFORMATION(#4160) 
SHAPE_REPRESENTATION_RELATIONSHIP() );
#4160 = ITEM_DEFINED_TRANSFORMATION('','',#11,#23);
#4161 = PRODUCT_DEFINITION_SHAPE('Placement','Placement of an item',
  #4162);
#4162 = NEXT_ASSEMBLY_USAGE_OCCURRENCE('5','R10','',#5,#159,$);
#4163 = CONTEXT_DEPENDENT_SHAPE_REPRESENTATION(#4164,#4166);
#4164 = ( REPRESENTATION_RELATIONSHIP('','',#164,#10) 
REPRESENTATION_RELATIONSHIP_WITH_TRANSFORMATION(#4165) 
SHAPE_REPRESENTATION_RELATIONSHIP() );
#4165 = ITEM_DEFINED_TRANSFORMATION('','',#11,#27);
#4166 = PRODUCT_DEFINITION_SHAPE('Placement','Placement of an item',
  #4167);
#4167 = NEXT_ASSEMBLY_USAGE_OCCURRENCE('6','R13','',#5,#159,$);
#4168 = SHAPE_DEFINITION_REPRESENTATION(#4169,#4175);
#4169 = PRODUCT_DEFINITION_SHAPE('','',#4170);
#4170 = PRODUCT_DEFINITION('design','',#4171,#4174);
#4171 = PRODUCT_DEFINITION_FORMATION('','',#4172);
#4172 = PRODUCT('SW_Push_1P1T_NO_CK_KSC6xxG',
  'SW_Push_1P1T_NO_CK_KSC6xxG','',(#4173));
#4173 = PRODUCT_CONTEXT('',#2,'mechanical');
#4174 = PRODUCT_DEFINITION_CONTEXT('part definition',#2,'design');
#4175 = SHAPE_REPRESENTATION('',(#11,#4176),#4180);
#4176 = AXIS2_PLACEMENT_3D('',#4177,#4178,#4179);
#4177 = CARTESIAN_POINT('',(0.,0.,0.));
#4178 = DIRECTION('',(0.,0.,1.));
#4179 = DIRECTION('',(1.,0.,-0.));
#4180 = ( GEOMETRIC_REPRESENTATION_CONTEXT(3) 
GLOBAL_UNCERTAINTY_ASSIGNED_CONTEXT((#4184)) 
GLOBAL_UNIT_ASSIGNED_CONTEXT((#4181,#4182,#4183)) REPRESENTATION_CONTEXT
('Context #1','3D Context with UNIT and UNCERTAINTY') );
#4181 = ( LENGTH_UNIT() NAMED_UNIT(*) SI_UNIT(.MILLI.,.METRE.) );
#4182 = ( NAMED_UNIT(*) PLANE_ANGLE_UNIT() SI_UNIT($,.RADIAN.) );
#4183 = ( NAMED_UNIT(*) SI_UNIT($,.STERADIAN.) SOLID_ANGLE_UNIT() );
#4184 = UNCERTAINTY_MEASURE_WITH_UNIT(LENGTH_MEASURE(1.E-07),#4181,
  'distance_accuracy_value','confusion accuracy');
#4185 = CONTEXT_DEPENDENT_SHAPE_REPRESENTATION(#4186,#4188);
#4186 = ( REPRESENTATION_RELATIONSHIP('','',#4175,#10) 
REPRESENTATION_RELATIONSHIP_WITH_TRANSFORMATION(#4187) 
SHAPE_REPRESENTATION_RELATIONSHIP() );
#4187 = ITEM_DEFINED_TRANSFORMATION('','',#11,#31);
#4188 = PRODUCT_DEFINITION_SHAPE('Placement','Placement of an item',
  #4189);
#4189 = NEXT_ASSEMBLY_USAGE_OCCURRENCE('8','SW11','',#5,#4170,$);
#4190 = PRODUCT_RELATED_PRODUCT_CATEGORY('part',$,(#4172));
#4191 = SHAPE_DEFINITION_REPRESENTATION(#4192,#4198);
#4192 = PRODUCT_DEFINITION_SHAPE('','',#4193);
#4193 = PRODUCT_DEFINITION('design','',#4194,#4197);
#4194 = PRODUCT_DEFINITION_FORMATION('','',#4195);
#4195 = PRODUCT('SW_Push_1P1T_NO_CK_KSC6xxG',
  'SW_Push_1P1T_NO_CK_KSC6xxG','',(#4196));
#4196 = PRODUCT_CONTEXT('',#2,'mechanical');
#4197 = PRODUCT_DEFINITION_CONTEXT('part definition',#2,'design');
#4198 = ADVANCED_BREP_SHAPE_REPRESENTATION('',(#11,#4199),#8476);
#4199 = MANIFOLD_SOLID_BREP('',#4200);
#4200 = CLOSED_SHELL('',(#4201,#4289,#4320,#4428,#4498,#4514,#4545,#4569
    ,#4593,#4616,#4717,#4782,#4813,#4829,#4928,#4952,#5044,#5061,#5160,
    #5184,#5276,#5293,#5326,#5350,#5367,#5415,#5446,#5477,#5508,#5556,
    #5621,#5637,#5661,#5760,#5784,#5876,#5893,#5992,#6016,#6108,#6125,
    #6195,#6226,#6250,#6274,#6314,#6331,#6353,#6370,#6387,#6399,#6416,
    #6433,#6450,#6467,#6479,#6501,#6518,#6535,#6547,#6564,#6581,#6598,
    #6615,#6627,#6662,#6693,#6728,#6768,#6817,#6834,#6858,#7030,#7047,
    #7059,#7076,#7111,#7136,#7160,#7178,#7195,#7217,#7234,#7251,#7263,
    #7280,#7297,#7314,#7331,#7343,#7365,#7382,#7399,#7411,#7428,#7445,
    #7462,#7479,#7491,#7524,#7565,#7587,#7618,#7640,#7681,#7746,#7763,
    #7780,#7805,#7817,#7834,#7869,#7894,#7914,#7931,#7948,#7960,#7988,
    #8013,#8040,#8066,#8097,#8122,#8146,#8164,#8184,#8209,#8235,#8255,
    #8281,#8306,#8326,#8351,#8371,#8396,#8422,#8442,#8467));
#4201 = ADVANCED_FACE('',(#4202),#4284,.F.);
#4202 = FACE_BOUND('',#4203,.F.);
#4203 = EDGE_LOOP('',(#4204,#4214,#4222,#4230,#4238,#4246,#4254,#4262,
    #4270,#4278));
#4204 = ORIENTED_EDGE('',*,*,#4205,.F.);
#4205 = EDGE_CURVE('',#4206,#4208,#4210,.T.);
#4206 = VERTEX_POINT('',#4207);
#4207 = CARTESIAN_POINT('',(-3.1,-2.8,0.1));
#4208 = VERTEX_POINT('',#4209);
#4209 = CARTESIAN_POINT('',(3.1,-2.8,0.1));
#4210 = LINE('',#4211,#4212);
#4211 = CARTESIAN_POINT('',(-3.1,-2.8,0.1));
#4212 = VECTOR('',#4213,1.);
#4213 = DIRECTION('',(1.,0.,0.));
#4214 = ORIENTED_EDGE('',*,*,#4215,.T.);
#4215 = EDGE_CURVE('',#4206,#4216,#4218,.T.);
#4216 = VERTEX_POINT('',#4217);
#4217 = CARTESIAN_POINT('',(-3.1,-2.8,2.));
#4218 = LINE('',#4219,#4220);
#4219 = CARTESIAN_POINT('',(-3.1,-2.8,0.1));
#4220 = VECTOR('',#4221,1.);
#4221 = DIRECTION('',(0.,0.,1.));
#4222 = ORIENTED_EDGE('',*,*,#4223,.T.);
#4223 = EDGE_CURVE('',#4216,#4224,#4226,.T.);
#4224 = VERTEX_POINT('',#4225);
#4225 = CARTESIAN_POINT('',(-2.3,-2.8,2.));
#4226 = LINE('',#4227,#4228);
#4227 = CARTESIAN_POINT('',(-3.1,-2.8,2.));
#4228 = VECTOR('',#4229,1.);
#4229 = DIRECTION('',(1.,0.,0.));
#4230 = ORIENTED_EDGE('',*,*,#4231,.T.);
#4231 = EDGE_CURVE('',#4224,#4232,#4234,.T.);
#4232 = VERTEX_POINT('',#4233);
#4233 = CARTESIAN_POINT('',(-2.05,-2.8,2.));
#4234 = LINE('',#4235,#4236);
#4235 = CARTESIAN_POINT('',(-3.1,-2.8,2.));
#4236 = VECTOR('',#4237,1.);
#4237 = DIRECTION('',(1.,0.,0.));
#4238 = ORIENTED_EDGE('',*,*,#4239,.T.);
#4239 = EDGE_CURVE('',#4232,#4240,#4242,.T.);
#4240 = VERTEX_POINT('',#4241);
#4241 = CARTESIAN_POINT('',(-2.05,-2.8,0.8));
#4242 = LINE('',#4243,#4244);
#4243 = CARTESIAN_POINT('',(-2.05,-2.8,2.));
#4244 = VECTOR('',#4245,1.);
#4245 = DIRECTION('',(0.,0.,-1.));
#4246 = ORIENTED_EDGE('',*,*,#4247,.T.);
#4247 = EDGE_CURVE('',#4240,#4248,#4250,.T.);
#4248 = VERTEX_POINT('',#4249);
#4249 = CARTESIAN_POINT('',(2.05,-2.8,0.8));
#4250 = LINE('',#4251,#4252);
#4251 = CARTESIAN_POINT('',(-2.05,-2.8,0.8));
#4252 = VECTOR('',#4253,1.);
#4253 = DIRECTION('',(1.,-2.22044604925E-16,0.));
#4254 = ORIENTED_EDGE('',*,*,#4255,.F.);
#4255 = EDGE_CURVE('',#4256,#4248,#4258,.T.);
#4256 = VERTEX_POINT('',#4257);
#4257 = CARTESIAN_POINT('',(2.05,-2.8,2.));
#4258 = LINE('',#4259,#4260);
#4259 = CARTESIAN_POINT('',(2.05,-2.8,2.));
#4260 = VECTOR('',#4261,1.);
#4261 = DIRECTION('',(0.,0.,-1.));
#4262 = ORIENTED_EDGE('',*,*,#4263,.T.);
#4263 = EDGE_CURVE('',#4256,#4264,#4266,.T.);
#4264 = VERTEX_POINT('',#4265);
#4265 = CARTESIAN_POINT('',(2.3,-2.8,2.));
#4266 = LINE('',#4267,#4268);
#4267 = CARTESIAN_POINT('',(-3.1,-2.8,2.));
#4268 = VECTOR('',#4269,1.);
#4269 = DIRECTION('',(1.,0.,0.));
#4270 = ORIENTED_EDGE('',*,*,#4271,.T.);
#4271 = EDGE_CURVE('',#4264,#4272,#4274,.T.);
#4272 = VERTEX_POINT('',#4273);
#4273 = CARTESIAN_POINT('',(3.1,-2.8,2.));
#4274 = LINE('',#4275,#4276);
#4275 = CARTESIAN_POINT('',(-3.1,-2.8,2.));
#4276 = VECTOR('',#4277,1.);
#4277 = DIRECTION('',(1.,0.,0.));
#4278 = ORIENTED_EDGE('',*,*,#4279,.F.);
#4279 = EDGE_CURVE('',#4208,#4272,#4280,.T.);
#4280 = LINE('',#4281,#4282);
#4281 = CARTESIAN_POINT('',(3.1,-2.8,0.1));
#4282 = VECTOR('',#4283,1.);
#4283 = DIRECTION('',(0.,0.,1.));
#4284 = PLANE('',#4285);
#4285 = AXIS2_PLACEMENT_3D('',#4286,#4287,#4288);
#4286 = CARTESIAN_POINT('',(-3.1,-2.8,0.1));
#4287 = DIRECTION('',(0.,1.,0.));
#4288 = DIRECTION('',(1.,0.,0.));
#4289 = ADVANCED_FACE('',(#4290),#4315,.F.);
#4290 = FACE_BOUND('',#4291,.F.);
#4291 = EDGE_LOOP('',(#4292,#4293,#4301,#4309));
#4292 = ORIENTED_EDGE('',*,*,#4205,.T.);
#4293 = ORIENTED_EDGE('',*,*,#4294,.T.);
#4294 = EDGE_CURVE('',#4208,#4295,#4297,.T.);
#4295 = VERTEX_POINT('',#4296);
#4296 = CARTESIAN_POINT('',(3.1,2.8,0.1));
#4297 = LINE('',#4298,#4299);
#4298 = CARTESIAN_POINT('',(3.1,-2.8,0.1));
#4299 = VECTOR('',#4300,1.);
#4300 = DIRECTION('',(0.,1.,0.));
#4301 = ORIENTED_EDGE('',*,*,#4302,.T.);
#4302 = EDGE_CURVE('',#4295,#4303,#4305,.T.);
#4303 = VERTEX_POINT('',#4304);
#4304 = CARTESIAN_POINT('',(-3.1,2.8,0.1));
#4305 = LINE('',#4306,#4307);
#4306 = CARTESIAN_POINT('',(3.1,2.8,0.1));
#4307 = VECTOR('',#4308,1.);
#4308 = DIRECTION('',(-1.,0.,0.));
#4309 = ORIENTED_EDGE('',*,*,#4310,.T.);
#4310 = EDGE_CURVE('',#4303,#4206,#4311,.T.);
#4311 = LINE('',#4312,#4313);
#4312 = CARTESIAN_POINT('',(-3.1,2.8,0.1));
#4313 = VECTOR('',#4314,1.);
#4314 = DIRECTION('',(0.,-1.,0.));
#4315 = PLANE('',#4316);
#4316 = AXIS2_PLACEMENT_3D('',#4317,#4318,#4319);
#4317 = CARTESIAN_POINT('',(0.,0.,0.1));
#4318 = DIRECTION('',(0.,0.,1.));
#4319 = DIRECTION('',(1.,0.,-0.));
#4320 = ADVANCED_FACE('',(#4321,#4355,#4389),#4423,.F.);
#4321 = FACE_BOUND('',#4322,.F.);
#4322 = EDGE_LOOP('',(#4323,#4324,#4332,#4340,#4348,#4354));
#4323 = ORIENTED_EDGE('',*,*,#4279,.T.);
#4324 = ORIENTED_EDGE('',*,*,#4325,.T.);
#4325 = EDGE_CURVE('',#4272,#4326,#4328,.T.);
#4326 = VERTEX_POINT('',#4327);
#4327 = CARTESIAN_POINT('',(3.1,-2.,2.));
#4328 = LINE('',#4329,#4330);
#4329 = CARTESIAN_POINT('',(3.1,-2.8,2.));
#4330 = VECTOR('',#4331,1.);
#4331 = DIRECTION('',(0.,1.,0.));
#4332 = ORIENTED_EDGE('',*,*,#4333,.T.);
#4333 = EDGE_CURVE('',#4326,#4334,#4336,.T.);
#4334 = VERTEX_POINT('',#4335);
#4335 = CARTESIAN_POINT('',(3.1,2.,2.));
#4336 = LINE('',#4337,#4338);
#4337 = CARTESIAN_POINT('',(3.1,-2.8,2.));
#4338 = VECTOR('',#4339,1.);
#4339 = DIRECTION('',(0.,1.,0.));
#4340 = ORIENTED_EDGE('',*,*,#4341,.T.);
#4341 = EDGE_CURVE('',#4334,#4342,#4344,.T.);
#4342 = VERTEX_POINT('',#4343);
#4343 = CARTESIAN_POINT('',(3.1,2.8,2.));
#4344 = LINE('',#4345,#4346);
#4345 = CARTESIAN_POINT('',(3.1,-2.8,2.));
#4346 = VECTOR('',#4347,1.);
#4347 = DIRECTION('',(0.,1.,0.));
#4348 = ORIENTED_EDGE('',*,*,#4349,.F.);
#4349 = EDGE_CURVE('',#4295,#4342,#4350,.T.);
#4350 = LINE('',#4351,#4352);
#4351 = CARTESIAN_POINT('',(3.1,2.8,0.1));
#4352 = VECTOR('',#4353,1.);
#4353 = DIRECTION('',(0.,0.,1.));
#4354 = ORIENTED_EDGE('',*,*,#4294,.F.);
#4355 = FACE_BOUND('',#4356,.F.);
#4356 = EDGE_LOOP('',(#4357,#4367,#4375,#4383));
#4357 = ORIENTED_EDGE('',*,*,#4358,.F.);
#4358 = EDGE_CURVE('',#4359,#4361,#4363,.T.);
#4359 = VERTEX_POINT('',#4360);
#4360 = CARTESIAN_POINT('',(3.1,-2.375,1.05));
#4361 = VERTEX_POINT('',#4362);
#4362 = CARTESIAN_POINT('',(3.1,-2.375,1.3));
#4363 = LINE('',#4364,#4365);
#4364 = CARTESIAN_POINT('',(3.1,-2.375,1.05));
#4365 = VECTOR('',#4366,1.);
#4366 = DIRECTION('',(0.,0.,1.));
#4367 = ORIENTED_EDGE('',*,*,#4368,.T.);
#4368 = EDGE_CURVE('',#4359,#4369,#4371,.T.);
#4369 = VERTEX_POINT('',#4370);
#4370 = CARTESIAN_POINT('',(3.1,-1.625,1.05));
#4371 = LINE('',#4372,#4373);
#4372 = CARTESIAN_POINT('',(3.1,-2.375,1.05));
#4373 = VECTOR('',#4374,1.);
#4374 = DIRECTION('',(0.,1.,0.));
#4375 = ORIENTED_EDGE('',*,*,#4376,.T.);
#4376 = EDGE_CURVE('',#4369,#4377,#4379,.T.);
#4377 = VERTEX_POINT('',#4378);
#4378 = CARTESIAN_POINT('',(3.1,-1.625,1.3));
#4379 = LINE('',#4380,#4381);
#4380 = CARTESIAN_POINT('',(3.1,-1.625,1.05));
#4381 = VECTOR('',#4382,1.);
#4382 = DIRECTION('',(0.,0.,1.));
#4383 = ORIENTED_EDGE('',*,*,#4384,.F.);
#4384 = EDGE_CURVE('',#4361,#4377,#4385,.T.);
#4385 = LINE('',#4386,#4387);
#4386 = CARTESIAN_POINT('',(3.1,-2.375,1.3));
#4387 = VECTOR('',#4388,1.);
#4388 = DIRECTION('',(0.,1.,0.));
#4389 = FACE_BOUND('',#4390,.F.);
#4390 = EDGE_LOOP('',(#4391,#4401,#4409,#4417));
#4391 = ORIENTED_EDGE('',*,*,#4392,.F.);
#4392 = EDGE_CURVE('',#4393,#4395,#4397,.T.);
#4393 = VERTEX_POINT('',#4394);
#4394 = CARTESIAN_POINT('',(3.1,1.625,1.05));
#4395 = VERTEX_POINT('',#4396);
#4396 = CARTESIAN_POINT('',(3.1,1.625,1.3));
#4397 = LINE('',#4398,#4399);
#4398 = CARTESIAN_POINT('',(3.1,1.625,1.05));
#4399 = VECTOR('',#4400,1.);
#4400 = DIRECTION('',(0.,0.,1.));
#4401 = ORIENTED_EDGE('',*,*,#4402,.T.);
#4402 = EDGE_CURVE('',#4393,#4403,#4405,.T.);
#4403 = VERTEX_POINT('',#4404);
#4404 = CARTESIAN_POINT('',(3.1,2.375,1.05));
#4405 = LINE('',#4406,#4407);
#4406 = CARTESIAN_POINT('',(3.1,1.625,1.05));
#4407 = VECTOR('',#4408,1.);
#4408 = DIRECTION('',(0.,1.,0.));
#4409 = ORIENTED_EDGE('',*,*,#4410,.T.);
#4410 = EDGE_CURVE('',#4403,#4411,#4413,.T.);
#4411 = VERTEX_POINT('',#4412);
#4412 = CARTESIAN_POINT('',(3.1,2.375,1.3));
#4413 = LINE('',#4414,#4415);
#4414 = CARTESIAN_POINT('',(3.1,2.375,1.05));
#4415 = VECTOR('',#4416,1.);
#4416 = DIRECTION('',(0.,0.,1.));
#4417 = ORIENTED_EDGE('',*,*,#4418,.F.);
#4418 = EDGE_CURVE('',#4395,#4411,#4419,.T.);
#4419 = LINE('',#4420,#4421);
#4420 = CARTESIAN_POINT('',(3.1,1.625,1.3));
#4421 = VECTOR('',#4422,1.);
#4422 = DIRECTION('',(0.,1.,0.));
#4423 = PLANE('',#4424);
#4424 = AXIS2_PLACEMENT_3D('',#4425,#4426,#4427);
#4425 = CARTESIAN_POINT('',(3.1,-2.8,0.1));
#4426 = DIRECTION('',(-1.,0.,0.));
#4427 = DIRECTION('',(0.,1.,0.));
#4428 = ADVANCED_FACE('',(#4429),#4493,.F.);
#4429 = FACE_BOUND('',#4430,.F.);
#4430 = EDGE_LOOP('',(#4431,#4432,#4440,#4448,#4456,#4464,#4472,#4480,
    #4486,#4487));
#4431 = ORIENTED_EDGE('',*,*,#4231,.F.);
#4432 = ORIENTED_EDGE('',*,*,#4433,.T.);
#4433 = EDGE_CURVE('',#4224,#4434,#4436,.T.);
#4434 = VERTEX_POINT('',#4435);
#4435 = CARTESIAN_POINT('',(-2.3,-2.8,2.7));
#4436 = LINE('',#4437,#4438);
#4437 = CARTESIAN_POINT('',(-2.3,-2.8,2.));
#4438 = VECTOR('',#4439,1.);
#4439 = DIRECTION('',(0.,0.,1.));
#4440 = ORIENTED_EDGE('',*,*,#4441,.T.);
#4441 = EDGE_CURVE('',#4434,#4442,#4444,.T.);
#4442 = VERTEX_POINT('',#4443);
#4443 = CARTESIAN_POINT('',(-2.05,-2.8,2.7));
#4444 = LINE('',#4445,#4446);
#4445 = CARTESIAN_POINT('',(-3.1,-2.8,2.7));
#4446 = VECTOR('',#4447,1.);
#4447 = DIRECTION('',(1.,0.,0.));
#4448 = ORIENTED_EDGE('',*,*,#4449,.T.);
#4449 = EDGE_CURVE('',#4442,#4450,#4452,.T.);
#4450 = VERTEX_POINT('',#4451);
#4451 = CARTESIAN_POINT('',(-1.61,-2.8,2.7));
#4452 = LINE('',#4453,#4454);
#4453 = CARTESIAN_POINT('',(-3.1,-2.8,2.7));
#4454 = VECTOR('',#4455,1.);
#4455 = DIRECTION('',(1.,0.,0.));
#4456 = ORIENTED_EDGE('',*,*,#4457,.T.);
#4457 = EDGE_CURVE('',#4450,#4458,#4460,.T.);
#4458 = VERTEX_POINT('',#4459);
#4459 = CARTESIAN_POINT('',(1.61,-2.8,2.7));
#4460 = LINE('',#4461,#4462);
#4461 = CARTESIAN_POINT('',(-3.1,-2.8,2.7));
#4462 = VECTOR('',#4463,1.);
#4463 = DIRECTION('',(1.,0.,0.));
#4464 = ORIENTED_EDGE('',*,*,#4465,.T.);
#4465 = EDGE_CURVE('',#4458,#4466,#4468,.T.);
#4466 = VERTEX_POINT('',#4467);
#4467 = CARTESIAN_POINT('',(2.05,-2.8,2.7));
#4468 = LINE('',#4469,#4470);
#4469 = CARTESIAN_POINT('',(-3.1,-2.8,2.7));
#4470 = VECTOR('',#4471,1.);
#4471 = DIRECTION('',(1.,0.,0.));
#4472 = ORIENTED_EDGE('',*,*,#4473,.T.);
#4473 = EDGE_CURVE('',#4466,#4474,#4476,.T.);
#4474 = VERTEX_POINT('',#4475);
#4475 = CARTESIAN_POINT('',(2.3,-2.8,2.7));
#4476 = LINE('',#4477,#4478);
#4477 = CARTESIAN_POINT('',(-3.1,-2.8,2.7));
#4478 = VECTOR('',#4479,1.);
#4479 = DIRECTION('',(1.,0.,0.));
#4480 = ORIENTED_EDGE('',*,*,#4481,.F.);
#4481 = EDGE_CURVE('',#4264,#4474,#4482,.T.);
#4482 = LINE('',#4483,#4484);
#4483 = CARTESIAN_POINT('',(2.3,-2.8,2.));
#4484 = VECTOR('',#4485,1.);
#4485 = DIRECTION('',(0.,0.,1.));
#4486 = ORIENTED_EDGE('',*,*,#4263,.F.);
#4487 = ORIENTED_EDGE('',*,*,#4488,.F.);
#4488 = EDGE_CURVE('',#4232,#4256,#4489,.T.);
#4489 = LINE('',#4490,#4491);
#4490 = CARTESIAN_POINT('',(-3.1,-2.8,2.));
#4491 = VECTOR('',#4492,1.);
#4492 = DIRECTION('',(1.,0.,0.));
#4493 = PLANE('',#4494);
#4494 = AXIS2_PLACEMENT_3D('',#4495,#4496,#4497);
#4495 = CARTESIAN_POINT('',(-3.1,-2.8,2.));
#4496 = DIRECTION('',(0.,1.,0.));
#4497 = DIRECTION('',(0.,-0.,1.));
#4498 = ADVANCED_FACE('',(#4499),#4509,.T.);
#4499 = FACE_BOUND('',#4500,.T.);
#4500 = EDGE_LOOP('',(#4501,#4507,#4508));
#4501 = ORIENTED_EDGE('',*,*,#4502,.T.);
#4502 = EDGE_CURVE('',#4326,#4264,#4503,.T.);
#4503 = LINE('',#4504,#4505);
#4504 = CARTESIAN_POINT('',(1.15,-3.95,2.));
#4505 = VECTOR('',#4506,1.);
#4506 = DIRECTION('',(-0.707106781187,-0.707106781187,0.));
#4507 = ORIENTED_EDGE('',*,*,#4271,.T.);
#4508 = ORIENTED_EDGE('',*,*,#4325,.T.);
#4509 = PLANE('',#4510);
#4510 = AXIS2_PLACEMENT_3D('',#4511,#4512,#4513);
#4511 = CARTESIAN_POINT('',(0.,0.,2.));
#4512 = DIRECTION('',(0.,0.,1.));
#4513 = DIRECTION('',(1.,0.,-0.));
#4514 = ADVANCED_FACE('',(#4515),#4540,.F.);
#4515 = FACE_BOUND('',#4516,.F.);
#4516 = EDGE_LOOP('',(#4517,#4518,#4526,#4534));
#4517 = ORIENTED_EDGE('',*,*,#4255,.T.);
#4518 = ORIENTED_EDGE('',*,*,#4519,.T.);
#4519 = EDGE_CURVE('',#4248,#4520,#4522,.T.);
#4520 = VERTEX_POINT('',#4521);
#4521 = CARTESIAN_POINT('',(2.05,-2.925,0.8));
#4522 = LINE('',#4523,#4524);
#4523 = CARTESIAN_POINT('',(2.05,-2.8,0.8));
#4524 = VECTOR('',#4525,1.);
#4525 = DIRECTION('',(-2.22044604925E-16,-1.,0.));
#4526 = ORIENTED_EDGE('',*,*,#4527,.T.);
#4527 = EDGE_CURVE('',#4520,#4528,#4530,.T.);
#4528 = VERTEX_POINT('',#4529);
#4529 = CARTESIAN_POINT('',(2.05,-2.925,2.));
#4530 = LINE('',#4531,#4532);
#4531 = CARTESIAN_POINT('',(2.05,-2.925,0.8));
#4532 = VECTOR('',#4533,1.);
#4533 = DIRECTION('',(0.,0.,1.));
#4534 = ORIENTED_EDGE('',*,*,#4535,.T.);
#4535 = EDGE_CURVE('',#4528,#4256,#4536,.T.);
#4536 = LINE('',#4537,#4538);
#4537 = CARTESIAN_POINT('',(2.05,-3.125,2.));
#4538 = VECTOR('',#4539,1.);
#4539 = DIRECTION('',(2.22044604925E-16,1.,0.));
#4540 = PLANE('',#4541);
#4541 = AXIS2_PLACEMENT_3D('',#4542,#4543,#4544);
#4542 = CARTESIAN_POINT('',(2.05,-2.9625,1.4));
#4543 = DIRECTION('',(-1.,2.22044604925E-16,0.));
#4544 = DIRECTION('',(0.,0.,-1.));
#4545 = ADVANCED_FACE('',(#4546),#4564,.F.);
#4546 = FACE_BOUND('',#4547,.F.);
#4547 = EDGE_LOOP('',(#4548,#4549,#4557,#4563));
#4548 = ORIENTED_EDGE('',*,*,#4247,.F.);
#4549 = ORIENTED_EDGE('',*,*,#4550,.T.);
#4550 = EDGE_CURVE('',#4240,#4551,#4553,.T.);
#4551 = VERTEX_POINT('',#4552);
#4552 = CARTESIAN_POINT('',(-2.05,-2.925,0.8));
#4553 = LINE('',#4554,#4555);
#4554 = CARTESIAN_POINT('',(-2.05,-2.8,0.8));
#4555 = VECTOR('',#4556,1.);
#4556 = DIRECTION('',(-2.22044604925E-16,-1.,0.));
#4557 = ORIENTED_EDGE('',*,*,#4558,.T.);
#4558 = EDGE_CURVE('',#4551,#4520,#4559,.T.);
#4559 = LINE('',#4560,#4561);
#4560 = CARTESIAN_POINT('',(-2.05,-2.925,0.8));
#4561 = VECTOR('',#4562,1.);
#4562 = DIRECTION('',(1.,-2.22044604925E-16,0.));
#4563 = ORIENTED_EDGE('',*,*,#4519,.F.);
#4564 = PLANE('',#4565);
#4565 = AXIS2_PLACEMENT_3D('',#4566,#4567,#4568);
#4566 = CARTESIAN_POINT('',(2.05,-2.8,0.8));
#4567 = DIRECTION('',(0.,0.,1.));
#4568 = DIRECTION('',(-2.22044604925E-16,-1.,0.));
#4569 = ADVANCED_FACE('',(#4570),#4588,.F.);
#4570 = FACE_BOUND('',#4571,.T.);
#4571 = EDGE_LOOP('',(#4572,#4573,#4574,#4582));
#4572 = ORIENTED_EDGE('',*,*,#4239,.T.);
#4573 = ORIENTED_EDGE('',*,*,#4550,.T.);
#4574 = ORIENTED_EDGE('',*,*,#4575,.T.);
#4575 = EDGE_CURVE('',#4551,#4576,#4578,.T.);
#4576 = VERTEX_POINT('',#4577);
#4577 = CARTESIAN_POINT('',(-2.05,-2.925,2.));
#4578 = LINE('',#4579,#4580);
#4579 = CARTESIAN_POINT('',(-2.05,-2.925,0.8));
#4580 = VECTOR('',#4581,1.);
#4581 = DIRECTION('',(0.,0.,1.));
#4582 = ORIENTED_EDGE('',*,*,#4583,.T.);
#4583 = EDGE_CURVE('',#4576,#4232,#4584,.T.);
#4584 = LINE('',#4585,#4586);
#4585 = CARTESIAN_POINT('',(-2.05,-3.125,2.));
#4586 = VECTOR('',#4587,1.);
#4587 = DIRECTION('',(2.22044604925E-16,1.,0.));
#4588 = PLANE('',#4589);
#4589 = AXIS2_PLACEMENT_3D('',#4590,#4591,#4592);
#4590 = CARTESIAN_POINT('',(-2.05,-2.9625,1.4));
#4591 = DIRECTION('',(1.,-2.22044604925E-16,0.));
#4592 = DIRECTION('',(0.,0.,1.));
#4593 = ADVANCED_FACE('',(#4594),#4611,.T.);
#4594 = FACE_BOUND('',#4595,.T.);
#4595 = EDGE_LOOP('',(#4596,#4604,#4605));
#4596 = ORIENTED_EDGE('',*,*,#4597,.T.);
#4597 = EDGE_CURVE('',#4598,#4216,#4600,.T.);
#4598 = VERTEX_POINT('',#4599);
#4599 = CARTESIAN_POINT('',(-3.1,-2.,2.));
#4600 = LINE('',#4601,#4602);
#4601 = CARTESIAN_POINT('',(-3.1,2.8,2.));
#4602 = VECTOR('',#4603,1.);
#4603 = DIRECTION('',(0.,-1.,0.));
#4604 = ORIENTED_EDGE('',*,*,#4223,.T.);
#4605 = ORIENTED_EDGE('',*,*,#4606,.F.);
#4606 = EDGE_CURVE('',#4598,#4224,#4607,.T.);
#4607 = LINE('',#4608,#4609);
#4608 = CARTESIAN_POINT('',(-2.7,-2.4,2.));
#4609 = VECTOR('',#4610,1.);
#4610 = DIRECTION('',(0.707106781187,-0.707106781187,0.));
#4611 = PLANE('',#4612);
#4612 = AXIS2_PLACEMENT_3D('',#4613,#4614,#4615);
#4613 = CARTESIAN_POINT('',(0.,0.,2.));
#4614 = DIRECTION('',(0.,0.,1.));
#4615 = DIRECTION('',(1.,0.,-0.));
#4616 = ADVANCED_FACE('',(#4617,#4644,#4678),#4712,.F.);
#4617 = FACE_BOUND('',#4618,.F.);
#4618 = EDGE_LOOP('',(#4619,#4627,#4635,#4641,#4642,#4643));
#4619 = ORIENTED_EDGE('',*,*,#4620,.T.);
#4620 = EDGE_CURVE('',#4303,#4621,#4623,.T.);
#4621 = VERTEX_POINT('',#4622);
#4622 = CARTESIAN_POINT('',(-3.1,2.8,2.));
#4623 = LINE('',#4624,#4625);
#4624 = CARTESIAN_POINT('',(-3.1,2.8,0.1));
#4625 = VECTOR('',#4626,1.);
#4626 = DIRECTION('',(0.,0.,1.));
#4627 = ORIENTED_EDGE('',*,*,#4628,.T.);
#4628 = EDGE_CURVE('',#4621,#4629,#4631,.T.);
#4629 = VERTEX_POINT('',#4630);
#4630 = CARTESIAN_POINT('',(-3.1,2.,2.));
#4631 = LINE('',#4632,#4633);
#4632 = CARTESIAN_POINT('',(-3.1,2.8,2.));
#4633 = VECTOR('',#4634,1.);
#4634 = DIRECTION('',(0.,-1.,0.));
#4635 = ORIENTED_EDGE('',*,*,#4636,.F.);
#4636 = EDGE_CURVE('',#4598,#4629,#4637,.T.);
#4637 = LINE('',#4638,#4639);
#4638 = CARTESIAN_POINT('',(-3.1,-2.8,2.));
#4639 = VECTOR('',#4640,1.);
#4640 = DIRECTION('',(0.,1.,0.));
#4641 = ORIENTED_EDGE('',*,*,#4597,.T.);
#4642 = ORIENTED_EDGE('',*,*,#4215,.F.);
#4643 = ORIENTED_EDGE('',*,*,#4310,.F.);
#4644 = FACE_BOUND('',#4645,.F.);
#4645 = EDGE_LOOP('',(#4646,#4656,#4664,#4672));
#4646 = ORIENTED_EDGE('',*,*,#4647,.F.);
#4647 = EDGE_CURVE('',#4648,#4650,#4652,.T.);
#4648 = VERTEX_POINT('',#4649);
#4649 = CARTESIAN_POINT('',(-3.1,2.375,1.05));
#4650 = VERTEX_POINT('',#4651);
#4651 = CARTESIAN_POINT('',(-3.1,2.375,1.3));
#4652 = LINE('',#4653,#4654);
#4653 = CARTESIAN_POINT('',(-3.1,2.375,1.05));
#4654 = VECTOR('',#4655,1.);
#4655 = DIRECTION('',(0.,0.,1.));
#4656 = ORIENTED_EDGE('',*,*,#4657,.T.);
#4657 = EDGE_CURVE('',#4648,#4658,#4660,.T.);
#4658 = VERTEX_POINT('',#4659);
#4659 = CARTESIAN_POINT('',(-3.1,1.625,1.05));
#4660 = LINE('',#4661,#4662);
#4661 = CARTESIAN_POINT('',(-3.1,2.375,1.05));
#4662 = VECTOR('',#4663,1.);
#4663 = DIRECTION('',(-1.224646799147E-16,-1.,0.));
#4664 = ORIENTED_EDGE('',*,*,#4665,.T.);
#4665 = EDGE_CURVE('',#4658,#4666,#4668,.T.);
#4666 = VERTEX_POINT('',#4667);
#4667 = CARTESIAN_POINT('',(-3.1,1.625,1.3));
#4668 = LINE('',#4669,#4670);
#4669 = CARTESIAN_POINT('',(-3.1,1.625,1.05));
#4670 = VECTOR('',#4671,1.);
#4671 = DIRECTION('',(0.,0.,1.));
#4672 = ORIENTED_EDGE('',*,*,#4673,.F.);
#4673 = EDGE_CURVE('',#4650,#4666,#4674,.T.);
#4674 = LINE('',#4675,#4676);
#4675 = CARTESIAN_POINT('',(-3.1,2.375,1.3));
#4676 = VECTOR('',#4677,1.);
#4677 = DIRECTION('',(-1.224646799147E-16,-1.,0.));
#4678 = FACE_BOUND('',#4679,.F.);
#4679 = EDGE_LOOP('',(#4680,#4690,#4698,#4706));
#4680 = ORIENTED_EDGE('',*,*,#4681,.F.);
#4681 = EDGE_CURVE('',#4682,#4684,#4686,.T.);
#4682 = VERTEX_POINT('',#4683);
#4683 = CARTESIAN_POINT('',(-3.1,-1.625,1.05));
#4684 = VERTEX_POINT('',#4685);
#4685 = CARTESIAN_POINT('',(-3.1,-1.625,1.3));
#4686 = LINE('',#4687,#4688);
#4687 = CARTESIAN_POINT('',(-3.1,-1.625,1.05));
#4688 = VECTOR('',#4689,1.);
#4689 = DIRECTION('',(0.,0.,1.));
#4690 = ORIENTED_EDGE('',*,*,#4691,.T.);
#4691 = EDGE_CURVE('',#4682,#4692,#4694,.T.);
#4692 = VERTEX_POINT('',#4693);
#4693 = CARTESIAN_POINT('',(-3.1,-2.375,1.05));
#4694 = LINE('',#4695,#4696);
#4695 = CARTESIAN_POINT('',(-3.1,-1.625,1.05));
#4696 = VECTOR('',#4697,1.);
#4697 = DIRECTION('',(-1.224646799147E-16,-1.,0.));
#4698 = ORIENTED_EDGE('',*,*,#4699,.T.);
#4699 = EDGE_CURVE('',#4692,#4700,#4702,.T.);
#4700 = VERTEX_POINT('',#4701);
#4701 = CARTESIAN_POINT('',(-3.1,-2.375,1.3));
#4702 = LINE('',#4703,#4704);
#4703 = CARTESIAN_POINT('',(-3.1,-2.375,1.05));
#4704 = VECTOR('',#4705,1.);
#4705 = DIRECTION('',(0.,0.,1.));
#4706 = ORIENTED_EDGE('',*,*,#4707,.F.);
#4707 = EDGE_CURVE('',#4684,#4700,#4708,.T.);
#4708 = LINE('',#4709,#4710);
#4709 = CARTESIAN_POINT('',(-3.1,-1.625,1.3));
#4710 = VECTOR('',#4711,1.);
#4711 = DIRECTION('',(-1.224646799147E-16,-1.,0.));
#4712 = PLANE('',#4713);
#4713 = AXIS2_PLACEMENT_3D('',#4714,#4715,#4716);
#4714 = CARTESIAN_POINT('',(-3.1,2.8,0.1));
#4715 = DIRECTION('',(1.,0.,0.));
#4716 = DIRECTION('',(0.,-1.,0.));
#4717 = ADVANCED_FACE('',(#4718),#4777,.F.);
#4718 = FACE_BOUND('',#4719,.F.);
#4719 = EDGE_LOOP('',(#4720,#4721,#4722,#4730,#4738,#4746,#4754,#4762,
    #4770,#4776));
#4720 = ORIENTED_EDGE('',*,*,#4302,.F.);
#4721 = ORIENTED_EDGE('',*,*,#4349,.T.);
#4722 = ORIENTED_EDGE('',*,*,#4723,.T.);
#4723 = EDGE_CURVE('',#4342,#4724,#4726,.T.);
#4724 = VERTEX_POINT('',#4725);
#4725 = CARTESIAN_POINT('',(2.3,2.8,2.));
#4726 = LINE('',#4727,#4728);
#4727 = CARTESIAN_POINT('',(3.1,2.8,2.));
#4728 = VECTOR('',#4729,1.);
#4729 = DIRECTION('',(-1.,0.,0.));
#4730 = ORIENTED_EDGE('',*,*,#4731,.T.);
#4731 = EDGE_CURVE('',#4724,#4732,#4734,.T.);
#4732 = VERTEX_POINT('',#4733);
#4733 = CARTESIAN_POINT('',(2.05,2.8,2.));
#4734 = LINE('',#4735,#4736);
#4735 = CARTESIAN_POINT('',(3.1,2.8,2.));
#4736 = VECTOR('',#4737,1.);
#4737 = DIRECTION('',(-1.,0.,0.));
#4738 = ORIENTED_EDGE('',*,*,#4739,.T.);
#4739 = EDGE_CURVE('',#4732,#4740,#4742,.T.);
#4740 = VERTEX_POINT('',#4741);
#4741 = CARTESIAN_POINT('',(2.05,2.8,0.8));
#4742 = LINE('',#4743,#4744);
#4743 = CARTESIAN_POINT('',(2.05,2.8,2.));
#4744 = VECTOR('',#4745,1.);
#4745 = DIRECTION('',(0.,0.,-1.));
#4746 = ORIENTED_EDGE('',*,*,#4747,.T.);
#4747 = EDGE_CURVE('',#4740,#4748,#4750,.T.);
#4748 = VERTEX_POINT('',#4749);
#4749 = CARTESIAN_POINT('',(-2.05,2.8,0.8));
#4750 = LINE('',#4751,#4752);
#4751 = CARTESIAN_POINT('',(2.05,2.8,0.8));
#4752 = VECTOR('',#4753,1.);
#4753 = DIRECTION('',(-1.,1.110223024625E-16,0.));
#4754 = ORIENTED_EDGE('',*,*,#4755,.F.);
#4755 = EDGE_CURVE('',#4756,#4748,#4758,.T.);
#4756 = VERTEX_POINT('',#4757);
#4757 = CARTESIAN_POINT('',(-2.05,2.8,2.));
#4758 = LINE('',#4759,#4760);
#4759 = CARTESIAN_POINT('',(-2.05,2.8,2.));
#4760 = VECTOR('',#4761,1.);
#4761 = DIRECTION('',(0.,0.,-1.));
#4762 = ORIENTED_EDGE('',*,*,#4763,.T.);
#4763 = EDGE_CURVE('',#4756,#4764,#4766,.T.);
#4764 = VERTEX_POINT('',#4765);
#4765 = CARTESIAN_POINT('',(-2.3,2.8,2.));
#4766 = LINE('',#4767,#4768);
#4767 = CARTESIAN_POINT('',(3.1,2.8,2.));
#4768 = VECTOR('',#4769,1.);
#4769 = DIRECTION('',(-1.,0.,0.));
#4770 = ORIENTED_EDGE('',*,*,#4771,.T.);
#4771 = EDGE_CURVE('',#4764,#4621,#4772,.T.);
#4772 = LINE('',#4773,#4774);
#4773 = CARTESIAN_POINT('',(3.1,2.8,2.));
#4774 = VECTOR('',#4775,1.);
#4775 = DIRECTION('',(-1.,0.,0.));
#4776 = ORIENTED_EDGE('',*,*,#4620,.F.);
#4777 = PLANE('',#4778);
#4778 = AXIS2_PLACEMENT_3D('',#4779,#4780,#4781);
#4779 = CARTESIAN_POINT('',(3.1,2.8,0.1));
#4780 = DIRECTION('',(0.,-1.,0.));
#4781 = DIRECTION('',(-1.,0.,0.));
#4782 = ADVANCED_FACE('',(#4783),#4808,.T.);
#4783 = FACE_BOUND('',#4784,.T.);
#4784 = EDGE_LOOP('',(#4785,#4795,#4801,#4802));
#4785 = ORIENTED_EDGE('',*,*,#4786,.F.);
#4786 = EDGE_CURVE('',#4787,#4789,#4791,.T.);
#4787 = VERTEX_POINT('',#4788);
#4788 = CARTESIAN_POINT('',(3.1,-2.,2.7));
#4789 = VERTEX_POINT('',#4790);
#4790 = CARTESIAN_POINT('',(3.1,2.,2.7));
#4791 = LINE('',#4792,#4793);
#4792 = CARTESIAN_POINT('',(3.1,-2.8,2.7));
#4793 = VECTOR('',#4794,1.);
#4794 = DIRECTION('',(0.,1.,0.));
#4795 = ORIENTED_EDGE('',*,*,#4796,.F.);
#4796 = EDGE_CURVE('',#4326,#4787,#4797,.T.);
#4797 = LINE('',#4798,#4799);
#4798 = CARTESIAN_POINT('',(3.1,-2.,2.));
#4799 = VECTOR('',#4800,1.);
#4800 = DIRECTION('',(0.,0.,1.));
#4801 = ORIENTED_EDGE('',*,*,#4333,.T.);
#4802 = ORIENTED_EDGE('',*,*,#4803,.T.);
#4803 = EDGE_CURVE('',#4334,#4789,#4804,.T.);
#4804 = LINE('',#4805,#4806);
#4805 = CARTESIAN_POINT('',(3.1,2.,2.));
#4806 = VECTOR('',#4807,1.);
#4807 = DIRECTION('',(0.,0.,1.));
#4808 = PLANE('',#4809);
#4809 = AXIS2_PLACEMENT_3D('',#4810,#4811,#4812);
#4810 = CARTESIAN_POINT('',(3.1,-2.8,2.));
#4811 = DIRECTION('',(1.,0.,0.));
#4812 = DIRECTION('',(0.,0.,1.));
#4813 = ADVANCED_FACE('',(#4814),#4824,.T.);
#4814 = FACE_BOUND('',#4815,.T.);
#4815 = EDGE_LOOP('',(#4816,#4822,#4823));
#4816 = ORIENTED_EDGE('',*,*,#4817,.F.);
#4817 = EDGE_CURVE('',#4334,#4724,#4818,.T.);
#4818 = LINE('',#4819,#4820);
#4819 = CARTESIAN_POINT('',(2.55,2.55,2.));
#4820 = VECTOR('',#4821,1.);
#4821 = DIRECTION('',(-0.707106781187,0.707106781187,0.));
#4822 = ORIENTED_EDGE('',*,*,#4341,.T.);
#4823 = ORIENTED_EDGE('',*,*,#4723,.T.);
#4824 = PLANE('',#4825);
#4825 = AXIS2_PLACEMENT_3D('',#4826,#4827,#4828);
#4826 = CARTESIAN_POINT('',(0.,0.,2.));
#4827 = DIRECTION('',(0.,0.,1.));
#4828 = DIRECTION('',(1.,0.,-0.));
#4829 = ADVANCED_FACE('',(#4830),#4923,.F.);
#4830 = FACE_BOUND('',#4831,.F.);
#4831 = EDGE_LOOP('',(#4832,#4842,#4851,#4859,#4868,#4874,#4875,#4883,
    #4892,#4900,#4909,#4917));
#4832 = ORIENTED_EDGE('',*,*,#4833,.T.);
#4833 = EDGE_CURVE('',#4834,#4836,#4838,.T.);
#4834 = VERTEX_POINT('',#4835);
#4835 = CARTESIAN_POINT('',(5.,-2.375,0.));
#4836 = VERTEX_POINT('',#4837);
#4837 = CARTESIAN_POINT('',(4.066372216918,-2.375,0.));
#4838 = LINE('',#4839,#4840);
#4839 = CARTESIAN_POINT('',(5.,-2.375,0.));
#4840 = VECTOR('',#4841,1.);
#4841 = DIRECTION('',(-1.,0.,0.));
#4842 = ORIENTED_EDGE('',*,*,#4843,.T.);
#4843 = EDGE_CURVE('',#4836,#4844,#4846,.T.);
#4844 = VERTEX_POINT('',#4845);
#4845 = CARTESIAN_POINT('',(3.729025148042,-2.375,0.256742533163));
#4846 = CIRCLE('',#4847,0.35);
#4847 = AXIS2_PLACEMENT_3D('',#4848,#4849,#4850);
#4848 = CARTESIAN_POINT('',(4.066372216918,-2.375,0.35));
#4849 = DIRECTION('',(0.,1.,0.));
#4850 = DIRECTION('',(-9.51619735393E-16,0.,-1.));
#4851 = ORIENTED_EDGE('',*,*,#4852,.T.);
#4852 = EDGE_CURVE('',#4844,#4853,#4855,.T.);
#4853 = VERTEX_POINT('',#4854);
#4854 = CARTESIAN_POINT('',(3.530012659904,-2.375,0.976644990525));
#4855 = LINE('',#4856,#4857);
#4856 = CARTESIAN_POINT('',(3.729025148042,-2.375,0.256742533163));
#4857 = VECTOR('',#4858,1.);
#4858 = DIRECTION('',(-0.266449905247,0.,0.963848768217));
#4859 = ORIENTED_EDGE('',*,*,#4860,.T.);
#4860 = EDGE_CURVE('',#4853,#4861,#4863,.T.);
#4861 = VERTEX_POINT('',#4862);
#4862 = CARTESIAN_POINT('',(3.433627783082,-2.375,1.05));
#4863 = CIRCLE('',#4864,0.1);
#4864 = AXIS2_PLACEMENT_3D('',#4865,#4866,#4867);
#4865 = CARTESIAN_POINT('',(3.433627783082,-2.375,0.95));
#4866 = DIRECTION('',(0.,-1.,0.));
#4867 = DIRECTION('',(0.963848768217,0.,0.266449905247));
#4868 = ORIENTED_EDGE('',*,*,#4869,.T.);
#4869 = EDGE_CURVE('',#4861,#4359,#4870,.T.);
#4870 = LINE('',#4871,#4872);
#4871 = CARTESIAN_POINT('',(3.433627783082,-2.375,1.05));
#4872 = VECTOR('',#4873,1.);
#4873 = DIRECTION('',(-1.,0.,-6.655459053009E-16));
#4874 = ORIENTED_EDGE('',*,*,#4358,.T.);
#4875 = ORIENTED_EDGE('',*,*,#4876,.T.);
#4876 = EDGE_CURVE('',#4361,#4877,#4879,.T.);
#4877 = VERTEX_POINT('',#4878);
#4878 = CARTESIAN_POINT('',(3.433627783082,-2.375,1.3));
#4879 = LINE('',#4880,#4881);
#4880 = CARTESIAN_POINT('',(3.1,-2.375,1.3));
#4881 = VECTOR('',#4882,1.);
#4882 = DIRECTION('',(1.,0.,6.655459053009E-16));
#4883 = ORIENTED_EDGE('',*,*,#4884,.T.);
#4884 = EDGE_CURVE('',#4877,#4885,#4887,.T.);
#4885 = VERTEX_POINT('',#4886);
#4886 = CARTESIAN_POINT('',(3.770974851958,-2.375,1.043257466837));
#4887 = CIRCLE('',#4888,0.35);
#4888 = AXIS2_PLACEMENT_3D('',#4889,#4890,#4891);
#4889 = CARTESIAN_POINT('',(3.433627783082,-2.375,0.95));
#4890 = DIRECTION('',(0.,1.,-0.));
#4891 = DIRECTION('',(-6.344131569287E-16,0.,1.));
#4892 = ORIENTED_EDGE('',*,*,#4893,.T.);
#4893 = EDGE_CURVE('',#4885,#4894,#4896,.T.);
#4894 = VERTEX_POINT('',#4895);
#4895 = CARTESIAN_POINT('',(3.969987340096,-2.375,0.323355009475));
#4896 = LINE('',#4897,#4898);
#4897 = CARTESIAN_POINT('',(3.770974851958,-2.375,1.043257466837));
#4898 = VECTOR('',#4899,1.);
#4899 = DIRECTION('',(0.266449905247,0.,-0.963848768217));
#4900 = ORIENTED_EDGE('',*,*,#4901,.T.);
#4901 = EDGE_CURVE('',#4894,#4902,#4904,.T.);
#4902 = VERTEX_POINT('',#4903);
#4903 = CARTESIAN_POINT('',(4.066372216918,-2.375,0.25));
#4904 = CIRCLE('',#4905,0.1);
#4905 = AXIS2_PLACEMENT_3D('',#4906,#4907,#4908);
#4906 = CARTESIAN_POINT('',(4.066372216918,-2.375,0.35));
#4907 = DIRECTION('',(0.,-1.,0.));
#4908 = DIRECTION('',(-0.963848768217,-0.,-0.266449905247));
#4909 = ORIENTED_EDGE('',*,*,#4910,.T.);
#4910 = EDGE_CURVE('',#4902,#4911,#4913,.T.);
#4911 = VERTEX_POINT('',#4912);
#4912 = CARTESIAN_POINT('',(5.,-2.375,0.25));
#4913 = LINE('',#4914,#4915);
#4914 = CARTESIAN_POINT('',(4.066372216918,-2.375,0.25));
#4915 = VECTOR('',#4916,1.);
#4916 = DIRECTION('',(1.,0.,-5.945747570621E-17));
#4917 = ORIENTED_EDGE('',*,*,#4918,.T.);
#4918 = EDGE_CURVE('',#4911,#4834,#4919,.T.);
#4919 = LINE('',#4920,#4921);
#4920 = CARTESIAN_POINT('',(5.,-2.375,0.25));
#4921 = VECTOR('',#4922,1.);
#4922 = DIRECTION('',(0.,0.,-1.));
#4923 = PLANE('',#4924);
#4924 = AXIS2_PLACEMENT_3D('',#4925,#4926,#4927);
#4925 = CARTESIAN_POINT('',(3.976707834798,-2.375,0.539282220215));
#4926 = DIRECTION('',(0.,1.,0.));
#4927 = DIRECTION('',(0.,-0.,1.));
#4928 = ADVANCED_FACE('',(#4929),#4947,.T.);
#4929 = FACE_BOUND('',#4930,.T.);
#4930 = EDGE_LOOP('',(#4931,#4932,#4933,#4941));
#4931 = ORIENTED_EDGE('',*,*,#4384,.F.);
#4932 = ORIENTED_EDGE('',*,*,#4876,.T.);
#4933 = ORIENTED_EDGE('',*,*,#4934,.T.);
#4934 = EDGE_CURVE('',#4877,#4935,#4937,.T.);
#4935 = VERTEX_POINT('',#4936);
#4936 = CARTESIAN_POINT('',(3.433627783082,-1.625,1.3));
#4937 = LINE('',#4938,#4939);
#4938 = CARTESIAN_POINT('',(3.433627783082,-2.375,1.3));
#4939 = VECTOR('',#4940,1.);
#4940 = DIRECTION('',(0.,1.,0.));
#4941 = ORIENTED_EDGE('',*,*,#4942,.F.);
#4942 = EDGE_CURVE('',#4377,#4935,#4943,.T.);
#4943 = LINE('',#4944,#4945);
#4944 = CARTESIAN_POINT('',(3.1,-1.625,1.3));
#4945 = VECTOR('',#4946,1.);
#4946 = DIRECTION('',(1.,0.,6.655459053009E-16));
#4947 = PLANE('',#4948);
#4948 = AXIS2_PLACEMENT_3D('',#4949,#4950,#4951);
#4949 = CARTESIAN_POINT('',(3.1,-2.,1.3));
#4950 = DIRECTION('',(-6.655459053009E-16,0.,1.));
#4951 = DIRECTION('',(1.,0.,6.655459053009E-16));
#4952 = ADVANCED_FACE('',(#4953),#5039,.T.);
#4953 = FACE_BOUND('',#4954,.T.);
#4954 = EDGE_LOOP('',(#4955,#4965,#4974,#4982,#4991,#4997,#4998,#4999,
    #5008,#5016,#5025,#5033));
#4955 = ORIENTED_EDGE('',*,*,#4956,.T.);
#4956 = EDGE_CURVE('',#4957,#4959,#4961,.T.);
#4957 = VERTEX_POINT('',#4958);
#4958 = CARTESIAN_POINT('',(5.,-1.625,0.));
#4959 = VERTEX_POINT('',#4960);
#4960 = CARTESIAN_POINT('',(4.066372216918,-1.625,0.));
#4961 = LINE('',#4962,#4963);
#4962 = CARTESIAN_POINT('',(5.,-1.625,0.));
#4963 = VECTOR('',#4964,1.);
#4964 = DIRECTION('',(-1.,0.,0.));
#4965 = ORIENTED_EDGE('',*,*,#4966,.T.);
#4966 = EDGE_CURVE('',#4959,#4967,#4969,.T.);
#4967 = VERTEX_POINT('',#4968);
#4968 = CARTESIAN_POINT('',(3.729025148042,-1.625,0.256742533163));
#4969 = CIRCLE('',#4970,0.35);
#4970 = AXIS2_PLACEMENT_3D('',#4971,#4972,#4973);
#4971 = CARTESIAN_POINT('',(4.066372216918,-1.625,0.35));
#4972 = DIRECTION('',(0.,1.,0.));
#4973 = DIRECTION('',(-9.51619735393E-16,0.,-1.));
#4974 = ORIENTED_EDGE('',*,*,#4975,.T.);
#4975 = EDGE_CURVE('',#4967,#4976,#4978,.T.);
#4976 = VERTEX_POINT('',#4977);
#4977 = CARTESIAN_POINT('',(3.530012659904,-1.625,0.976644990525));
#4978 = LINE('',#4979,#4980);
#4979 = CARTESIAN_POINT('',(3.729025148042,-1.625,0.256742533163));
#4980 = VECTOR('',#4981,1.);
#4981 = DIRECTION('',(-0.266449905247,0.,0.963848768217));
#4982 = ORIENTED_EDGE('',*,*,#4983,.T.);
#4983 = EDGE_CURVE('',#4976,#4984,#4986,.T.);
#4984 = VERTEX_POINT('',#4985);
#4985 = CARTESIAN_POINT('',(3.433627783082,-1.625,1.05));
#4986 = CIRCLE('',#4987,0.1);
#4987 = AXIS2_PLACEMENT_3D('',#4988,#4989,#4990);
#4988 = CARTESIAN_POINT('',(3.433627783082,-1.625,0.95));
#4989 = DIRECTION('',(0.,-1.,0.));
#4990 = DIRECTION('',(0.963848768217,0.,0.266449905247));
#4991 = ORIENTED_EDGE('',*,*,#4992,.T.);
#4992 = EDGE_CURVE('',#4984,#4369,#4993,.T.);
#4993 = LINE('',#4994,#4995);
#4994 = CARTESIAN_POINT('',(3.433627783082,-1.625,1.05));
#4995 = VECTOR('',#4996,1.);
#4996 = DIRECTION('',(-1.,0.,-6.655459053009E-16));
#4997 = ORIENTED_EDGE('',*,*,#4376,.T.);
#4998 = ORIENTED_EDGE('',*,*,#4942,.T.);
#4999 = ORIENTED_EDGE('',*,*,#5000,.T.);
#5000 = EDGE_CURVE('',#4935,#5001,#5003,.T.);
#5001 = VERTEX_POINT('',#5002);
#5002 = CARTESIAN_POINT('',(3.770974851958,-1.625,1.043257466837));
#5003 = CIRCLE('',#5004,0.35);
#5004 = AXIS2_PLACEMENT_3D('',#5005,#5006,#5007);
#5005 = CARTESIAN_POINT('',(3.433627783082,-1.625,0.95));
#5006 = DIRECTION('',(0.,1.,-0.));
#5007 = DIRECTION('',(-6.344131569287E-16,0.,1.));
#5008 = ORIENTED_EDGE('',*,*,#5009,.T.);
#5009 = EDGE_CURVE('',#5001,#5010,#5012,.T.);
#5010 = VERTEX_POINT('',#5011);
#5011 = CARTESIAN_POINT('',(3.969987340096,-1.625,0.323355009475));
#5012 = LINE('',#5013,#5014);
#5013 = CARTESIAN_POINT('',(3.770974851958,-1.625,1.043257466837));
#5014 = VECTOR('',#5015,1.);
#5015 = DIRECTION('',(0.266449905247,0.,-0.963848768217));
#5016 = ORIENTED_EDGE('',*,*,#5017,.T.);
#5017 = EDGE_CURVE('',#5010,#5018,#5020,.T.);
#5018 = VERTEX_POINT('',#5019);
#5019 = CARTESIAN_POINT('',(4.066372216918,-1.625,0.25));
#5020 = CIRCLE('',#5021,0.1);
#5021 = AXIS2_PLACEMENT_3D('',#5022,#5023,#5024);
#5022 = CARTESIAN_POINT('',(4.066372216918,-1.625,0.35));
#5023 = DIRECTION('',(0.,-1.,0.));
#5024 = DIRECTION('',(-0.963848768217,-0.,-0.266449905247));
#5025 = ORIENTED_EDGE('',*,*,#5026,.T.);
#5026 = EDGE_CURVE('',#5018,#5027,#5029,.T.);
#5027 = VERTEX_POINT('',#5028);
#5028 = CARTESIAN_POINT('',(5.,-1.625,0.25));
#5029 = LINE('',#5030,#5031);
#5030 = CARTESIAN_POINT('',(4.066372216918,-1.625,0.25));
#5031 = VECTOR('',#5032,1.);
#5032 = DIRECTION('',(1.,0.,-5.945747570621E-17));
#5033 = ORIENTED_EDGE('',*,*,#5034,.T.);
#5034 = EDGE_CURVE('',#5027,#4957,#5035,.T.);
#5035 = LINE('',#5036,#5037);
#5036 = CARTESIAN_POINT('',(5.,-1.625,0.25));
#5037 = VECTOR('',#5038,1.);
#5038 = DIRECTION('',(0.,0.,-1.));
#5039 = PLANE('',#5040);
#5040 = AXIS2_PLACEMENT_3D('',#5041,#5042,#5043);
#5041 = CARTESIAN_POINT('',(3.976707834798,-1.625,0.539282220215));
#5042 = DIRECTION('',(0.,1.,0.));
#5043 = DIRECTION('',(0.,-0.,1.));
#5044 = ADVANCED_FACE('',(#5045),#5056,.T.);
#5045 = FACE_BOUND('',#5046,.T.);
#5046 = EDGE_LOOP('',(#5047,#5053,#5054,#5055));
#5047 = ORIENTED_EDGE('',*,*,#5048,.F.);
#5048 = EDGE_CURVE('',#4861,#4984,#5049,.T.);
#5049 = LINE('',#5050,#5051);
#5050 = CARTESIAN_POINT('',(3.433627783082,-2.375,1.05));
#5051 = VECTOR('',#5052,1.);
#5052 = DIRECTION('',(0.,1.,0.));
#5053 = ORIENTED_EDGE('',*,*,#4869,.T.);
#5054 = ORIENTED_EDGE('',*,*,#4368,.T.);
#5055 = ORIENTED_EDGE('',*,*,#4992,.F.);
#5056 = PLANE('',#5057);
#5057 = AXIS2_PLACEMENT_3D('',#5058,#5059,#5060);
#5058 = CARTESIAN_POINT('',(3.433627783082,-2.,1.05));
#5059 = DIRECTION('',(6.655459053009E-16,0.,-1.));
#5060 = DIRECTION('',(-1.,0.,-6.655459053009E-16));
#5061 = ADVANCED_FACE('',(#5062),#5155,.F.);
#5062 = FACE_BOUND('',#5063,.F.);
#5063 = EDGE_LOOP('',(#5064,#5074,#5083,#5091,#5100,#5106,#5107,#5115,
    #5124,#5132,#5141,#5149));
#5064 = ORIENTED_EDGE('',*,*,#5065,.T.);
#5065 = EDGE_CURVE('',#5066,#5068,#5070,.T.);
#5066 = VERTEX_POINT('',#5067);
#5067 = CARTESIAN_POINT('',(5.,1.625,0.));
#5068 = VERTEX_POINT('',#5069);
#5069 = CARTESIAN_POINT('',(4.066372216918,1.625,0.));
#5070 = LINE('',#5071,#5072);
#5071 = CARTESIAN_POINT('',(5.,1.625,0.));
#5072 = VECTOR('',#5073,1.);
#5073 = DIRECTION('',(-1.,0.,0.));
#5074 = ORIENTED_EDGE('',*,*,#5075,.T.);
#5075 = EDGE_CURVE('',#5068,#5076,#5078,.T.);
#5076 = VERTEX_POINT('',#5077);
#5077 = CARTESIAN_POINT('',(3.729025148042,1.625,0.256742533163));
#5078 = CIRCLE('',#5079,0.35);
#5079 = AXIS2_PLACEMENT_3D('',#5080,#5081,#5082);
#5080 = CARTESIAN_POINT('',(4.066372216918,1.625,0.35));
#5081 = DIRECTION('',(0.,1.,0.));
#5082 = DIRECTION('',(-9.51619735393E-16,0.,-1.));
#5083 = ORIENTED_EDGE('',*,*,#5084,.T.);
#5084 = EDGE_CURVE('',#5076,#5085,#5087,.T.);
#5085 = VERTEX_POINT('',#5086);
#5086 = CARTESIAN_POINT('',(3.530012659904,1.625,0.976644990525));
#5087 = LINE('',#5088,#5089);
#5088 = CARTESIAN_POINT('',(3.729025148042,1.625,0.256742533163));
#5089 = VECTOR('',#5090,1.);
#5090 = DIRECTION('',(-0.266449905247,0.,0.963848768217));
#5091 = ORIENTED_EDGE('',*,*,#5092,.T.);
#5092 = EDGE_CURVE('',#5085,#5093,#5095,.T.);
#5093 = VERTEX_POINT('',#5094);
#5094 = CARTESIAN_POINT('',(3.433627783082,1.625,1.05));
#5095 = CIRCLE('',#5096,0.1);
#5096 = AXIS2_PLACEMENT_3D('',#5097,#5098,#5099);
#5097 = CARTESIAN_POINT('',(3.433627783082,1.625,0.95));
#5098 = DIRECTION('',(0.,-1.,0.));
#5099 = DIRECTION('',(0.963848768217,0.,0.266449905247));
#5100 = ORIENTED_EDGE('',*,*,#5101,.T.);
#5101 = EDGE_CURVE('',#5093,#4393,#5102,.T.);
#5102 = LINE('',#5103,#5104);
#5103 = CARTESIAN_POINT('',(3.433627783082,1.625,1.05));
#5104 = VECTOR('',#5105,1.);
#5105 = DIRECTION('',(-1.,0.,-6.655459053009E-16));
#5106 = ORIENTED_EDGE('',*,*,#4392,.T.);
#5107 = ORIENTED_EDGE('',*,*,#5108,.T.);
#5108 = EDGE_CURVE('',#4395,#5109,#5111,.T.);
#5109 = VERTEX_POINT('',#5110);
#5110 = CARTESIAN_POINT('',(3.433627783082,1.625,1.3));
#5111 = LINE('',#5112,#5113);
#5112 = CARTESIAN_POINT('',(3.1,1.625,1.3));
#5113 = VECTOR('',#5114,1.);
#5114 = DIRECTION('',(1.,0.,6.655459053009E-16));
#5115 = ORIENTED_EDGE('',*,*,#5116,.T.);
#5116 = EDGE_CURVE('',#5109,#5117,#5119,.T.);
#5117 = VERTEX_POINT('',#5118);
#5118 = CARTESIAN_POINT('',(3.770974851958,1.625,1.043257466837));
#5119 = CIRCLE('',#5120,0.35);
#5120 = AXIS2_PLACEMENT_3D('',#5121,#5122,#5123);
#5121 = CARTESIAN_POINT('',(3.433627783082,1.625,0.95));
#5122 = DIRECTION('',(0.,1.,-0.));
#5123 = DIRECTION('',(-6.344131569287E-16,0.,1.));
#5124 = ORIENTED_EDGE('',*,*,#5125,.T.);
#5125 = EDGE_CURVE('',#5117,#5126,#5128,.T.);
#5126 = VERTEX_POINT('',#5127);
#5127 = CARTESIAN_POINT('',(3.969987340096,1.625,0.323355009475));
#5128 = LINE('',#5129,#5130);
#5129 = CARTESIAN_POINT('',(3.770974851958,1.625,1.043257466837));
#5130 = VECTOR('',#5131,1.);
#5131 = DIRECTION('',(0.266449905247,0.,-0.963848768217));
#5132 = ORIENTED_EDGE('',*,*,#5133,.T.);
#5133 = EDGE_CURVE('',#5126,#5134,#5136,.T.);
#5134 = VERTEX_POINT('',#5135);
#5135 = CARTESIAN_POINT('',(4.066372216918,1.625,0.25));
#5136 = CIRCLE('',#5137,0.1);
#5137 = AXIS2_PLACEMENT_3D('',#5138,#5139,#5140);
#5138 = CARTESIAN_POINT('',(4.066372216918,1.625,0.35));
#5139 = DIRECTION('',(0.,-1.,0.));
#5140 = DIRECTION('',(-0.963848768217,-0.,-0.266449905247));
#5141 = ORIENTED_EDGE('',*,*,#5142,.T.);
#5142 = EDGE_CURVE('',#5134,#5143,#5145,.T.);
#5143 = VERTEX_POINT('',#5144);
#5144 = CARTESIAN_POINT('',(5.,1.625,0.25));
#5145 = LINE('',#5146,#5147);
#5146 = CARTESIAN_POINT('',(4.066372216918,1.625,0.25));
#5147 = VECTOR('',#5148,1.);
#5148 = DIRECTION('',(1.,0.,-5.945747570621E-17));
#5149 = ORIENTED_EDGE('',*,*,#5150,.T.);
#5150 = EDGE_CURVE('',#5143,#5066,#5151,.T.);
#5151 = LINE('',#5152,#5153);
#5152 = CARTESIAN_POINT('',(5.,1.625,0.25));
#5153 = VECTOR('',#5154,1.);
#5154 = DIRECTION('',(0.,0.,-1.));
#5155 = PLANE('',#5156);
#5156 = AXIS2_PLACEMENT_3D('',#5157,#5158,#5159);
#5157 = CARTESIAN_POINT('',(3.976707834798,1.625,0.539282220215));
#5158 = DIRECTION('',(0.,1.,0.));
#5159 = DIRECTION('',(0.,-0.,1.));
#5160 = ADVANCED_FACE('',(#5161),#5179,.T.);
#5161 = FACE_BOUND('',#5162,.T.);
#5162 = EDGE_LOOP('',(#5163,#5164,#5165,#5173));
#5163 = ORIENTED_EDGE('',*,*,#4418,.F.);
#5164 = ORIENTED_EDGE('',*,*,#5108,.T.);
#5165 = ORIENTED_EDGE('',*,*,#5166,.T.);
#5166 = EDGE_CURVE('',#5109,#5167,#5169,.T.);
#5167 = VERTEX_POINT('',#5168);
#5168 = CARTESIAN_POINT('',(3.433627783082,2.375,1.3));
#5169 = LINE('',#5170,#5171);
#5170 = CARTESIAN_POINT('',(3.433627783082,1.625,1.3));
#5171 = VECTOR('',#5172,1.);
#5172 = DIRECTION('',(0.,1.,0.));
#5173 = ORIENTED_EDGE('',*,*,#5174,.F.);
#5174 = EDGE_CURVE('',#4411,#5167,#5175,.T.);
#5175 = LINE('',#5176,#5177);
#5176 = CARTESIAN_POINT('',(3.1,2.375,1.3));
#5177 = VECTOR('',#5178,1.);
#5178 = DIRECTION('',(1.,0.,6.655459053009E-16));
#5179 = PLANE('',#5180);
#5180 = AXIS2_PLACEMENT_3D('',#5181,#5182,#5183);
#5181 = CARTESIAN_POINT('',(3.1,2.,1.3));
#5182 = DIRECTION('',(-6.655459053009E-16,0.,1.));
#5183 = DIRECTION('',(1.,0.,6.655459053009E-16));
#5184 = ADVANCED_FACE('',(#5185),#5271,.T.);
#5185 = FACE_BOUND('',#5186,.T.);
#5186 = EDGE_LOOP('',(#5187,#5197,#5206,#5214,#5223,#5229,#5230,#5231,
    #5240,#5248,#5257,#5265));
#5187 = ORIENTED_EDGE('',*,*,#5188,.T.);
#5188 = EDGE_CURVE('',#5189,#5191,#5193,.T.);
#5189 = VERTEX_POINT('',#5190);
#5190 = CARTESIAN_POINT('',(5.,2.375,0.));
#5191 = VERTEX_POINT('',#5192);
#5192 = CARTESIAN_POINT('',(4.066372216918,2.375,0.));
#5193 = LINE('',#5194,#5195);
#5194 = CARTESIAN_POINT('',(5.,2.375,0.));
#5195 = VECTOR('',#5196,1.);
#5196 = DIRECTION('',(-1.,0.,0.));
#5197 = ORIENTED_EDGE('',*,*,#5198,.T.);
#5198 = EDGE_CURVE('',#5191,#5199,#5201,.T.);
#5199 = VERTEX_POINT('',#5200);
#5200 = CARTESIAN_POINT('',(3.729025148042,2.375,0.256742533163));
#5201 = CIRCLE('',#5202,0.35);
#5202 = AXIS2_PLACEMENT_3D('',#5203,#5204,#5205);
#5203 = CARTESIAN_POINT('',(4.066372216918,2.375,0.35));
#5204 = DIRECTION('',(0.,1.,0.));
#5205 = DIRECTION('',(-9.51619735393E-16,0.,-1.));
#5206 = ORIENTED_EDGE('',*,*,#5207,.T.);
#5207 = EDGE_CURVE('',#5199,#5208,#5210,.T.);
#5208 = VERTEX_POINT('',#5209);
#5209 = CARTESIAN_POINT('',(3.530012659904,2.375,0.976644990525));
#5210 = LINE('',#5211,#5212);
#5211 = CARTESIAN_POINT('',(3.729025148042,2.375,0.256742533163));
#5212 = VECTOR('',#5213,1.);
#5213 = DIRECTION('',(-0.266449905247,0.,0.963848768217));
#5214 = ORIENTED_EDGE('',*,*,#5215,.T.);
#5215 = EDGE_CURVE('',#5208,#5216,#5218,.T.);
#5216 = VERTEX_POINT('',#5217);
#5217 = CARTESIAN_POINT('',(3.433627783082,2.375,1.05));
#5218 = CIRCLE('',#5219,0.1);
#5219 = AXIS2_PLACEMENT_3D('',#5220,#5221,#5222);
#5220 = CARTESIAN_POINT('',(3.433627783082,2.375,0.95));
#5221 = DIRECTION('',(0.,-1.,0.));
#5222 = DIRECTION('',(0.963848768217,0.,0.266449905247));
#5223 = ORIENTED_EDGE('',*,*,#5224,.T.);
#5224 = EDGE_CURVE('',#5216,#4403,#5225,.T.);
#5225 = LINE('',#5226,#5227);
#5226 = CARTESIAN_POINT('',(3.433627783082,2.375,1.05));
#5227 = VECTOR('',#5228,1.);
#5228 = DIRECTION('',(-1.,0.,-6.655459053009E-16));
#5229 = ORIENTED_EDGE('',*,*,#4410,.T.);
#5230 = ORIENTED_EDGE('',*,*,#5174,.T.);
#5231 = ORIENTED_EDGE('',*,*,#5232,.T.);
#5232 = EDGE_CURVE('',#5167,#5233,#5235,.T.);
#5233 = VERTEX_POINT('',#5234);
#5234 = CARTESIAN_POINT('',(3.770974851958,2.375,1.043257466837));
#5235 = CIRCLE('',#5236,0.35);
#5236 = AXIS2_PLACEMENT_3D('',#5237,#5238,#5239);
#5237 = CARTESIAN_POINT('',(3.433627783082,2.375,0.95));
#5238 = DIRECTION('',(0.,1.,-0.));
#5239 = DIRECTION('',(-6.344131569287E-16,0.,1.));
#5240 = ORIENTED_EDGE('',*,*,#5241,.T.);
#5241 = EDGE_CURVE('',#5233,#5242,#5244,.T.);
#5242 = VERTEX_POINT('',#5243);
#5243 = CARTESIAN_POINT('',(3.969987340096,2.375,0.323355009475));
#5244 = LINE('',#5245,#5246);
#5245 = CARTESIAN_POINT('',(3.770974851958,2.375,1.043257466837));
#5246 = VECTOR('',#5247,1.);
#5247 = DIRECTION('',(0.266449905247,0.,-0.963848768217));
#5248 = ORIENTED_EDGE('',*,*,#5249,.T.);
#5249 = EDGE_CURVE('',#5242,#5250,#5252,.T.);
#5250 = VERTEX_POINT('',#5251);
#5251 = CARTESIAN_POINT('',(4.066372216918,2.375,0.25));
#5252 = CIRCLE('',#5253,0.1);
#5253 = AXIS2_PLACEMENT_3D('',#5254,#5255,#5256);
#5254 = CARTESIAN_POINT('',(4.066372216918,2.375,0.35));
#5255 = DIRECTION('',(0.,-1.,0.));
#5256 = DIRECTION('',(-0.963848768217,-0.,-0.266449905247));
#5257 = ORIENTED_EDGE('',*,*,#5258,.T.);
#5258 = EDGE_CURVE('',#5250,#5259,#5261,.T.);
#5259 = VERTEX_POINT('',#5260);
#5260 = CARTESIAN_POINT('',(5.,2.375,0.25));
#5261 = LINE('',#5262,#5263);
#5262 = CARTESIAN_POINT('',(4.066372216918,2.375,0.25));
#5263 = VECTOR('',#5264,1.);
#5264 = DIRECTION('',(1.,0.,-5.945747570621E-17));
#5265 = ORIENTED_EDGE('',*,*,#5266,.T.);
#5266 = EDGE_CURVE('',#5259,#5189,#5267,.T.);
#5267 = LINE('',#5268,#5269);
#5268 = CARTESIAN_POINT('',(5.,2.375,0.25));
#5269 = VECTOR('',#5270,1.);
#5270 = DIRECTION('',(0.,0.,-1.));
#5271 = PLANE('',#5272);
#5272 = AXIS2_PLACEMENT_3D('',#5273,#5274,#5275);
#5273 = CARTESIAN_POINT('',(3.976707834798,2.375,0.539282220215));
#5274 = DIRECTION('',(0.,1.,0.));
#5275 = DIRECTION('',(0.,-0.,1.));
#5276 = ADVANCED_FACE('',(#5277),#5288,.T.);
#5277 = FACE_BOUND('',#5278,.T.);
#5278 = EDGE_LOOP('',(#5279,#5285,#5286,#5287));
#5279 = ORIENTED_EDGE('',*,*,#5280,.F.);
#5280 = EDGE_CURVE('',#5093,#5216,#5281,.T.);
#5281 = LINE('',#5282,#5283);
#5282 = CARTESIAN_POINT('',(3.433627783082,1.625,1.05));
#5283 = VECTOR('',#5284,1.);
#5284 = DIRECTION('',(0.,1.,0.));
#5285 = ORIENTED_EDGE('',*,*,#5101,.T.);
#5286 = ORIENTED_EDGE('',*,*,#4402,.T.);
#5287 = ORIENTED_EDGE('',*,*,#5224,.F.);
#5288 = PLANE('',#5289);
#5289 = AXIS2_PLACEMENT_3D('',#5290,#5291,#5292);
#5290 = CARTESIAN_POINT('',(3.433627783082,2.,1.05));
#5291 = DIRECTION('',(6.655459053009E-16,0.,-1.));
#5292 = DIRECTION('',(-1.,0.,-6.655459053009E-16));
#5293 = ADVANCED_FACE('',(#5294),#5321,.T.);
#5294 = FACE_BOUND('',#5295,.T.);
#5295 = EDGE_LOOP('',(#5296,#5297,#5298,#5306,#5314,#5320));
#5296 = ORIENTED_EDGE('',*,*,#4488,.F.);
#5297 = ORIENTED_EDGE('',*,*,#4583,.F.);
#5298 = ORIENTED_EDGE('',*,*,#5299,.F.);
#5299 = EDGE_CURVE('',#5300,#4576,#5302,.T.);
#5300 = VERTEX_POINT('',#5301);
#5301 = CARTESIAN_POINT('',(-2.05,-3.125,2.));
#5302 = LINE('',#5303,#5304);
#5303 = CARTESIAN_POINT('',(-2.05,-3.125,2.));
#5304 = VECTOR('',#5305,1.);
#5305 = DIRECTION('',(2.22044604925E-16,1.,0.));
#5306 = ORIENTED_EDGE('',*,*,#5307,.F.);
#5307 = EDGE_CURVE('',#5308,#5300,#5310,.T.);
#5308 = VERTEX_POINT('',#5309);
#5309 = CARTESIAN_POINT('',(2.05,-3.125,2.));
#5310 = LINE('',#5311,#5312);
#5311 = CARTESIAN_POINT('',(2.05,-3.125,2.));
#5312 = VECTOR('',#5313,1.);
#5313 = DIRECTION('',(-1.,2.22044604925E-16,0.));
#5314 = ORIENTED_EDGE('',*,*,#5315,.T.);
#5315 = EDGE_CURVE('',#5308,#4528,#5316,.T.);
#5316 = LINE('',#5317,#5318);
#5317 = CARTESIAN_POINT('',(2.05,-3.125,2.));
#5318 = VECTOR('',#5319,1.);
#5319 = DIRECTION('',(2.22044604925E-16,1.,0.));
#5320 = ORIENTED_EDGE('',*,*,#4535,.T.);
#5321 = PLANE('',#5322);
#5322 = AXIS2_PLACEMENT_3D('',#5323,#5324,#5325);
#5323 = CARTESIAN_POINT('',(0.,0.,2.));
#5324 = DIRECTION('',(0.,0.,1.));
#5325 = DIRECTION('',(1.,0.,-0.));
#5326 = ADVANCED_FACE('',(#5327),#5345,.T.);
#5327 = FACE_BOUND('',#5328,.F.);
#5328 = EDGE_LOOP('',(#5329,#5330,#5338,#5344));
#5329 = ORIENTED_EDGE('',*,*,#4606,.F.);
#5330 = ORIENTED_EDGE('',*,*,#5331,.T.);
#5331 = EDGE_CURVE('',#4598,#5332,#5334,.T.);
#5332 = VERTEX_POINT('',#5333);
#5333 = CARTESIAN_POINT('',(-3.1,-2.,2.7));
#5334 = LINE('',#5335,#5336);
#5335 = CARTESIAN_POINT('',(-3.1,-2.,2.));
#5336 = VECTOR('',#5337,1.);
#5337 = DIRECTION('',(0.,0.,1.));
#5338 = ORIENTED_EDGE('',*,*,#5339,.T.);
#5339 = EDGE_CURVE('',#5332,#4434,#5340,.T.);
#5340 = LINE('',#5341,#5342);
#5341 = CARTESIAN_POINT('',(-2.7,-2.4,2.7));
#5342 = VECTOR('',#5343,1.);
#5343 = DIRECTION('',(0.707106781187,-0.707106781187,0.));
#5344 = ORIENTED_EDGE('',*,*,#4433,.F.);
#5345 = PLANE('',#5346);
#5346 = AXIS2_PLACEMENT_3D('',#5347,#5348,#5349);
#5347 = CARTESIAN_POINT('',(-2.7,-2.4,2.));
#5348 = DIRECTION('',(-0.707106781187,-0.707106781187,
    -6.983161618624E-18));
#5349 = DIRECTION('',(4.93784093465E-18,4.93784093465E-18,-1.));
#5350 = ADVANCED_FACE('',(#5351),#5362,.F.);
#5351 = FACE_BOUND('',#5352,.T.);
#5352 = EDGE_LOOP('',(#5353,#5354,#5355,#5361));
#5353 = ORIENTED_EDGE('',*,*,#4502,.F.);
#5354 = ORIENTED_EDGE('',*,*,#4796,.T.);
#5355 = ORIENTED_EDGE('',*,*,#5356,.T.);
#5356 = EDGE_CURVE('',#4787,#4474,#5357,.T.);
#5357 = LINE('',#5358,#5359);
#5358 = CARTESIAN_POINT('',(1.15,-3.95,2.7));
#5359 = VECTOR('',#5360,1.);
#5360 = DIRECTION('',(-0.707106781187,-0.707106781187,0.));
#5361 = ORIENTED_EDGE('',*,*,#4481,.F.);
#5362 = PLANE('',#5363);
#5363 = AXIS2_PLACEMENT_3D('',#5364,#5365,#5366);
#5364 = CARTESIAN_POINT('',(2.7,-2.4,2.));
#5365 = DIRECTION('',(-0.707106781187,0.707106781187,6.983161618624E-18)
  );
#5366 = DIRECTION('',(-4.93784093465E-18,4.93784093465E-18,-1.));
#5367 = ADVANCED_FACE('',(#5368),#5410,.F.);
#5368 = FACE_BOUND('',#5369,.F.);
#5369 = EDGE_LOOP('',(#5370,#5378,#5386,#5394,#5402,#5408,#5409));
#5370 = ORIENTED_EDGE('',*,*,#5371,.T.);
#5371 = EDGE_CURVE('',#5332,#5372,#5374,.T.);
#5372 = VERTEX_POINT('',#5373);
#5373 = CARTESIAN_POINT('',(-3.1,-2.8,2.7));
#5374 = LINE('',#5375,#5376);
#5375 = CARTESIAN_POINT('',(-3.1,2.8,2.7));
#5376 = VECTOR('',#5377,1.);
#5377 = DIRECTION('',(0.,-1.,0.));
#5378 = ORIENTED_EDGE('',*,*,#5379,.T.);
#5379 = EDGE_CURVE('',#5372,#5380,#5382,.T.);
#5380 = VERTEX_POINT('',#5381);
#5381 = CARTESIAN_POINT('',(-2.7,-2.8,2.7));
#5382 = LINE('',#5383,#5384);
#5383 = CARTESIAN_POINT('',(-3.1,-2.8,2.7));
#5384 = VECTOR('',#5385,1.);
#5385 = DIRECTION('',(1.,0.,0.));
#5386 = ORIENTED_EDGE('',*,*,#5387,.F.);
#5387 = EDGE_CURVE('',#5388,#5380,#5390,.T.);
#5388 = VERTEX_POINT('',#5389);
#5389 = CARTESIAN_POINT('',(-2.7,-2.925,2.7));
#5390 = LINE('',#5391,#5392);
#5391 = CARTESIAN_POINT('',(-2.7,-3.125,2.7));
#5392 = VECTOR('',#5393,1.);
#5393 = DIRECTION('',(2.22044604925E-16,1.,0.));
#5394 = ORIENTED_EDGE('',*,*,#5395,.F.);
#5395 = EDGE_CURVE('',#5396,#5388,#5398,.T.);
#5396 = VERTEX_POINT('',#5397);
#5397 = CARTESIAN_POINT('',(-2.05,-2.925,2.7));
#5398 = LINE('',#5399,#5400);
#5399 = CARTESIAN_POINT('',(-2.05,-2.925,2.7));
#5400 = VECTOR('',#5401,1.);
#5401 = DIRECTION('',(-1.,2.22044604925E-16,0.));
#5402 = ORIENTED_EDGE('',*,*,#5403,.T.);
#5403 = EDGE_CURVE('',#5396,#4442,#5404,.T.);
#5404 = LINE('',#5405,#5406);
#5405 = CARTESIAN_POINT('',(-2.05,-3.125,2.7));
#5406 = VECTOR('',#5407,1.);
#5407 = DIRECTION('',(2.22044604925E-16,1.,0.));
#5408 = ORIENTED_EDGE('',*,*,#4441,.F.);
#5409 = ORIENTED_EDGE('',*,*,#5339,.F.);
#5410 = PLANE('',#5411);
#5411 = AXIS2_PLACEMENT_3D('',#5412,#5413,#5414);
#5412 = CARTESIAN_POINT('',(0.,0.,2.7));
#5413 = DIRECTION('',(0.,0.,1.));
#5414 = DIRECTION('',(1.,0.,-0.));
#5415 = ADVANCED_FACE('',(#5416),#5441,.F.);
#5416 = FACE_BOUND('',#5417,.F.);
#5417 = EDGE_LOOP('',(#5418,#5419,#5427,#5435));
#5418 = ORIENTED_EDGE('',*,*,#4449,.F.);
#5419 = ORIENTED_EDGE('',*,*,#5420,.T.);
#5420 = EDGE_CURVE('',#4442,#5421,#5423,.T.);
#5421 = VERTEX_POINT('',#5422);
#5422 = CARTESIAN_POINT('',(-2.05,-2.8,2.9));
#5423 = LINE('',#5424,#5425);
#5424 = CARTESIAN_POINT('',(-2.05,-2.8,2.7));
#5425 = VECTOR('',#5426,1.);
#5426 = DIRECTION('',(0.,0.,1.));
#5427 = ORIENTED_EDGE('',*,*,#5428,.T.);
#5428 = EDGE_CURVE('',#5421,#5429,#5431,.T.);
#5429 = VERTEX_POINT('',#5430);
#5430 = CARTESIAN_POINT('',(-1.61,-2.8,2.9));
#5431 = LINE('',#5432,#5433);
#5432 = CARTESIAN_POINT('',(-3.1,-2.8,2.9));
#5433 = VECTOR('',#5434,1.);
#5434 = DIRECTION('',(1.,0.,0.));
#5435 = ORIENTED_EDGE('',*,*,#5436,.F.);
#5436 = EDGE_CURVE('',#4450,#5429,#5437,.T.);
#5437 = LINE('',#5438,#5439);
#5438 = CARTESIAN_POINT('',(-1.61,-2.8,2.7));
#5439 = VECTOR('',#5440,1.);
#5440 = DIRECTION('',(0.,0.,1.));
#5441 = PLANE('',#5442);
#5442 = AXIS2_PLACEMENT_3D('',#5443,#5444,#5445);
#5443 = CARTESIAN_POINT('',(-3.1,-2.8,2.7));
#5444 = DIRECTION('',(0.,1.,0.));
#5445 = DIRECTION('',(1.,0.,0.));
#5446 = ADVANCED_FACE('',(#5447),#5472,.F.);
#5447 = FACE_BOUND('',#5448,.F.);
#5448 = EDGE_LOOP('',(#5449,#5450,#5458,#5466));
#5449 = ORIENTED_EDGE('',*,*,#4457,.F.);
#5450 = ORIENTED_EDGE('',*,*,#5451,.T.);
#5451 = EDGE_CURVE('',#4450,#5452,#5454,.T.);
#5452 = VERTEX_POINT('',#5453);
#5453 = CARTESIAN_POINT('',(-1.285,-3.125,2.7));
#5454 = LINE('',#5455,#5456);
#5455 = CARTESIAN_POINT('',(-1.61,-2.8,2.7));
#5456 = VECTOR('',#5457,1.);
#5457 = DIRECTION('',(0.707106781187,-0.707106781187,0.));
#5458 = ORIENTED_EDGE('',*,*,#5459,.T.);
#5459 = EDGE_CURVE('',#5452,#5460,#5462,.T.);
#5460 = VERTEX_POINT('',#5461);
#5461 = CARTESIAN_POINT('',(1.285,-3.125,2.7));
#5462 = LINE('',#5463,#5464);
#5463 = CARTESIAN_POINT('',(-1.285,-3.125,2.7));
#5464 = VECTOR('',#5465,1.);
#5465 = DIRECTION('',(1.,1.110223024625E-16,0.));
#5466 = ORIENTED_EDGE('',*,*,#5467,.T.);
#5467 = EDGE_CURVE('',#5460,#4458,#5468,.T.);
#5468 = LINE('',#5469,#5470);
#5469 = CARTESIAN_POINT('',(1.285,-3.125,2.7));
#5470 = VECTOR('',#5471,1.);
#5471 = DIRECTION('',(0.707106781187,0.707106781187,0.));
#5472 = PLANE('',#5473);
#5473 = AXIS2_PLACEMENT_3D('',#5474,#5475,#5476);
#5474 = CARTESIAN_POINT('',(0.,0.,2.7));
#5475 = DIRECTION('',(0.,0.,1.));
#5476 = DIRECTION('',(1.,0.,-0.));
#5477 = ADVANCED_FACE('',(#5478),#5503,.F.);
#5478 = FACE_BOUND('',#5479,.F.);
#5479 = EDGE_LOOP('',(#5480,#5481,#5489,#5497));
#5480 = ORIENTED_EDGE('',*,*,#4465,.F.);
#5481 = ORIENTED_EDGE('',*,*,#5482,.T.);
#5482 = EDGE_CURVE('',#4458,#5483,#5485,.T.);
#5483 = VERTEX_POINT('',#5484);
#5484 = CARTESIAN_POINT('',(1.61,-2.8,2.9));
#5485 = LINE('',#5486,#5487);
#5486 = CARTESIAN_POINT('',(1.61,-2.8,2.7));
#5487 = VECTOR('',#5488,1.);
#5488 = DIRECTION('',(0.,0.,1.));
#5489 = ORIENTED_EDGE('',*,*,#5490,.T.);
#5490 = EDGE_CURVE('',#5483,#5491,#5493,.T.);
#5491 = VERTEX_POINT('',#5492);
#5492 = CARTESIAN_POINT('',(2.05,-2.8,2.9));
#5493 = LINE('',#5494,#5495);
#5494 = CARTESIAN_POINT('',(-3.1,-2.8,2.9));
#5495 = VECTOR('',#5496,1.);
#5496 = DIRECTION('',(1.,0.,0.));
#5497 = ORIENTED_EDGE('',*,*,#5498,.F.);
#5498 = EDGE_CURVE('',#4466,#5491,#5499,.T.);
#5499 = LINE('',#5500,#5501);
#5500 = CARTESIAN_POINT('',(2.05,-2.8,2.7));
#5501 = VECTOR('',#5502,1.);
#5502 = DIRECTION('',(0.,0.,1.));
#5503 = PLANE('',#5504);
#5504 = AXIS2_PLACEMENT_3D('',#5505,#5506,#5507);
#5505 = CARTESIAN_POINT('',(-3.1,-2.8,2.7));
#5506 = DIRECTION('',(0.,1.,0.));
#5507 = DIRECTION('',(1.,0.,0.));
#5508 = ADVANCED_FACE('',(#5509),#5551,.F.);
#5509 = FACE_BOUND('',#5510,.F.);
#5510 = EDGE_LOOP('',(#5511,#5512,#5520,#5528,#5536,#5544,#5550));
#5511 = ORIENTED_EDGE('',*,*,#4473,.F.);
#5512 = ORIENTED_EDGE('',*,*,#5513,.F.);
#5513 = EDGE_CURVE('',#5514,#4466,#5516,.T.);
#5514 = VERTEX_POINT('',#5515);
#5515 = CARTESIAN_POINT('',(2.05,-2.925,2.7));
#5516 = LINE('',#5517,#5518);
#5517 = CARTESIAN_POINT('',(2.05,-3.125,2.7));
#5518 = VECTOR('',#5519,1.);
#5519 = DIRECTION('',(2.22044604925E-16,1.,0.));
#5520 = ORIENTED_EDGE('',*,*,#5521,.T.);
#5521 = EDGE_CURVE('',#5514,#5522,#5524,.T.);
#5522 = VERTEX_POINT('',#5523);
#5523 = CARTESIAN_POINT('',(2.7,-2.925,2.7));
#5524 = LINE('',#5525,#5526);
#5525 = CARTESIAN_POINT('',(2.05,-2.925,2.7));
#5526 = VECTOR('',#5527,1.);
#5527 = DIRECTION('',(1.,-2.22044604925E-16,0.));
#5528 = ORIENTED_EDGE('',*,*,#5529,.T.);
#5529 = EDGE_CURVE('',#5522,#5530,#5532,.T.);
#5530 = VERTEX_POINT('',#5531);
#5531 = CARTESIAN_POINT('',(2.7,-2.8,2.7));
#5532 = LINE('',#5533,#5534);
#5533 = CARTESIAN_POINT('',(2.7,-3.125,2.7));
#5534 = VECTOR('',#5535,1.);
#5535 = DIRECTION('',(2.22044604925E-16,1.,0.));
#5536 = ORIENTED_EDGE('',*,*,#5537,.T.);
#5537 = EDGE_CURVE('',#5530,#5538,#5540,.T.);
#5538 = VERTEX_POINT('',#5539);
#5539 = CARTESIAN_POINT('',(3.1,-2.8,2.7));
#5540 = LINE('',#5541,#5542);
#5541 = CARTESIAN_POINT('',(-3.1,-2.8,2.7));
#5542 = VECTOR('',#5543,1.);
#5543 = DIRECTION('',(1.,0.,0.));
#5544 = ORIENTED_EDGE('',*,*,#5545,.T.);
#5545 = EDGE_CURVE('',#5538,#4787,#5546,.T.);
#5546 = LINE('',#5547,#5548);
#5547 = CARTESIAN_POINT('',(3.1,-2.8,2.7));
#5548 = VECTOR('',#5549,1.);
#5549 = DIRECTION('',(0.,1.,0.));
#5550 = ORIENTED_EDGE('',*,*,#5356,.T.);
#5551 = PLANE('',#5552);
#5552 = AXIS2_PLACEMENT_3D('',#5553,#5554,#5555);
#5553 = CARTESIAN_POINT('',(0.,0.,2.7));
#5554 = DIRECTION('',(0.,0.,1.));
#5555 = DIRECTION('',(1.,0.,-0.));
#5556 = ADVANCED_FACE('',(#5557),#5616,.T.);
#5557 = FACE_BOUND('',#5558,.T.);
#5558 = EDGE_LOOP('',(#5559,#5567,#5576,#5584,#5593,#5599,#5600,#5606,
    #5607,#5608,#5609,#5615));
#5559 = ORIENTED_EDGE('',*,*,#5560,.T.);
#5560 = EDGE_CURVE('',#5522,#5561,#5563,.T.);
#5561 = VERTEX_POINT('',#5562);
#5562 = CARTESIAN_POINT('',(2.7,-2.925,0.9));
#5563 = LINE('',#5564,#5565);
#5564 = CARTESIAN_POINT('',(2.7,-2.925,2.7));
#5565 = VECTOR('',#5566,1.);
#5566 = DIRECTION('',(0.,0.,-1.));
#5567 = ORIENTED_EDGE('',*,*,#5568,.T.);
#5568 = EDGE_CURVE('',#5561,#5569,#5571,.T.);
#5569 = VERTEX_POINT('',#5570);
#5570 = CARTESIAN_POINT('',(2.2,-2.925,0.4));
#5571 = CIRCLE('',#5572,0.5);
#5572 = AXIS2_PLACEMENT_3D('',#5573,#5574,#5575);
#5573 = CARTESIAN_POINT('',(2.2,-2.925,0.9));
#5574 = DIRECTION('',(2.22044604925E-16,1.,-0.));
#5575 = DIRECTION('',(0.,0.,1.));
#5576 = ORIENTED_EDGE('',*,*,#5577,.T.);
#5577 = EDGE_CURVE('',#5569,#5578,#5580,.T.);
#5578 = VERTEX_POINT('',#5579);
#5579 = CARTESIAN_POINT('',(-2.2,-2.925,0.4));
#5580 = LINE('',#5581,#5582);
#5581 = CARTESIAN_POINT('',(2.2,-2.925,0.4));
#5582 = VECTOR('',#5583,1.);
#5583 = DIRECTION('',(-1.,2.22044604925E-16,0.));
#5584 = ORIENTED_EDGE('',*,*,#5585,.F.);
#5585 = EDGE_CURVE('',#5586,#5578,#5588,.T.);
#5586 = VERTEX_POINT('',#5587);
#5587 = CARTESIAN_POINT('',(-2.7,-2.925,0.9));
#5588 = CIRCLE('',#5589,0.5);
#5589 = AXIS2_PLACEMENT_3D('',#5590,#5591,#5592);
#5590 = CARTESIAN_POINT('',(-2.2,-2.925,0.9));
#5591 = DIRECTION('',(-2.22044604925E-16,-1.,0.));
#5592 = DIRECTION('',(0.,0.,1.));
#5593 = ORIENTED_EDGE('',*,*,#5594,.F.);
#5594 = EDGE_CURVE('',#5388,#5586,#5595,.T.);
#5595 = LINE('',#5596,#5597);
#5596 = CARTESIAN_POINT('',(-2.7,-2.925,2.7));
#5597 = VECTOR('',#5598,1.);
#5598 = DIRECTION('',(0.,0.,-1.));
#5599 = ORIENTED_EDGE('',*,*,#5395,.F.);
#5600 = ORIENTED_EDGE('',*,*,#5601,.F.);
#5601 = EDGE_CURVE('',#4576,#5396,#5602,.T.);
#5602 = LINE('',#5603,#5604);
#5603 = CARTESIAN_POINT('',(-2.05,-2.925,0.8));
#5604 = VECTOR('',#5605,1.);
#5605 = DIRECTION('',(0.,0.,1.));
#5606 = ORIENTED_EDGE('',*,*,#4575,.F.);
#5607 = ORIENTED_EDGE('',*,*,#4558,.T.);
#5608 = ORIENTED_EDGE('',*,*,#4527,.T.);
#5609 = ORIENTED_EDGE('',*,*,#5610,.T.);
#5610 = EDGE_CURVE('',#4528,#5514,#5611,.T.);
#5611 = LINE('',#5612,#5613);
#5612 = CARTESIAN_POINT('',(2.05,-2.925,0.8));
#5613 = VECTOR('',#5614,1.);
#5614 = DIRECTION('',(0.,0.,1.));
#5615 = ORIENTED_EDGE('',*,*,#5521,.T.);
#5616 = PLANE('',#5617);
#5617 = AXIS2_PLACEMENT_3D('',#5618,#5619,#5620);
#5618 = CARTESIAN_POINT('',(1.7395,-2.925,1.1605));
#5619 = DIRECTION('',(2.22044604925E-16,1.,0.));
#5620 = DIRECTION('',(0.,0.,-1.));
#5621 = ADVANCED_FACE('',(#5622),#5632,.T.);
#5622 = FACE_BOUND('',#5623,.T.);
#5623 = EDGE_LOOP('',(#5624,#5625,#5631));
#5624 = ORIENTED_EDGE('',*,*,#4628,.T.);
#5625 = ORIENTED_EDGE('',*,*,#5626,.T.);
#5626 = EDGE_CURVE('',#4629,#4764,#5627,.T.);
#5627 = LINE('',#5628,#5629);
#5628 = CARTESIAN_POINT('',(-4.1,1.,2.));
#5629 = VECTOR('',#5630,1.);
#5630 = DIRECTION('',(0.707106781187,0.707106781187,0.));
#5631 = ORIENTED_EDGE('',*,*,#4771,.T.);
#5632 = PLANE('',#5633);
#5633 = AXIS2_PLACEMENT_3D('',#5634,#5635,#5636);
#5634 = CARTESIAN_POINT('',(0.,0.,2.));
#5635 = DIRECTION('',(0.,0.,1.));
#5636 = DIRECTION('',(1.,0.,-0.));
#5637 = ADVANCED_FACE('',(#5638),#5656,.F.);
#5638 = FACE_BOUND('',#5639,.F.);
#5639 = EDGE_LOOP('',(#5640,#5648,#5649,#5650));
#5640 = ORIENTED_EDGE('',*,*,#5641,.F.);
#5641 = EDGE_CURVE('',#5332,#5642,#5644,.T.);
#5642 = VERTEX_POINT('',#5643);
#5643 = CARTESIAN_POINT('',(-3.1,2.,2.7));
#5644 = LINE('',#5645,#5646);
#5645 = CARTESIAN_POINT('',(-3.1,-2.8,2.7));
#5646 = VECTOR('',#5647,1.);
#5647 = DIRECTION('',(0.,1.,0.));
#5648 = ORIENTED_EDGE('',*,*,#5331,.F.);
#5649 = ORIENTED_EDGE('',*,*,#4636,.T.);
#5650 = ORIENTED_EDGE('',*,*,#5651,.T.);
#5651 = EDGE_CURVE('',#4629,#5642,#5652,.T.);
#5652 = LINE('',#5653,#5654);
#5653 = CARTESIAN_POINT('',(-3.1,2.,2.));
#5654 = VECTOR('',#5655,1.);
#5655 = DIRECTION('',(0.,0.,1.));
#5656 = PLANE('',#5657);
#5657 = AXIS2_PLACEMENT_3D('',#5658,#5659,#5660);
#5658 = CARTESIAN_POINT('',(-3.1,-2.8,2.));
#5659 = DIRECTION('',(1.,0.,0.));
#5660 = DIRECTION('',(0.,0.,1.));
#5661 = ADVANCED_FACE('',(#5662),#5755,.F.);
#5662 = FACE_BOUND('',#5663,.F.);
#5663 = EDGE_LOOP('',(#5664,#5674,#5683,#5691,#5700,#5706,#5707,#5715,
    #5724,#5732,#5741,#5749));
#5664 = ORIENTED_EDGE('',*,*,#5665,.T.);
#5665 = EDGE_CURVE('',#5666,#5668,#5670,.T.);
#5666 = VERTEX_POINT('',#5667);
#5667 = CARTESIAN_POINT('',(-5.,2.375,0.));
#5668 = VERTEX_POINT('',#5669);
#5669 = CARTESIAN_POINT('',(-4.066372216918,2.375,0.));
#5670 = LINE('',#5671,#5672);
#5671 = CARTESIAN_POINT('',(-5.,2.375,0.));
#5672 = VECTOR('',#5673,1.);
#5673 = DIRECTION('',(1.,-1.224646799147E-16,0.));
#5674 = ORIENTED_EDGE('',*,*,#5675,.T.);
#5675 = EDGE_CURVE('',#5668,#5676,#5678,.T.);
#5676 = VERTEX_POINT('',#5677);
#5677 = CARTESIAN_POINT('',(-3.729025148042,2.375,0.256742533163));
#5678 = CIRCLE('',#5679,0.35);
#5679 = AXIS2_PLACEMENT_3D('',#5680,#5681,#5682);
#5680 = CARTESIAN_POINT('',(-4.066372216918,2.375,0.35));
#5681 = DIRECTION('',(-1.224646799147E-16,-1.,0.));
#5682 = DIRECTION('',(9.51619735393E-16,-1.165398062954E-31,-1.));
#5683 = ORIENTED_EDGE('',*,*,#5684,.T.);
#5684 = EDGE_CURVE('',#5676,#5685,#5687,.T.);
#5685 = VERTEX_POINT('',#5686);
#5686 = CARTESIAN_POINT('',(-3.530012659904,2.375,0.976644990525));
#5687 = LINE('',#5688,#5689);
#5688 = CARTESIAN_POINT('',(-3.729025148042,2.375,0.256742533163));
#5689 = VECTOR('',#5690,1.);
#5690 = DIRECTION('',(0.266449905247,-3.263070235945E-17,0.963848768217)
  );
#5691 = ORIENTED_EDGE('',*,*,#5692,.T.);
#5692 = EDGE_CURVE('',#5685,#5693,#5695,.T.);
#5693 = VERTEX_POINT('',#5694);
#5694 = CARTESIAN_POINT('',(-3.433627783082,2.375,1.05));
#5695 = CIRCLE('',#5696,0.1);
#5696 = AXIS2_PLACEMENT_3D('',#5697,#5698,#5699);
#5697 = CARTESIAN_POINT('',(-3.433627783082,2.375,0.95));
#5698 = DIRECTION('',(1.224646799147E-16,1.,6.162975822039E-33));
#5699 = DIRECTION('',(-0.963848768217,1.180374308859E-16,0.266449905247)
  );
#5700 = ORIENTED_EDGE('',*,*,#5701,.T.);
#5701 = EDGE_CURVE('',#5693,#4648,#5702,.T.);
#5702 = LINE('',#5703,#5704);
#5703 = CARTESIAN_POINT('',(-3.433627783082,2.375,1.05));
#5704 = VECTOR('',#5705,1.);
#5705 = DIRECTION('',(1.,-1.224646799147E-16,-6.655459053009E-16));
#5706 = ORIENTED_EDGE('',*,*,#4647,.T.);
#5707 = ORIENTED_EDGE('',*,*,#5708,.T.);
#5708 = EDGE_CURVE('',#4650,#5709,#5711,.T.);
#5709 = VERTEX_POINT('',#5710);
#5710 = CARTESIAN_POINT('',(-3.433627783082,2.375,1.3));
#5711 = LINE('',#5712,#5713);
#5712 = CARTESIAN_POINT('',(-3.1,2.375,1.3));
#5713 = VECTOR('',#5714,1.);
#5714 = DIRECTION('',(-1.,1.224646799147E-16,6.655459053009E-16));
#5715 = ORIENTED_EDGE('',*,*,#5716,.T.);
#5716 = EDGE_CURVE('',#5709,#5717,#5719,.T.);
#5717 = VERTEX_POINT('',#5718);
#5718 = CARTESIAN_POINT('',(-3.770974851958,2.375,1.043257466837));
#5719 = CIRCLE('',#5720,0.35);
#5720 = AXIS2_PLACEMENT_3D('',#5721,#5722,#5723);
#5721 = CARTESIAN_POINT('',(-3.433627783082,2.375,0.95));
#5722 = DIRECTION('',(-1.224646799147E-16,-1.,0.));
#5723 = DIRECTION('',(6.344131569287E-16,-7.769320419695E-32,1.));
#5724 = ORIENTED_EDGE('',*,*,#5725,.T.);
#5725 = EDGE_CURVE('',#5717,#5726,#5728,.T.);
#5726 = VERTEX_POINT('',#5727);
#5727 = CARTESIAN_POINT('',(-3.969987340096,2.375,0.323355009475));
#5728 = LINE('',#5729,#5730);
#5729 = CARTESIAN_POINT('',(-3.770974851958,2.375,1.043257466837));
#5730 = VECTOR('',#5731,1.);
#5731 = DIRECTION('',(-0.266449905247,3.263070235945E-17,-0.963848768217
    ));
#5732 = ORIENTED_EDGE('',*,*,#5733,.T.);
#5733 = EDGE_CURVE('',#5726,#5734,#5736,.T.);
#5734 = VERTEX_POINT('',#5735);
#5735 = CARTESIAN_POINT('',(-4.066372216918,2.375,0.25));
#5736 = CIRCLE('',#5737,0.1);
#5737 = AXIS2_PLACEMENT_3D('',#5738,#5739,#5740);
#5738 = CARTESIAN_POINT('',(-4.066372216918,2.375,0.35));
#5739 = DIRECTION('',(1.224646799147E-16,1.,0.));
#5740 = DIRECTION('',(0.963848768217,-1.180374308859E-16,-0.266449905247
    ));
#5741 = ORIENTED_EDGE('',*,*,#5742,.T.);
#5742 = EDGE_CURVE('',#5734,#5743,#5745,.T.);
#5743 = VERTEX_POINT('',#5744);
#5744 = CARTESIAN_POINT('',(-5.,2.375,0.25));
#5745 = LINE('',#5746,#5747);
#5746 = CARTESIAN_POINT('',(-4.066372216918,2.375,0.25));
#5747 = VECTOR('',#5748,1.);
#5748 = DIRECTION('',(-1.,1.224646799147E-16,-5.945747570621E-17));
#5749 = ORIENTED_EDGE('',*,*,#5750,.T.);
#5750 = EDGE_CURVE('',#5743,#5666,#5751,.T.);
#5751 = LINE('',#5752,#5753);
#5752 = CARTESIAN_POINT('',(-5.,2.375,0.25));
#5753 = VECTOR('',#5754,1.);
#5754 = DIRECTION('',(0.,0.,-1.));
#5755 = PLANE('',#5756);
#5756 = AXIS2_PLACEMENT_3D('',#5757,#5758,#5759);
#5757 = CARTESIAN_POINT('',(-3.976707834798,2.375,0.539282220215));
#5758 = DIRECTION('',(-1.224646799147E-16,-1.,0.));
#5759 = DIRECTION('',(0.,0.,1.));
#5760 = ADVANCED_FACE('',(#5761),#5779,.T.);
#5761 = FACE_BOUND('',#5762,.T.);
#5762 = EDGE_LOOP('',(#5763,#5764,#5765,#5773));
#5763 = ORIENTED_EDGE('',*,*,#4673,.F.);
#5764 = ORIENTED_EDGE('',*,*,#5708,.T.);
#5765 = ORIENTED_EDGE('',*,*,#5766,.T.);
#5766 = EDGE_CURVE('',#5709,#5767,#5769,.T.);
#5767 = VERTEX_POINT('',#5768);
#5768 = CARTESIAN_POINT('',(-3.433627783082,1.625,1.3));
#5769 = LINE('',#5770,#5771);
#5770 = CARTESIAN_POINT('',(-3.433627783082,2.375,1.3));
#5771 = VECTOR('',#5772,1.);
#5772 = DIRECTION('',(-1.224646799147E-16,-1.,0.));
#5773 = ORIENTED_EDGE('',*,*,#5774,.F.);
#5774 = EDGE_CURVE('',#4666,#5767,#5775,.T.);
#5775 = LINE('',#5776,#5777);
#5776 = CARTESIAN_POINT('',(-3.1,1.625,1.3));
#5777 = VECTOR('',#5778,1.);
#5778 = DIRECTION('',(-1.,1.224646799147E-16,6.655459053009E-16));
#5779 = PLANE('',#5780);
#5780 = AXIS2_PLACEMENT_3D('',#5781,#5782,#5783);
#5781 = CARTESIAN_POINT('',(-3.1,2.,1.3));
#5782 = DIRECTION('',(6.655459053009E-16,-8.150586626123E-32,1.));
#5783 = DIRECTION('',(-1.,1.224646799147E-16,6.655459053009E-16));
#5784 = ADVANCED_FACE('',(#5785),#5871,.T.);
#5785 = FACE_BOUND('',#5786,.T.);
#5786 = EDGE_LOOP('',(#5787,#5797,#5806,#5814,#5823,#5829,#5830,#5831,
    #5840,#5848,#5857,#5865));
#5787 = ORIENTED_EDGE('',*,*,#5788,.T.);
#5788 = EDGE_CURVE('',#5789,#5791,#5793,.T.);
#5789 = VERTEX_POINT('',#5790);
#5790 = CARTESIAN_POINT('',(-5.,1.625,0.));
#5791 = VERTEX_POINT('',#5792);
#5792 = CARTESIAN_POINT('',(-4.066372216918,1.625,0.));
#5793 = LINE('',#5794,#5795);
#5794 = CARTESIAN_POINT('',(-5.,1.625,0.));
#5795 = VECTOR('',#5796,1.);
#5796 = DIRECTION('',(1.,-1.224646799147E-16,0.));
#5797 = ORIENTED_EDGE('',*,*,#5798,.T.);
#5798 = EDGE_CURVE('',#5791,#5799,#5801,.T.);
#5799 = VERTEX_POINT('',#5800);
#5800 = CARTESIAN_POINT('',(-3.729025148042,1.625,0.256742533163));
#5801 = CIRCLE('',#5802,0.35);
#5802 = AXIS2_PLACEMENT_3D('',#5803,#5804,#5805);
#5803 = CARTESIAN_POINT('',(-4.066372216918,1.625,0.35));
#5804 = DIRECTION('',(-1.224646799147E-16,-1.,0.));
#5805 = DIRECTION('',(9.51619735393E-16,-1.165398062954E-31,-1.));
#5806 = ORIENTED_EDGE('',*,*,#5807,.T.);
#5807 = EDGE_CURVE('',#5799,#5808,#5810,.T.);
#5808 = VERTEX_POINT('',#5809);
#5809 = CARTESIAN_POINT('',(-3.530012659904,1.625,0.976644990525));
#5810 = LINE('',#5811,#5812);
#5811 = CARTESIAN_POINT('',(-3.729025148042,1.625,0.256742533163));
#5812 = VECTOR('',#5813,1.);
#5813 = DIRECTION('',(0.266449905247,-3.263070235945E-17,0.963848768217)
  );
#5814 = ORIENTED_EDGE('',*,*,#5815,.T.);
#5815 = EDGE_CURVE('',#5808,#5816,#5818,.T.);
#5816 = VERTEX_POINT('',#5817);
#5817 = CARTESIAN_POINT('',(-3.433627783082,1.625,1.05));
#5818 = CIRCLE('',#5819,0.1);
#5819 = AXIS2_PLACEMENT_3D('',#5820,#5821,#5822);
#5820 = CARTESIAN_POINT('',(-3.433627783082,1.625,0.95));
#5821 = DIRECTION('',(1.224646799147E-16,1.,6.162975822039E-33));
#5822 = DIRECTION('',(-0.963848768217,1.180374308859E-16,0.266449905247)
  );
#5823 = ORIENTED_EDGE('',*,*,#5824,.T.);
#5824 = EDGE_CURVE('',#5816,#4658,#5825,.T.);
#5825 = LINE('',#5826,#5827);
#5826 = CARTESIAN_POINT('',(-3.433627783082,1.625,1.05));
#5827 = VECTOR('',#5828,1.);
#5828 = DIRECTION('',(1.,-1.224646799147E-16,-6.655459053009E-16));
#5829 = ORIENTED_EDGE('',*,*,#4665,.T.);
#5830 = ORIENTED_EDGE('',*,*,#5774,.T.);
#5831 = ORIENTED_EDGE('',*,*,#5832,.T.);
#5832 = EDGE_CURVE('',#5767,#5833,#5835,.T.);
#5833 = VERTEX_POINT('',#5834);
#5834 = CARTESIAN_POINT('',(-3.770974851958,1.625,1.043257466837));
#5835 = CIRCLE('',#5836,0.35);
#5836 = AXIS2_PLACEMENT_3D('',#5837,#5838,#5839);
#5837 = CARTESIAN_POINT('',(-3.433627783082,1.625,0.95));
#5838 = DIRECTION('',(-1.224646799147E-16,-1.,0.));
#5839 = DIRECTION('',(6.344131569287E-16,-7.769320419695E-32,1.));
#5840 = ORIENTED_EDGE('',*,*,#5841,.T.);
#5841 = EDGE_CURVE('',#5833,#5842,#5844,.T.);
#5842 = VERTEX_POINT('',#5843);
#5843 = CARTESIAN_POINT('',(-3.969987340096,1.625,0.323355009475));
#5844 = LINE('',#5845,#5846);
#5845 = CARTESIAN_POINT('',(-3.770974851958,1.625,1.043257466837));
#5846 = VECTOR('',#5847,1.);
#5847 = DIRECTION('',(-0.266449905247,3.263070235945E-17,-0.963848768217
    ));
#5848 = ORIENTED_EDGE('',*,*,#5849,.T.);
#5849 = EDGE_CURVE('',#5842,#5850,#5852,.T.);
#5850 = VERTEX_POINT('',#5851);
#5851 = CARTESIAN_POINT('',(-4.066372216918,1.625,0.25));
#5852 = CIRCLE('',#5853,0.1);
#5853 = AXIS2_PLACEMENT_3D('',#5854,#5855,#5856);
#5854 = CARTESIAN_POINT('',(-4.066372216918,1.625,0.35));
#5855 = DIRECTION('',(1.224646799147E-16,1.,0.));
#5856 = DIRECTION('',(0.963848768217,-1.180374308859E-16,-0.266449905247
    ));
#5857 = ORIENTED_EDGE('',*,*,#5858,.T.);
#5858 = EDGE_CURVE('',#5850,#5859,#5861,.T.);
#5859 = VERTEX_POINT('',#5860);
#5860 = CARTESIAN_POINT('',(-5.,1.625,0.25));
#5861 = LINE('',#5862,#5863);
#5862 = CARTESIAN_POINT('',(-4.066372216918,1.625,0.25));
#5863 = VECTOR('',#5864,1.);
#5864 = DIRECTION('',(-1.,1.224646799147E-16,-5.945747570621E-17));
#5865 = ORIENTED_EDGE('',*,*,#5866,.T.);
#5866 = EDGE_CURVE('',#5859,#5789,#5867,.T.);
#5867 = LINE('',#5868,#5869);
#5868 = CARTESIAN_POINT('',(-5.,1.625,0.25));
#5869 = VECTOR('',#5870,1.);
#5870 = DIRECTION('',(0.,0.,-1.));
#5871 = PLANE('',#5872);
#5872 = AXIS2_PLACEMENT_3D('',#5873,#5874,#5875);
#5873 = CARTESIAN_POINT('',(-3.976707834798,1.625,0.539282220215));
#5874 = DIRECTION('',(-1.224646799147E-16,-1.,0.));
#5875 = DIRECTION('',(0.,0.,1.));
#5876 = ADVANCED_FACE('',(#5877),#5888,.T.);
#5877 = FACE_BOUND('',#5878,.T.);
#5878 = EDGE_LOOP('',(#5879,#5885,#5886,#5887));
#5879 = ORIENTED_EDGE('',*,*,#5880,.F.);
#5880 = EDGE_CURVE('',#5693,#5816,#5881,.T.);
#5881 = LINE('',#5882,#5883);
#5882 = CARTESIAN_POINT('',(-3.433627783082,2.375,1.05));
#5883 = VECTOR('',#5884,1.);
#5884 = DIRECTION('',(-1.224646799147E-16,-1.,0.));
#5885 = ORIENTED_EDGE('',*,*,#5701,.T.);
#5886 = ORIENTED_EDGE('',*,*,#4657,.T.);
#5887 = ORIENTED_EDGE('',*,*,#5824,.F.);
#5888 = PLANE('',#5889);
#5889 = AXIS2_PLACEMENT_3D('',#5890,#5891,#5892);
#5890 = CARTESIAN_POINT('',(-3.433627783082,2.,1.05));
#5891 = DIRECTION('',(-6.655459053009E-16,8.150586626123E-32,-1.));
#5892 = DIRECTION('',(1.,-1.224646799147E-16,-6.655459053009E-16));
#5893 = ADVANCED_FACE('',(#5894),#5987,.F.);
#5894 = FACE_BOUND('',#5895,.F.);
#5895 = EDGE_LOOP('',(#5896,#5906,#5915,#5923,#5932,#5938,#5939,#5947,
    #5956,#5964,#5973,#5981));
#5896 = ORIENTED_EDGE('',*,*,#5897,.T.);
#5897 = EDGE_CURVE('',#5898,#5900,#5902,.T.);
#5898 = VERTEX_POINT('',#5899);
#5899 = CARTESIAN_POINT('',(-5.,-1.625,0.));
#5900 = VERTEX_POINT('',#5901);
#5901 = CARTESIAN_POINT('',(-4.066372216918,-1.625,0.));
#5902 = LINE('',#5903,#5904);
#5903 = CARTESIAN_POINT('',(-5.,-1.625,0.));
#5904 = VECTOR('',#5905,1.);
#5905 = DIRECTION('',(1.,-1.224646799147E-16,0.));
#5906 = ORIENTED_EDGE('',*,*,#5907,.T.);
#5907 = EDGE_CURVE('',#5900,#5908,#5910,.T.);
#5908 = VERTEX_POINT('',#5909);
#5909 = CARTESIAN_POINT('',(-3.729025148042,-1.625,0.256742533163));
#5910 = CIRCLE('',#5911,0.35);
#5911 = AXIS2_PLACEMENT_3D('',#5912,#5913,#5914);
#5912 = CARTESIAN_POINT('',(-4.066372216918,-1.625,0.35));
#5913 = DIRECTION('',(-1.224646799147E-16,-1.,0.));
#5914 = DIRECTION('',(9.51619735393E-16,-1.165398062954E-31,-1.));
#5915 = ORIENTED_EDGE('',*,*,#5916,.T.);
#5916 = EDGE_CURVE('',#5908,#5917,#5919,.T.);
#5917 = VERTEX_POINT('',#5918);
#5918 = CARTESIAN_POINT('',(-3.530012659904,-1.625,0.976644990525));
#5919 = LINE('',#5920,#5921);
#5920 = CARTESIAN_POINT('',(-3.729025148042,-1.625,0.256742533163));
#5921 = VECTOR('',#5922,1.);
#5922 = DIRECTION('',(0.266449905247,-3.263070235945E-17,0.963848768217)
  );
#5923 = ORIENTED_EDGE('',*,*,#5924,.T.);
#5924 = EDGE_CURVE('',#5917,#5925,#5927,.T.);
#5925 = VERTEX_POINT('',#5926);
#5926 = CARTESIAN_POINT('',(-3.433627783082,-1.625,1.05));
#5927 = CIRCLE('',#5928,0.1);
#5928 = AXIS2_PLACEMENT_3D('',#5929,#5930,#5931);
#5929 = CARTESIAN_POINT('',(-3.433627783082,-1.625,0.95));
#5930 = DIRECTION('',(1.224646799147E-16,1.,6.162975822039E-33));
#5931 = DIRECTION('',(-0.963848768217,1.180374308859E-16,0.266449905247)
  );
#5932 = ORIENTED_EDGE('',*,*,#5933,.T.);
#5933 = EDGE_CURVE('',#5925,#4682,#5934,.T.);
#5934 = LINE('',#5935,#5936);
#5935 = CARTESIAN_POINT('',(-3.433627783082,-1.625,1.05));
#5936 = VECTOR('',#5937,1.);
#5937 = DIRECTION('',(1.,-1.224646799147E-16,-6.655459053009E-16));
#5938 = ORIENTED_EDGE('',*,*,#4681,.T.);
#5939 = ORIENTED_EDGE('',*,*,#5940,.T.);
#5940 = EDGE_CURVE('',#4684,#5941,#5943,.T.);
#5941 = VERTEX_POINT('',#5942);
#5942 = CARTESIAN_POINT('',(-3.433627783082,-1.625,1.3));
#5943 = LINE('',#5944,#5945);
#5944 = CARTESIAN_POINT('',(-3.1,-1.625,1.3));
#5945 = VECTOR('',#5946,1.);
#5946 = DIRECTION('',(-1.,1.224646799147E-16,6.655459053009E-16));
#5947 = ORIENTED_EDGE('',*,*,#5948,.T.);
#5948 = EDGE_CURVE('',#5941,#5949,#5951,.T.);
#5949 = VERTEX_POINT('',#5950);
#5950 = CARTESIAN_POINT('',(-3.770974851958,-1.625,1.043257466837));
#5951 = CIRCLE('',#5952,0.35);
#5952 = AXIS2_PLACEMENT_3D('',#5953,#5954,#5955);
#5953 = CARTESIAN_POINT('',(-3.433627783082,-1.625,0.95));
#5954 = DIRECTION('',(-1.224646799147E-16,-1.,0.));
#5955 = DIRECTION('',(6.344131569287E-16,-7.769320419695E-32,1.));
#5956 = ORIENTED_EDGE('',*,*,#5957,.T.);
#5957 = EDGE_CURVE('',#5949,#5958,#5960,.T.);
#5958 = VERTEX_POINT('',#5959);
#5959 = CARTESIAN_POINT('',(-3.969987340096,-1.625,0.323355009475));
#5960 = LINE('',#5961,#5962);
#5961 = CARTESIAN_POINT('',(-3.770974851958,-1.625,1.043257466837));
#5962 = VECTOR('',#5963,1.);
#5963 = DIRECTION('',(-0.266449905247,3.263070235945E-17,-0.963848768217
    ));
#5964 = ORIENTED_EDGE('',*,*,#5965,.T.);
#5965 = EDGE_CURVE('',#5958,#5966,#5968,.T.);
#5966 = VERTEX_POINT('',#5967);
#5967 = CARTESIAN_POINT('',(-4.066372216918,-1.625,0.25));
#5968 = CIRCLE('',#5969,0.1);
#5969 = AXIS2_PLACEMENT_3D('',#5970,#5971,#5972);
#5970 = CARTESIAN_POINT('',(-4.066372216918,-1.625,0.35));
#5971 = DIRECTION('',(1.224646799147E-16,1.,0.));
#5972 = DIRECTION('',(0.963848768217,-1.180374308859E-16,-0.266449905247
    ));
#5973 = ORIENTED_EDGE('',*,*,#5974,.T.);
#5974 = EDGE_CURVE('',#5966,#5975,#5977,.T.);
#5975 = VERTEX_POINT('',#5976);
#5976 = CARTESIAN_POINT('',(-5.,-1.625,0.25));
#5977 = LINE('',#5978,#5979);
#5978 = CARTESIAN_POINT('',(-4.066372216918,-1.625,0.25));
#5979 = VECTOR('',#5980,1.);
#5980 = DIRECTION('',(-1.,1.224646799147E-16,-5.945747570621E-17));
#5981 = ORIENTED_EDGE('',*,*,#5982,.T.);
#5982 = EDGE_CURVE('',#5975,#5898,#5983,.T.);
#5983 = LINE('',#5984,#5985);
#5984 = CARTESIAN_POINT('',(-5.,-1.625,0.25));
#5985 = VECTOR('',#5986,1.);
#5986 = DIRECTION('',(0.,0.,-1.));
#5987 = PLANE('',#5988);
#5988 = AXIS2_PLACEMENT_3D('',#5989,#5990,#5991);
#5989 = CARTESIAN_POINT('',(-3.976707834798,-1.625,0.539282220215));
#5990 = DIRECTION('',(-1.224646799147E-16,-1.,0.));
#5991 = DIRECTION('',(0.,0.,1.));
#5992 = ADVANCED_FACE('',(#5993),#6011,.T.);
#5993 = FACE_BOUND('',#5994,.T.);
#5994 = EDGE_LOOP('',(#5995,#5996,#5997,#6005));
#5995 = ORIENTED_EDGE('',*,*,#4707,.F.);
#5996 = ORIENTED_EDGE('',*,*,#5940,.T.);
#5997 = ORIENTED_EDGE('',*,*,#5998,.T.);
#5998 = EDGE_CURVE('',#5941,#5999,#6001,.T.);
#5999 = VERTEX_POINT('',#6000);
#6000 = CARTESIAN_POINT('',(-3.433627783082,-2.375,1.3));
#6001 = LINE('',#6002,#6003);
#6002 = CARTESIAN_POINT('',(-3.433627783082,-1.625,1.3));
#6003 = VECTOR('',#6004,1.);
#6004 = DIRECTION('',(-1.224646799147E-16,-1.,0.));
#6005 = ORIENTED_EDGE('',*,*,#6006,.F.);
#6006 = EDGE_CURVE('',#4700,#5999,#6007,.T.);
#6007 = LINE('',#6008,#6009);
#6008 = CARTESIAN_POINT('',(-3.1,-2.375,1.3));
#6009 = VECTOR('',#6010,1.);
#6010 = DIRECTION('',(-1.,1.224646799147E-16,6.655459053009E-16));
#6011 = PLANE('',#6012);
#6012 = AXIS2_PLACEMENT_3D('',#6013,#6014,#6015);
#6013 = CARTESIAN_POINT('',(-3.1,-2.,1.3));
#6014 = DIRECTION('',(6.655459053009E-16,-8.150586626123E-32,1.));
#6015 = DIRECTION('',(-1.,1.224646799147E-16,6.655459053009E-16));
#6016 = ADVANCED_FACE('',(#6017),#6103,.T.);
#6017 = FACE_BOUND('',#6018,.T.);
#6018 = EDGE_LOOP('',(#6019,#6029,#6038,#6046,#6055,#6061,#6062,#6063,
    #6072,#6080,#6089,#6097));
#6019 = ORIENTED_EDGE('',*,*,#6020,.T.);
#6020 = EDGE_CURVE('',#6021,#6023,#6025,.T.);
#6021 = VERTEX_POINT('',#6022);
#6022 = CARTESIAN_POINT('',(-5.,-2.375,0.));
#6023 = VERTEX_POINT('',#6024);
#6024 = CARTESIAN_POINT('',(-4.066372216918,-2.375,0.));
#6025 = LINE('',#6026,#6027);
#6026 = CARTESIAN_POINT('',(-5.,-2.375,0.));
#6027 = VECTOR('',#6028,1.);
#6028 = DIRECTION('',(1.,-1.224646799147E-16,0.));
#6029 = ORIENTED_EDGE('',*,*,#6030,.T.);
#6030 = EDGE_CURVE('',#6023,#6031,#6033,.T.);
#6031 = VERTEX_POINT('',#6032);
#6032 = CARTESIAN_POINT('',(-3.729025148042,-2.375,0.256742533163));
#6033 = CIRCLE('',#6034,0.35);
#6034 = AXIS2_PLACEMENT_3D('',#6035,#6036,#6037);
#6035 = CARTESIAN_POINT('',(-4.066372216918,-2.375,0.35));
#6036 = DIRECTION('',(-1.224646799147E-16,-1.,0.));
#6037 = DIRECTION('',(9.51619735393E-16,-1.165398062954E-31,-1.));
#6038 = ORIENTED_EDGE('',*,*,#6039,.T.);
#6039 = EDGE_CURVE('',#6031,#6040,#6042,.T.);
#6040 = VERTEX_POINT('',#6041);
#6041 = CARTESIAN_POINT('',(-3.530012659904,-2.375,0.976644990525));
#6042 = LINE('',#6043,#6044);
#6043 = CARTESIAN_POINT('',(-3.729025148042,-2.375,0.256742533163));
#6044 = VECTOR('',#6045,1.);
#6045 = DIRECTION('',(0.266449905247,-3.263070235945E-17,0.963848768217)
  );
#6046 = ORIENTED_EDGE('',*,*,#6047,.T.);
#6047 = EDGE_CURVE('',#6040,#6048,#6050,.T.);
#6048 = VERTEX_POINT('',#6049);
#6049 = CARTESIAN_POINT('',(-3.433627783082,-2.375,1.05));
#6050 = CIRCLE('',#6051,0.1);
#6051 = AXIS2_PLACEMENT_3D('',#6052,#6053,#6054);
#6052 = CARTESIAN_POINT('',(-3.433627783082,-2.375,0.95));
#6053 = DIRECTION('',(1.224646799147E-16,1.,6.162975822039E-33));
#6054 = DIRECTION('',(-0.963848768217,1.180374308859E-16,0.266449905247)
  );
#6055 = ORIENTED_EDGE('',*,*,#6056,.T.);
#6056 = EDGE_CURVE('',#6048,#4692,#6057,.T.);
#6057 = LINE('',#6058,#6059);
#6058 = CARTESIAN_POINT('',(-3.433627783082,-2.375,1.05));
#6059 = VECTOR('',#6060,1.);
#6060 = DIRECTION('',(1.,-1.224646799147E-16,-6.655459053009E-16));
#6061 = ORIENTED_EDGE('',*,*,#4699,.T.);
#6062 = ORIENTED_EDGE('',*,*,#6006,.T.);
#6063 = ORIENTED_EDGE('',*,*,#6064,.T.);
#6064 = EDGE_CURVE('',#5999,#6065,#6067,.T.);
#6065 = VERTEX_POINT('',#6066);
#6066 = CARTESIAN_POINT('',(-3.770974851958,-2.375,1.043257466837));
#6067 = CIRCLE('',#6068,0.35);
#6068 = AXIS2_PLACEMENT_3D('',#6069,#6070,#6071);
#6069 = CARTESIAN_POINT('',(-3.433627783082,-2.375,0.95));
#6070 = DIRECTION('',(-1.224646799147E-16,-1.,0.));
#6071 = DIRECTION('',(6.344131569287E-16,-7.769320419695E-32,1.));
#6072 = ORIENTED_EDGE('',*,*,#6073,.T.);
#6073 = EDGE_CURVE('',#6065,#6074,#6076,.T.);
#6074 = VERTEX_POINT('',#6075);
#6075 = CARTESIAN_POINT('',(-3.969987340096,-2.375,0.323355009475));
#6076 = LINE('',#6077,#6078);
#6077 = CARTESIAN_POINT('',(-3.770974851958,-2.375,1.043257466837));
#6078 = VECTOR('',#6079,1.);
#6079 = DIRECTION('',(-0.266449905247,3.263070235945E-17,-0.963848768217
    ));
#6080 = ORIENTED_EDGE('',*,*,#6081,.T.);
#6081 = EDGE_CURVE('',#6074,#6082,#6084,.T.);
#6082 = VERTEX_POINT('',#6083);
#6083 = CARTESIAN_POINT('',(-4.066372216918,-2.375,0.25));
#6084 = CIRCLE('',#6085,0.1);
#6085 = AXIS2_PLACEMENT_3D('',#6086,#6087,#6088);
#6086 = CARTESIAN_POINT('',(-4.066372216918,-2.375,0.35));
#6087 = DIRECTION('',(1.224646799147E-16,1.,0.));
#6088 = DIRECTION('',(0.963848768217,-1.180374308859E-16,-0.266449905247
    ));
#6089 = ORIENTED_EDGE('',*,*,#6090,.T.);
#6090 = EDGE_CURVE('',#6082,#6091,#6093,.T.);
#6091 = VERTEX_POINT('',#6092);
#6092 = CARTESIAN_POINT('',(-5.,-2.375,0.25));
#6093 = LINE('',#6094,#6095);
#6094 = CARTESIAN_POINT('',(-4.066372216918,-2.375,0.25));
#6095 = VECTOR('',#6096,1.);
#6096 = DIRECTION('',(-1.,1.224646799147E-16,-5.945747570621E-17));
#6097 = ORIENTED_EDGE('',*,*,#6098,.T.);
#6098 = EDGE_CURVE('',#6091,#6021,#6099,.T.);
#6099 = LINE('',#6100,#6101);
#6100 = CARTESIAN_POINT('',(-5.,-2.375,0.25));
#6101 = VECTOR('',#6102,1.);
#6102 = DIRECTION('',(0.,0.,-1.));
#6103 = PLANE('',#6104);
#6104 = AXIS2_PLACEMENT_3D('',#6105,#6106,#6107);
#6105 = CARTESIAN_POINT('',(-3.976707834798,-2.375,0.539282220215));
#6106 = DIRECTION('',(-1.224646799147E-16,-1.,0.));
#6107 = DIRECTION('',(0.,0.,1.));
#6108 = ADVANCED_FACE('',(#6109),#6120,.T.);
#6109 = FACE_BOUND('',#6110,.T.);
#6110 = EDGE_LOOP('',(#6111,#6117,#6118,#6119));
#6111 = ORIENTED_EDGE('',*,*,#6112,.F.);
#6112 = EDGE_CURVE('',#5925,#6048,#6113,.T.);
#6113 = LINE('',#6114,#6115);
#6114 = CARTESIAN_POINT('',(-3.433627783082,-1.625,1.05));
#6115 = VECTOR('',#6116,1.);
#6116 = DIRECTION('',(-1.224646799147E-16,-1.,0.));
#6117 = ORIENTED_EDGE('',*,*,#5933,.T.);
#6118 = ORIENTED_EDGE('',*,*,#4691,.T.);
#6119 = ORIENTED_EDGE('',*,*,#6056,.F.);
#6120 = PLANE('',#6121);
#6121 = AXIS2_PLACEMENT_3D('',#6122,#6123,#6124);
#6122 = CARTESIAN_POINT('',(-3.433627783082,-2.,1.05));
#6123 = DIRECTION('',(-6.655459053009E-16,8.150586626123E-32,-1.));
#6124 = DIRECTION('',(1.,-1.224646799147E-16,-6.655459053009E-16));
#6125 = ADVANCED_FACE('',(#6126),#6190,.T.);
#6126 = FACE_BOUND('',#6127,.T.);
#6127 = EDGE_LOOP('',(#6128,#6129,#6137,#6145,#6153,#6161,#6169,#6177,
    #6183,#6184));
#6128 = ORIENTED_EDGE('',*,*,#4763,.T.);
#6129 = ORIENTED_EDGE('',*,*,#6130,.T.);
#6130 = EDGE_CURVE('',#4764,#6131,#6133,.T.);
#6131 = VERTEX_POINT('',#6132);
#6132 = CARTESIAN_POINT('',(-2.3,2.8,2.7));
#6133 = LINE('',#6134,#6135);
#6134 = CARTESIAN_POINT('',(-2.3,2.8,2.));
#6135 = VECTOR('',#6136,1.);
#6136 = DIRECTION('',(0.,0.,1.));
#6137 = ORIENTED_EDGE('',*,*,#6138,.T.);
#6138 = EDGE_CURVE('',#6131,#6139,#6141,.T.);
#6139 = VERTEX_POINT('',#6140);
#6140 = CARTESIAN_POINT('',(-2.05,2.8,2.7));
#6141 = LINE('',#6142,#6143);
#6142 = CARTESIAN_POINT('',(-3.1,2.8,2.7));
#6143 = VECTOR('',#6144,1.);
#6144 = DIRECTION('',(1.,0.,0.));
#6145 = ORIENTED_EDGE('',*,*,#6146,.F.);
#6146 = EDGE_CURVE('',#6147,#6139,#6149,.T.);
#6147 = VERTEX_POINT('',#6148);
#6148 = CARTESIAN_POINT('',(-1.61,2.8,2.7));
#6149 = LINE('',#6150,#6151);
#6150 = CARTESIAN_POINT('',(3.1,2.8,2.7));
#6151 = VECTOR('',#6152,1.);
#6152 = DIRECTION('',(-1.,0.,0.));
#6153 = ORIENTED_EDGE('',*,*,#6154,.T.);
#6154 = EDGE_CURVE('',#6147,#6155,#6157,.T.);
#6155 = VERTEX_POINT('',#6156);
#6156 = CARTESIAN_POINT('',(1.61,2.8,2.7));
#6157 = LINE('',#6158,#6159);
#6158 = CARTESIAN_POINT('',(-3.1,2.8,2.7));
#6159 = VECTOR('',#6160,1.);
#6160 = DIRECTION('',(1.,0.,0.));
#6161 = ORIENTED_EDGE('',*,*,#6162,.F.);
#6162 = EDGE_CURVE('',#6163,#6155,#6165,.T.);
#6163 = VERTEX_POINT('',#6164);
#6164 = CARTESIAN_POINT('',(2.05,2.8,2.7));
#6165 = LINE('',#6166,#6167);
#6166 = CARTESIAN_POINT('',(3.1,2.8,2.7));
#6167 = VECTOR('',#6168,1.);
#6168 = DIRECTION('',(-1.,0.,0.));
#6169 = ORIENTED_EDGE('',*,*,#6170,.T.);
#6170 = EDGE_CURVE('',#6163,#6171,#6173,.T.);
#6171 = VERTEX_POINT('',#6172);
#6172 = CARTESIAN_POINT('',(2.3,2.8,2.7));
#6173 = LINE('',#6174,#6175);
#6174 = CARTESIAN_POINT('',(-3.1,2.8,2.7));
#6175 = VECTOR('',#6176,1.);
#6176 = DIRECTION('',(1.,0.,0.));
#6177 = ORIENTED_EDGE('',*,*,#6178,.F.);
#6178 = EDGE_CURVE('',#4724,#6171,#6179,.T.);
#6179 = LINE('',#6180,#6181);
#6180 = CARTESIAN_POINT('',(2.3,2.8,2.));
#6181 = VECTOR('',#6182,1.);
#6182 = DIRECTION('',(0.,0.,1.));
#6183 = ORIENTED_EDGE('',*,*,#4731,.T.);
#6184 = ORIENTED_EDGE('',*,*,#6185,.F.);
#6185 = EDGE_CURVE('',#4756,#4732,#6186,.T.);
#6186 = LINE('',#6187,#6188);
#6187 = CARTESIAN_POINT('',(-3.1,2.8,2.));
#6188 = VECTOR('',#6189,1.);
#6189 = DIRECTION('',(1.,0.,0.));
#6190 = PLANE('',#6191);
#6191 = AXIS2_PLACEMENT_3D('',#6192,#6193,#6194);
#6192 = CARTESIAN_POINT('',(-3.1,2.8,2.));
#6193 = DIRECTION('',(0.,1.,0.));
#6194 = DIRECTION('',(0.,-0.,1.));
#6195 = ADVANCED_FACE('',(#6196),#6221,.F.);
#6196 = FACE_BOUND('',#6197,.F.);
#6197 = EDGE_LOOP('',(#6198,#6199,#6207,#6215));
#6198 = ORIENTED_EDGE('',*,*,#4755,.T.);
#6199 = ORIENTED_EDGE('',*,*,#6200,.T.);
#6200 = EDGE_CURVE('',#4748,#6201,#6203,.T.);
#6201 = VERTEX_POINT('',#6202);
#6202 = CARTESIAN_POINT('',(-2.05,2.925,0.8));
#6203 = LINE('',#6204,#6205);
#6204 = CARTESIAN_POINT('',(-2.05,2.8,0.8));
#6205 = VECTOR('',#6206,1.);
#6206 = DIRECTION('',(1.110223024625E-16,1.,0.));
#6207 = ORIENTED_EDGE('',*,*,#6208,.T.);
#6208 = EDGE_CURVE('',#6201,#6209,#6211,.T.);
#6209 = VERTEX_POINT('',#6210);
#6210 = CARTESIAN_POINT('',(-2.05,2.925,2.));
#6211 = LINE('',#6212,#6213);
#6212 = CARTESIAN_POINT('',(-2.05,2.925,0.8));
#6213 = VECTOR('',#6214,1.);
#6214 = DIRECTION('',(0.,0.,1.));
#6215 = ORIENTED_EDGE('',*,*,#6216,.T.);
#6216 = EDGE_CURVE('',#6209,#4756,#6217,.T.);
#6217 = LINE('',#6218,#6219);
#6218 = CARTESIAN_POINT('',(-2.05,3.125,2.));
#6219 = VECTOR('',#6220,1.);
#6220 = DIRECTION('',(-1.110223024625E-16,-1.,0.));
#6221 = PLANE('',#6222);
#6222 = AXIS2_PLACEMENT_3D('',#6223,#6224,#6225);
#6223 = CARTESIAN_POINT('',(-2.05,2.9625,1.4));
#6224 = DIRECTION('',(1.,-1.110223024625E-16,0.));
#6225 = DIRECTION('',(0.,0.,-1.));
#6226 = ADVANCED_FACE('',(#6227),#6245,.F.);
#6227 = FACE_BOUND('',#6228,.F.);
#6228 = EDGE_LOOP('',(#6229,#6230,#6238,#6244));
#6229 = ORIENTED_EDGE('',*,*,#4747,.F.);
#6230 = ORIENTED_EDGE('',*,*,#6231,.T.);
#6231 = EDGE_CURVE('',#4740,#6232,#6234,.T.);
#6232 = VERTEX_POINT('',#6233);
#6233 = CARTESIAN_POINT('',(2.05,2.925,0.8));
#6234 = LINE('',#6235,#6236);
#6235 = CARTESIAN_POINT('',(2.05,2.8,0.8));
#6236 = VECTOR('',#6237,1.);
#6237 = DIRECTION('',(1.110223024625E-16,1.,0.));
#6238 = ORIENTED_EDGE('',*,*,#6239,.T.);
#6239 = EDGE_CURVE('',#6232,#6201,#6240,.T.);
#6240 = LINE('',#6241,#6242);
#6241 = CARTESIAN_POINT('',(2.05,2.925,0.8));
#6242 = VECTOR('',#6243,1.);
#6243 = DIRECTION('',(-1.,1.110223024625E-16,0.));
#6244 = ORIENTED_EDGE('',*,*,#6200,.F.);
#6245 = PLANE('',#6246);
#6246 = AXIS2_PLACEMENT_3D('',#6247,#6248,#6249);
#6247 = CARTESIAN_POINT('',(-2.05,2.8,0.8));
#6248 = DIRECTION('',(0.,0.,1.));
#6249 = DIRECTION('',(1.110223024625E-16,1.,-0.));
#6250 = ADVANCED_FACE('',(#6251),#6269,.F.);
#6251 = FACE_BOUND('',#6252,.T.);
#6252 = EDGE_LOOP('',(#6253,#6254,#6255,#6263));
#6253 = ORIENTED_EDGE('',*,*,#4739,.T.);
#6254 = ORIENTED_EDGE('',*,*,#6231,.T.);
#6255 = ORIENTED_EDGE('',*,*,#6256,.T.);
#6256 = EDGE_CURVE('',#6232,#6257,#6259,.T.);
#6257 = VERTEX_POINT('',#6258);
#6258 = CARTESIAN_POINT('',(2.05,2.925,2.));
#6259 = LINE('',#6260,#6261);
#6260 = CARTESIAN_POINT('',(2.05,2.925,0.8));
#6261 = VECTOR('',#6262,1.);
#6262 = DIRECTION('',(0.,0.,1.));
#6263 = ORIENTED_EDGE('',*,*,#6264,.T.);
#6264 = EDGE_CURVE('',#6257,#4732,#6265,.T.);
#6265 = LINE('',#6266,#6267);
#6266 = CARTESIAN_POINT('',(2.05,3.125,2.));
#6267 = VECTOR('',#6268,1.);
#6268 = DIRECTION('',(-1.110223024625E-16,-1.,-0.));
#6269 = PLANE('',#6270);
#6270 = AXIS2_PLACEMENT_3D('',#6271,#6272,#6273);
#6271 = CARTESIAN_POINT('',(2.05,2.9625,1.4));
#6272 = DIRECTION('',(-1.,1.110223024625E-16,0.));
#6273 = DIRECTION('',(0.,0.,1.));
#6274 = ADVANCED_FACE('',(#6275),#6309,.F.);
#6275 = FACE_BOUND('',#6276,.F.);
#6276 = EDGE_LOOP('',(#6277,#6285,#6293,#6301,#6307,#6308));
#6277 = ORIENTED_EDGE('',*,*,#6278,.T.);
#6278 = EDGE_CURVE('',#5538,#6279,#6281,.T.);
#6279 = VERTEX_POINT('',#6280);
#6280 = CARTESIAN_POINT('',(3.1,-2.8,2.9));
#6281 = LINE('',#6282,#6283);
#6282 = CARTESIAN_POINT('',(3.1,-2.8,2.7));
#6283 = VECTOR('',#6284,1.);
#6284 = DIRECTION('',(0.,0.,1.));
#6285 = ORIENTED_EDGE('',*,*,#6286,.T.);
#6286 = EDGE_CURVE('',#6279,#6287,#6289,.T.);
#6287 = VERTEX_POINT('',#6288);
#6288 = CARTESIAN_POINT('',(3.1,2.8,2.9));
#6289 = LINE('',#6290,#6291);
#6290 = CARTESIAN_POINT('',(3.1,-2.8,2.9));
#6291 = VECTOR('',#6292,1.);
#6292 = DIRECTION('',(0.,1.,0.));
#6293 = ORIENTED_EDGE('',*,*,#6294,.F.);
#6294 = EDGE_CURVE('',#6295,#6287,#6297,.T.);
#6295 = VERTEX_POINT('',#6296);
#6296 = CARTESIAN_POINT('',(3.1,2.8,2.7));
#6297 = LINE('',#6298,#6299);
#6298 = CARTESIAN_POINT('',(3.1,2.8,2.7));
#6299 = VECTOR('',#6300,1.);
#6300 = DIRECTION('',(0.,0.,1.));
#6301 = ORIENTED_EDGE('',*,*,#6302,.F.);
#6302 = EDGE_CURVE('',#4789,#6295,#6303,.T.);
#6303 = LINE('',#6304,#6305);
#6304 = CARTESIAN_POINT('',(3.1,-2.8,2.7));
#6305 = VECTOR('',#6306,1.);
#6306 = DIRECTION('',(0.,1.,0.));
#6307 = ORIENTED_EDGE('',*,*,#4786,.F.);
#6308 = ORIENTED_EDGE('',*,*,#5545,.F.);
#6309 = PLANE('',#6310);
#6310 = AXIS2_PLACEMENT_3D('',#6311,#6312,#6313);
#6311 = CARTESIAN_POINT('',(3.1,-2.8,2.7));
#6312 = DIRECTION('',(-1.,0.,0.));
#6313 = DIRECTION('',(0.,1.,0.));
#6314 = ADVANCED_FACE('',(#6315),#6326,.T.);
#6315 = FACE_BOUND('',#6316,.F.);
#6316 = EDGE_LOOP('',(#6317,#6318,#6319,#6325));
#6317 = ORIENTED_EDGE('',*,*,#4817,.F.);
#6318 = ORIENTED_EDGE('',*,*,#4803,.T.);
#6319 = ORIENTED_EDGE('',*,*,#6320,.T.);
#6320 = EDGE_CURVE('',#4789,#6171,#6321,.T.);
#6321 = LINE('',#6322,#6323);
#6322 = CARTESIAN_POINT('',(2.55,2.55,2.7));
#6323 = VECTOR('',#6324,1.);
#6324 = DIRECTION('',(-0.707106781187,0.707106781187,0.));
#6325 = ORIENTED_EDGE('',*,*,#6178,.F.);
#6326 = PLANE('',#6327);
#6327 = AXIS2_PLACEMENT_3D('',#6328,#6329,#6330);
#6328 = CARTESIAN_POINT('',(2.7,2.4,2.));
#6329 = DIRECTION('',(0.707106781187,0.707106781187,-6.983161618624E-18)
  );
#6330 = DIRECTION('',(-4.93784093465E-18,-4.93784093465E-18,-1.));
#6331 = ADVANCED_FACE('',(#6332),#6348,.T.);
#6332 = FACE_BOUND('',#6333,.T.);
#6333 = EDGE_LOOP('',(#6334,#6335,#6341,#6342));
#6334 = ORIENTED_EDGE('',*,*,#4833,.T.);
#6335 = ORIENTED_EDGE('',*,*,#6336,.T.);
#6336 = EDGE_CURVE('',#4836,#4959,#6337,.T.);
#6337 = LINE('',#6338,#6339);
#6338 = CARTESIAN_POINT('',(4.066372216918,-2.375,0.));
#6339 = VECTOR('',#6340,1.);
#6340 = DIRECTION('',(0.,1.,0.));
#6341 = ORIENTED_EDGE('',*,*,#4956,.F.);
#6342 = ORIENTED_EDGE('',*,*,#6343,.T.);
#6343 = EDGE_CURVE('',#4957,#4834,#6344,.T.);
#6344 = LINE('',#6345,#6346);
#6345 = CARTESIAN_POINT('',(5.,-1.625,0.));
#6346 = VECTOR('',#6347,1.);
#6347 = DIRECTION('',(0.,-1.,0.));
#6348 = PLANE('',#6349);
#6349 = AXIS2_PLACEMENT_3D('',#6350,#6351,#6352);
#6350 = CARTESIAN_POINT('',(5.,-2.,0.));
#6351 = DIRECTION('',(-0.,-0.,-1.));
#6352 = DIRECTION('',(-1.,0.,0.));
#6353 = ADVANCED_FACE('',(#6354),#6365,.T.);
#6354 = FACE_BOUND('',#6355,.T.);
#6355 = EDGE_LOOP('',(#6356,#6357,#6358,#6364));
#6356 = ORIENTED_EDGE('',*,*,#6336,.F.);
#6357 = ORIENTED_EDGE('',*,*,#4843,.T.);
#6358 = ORIENTED_EDGE('',*,*,#6359,.T.);
#6359 = EDGE_CURVE('',#4844,#4967,#6360,.T.);
#6360 = LINE('',#6361,#6362);
#6361 = CARTESIAN_POINT('',(3.729025148042,-2.375,0.256742533163));
#6362 = VECTOR('',#6363,1.);
#6363 = DIRECTION('',(0.,1.,0.));
#6364 = ORIENTED_EDGE('',*,*,#4966,.F.);
#6365 = CYLINDRICAL_SURFACE('',#6366,0.35);
#6366 = AXIS2_PLACEMENT_3D('',#6367,#6368,#6369);
#6367 = CARTESIAN_POINT('',(4.066372216918,-2.,0.35));
#6368 = DIRECTION('',(0.,1.,0.));
#6369 = DIRECTION('',(-9.51619735393E-16,0.,-1.));
#6370 = ADVANCED_FACE('',(#6371),#6382,.T.);
#6371 = FACE_BOUND('',#6372,.T.);
#6372 = EDGE_LOOP('',(#6373,#6374,#6375,#6381));
#6373 = ORIENTED_EDGE('',*,*,#6359,.F.);
#6374 = ORIENTED_EDGE('',*,*,#4852,.T.);
#6375 = ORIENTED_EDGE('',*,*,#6376,.T.);
#6376 = EDGE_CURVE('',#4853,#4976,#6377,.T.);
#6377 = LINE('',#6378,#6379);
#6378 = CARTESIAN_POINT('',(3.530012659904,-2.375,0.976644990525));
#6379 = VECTOR('',#6380,1.);
#6380 = DIRECTION('',(0.,1.,0.));
#6381 = ORIENTED_EDGE('',*,*,#4975,.F.);
#6382 = PLANE('',#6383);
#6383 = AXIS2_PLACEMENT_3D('',#6384,#6385,#6386);
#6384 = CARTESIAN_POINT('',(3.729025148042,-2.,0.256742533163));
#6385 = DIRECTION('',(-0.963848768217,-0.,-0.266449905247));
#6386 = DIRECTION('',(-0.266449905247,0.,0.963848768217));
#6387 = ADVANCED_FACE('',(#6388),#6394,.F.);
#6388 = FACE_BOUND('',#6389,.F.);
#6389 = EDGE_LOOP('',(#6390,#6391,#6392,#6393));
#6390 = ORIENTED_EDGE('',*,*,#4983,.T.);
#6391 = ORIENTED_EDGE('',*,*,#5048,.F.);
#6392 = ORIENTED_EDGE('',*,*,#4860,.F.);
#6393 = ORIENTED_EDGE('',*,*,#6376,.T.);
#6394 = CYLINDRICAL_SURFACE('',#6395,0.1);
#6395 = AXIS2_PLACEMENT_3D('',#6396,#6397,#6398);
#6396 = CARTESIAN_POINT('',(3.433627783082,-2.,0.95));
#6397 = DIRECTION('',(0.,1.,0.));
#6398 = DIRECTION('',(0.963848768217,-0.,0.266449905247));
#6399 = ADVANCED_FACE('',(#6400),#6411,.T.);
#6400 = FACE_BOUND('',#6401,.T.);
#6401 = EDGE_LOOP('',(#6402,#6403,#6404,#6410));
#6402 = ORIENTED_EDGE('',*,*,#4934,.F.);
#6403 = ORIENTED_EDGE('',*,*,#4884,.T.);
#6404 = ORIENTED_EDGE('',*,*,#6405,.T.);
#6405 = EDGE_CURVE('',#4885,#5001,#6406,.T.);
#6406 = LINE('',#6407,#6408);
#6407 = CARTESIAN_POINT('',(3.770974851958,-2.375,1.043257466837));
#6408 = VECTOR('',#6409,1.);
#6409 = DIRECTION('',(0.,1.,0.));
#6410 = ORIENTED_EDGE('',*,*,#5000,.F.);
#6411 = CYLINDRICAL_SURFACE('',#6412,0.35);
#6412 = AXIS2_PLACEMENT_3D('',#6413,#6414,#6415);
#6413 = CARTESIAN_POINT('',(3.433627783082,-2.,0.95));
#6414 = DIRECTION('',(0.,1.,0.));
#6415 = DIRECTION('',(-6.344131569287E-16,0.,1.));
#6416 = ADVANCED_FACE('',(#6417),#6428,.T.);
#6417 = FACE_BOUND('',#6418,.T.);
#6418 = EDGE_LOOP('',(#6419,#6420,#6421,#6427));
#6419 = ORIENTED_EDGE('',*,*,#6405,.F.);
#6420 = ORIENTED_EDGE('',*,*,#4893,.T.);
#6421 = ORIENTED_EDGE('',*,*,#6422,.T.);
#6422 = EDGE_CURVE('',#4894,#5010,#6423,.T.);
#6423 = LINE('',#6424,#6425);
#6424 = CARTESIAN_POINT('',(3.969987340096,-2.375,0.323355009475));
#6425 = VECTOR('',#6426,1.);
#6426 = DIRECTION('',(0.,1.,0.));
#6427 = ORIENTED_EDGE('',*,*,#5009,.F.);
#6428 = PLANE('',#6429);
#6429 = AXIS2_PLACEMENT_3D('',#6430,#6431,#6432);
#6430 = CARTESIAN_POINT('',(3.770974851958,-2.,1.043257466837));
#6431 = DIRECTION('',(0.963848768217,0.,0.266449905247));
#6432 = DIRECTION('',(0.266449905247,0.,-0.963848768217));
#6433 = ADVANCED_FACE('',(#6434),#6445,.F.);
#6434 = FACE_BOUND('',#6435,.F.);
#6435 = EDGE_LOOP('',(#6436,#6437,#6443,#6444));
#6436 = ORIENTED_EDGE('',*,*,#5017,.T.);
#6437 = ORIENTED_EDGE('',*,*,#6438,.T.);
#6438 = EDGE_CURVE('',#5018,#4902,#6439,.T.);
#6439 = LINE('',#6440,#6441);
#6440 = CARTESIAN_POINT('',(4.066372216918,-1.625,0.25));
#6441 = VECTOR('',#6442,1.);
#6442 = DIRECTION('',(0.,-1.,0.));
#6443 = ORIENTED_EDGE('',*,*,#4901,.F.);
#6444 = ORIENTED_EDGE('',*,*,#6422,.T.);
#6445 = CYLINDRICAL_SURFACE('',#6446,0.1);
#6446 = AXIS2_PLACEMENT_3D('',#6447,#6448,#6449);
#6447 = CARTESIAN_POINT('',(4.066372216918,-2.,0.35));
#6448 = DIRECTION('',(0.,1.,0.));
#6449 = DIRECTION('',(-0.963848768217,0.,-0.266449905247));
#6450 = ADVANCED_FACE('',(#6451),#6462,.T.);
#6451 = FACE_BOUND('',#6452,.T.);
#6452 = EDGE_LOOP('',(#6453,#6454,#6460,#6461));
#6453 = ORIENTED_EDGE('',*,*,#4910,.T.);
#6454 = ORIENTED_EDGE('',*,*,#6455,.F.);
#6455 = EDGE_CURVE('',#5027,#4911,#6456,.T.);
#6456 = LINE('',#6457,#6458);
#6457 = CARTESIAN_POINT('',(5.,-1.625,0.25));
#6458 = VECTOR('',#6459,1.);
#6459 = DIRECTION('',(0.,-1.,0.));
#6460 = ORIENTED_EDGE('',*,*,#5026,.F.);
#6461 = ORIENTED_EDGE('',*,*,#6438,.T.);
#6462 = PLANE('',#6463);
#6463 = AXIS2_PLACEMENT_3D('',#6464,#6465,#6466);
#6464 = CARTESIAN_POINT('',(4.066372216918,-2.,0.25));
#6465 = DIRECTION('',(5.945747570621E-17,0.,1.));
#6466 = DIRECTION('',(1.,0.,-5.945747570621E-17));
#6467 = ADVANCED_FACE('',(#6468),#6474,.T.);
#6468 = FACE_BOUND('',#6469,.T.);
#6469 = EDGE_LOOP('',(#6470,#6471,#6472,#6473));
#6470 = ORIENTED_EDGE('',*,*,#4918,.T.);
#6471 = ORIENTED_EDGE('',*,*,#6343,.F.);
#6472 = ORIENTED_EDGE('',*,*,#5034,.F.);
#6473 = ORIENTED_EDGE('',*,*,#6455,.T.);
#6474 = PLANE('',#6475);
#6475 = AXIS2_PLACEMENT_3D('',#6476,#6477,#6478);
#6476 = CARTESIAN_POINT('',(5.,-2.,0.25));
#6477 = DIRECTION('',(1.,0.,0.));
#6478 = DIRECTION('',(0.,0.,-1.));
#6479 = ADVANCED_FACE('',(#6480),#6496,.T.);
#6480 = FACE_BOUND('',#6481,.T.);
#6481 = EDGE_LOOP('',(#6482,#6483,#6489,#6490));
#6482 = ORIENTED_EDGE('',*,*,#5065,.T.);
#6483 = ORIENTED_EDGE('',*,*,#6484,.T.);
#6484 = EDGE_CURVE('',#5068,#5191,#6485,.T.);
#6485 = LINE('',#6486,#6487);
#6486 = CARTESIAN_POINT('',(4.066372216918,1.625,0.));
#6487 = VECTOR('',#6488,1.);
#6488 = DIRECTION('',(0.,1.,0.));
#6489 = ORIENTED_EDGE('',*,*,#5188,.F.);
#6490 = ORIENTED_EDGE('',*,*,#6491,.T.);
#6491 = EDGE_CURVE('',#5189,#5066,#6492,.T.);
#6492 = LINE('',#6493,#6494);
#6493 = CARTESIAN_POINT('',(5.,2.375,0.));
#6494 = VECTOR('',#6495,1.);
#6495 = DIRECTION('',(0.,-1.,0.));
#6496 = PLANE('',#6497);
#6497 = AXIS2_PLACEMENT_3D('',#6498,#6499,#6500);
#6498 = CARTESIAN_POINT('',(5.,2.,0.));
#6499 = DIRECTION('',(-0.,-0.,-1.));
#6500 = DIRECTION('',(-1.,0.,0.));
#6501 = ADVANCED_FACE('',(#6502),#6513,.T.);
#6502 = FACE_BOUND('',#6503,.T.);
#6503 = EDGE_LOOP('',(#6504,#6505,#6506,#6512));
#6504 = ORIENTED_EDGE('',*,*,#6484,.F.);
#6505 = ORIENTED_EDGE('',*,*,#5075,.T.);
#6506 = ORIENTED_EDGE('',*,*,#6507,.T.);
#6507 = EDGE_CURVE('',#5076,#5199,#6508,.T.);
#6508 = LINE('',#6509,#6510);
#6509 = CARTESIAN_POINT('',(3.729025148042,1.625,0.256742533163));
#6510 = VECTOR('',#6511,1.);
#6511 = DIRECTION('',(0.,1.,0.));
#6512 = ORIENTED_EDGE('',*,*,#5198,.F.);
#6513 = CYLINDRICAL_SURFACE('',#6514,0.35);
#6514 = AXIS2_PLACEMENT_3D('',#6515,#6516,#6517);
#6515 = CARTESIAN_POINT('',(4.066372216918,2.,0.35));
#6516 = DIRECTION('',(0.,1.,0.));
#6517 = DIRECTION('',(-9.51619735393E-16,0.,-1.));
#6518 = ADVANCED_FACE('',(#6519),#6530,.T.);
#6519 = FACE_BOUND('',#6520,.T.);
#6520 = EDGE_LOOP('',(#6521,#6522,#6523,#6529));
#6521 = ORIENTED_EDGE('',*,*,#6507,.F.);
#6522 = ORIENTED_EDGE('',*,*,#5084,.T.);
#6523 = ORIENTED_EDGE('',*,*,#6524,.T.);
#6524 = EDGE_CURVE('',#5085,#5208,#6525,.T.);
#6525 = LINE('',#6526,#6527);
#6526 = CARTESIAN_POINT('',(3.530012659904,1.625,0.976644990525));
#6527 = VECTOR('',#6528,1.);
#6528 = DIRECTION('',(0.,1.,0.));
#6529 = ORIENTED_EDGE('',*,*,#5207,.F.);
#6530 = PLANE('',#6531);
#6531 = AXIS2_PLACEMENT_3D('',#6532,#6533,#6534);
#6532 = CARTESIAN_POINT('',(3.729025148042,2.,0.256742533163));
#6533 = DIRECTION('',(-0.963848768217,-0.,-0.266449905247));
#6534 = DIRECTION('',(-0.266449905247,0.,0.963848768217));
#6535 = ADVANCED_FACE('',(#6536),#6542,.F.);
#6536 = FACE_BOUND('',#6537,.F.);
#6537 = EDGE_LOOP('',(#6538,#6539,#6540,#6541));
#6538 = ORIENTED_EDGE('',*,*,#5215,.T.);
#6539 = ORIENTED_EDGE('',*,*,#5280,.F.);
#6540 = ORIENTED_EDGE('',*,*,#5092,.F.);
#6541 = ORIENTED_EDGE('',*,*,#6524,.T.);
#6542 = CYLINDRICAL_SURFACE('',#6543,0.1);
#6543 = AXIS2_PLACEMENT_3D('',#6544,#6545,#6546);
#6544 = CARTESIAN_POINT('',(3.433627783082,2.,0.95));
#6545 = DIRECTION('',(0.,1.,0.));
#6546 = DIRECTION('',(0.963848768217,-0.,0.266449905247));
#6547 = ADVANCED_FACE('',(#6548),#6559,.T.);
#6548 = FACE_BOUND('',#6549,.T.);
#6549 = EDGE_LOOP('',(#6550,#6551,#6552,#6558));
#6550 = ORIENTED_EDGE('',*,*,#5166,.F.);
#6551 = ORIENTED_EDGE('',*,*,#5116,.T.);
#6552 = ORIENTED_EDGE('',*,*,#6553,.T.);
#6553 = EDGE_CURVE('',#5117,#5233,#6554,.T.);
#6554 = LINE('',#6555,#6556);
#6555 = CARTESIAN_POINT('',(3.770974851958,1.625,1.043257466837));
#6556 = VECTOR('',#6557,1.);
#6557 = DIRECTION('',(0.,1.,0.));
#6558 = ORIENTED_EDGE('',*,*,#5232,.F.);
#6559 = CYLINDRICAL_SURFACE('',#6560,0.35);
#6560 = AXIS2_PLACEMENT_3D('',#6561,#6562,#6563);
#6561 = CARTESIAN_POINT('',(3.433627783082,2.,0.95));
#6562 = DIRECTION('',(0.,1.,0.));
#6563 = DIRECTION('',(-6.344131569287E-16,0.,1.));
#6564 = ADVANCED_FACE('',(#6565),#6576,.T.);
#6565 = FACE_BOUND('',#6566,.T.);
#6566 = EDGE_LOOP('',(#6567,#6568,#6569,#6575));
#6567 = ORIENTED_EDGE('',*,*,#6553,.F.);
#6568 = ORIENTED_EDGE('',*,*,#5125,.T.);
#6569 = ORIENTED_EDGE('',*,*,#6570,.T.);
#6570 = EDGE_CURVE('',#5126,#5242,#6571,.T.);
#6571 = LINE('',#6572,#6573);
#6572 = CARTESIAN_POINT('',(3.969987340096,1.625,0.323355009475));
#6573 = VECTOR('',#6574,1.);
#6574 = DIRECTION('',(0.,1.,0.));
#6575 = ORIENTED_EDGE('',*,*,#5241,.F.);
#6576 = PLANE('',#6577);
#6577 = AXIS2_PLACEMENT_3D('',#6578,#6579,#6580);
#6578 = CARTESIAN_POINT('',(3.770974851958,2.,1.043257466837));
#6579 = DIRECTION('',(0.963848768217,0.,0.266449905247));
#6580 = DIRECTION('',(0.266449905247,0.,-0.963848768217));
#6581 = ADVANCED_FACE('',(#6582),#6593,.F.);
#6582 = FACE_BOUND('',#6583,.F.);
#6583 = EDGE_LOOP('',(#6584,#6585,#6591,#6592));
#6584 = ORIENTED_EDGE('',*,*,#5249,.T.);
#6585 = ORIENTED_EDGE('',*,*,#6586,.T.);
#6586 = EDGE_CURVE('',#5250,#5134,#6587,.T.);
#6587 = LINE('',#6588,#6589);
#6588 = CARTESIAN_POINT('',(4.066372216918,2.375,0.25));
#6589 = VECTOR('',#6590,1.);
#6590 = DIRECTION('',(0.,-1.,0.));
#6591 = ORIENTED_EDGE('',*,*,#5133,.F.);
#6592 = ORIENTED_EDGE('',*,*,#6570,.T.);
#6593 = CYLINDRICAL_SURFACE('',#6594,0.1);
#6594 = AXIS2_PLACEMENT_3D('',#6595,#6596,#6597);
#6595 = CARTESIAN_POINT('',(4.066372216918,2.,0.35));
#6596 = DIRECTION('',(0.,1.,0.));
#6597 = DIRECTION('',(-0.963848768217,0.,-0.266449905247));
#6598 = ADVANCED_FACE('',(#6599),#6610,.T.);
#6599 = FACE_BOUND('',#6600,.T.);
#6600 = EDGE_LOOP('',(#6601,#6602,#6608,#6609));
#6601 = ORIENTED_EDGE('',*,*,#5142,.T.);
#6602 = ORIENTED_EDGE('',*,*,#6603,.F.);
#6603 = EDGE_CURVE('',#5259,#5143,#6604,.T.);
#6604 = LINE('',#6605,#6606);
#6605 = CARTESIAN_POINT('',(5.,2.375,0.25));
#6606 = VECTOR('',#6607,1.);
#6607 = DIRECTION('',(0.,-1.,0.));
#6608 = ORIENTED_EDGE('',*,*,#5258,.F.);
#6609 = ORIENTED_EDGE('',*,*,#6586,.T.);
#6610 = PLANE('',#6611);
#6611 = AXIS2_PLACEMENT_3D('',#6612,#6613,#6614);
#6612 = CARTESIAN_POINT('',(4.066372216918,2.,0.25));
#6613 = DIRECTION('',(5.945747570621E-17,0.,1.));
#6614 = DIRECTION('',(1.,0.,-5.945747570621E-17));
#6615 = ADVANCED_FACE('',(#6616),#6622,.T.);
#6616 = FACE_BOUND('',#6617,.T.);
#6617 = EDGE_LOOP('',(#6618,#6619,#6620,#6621));
#6618 = ORIENTED_EDGE('',*,*,#5150,.T.);
#6619 = ORIENTED_EDGE('',*,*,#6491,.F.);
#6620 = ORIENTED_EDGE('',*,*,#5266,.F.);
#6621 = ORIENTED_EDGE('',*,*,#6603,.T.);
#6622 = PLANE('',#6623);
#6623 = AXIS2_PLACEMENT_3D('',#6624,#6625,#6626);
#6624 = CARTESIAN_POINT('',(5.,2.,0.25));
#6625 = DIRECTION('',(1.,0.,0.));
#6626 = DIRECTION('',(0.,0.,-1.));
#6627 = ADVANCED_FACE('',(#6628),#6657,.T.);
#6628 = FACE_BOUND('',#6629,.T.);
#6629 = EDGE_LOOP('',(#6630,#6631,#6632,#6640,#6649,#6655,#6656));
#6630 = ORIENTED_EDGE('',*,*,#5610,.F.);
#6631 = ORIENTED_EDGE('',*,*,#5315,.F.);
#6632 = ORIENTED_EDGE('',*,*,#6633,.T.);
#6633 = EDGE_CURVE('',#5308,#6634,#6636,.T.);
#6634 = VERTEX_POINT('',#6635);
#6635 = CARTESIAN_POINT('',(2.05,-3.125,2.7));
#6636 = LINE('',#6637,#6638);
#6637 = CARTESIAN_POINT('',(2.05,-3.125,0.8));
#6638 = VECTOR('',#6639,1.);
#6639 = DIRECTION('',(0.,0.,1.));
#6640 = ORIENTED_EDGE('',*,*,#6641,.F.);
#6641 = EDGE_CURVE('',#6642,#6634,#6644,.T.);
#6642 = VERTEX_POINT('',#6643);
#6643 = CARTESIAN_POINT('',(2.05,-2.925,2.9));
#6644 = CIRCLE('',#6645,0.2);
#6645 = AXIS2_PLACEMENT_3D('',#6646,#6647,#6648);
#6646 = CARTESIAN_POINT('',(2.05,-2.925,2.7));
#6647 = DIRECTION('',(1.,-2.22044604925E-16,0.));
#6648 = DIRECTION('',(0.,0.,1.));
#6649 = ORIENTED_EDGE('',*,*,#6650,.F.);
#6650 = EDGE_CURVE('',#5491,#6642,#6651,.T.);
#6651 = LINE('',#6652,#6653);
#6652 = CARTESIAN_POINT('',(2.05,-2.8,2.9));
#6653 = VECTOR('',#6654,1.);
#6654 = DIRECTION('',(-2.22044604925E-16,-1.,0.));
#6655 = ORIENTED_EDGE('',*,*,#5498,.F.);
#6656 = ORIENTED_EDGE('',*,*,#5513,.F.);
#6657 = PLANE('',#6658);
#6658 = AXIS2_PLACEMENT_3D('',#6659,#6660,#6661);
#6659 = CARTESIAN_POINT('',(2.05,-2.925,0.8));
#6660 = DIRECTION('',(-1.,2.22044604925E-16,0.));
#6661 = DIRECTION('',(0.,0.,1.));
#6662 = ADVANCED_FACE('',(#6663),#6688,.F.);
#6663 = FACE_BOUND('',#6664,.F.);
#6664 = EDGE_LOOP('',(#6665,#6675,#6681,#6682));
#6665 = ORIENTED_EDGE('',*,*,#6666,.T.);
#6666 = EDGE_CURVE('',#6667,#6669,#6671,.T.);
#6667 = VERTEX_POINT('',#6668);
#6668 = CARTESIAN_POINT('',(2.05,-3.125,0.8));
#6669 = VERTEX_POINT('',#6670);
#6670 = CARTESIAN_POINT('',(-2.05,-3.125,0.8));
#6671 = LINE('',#6672,#6673);
#6672 = CARTESIAN_POINT('',(2.05,-3.125,0.8));
#6673 = VECTOR('',#6674,1.);
#6674 = DIRECTION('',(-1.,2.22044604925E-16,0.));
#6675 = ORIENTED_EDGE('',*,*,#6676,.T.);
#6676 = EDGE_CURVE('',#6669,#5300,#6677,.T.);
#6677 = LINE('',#6678,#6679);
#6678 = CARTESIAN_POINT('',(-2.05,-3.125,0.8));
#6679 = VECTOR('',#6680,1.);
#6680 = DIRECTION('',(0.,0.,1.));
#6681 = ORIENTED_EDGE('',*,*,#5307,.F.);
#6682 = ORIENTED_EDGE('',*,*,#6683,.F.);
#6683 = EDGE_CURVE('',#6667,#5308,#6684,.T.);
#6684 = LINE('',#6685,#6686);
#6685 = CARTESIAN_POINT('',(2.05,-3.125,0.8));
#6686 = VECTOR('',#6687,1.);
#6687 = DIRECTION('',(0.,0.,1.));
#6688 = PLANE('',#6689);
#6689 = AXIS2_PLACEMENT_3D('',#6690,#6691,#6692);
#6690 = CARTESIAN_POINT('',(2.05,-3.125,0.8));
#6691 = DIRECTION('',(2.22044604925E-16,1.,0.));
#6692 = DIRECTION('',(0.,-0.,1.));
#6693 = ADVANCED_FACE('',(#6694),#6723,.T.);
#6694 = FACE_BOUND('',#6695,.F.);
#6695 = EDGE_LOOP('',(#6696,#6697,#6698,#6706,#6715,#6721,#6722));
#6696 = ORIENTED_EDGE('',*,*,#5601,.F.);
#6697 = ORIENTED_EDGE('',*,*,#5299,.F.);
#6698 = ORIENTED_EDGE('',*,*,#6699,.T.);
#6699 = EDGE_CURVE('',#5300,#6700,#6702,.T.);
#6700 = VERTEX_POINT('',#6701);
#6701 = CARTESIAN_POINT('',(-2.05,-3.125,2.7));
#6702 = LINE('',#6703,#6704);
#6703 = CARTESIAN_POINT('',(-2.05,-3.125,0.8));
#6704 = VECTOR('',#6705,1.);
#6705 = DIRECTION('',(0.,0.,1.));
#6706 = ORIENTED_EDGE('',*,*,#6707,.F.);
#6707 = EDGE_CURVE('',#6708,#6700,#6710,.T.);
#6708 = VERTEX_POINT('',#6709);
#6709 = CARTESIAN_POINT('',(-2.05,-2.925,2.9));
#6710 = CIRCLE('',#6711,0.2);
#6711 = AXIS2_PLACEMENT_3D('',#6712,#6713,#6714);
#6712 = CARTESIAN_POINT('',(-2.05,-2.925,2.7));
#6713 = DIRECTION('',(1.,-2.22044604925E-16,0.));
#6714 = DIRECTION('',(0.,0.,1.));
#6715 = ORIENTED_EDGE('',*,*,#6716,.F.);
#6716 = EDGE_CURVE('',#5421,#6708,#6717,.T.);
#6717 = LINE('',#6718,#6719);
#6718 = CARTESIAN_POINT('',(-2.05,-2.8,2.9));
#6719 = VECTOR('',#6720,1.);
#6720 = DIRECTION('',(-2.22044604925E-16,-1.,0.));
#6721 = ORIENTED_EDGE('',*,*,#5420,.F.);
#6722 = ORIENTED_EDGE('',*,*,#5403,.F.);
#6723 = PLANE('',#6724);
#6724 = AXIS2_PLACEMENT_3D('',#6725,#6726,#6727);
#6725 = CARTESIAN_POINT('',(-2.05,-2.925,0.8));
#6726 = DIRECTION('',(1.,-2.22044604925E-16,0.));
#6727 = DIRECTION('',(0.,-0.,-1.));
#6728 = ADVANCED_FACE('',(#6729),#6763,.F.);
#6729 = FACE_BOUND('',#6730,.F.);
#6730 = EDGE_LOOP('',(#6731,#6741,#6749,#6755,#6756,#6757));
#6731 = ORIENTED_EDGE('',*,*,#6732,.T.);
#6732 = EDGE_CURVE('',#6733,#6735,#6737,.T.);
#6733 = VERTEX_POINT('',#6734);
#6734 = CARTESIAN_POINT('',(-3.1,2.8,2.7));
#6735 = VERTEX_POINT('',#6736);
#6736 = CARTESIAN_POINT('',(-3.1,2.8,2.9));
#6737 = LINE('',#6738,#6739);
#6738 = CARTESIAN_POINT('',(-3.1,2.8,2.7));
#6739 = VECTOR('',#6740,1.);
#6740 = DIRECTION('',(0.,0.,1.));
#6741 = ORIENTED_EDGE('',*,*,#6742,.T.);
#6742 = EDGE_CURVE('',#6735,#6743,#6745,.T.);
#6743 = VERTEX_POINT('',#6744);
#6744 = CARTESIAN_POINT('',(-3.1,-2.8,2.9));
#6745 = LINE('',#6746,#6747);
#6746 = CARTESIAN_POINT('',(-3.1,2.8,2.9));
#6747 = VECTOR('',#6748,1.);
#6748 = DIRECTION('',(0.,-1.,0.));
#6749 = ORIENTED_EDGE('',*,*,#6750,.F.);
#6750 = EDGE_CURVE('',#5372,#6743,#6751,.T.);
#6751 = LINE('',#6752,#6753);
#6752 = CARTESIAN_POINT('',(-3.1,-2.8,2.7));
#6753 = VECTOR('',#6754,1.);
#6754 = DIRECTION('',(0.,0.,1.));
#6755 = ORIENTED_EDGE('',*,*,#5371,.F.);
#6756 = ORIENTED_EDGE('',*,*,#5641,.T.);
#6757 = ORIENTED_EDGE('',*,*,#6758,.F.);
#6758 = EDGE_CURVE('',#6733,#5642,#6759,.T.);
#6759 = LINE('',#6760,#6761);
#6760 = CARTESIAN_POINT('',(-3.1,2.8,2.7));
#6761 = VECTOR('',#6762,1.);
#6762 = DIRECTION('',(0.,-1.,0.));
#6763 = PLANE('',#6764);
#6764 = AXIS2_PLACEMENT_3D('',#6765,#6766,#6767);
#6765 = CARTESIAN_POINT('',(-3.1,2.8,2.7));
#6766 = DIRECTION('',(1.,0.,0.));
#6767 = DIRECTION('',(0.,-1.,0.));
#6768 = ADVANCED_FACE('',(#6769),#6812,.T.);
#6769 = FACE_BOUND('',#6770,.F.);
#6770 = EDGE_LOOP('',(#6771,#6772,#6773,#6781,#6789,#6798,#6806));
#6771 = ORIENTED_EDGE('',*,*,#5594,.F.);
#6772 = ORIENTED_EDGE('',*,*,#5387,.T.);
#6773 = ORIENTED_EDGE('',*,*,#6774,.T.);
#6774 = EDGE_CURVE('',#5380,#6775,#6777,.T.);
#6775 = VERTEX_POINT('',#6776);
#6776 = CARTESIAN_POINT('',(-2.7,-2.8,2.9));
#6777 = LINE('',#6778,#6779);
#6778 = CARTESIAN_POINT('',(-2.7,-2.8,2.7));
#6779 = VECTOR('',#6780,1.);
#6780 = DIRECTION('',(0.,0.,1.));
#6781 = ORIENTED_EDGE('',*,*,#6782,.T.);
#6782 = EDGE_CURVE('',#6775,#6783,#6785,.T.);
#6783 = VERTEX_POINT('',#6784);
#6784 = CARTESIAN_POINT('',(-2.7,-2.925,2.9));
#6785 = LINE('',#6786,#6787);
#6786 = CARTESIAN_POINT('',(-2.7,-2.8,2.9));
#6787 = VECTOR('',#6788,1.);
#6788 = DIRECTION('',(-2.22044604925E-16,-1.,0.));
#6789 = ORIENTED_EDGE('',*,*,#6790,.T.);
#6790 = EDGE_CURVE('',#6783,#6791,#6793,.T.);
#6791 = VERTEX_POINT('',#6792);
#6792 = CARTESIAN_POINT('',(-2.7,-3.125,2.7));
#6793 = CIRCLE('',#6794,0.2);
#6794 = AXIS2_PLACEMENT_3D('',#6795,#6796,#6797);
#6795 = CARTESIAN_POINT('',(-2.7,-2.925,2.7));
#6796 = DIRECTION('',(1.,-2.22044604925E-16,0.));
#6797 = DIRECTION('',(0.,0.,1.));
#6798 = ORIENTED_EDGE('',*,*,#6799,.T.);
#6799 = EDGE_CURVE('',#6791,#6800,#6802,.T.);
#6800 = VERTEX_POINT('',#6801);
#6801 = CARTESIAN_POINT('',(-2.7,-3.125,0.9));
#6802 = LINE('',#6803,#6804);
#6803 = CARTESIAN_POINT('',(-2.7,-3.125,2.7));
#6804 = VECTOR('',#6805,1.);
#6805 = DIRECTION('',(0.,0.,-1.));
#6806 = ORIENTED_EDGE('',*,*,#6807,.F.);
#6807 = EDGE_CURVE('',#5586,#6800,#6808,.T.);
#6808 = LINE('',#6809,#6810);
#6809 = CARTESIAN_POINT('',(-2.7,-2.925,0.9));
#6810 = VECTOR('',#6811,1.);
#6811 = DIRECTION('',(-2.22044604925E-16,-1.,0.));
#6812 = PLANE('',#6813);
#6813 = AXIS2_PLACEMENT_3D('',#6814,#6815,#6816);
#6814 = CARTESIAN_POINT('',(-2.7,-2.925,2.7));
#6815 = DIRECTION('',(-1.,2.22044604925E-16,0.));
#6816 = DIRECTION('',(0.,0.,1.));
#6817 = ADVANCED_FACE('',(#6818),#6829,.F.);
#6818 = FACE_BOUND('',#6819,.F.);
#6819 = EDGE_LOOP('',(#6820,#6821,#6822,#6828));
#6820 = ORIENTED_EDGE('',*,*,#5379,.F.);
#6821 = ORIENTED_EDGE('',*,*,#6750,.T.);
#6822 = ORIENTED_EDGE('',*,*,#6823,.T.);
#6823 = EDGE_CURVE('',#6743,#6775,#6824,.T.);
#6824 = LINE('',#6825,#6826);
#6825 = CARTESIAN_POINT('',(-3.1,-2.8,2.9));
#6826 = VECTOR('',#6827,1.);
#6827 = DIRECTION('',(1.,0.,0.));
#6828 = ORIENTED_EDGE('',*,*,#6774,.F.);
#6829 = PLANE('',#6830);
#6830 = AXIS2_PLACEMENT_3D('',#6831,#6832,#6833);
#6831 = CARTESIAN_POINT('',(-3.1,-2.8,2.7));
#6832 = DIRECTION('',(0.,1.,0.));
#6833 = DIRECTION('',(1.,0.,0.));
#6834 = ADVANCED_FACE('',(#6835),#6853,.T.);
#6835 = FACE_BOUND('',#6836,.F.);
#6836 = EDGE_LOOP('',(#6837,#6838,#6846,#6852));
#6837 = ORIENTED_EDGE('',*,*,#5436,.T.);
#6838 = ORIENTED_EDGE('',*,*,#6839,.T.);
#6839 = EDGE_CURVE('',#5429,#6840,#6842,.T.);
#6840 = VERTEX_POINT('',#6841);
#6841 = CARTESIAN_POINT('',(-1.285,-3.125,2.9));
#6842 = LINE('',#6843,#6844);
#6843 = CARTESIAN_POINT('',(-1.61,-2.8,2.9));
#6844 = VECTOR('',#6845,1.);
#6845 = DIRECTION('',(0.707106781187,-0.707106781187,0.));
#6846 = ORIENTED_EDGE('',*,*,#6847,.F.);
#6847 = EDGE_CURVE('',#5452,#6840,#6848,.T.);
#6848 = LINE('',#6849,#6850);
#6849 = CARTESIAN_POINT('',(-1.285,-3.125,2.7));
#6850 = VECTOR('',#6851,1.);
#6851 = DIRECTION('',(0.,0.,1.));
#6852 = ORIENTED_EDGE('',*,*,#5451,.F.);
#6853 = PLANE('',#6854);
#6854 = AXIS2_PLACEMENT_3D('',#6855,#6856,#6857);
#6855 = CARTESIAN_POINT('',(-1.61,-2.8,2.7));
#6856 = DIRECTION('',(-0.707106781187,-0.707106781187,-0.));
#6857 = DIRECTION('',(-0.707106781187,0.707106781187,0.));
#6858 = ADVANCED_FACE('',(#6859,#7014),#7025,.T.);
#6859 = FACE_BOUND('',#6860,.T.);
#6860 = EDGE_LOOP('',(#6861,#6862,#6863,#6869,#6870,#6871,#6872,#6880,
    #6886,#6887,#6888,#6896,#6904,#6910,#6911,#6919,#6927,#6935,#6943,
    #6951,#6959,#6967,#6975,#6983,#6991,#6999,#7007,#7013));
#6861 = ORIENTED_EDGE('',*,*,#6823,.T.);
#6862 = ORIENTED_EDGE('',*,*,#6782,.T.);
#6863 = ORIENTED_EDGE('',*,*,#6864,.F.);
#6864 = EDGE_CURVE('',#6708,#6783,#6865,.T.);
#6865 = LINE('',#6866,#6867);
#6866 = CARTESIAN_POINT('',(-2.05,-2.925,2.9));
#6867 = VECTOR('',#6868,1.);
#6868 = DIRECTION('',(-1.,2.22044604925E-16,0.));
#6869 = ORIENTED_EDGE('',*,*,#6716,.F.);
#6870 = ORIENTED_EDGE('',*,*,#5428,.T.);
#6871 = ORIENTED_EDGE('',*,*,#6839,.T.);
#6872 = ORIENTED_EDGE('',*,*,#6873,.T.);
#6873 = EDGE_CURVE('',#6840,#6874,#6876,.T.);
#6874 = VERTEX_POINT('',#6875);
#6875 = CARTESIAN_POINT('',(1.285,-3.125,2.9));
#6876 = LINE('',#6877,#6878);
#6877 = CARTESIAN_POINT('',(-1.285,-3.125,2.9));
#6878 = VECTOR('',#6879,1.);
#6879 = DIRECTION('',(1.,1.110223024625E-16,0.));
#6880 = ORIENTED_EDGE('',*,*,#6881,.T.);
#6881 = EDGE_CURVE('',#6874,#5483,#6882,.T.);
#6882 = LINE('',#6883,#6884);
#6883 = CARTESIAN_POINT('',(1.285,-3.125,2.9));
#6884 = VECTOR('',#6885,1.);
#6885 = DIRECTION('',(0.707106781187,0.707106781187,0.));
#6886 = ORIENTED_EDGE('',*,*,#5490,.T.);
#6887 = ORIENTED_EDGE('',*,*,#6650,.T.);
#6888 = ORIENTED_EDGE('',*,*,#6889,.T.);
#6889 = EDGE_CURVE('',#6642,#6890,#6892,.T.);
#6890 = VERTEX_POINT('',#6891);
#6891 = CARTESIAN_POINT('',(2.7,-2.925,2.9));
#6892 = LINE('',#6893,#6894);
#6893 = CARTESIAN_POINT('',(2.05,-2.925,2.9));
#6894 = VECTOR('',#6895,1.);
#6895 = DIRECTION('',(1.,-2.22044604925E-16,0.));
#6896 = ORIENTED_EDGE('',*,*,#6897,.F.);
#6897 = EDGE_CURVE('',#6898,#6890,#6900,.T.);
#6898 = VERTEX_POINT('',#6899);
#6899 = CARTESIAN_POINT('',(2.7,-2.8,2.9));
#6900 = LINE('',#6901,#6902);
#6901 = CARTESIAN_POINT('',(2.7,-2.8,2.9));
#6902 = VECTOR('',#6903,1.);
#6903 = DIRECTION('',(-2.22044604925E-16,-1.,0.));
#6904 = ORIENTED_EDGE('',*,*,#6905,.T.);
#6905 = EDGE_CURVE('',#6898,#6279,#6906,.T.);
#6906 = LINE('',#6907,#6908);
#6907 = CARTESIAN_POINT('',(-3.1,-2.8,2.9));
#6908 = VECTOR('',#6909,1.);
#6909 = DIRECTION('',(1.,0.,0.));
#6910 = ORIENTED_EDGE('',*,*,#6286,.T.);
#6911 = ORIENTED_EDGE('',*,*,#6912,.T.);
#6912 = EDGE_CURVE('',#6287,#6913,#6915,.T.);
#6913 = VERTEX_POINT('',#6914);
#6914 = CARTESIAN_POINT('',(2.7,2.8,2.9));
#6915 = LINE('',#6916,#6917);
#6916 = CARTESIAN_POINT('',(3.1,2.8,2.9));
#6917 = VECTOR('',#6918,1.);
#6918 = DIRECTION('',(-1.,0.,0.));
#6919 = ORIENTED_EDGE('',*,*,#6920,.T.);
#6920 = EDGE_CURVE('',#6913,#6921,#6923,.T.);
#6921 = VERTEX_POINT('',#6922);
#6922 = CARTESIAN_POINT('',(2.7,2.925,2.9));
#6923 = LINE('',#6924,#6925);
#6924 = CARTESIAN_POINT('',(2.7,2.8,2.9));
#6925 = VECTOR('',#6926,1.);
#6926 = DIRECTION('',(1.110223024625E-16,1.,0.));
#6927 = ORIENTED_EDGE('',*,*,#6928,.F.);
#6928 = EDGE_CURVE('',#6929,#6921,#6931,.T.);
#6929 = VERTEX_POINT('',#6930);
#6930 = CARTESIAN_POINT('',(2.05,2.925,2.9));
#6931 = LINE('',#6932,#6933);
#6932 = CARTESIAN_POINT('',(2.05,2.925,2.9));
#6933 = VECTOR('',#6934,1.);
#6934 = DIRECTION('',(1.,-1.110223024625E-16,0.));
#6935 = ORIENTED_EDGE('',*,*,#6936,.F.);
#6936 = EDGE_CURVE('',#6937,#6929,#6939,.T.);
#6937 = VERTEX_POINT('',#6938);
#6938 = CARTESIAN_POINT('',(2.05,2.8,2.9));
#6939 = LINE('',#6940,#6941);
#6940 = CARTESIAN_POINT('',(2.05,2.8,2.9));
#6941 = VECTOR('',#6942,1.);
#6942 = DIRECTION('',(1.110223024625E-16,1.,0.));
#6943 = ORIENTED_EDGE('',*,*,#6944,.T.);
#6944 = EDGE_CURVE('',#6937,#6945,#6947,.T.);
#6945 = VERTEX_POINT('',#6946);
#6946 = CARTESIAN_POINT('',(1.61,2.8,2.9));
#6947 = LINE('',#6948,#6949);
#6948 = CARTESIAN_POINT('',(3.1,2.8,2.9));
#6949 = VECTOR('',#6950,1.);
#6950 = DIRECTION('',(-1.,0.,0.));
#6951 = ORIENTED_EDGE('',*,*,#6952,.F.);
#6952 = EDGE_CURVE('',#6953,#6945,#6955,.T.);
#6953 = VERTEX_POINT('',#6954);
#6954 = CARTESIAN_POINT('',(1.285,3.125,2.9));
#6955 = LINE('',#6956,#6957);
#6956 = CARTESIAN_POINT('',(1.285,3.125,2.9));
#6957 = VECTOR('',#6958,1.);
#6958 = DIRECTION('',(0.707106781187,-0.707106781187,0.));
#6959 = ORIENTED_EDGE('',*,*,#6960,.F.);
#6960 = EDGE_CURVE('',#6961,#6953,#6963,.T.);
#6961 = VERTEX_POINT('',#6962);
#6962 = CARTESIAN_POINT('',(-1.285,3.125,2.9));
#6963 = LINE('',#6964,#6965);
#6964 = CARTESIAN_POINT('',(-1.285,3.125,2.9));
#6965 = VECTOR('',#6966,1.);
#6966 = DIRECTION('',(1.,-1.110223024625E-16,0.));
#6967 = ORIENTED_EDGE('',*,*,#6968,.F.);
#6968 = EDGE_CURVE('',#6969,#6961,#6971,.T.);
#6969 = VERTEX_POINT('',#6970);
#6970 = CARTESIAN_POINT('',(-1.61,2.8,2.9));
#6971 = LINE('',#6972,#6973);
#6972 = CARTESIAN_POINT('',(-1.61,2.8,2.9));
#6973 = VECTOR('',#6974,1.);
#6974 = DIRECTION('',(0.707106781187,0.707106781187,0.));
#6975 = ORIENTED_EDGE('',*,*,#6976,.T.);
#6976 = EDGE_CURVE('',#6969,#6977,#6979,.T.);
#6977 = VERTEX_POINT('',#6978);
#6978 = CARTESIAN_POINT('',(-2.05,2.8,2.9));
#6979 = LINE('',#6980,#6981);
#6980 = CARTESIAN_POINT('',(3.1,2.8,2.9));
#6981 = VECTOR('',#6982,1.);
#6982 = DIRECTION('',(-1.,0.,0.));
#6983 = ORIENTED_EDGE('',*,*,#6984,.T.);
#6984 = EDGE_CURVE('',#6977,#6985,#6987,.T.);
#6985 = VERTEX_POINT('',#6986);
#6986 = CARTESIAN_POINT('',(-2.05,2.925,2.9));
#6987 = LINE('',#6988,#6989);
#6988 = CARTESIAN_POINT('',(-2.05,2.8,2.9));
#6989 = VECTOR('',#6990,1.);
#6990 = DIRECTION('',(1.110223024625E-16,1.,0.));
#6991 = ORIENTED_EDGE('',*,*,#6992,.T.);
#6992 = EDGE_CURVE('',#6985,#6993,#6995,.T.);
#6993 = VERTEX_POINT('',#6994);
#6994 = CARTESIAN_POINT('',(-2.7,2.925,2.9));
#6995 = LINE('',#6996,#6997);
#6996 = CARTESIAN_POINT('',(-2.05,2.925,2.9));
#6997 = VECTOR('',#6998,1.);
#6998 = DIRECTION('',(-1.,1.110223024625E-16,0.));
#6999 = ORIENTED_EDGE('',*,*,#7000,.F.);
#7000 = EDGE_CURVE('',#7001,#6993,#7003,.T.);
#7001 = VERTEX_POINT('',#7002);
#7002 = CARTESIAN_POINT('',(-2.7,2.8,2.9));
#7003 = LINE('',#7004,#7005);
#7004 = CARTESIAN_POINT('',(-2.7,2.8,2.9));
#7005 = VECTOR('',#7006,1.);
#7006 = DIRECTION('',(1.110223024625E-16,1.,0.));
#7007 = ORIENTED_EDGE('',*,*,#7008,.T.);
#7008 = EDGE_CURVE('',#7001,#6735,#7009,.T.);
#7009 = LINE('',#7010,#7011);
#7010 = CARTESIAN_POINT('',(3.1,2.8,2.9));
#7011 = VECTOR('',#7012,1.);
#7012 = DIRECTION('',(-1.,0.,0.));
#7013 = ORIENTED_EDGE('',*,*,#6742,.T.);
#7014 = FACE_BOUND('',#7015,.T.);
#7015 = EDGE_LOOP('',(#7016));
#7016 = ORIENTED_EDGE('',*,*,#7017,.F.);
#7017 = EDGE_CURVE('',#7018,#7018,#7020,.T.);
#7018 = VERTEX_POINT('',#7019);
#7019 = CARTESIAN_POINT('',(2.6,0.,2.9));
#7020 = CIRCLE('',#7021,2.6);
#7021 = AXIS2_PLACEMENT_3D('',#7022,#7023,#7024);
#7022 = CARTESIAN_POINT('',(0.,0.,2.9));
#7023 = DIRECTION('',(0.,0.,1.));
#7024 = DIRECTION('',(1.,0.,-0.));
#7025 = PLANE('',#7026);
#7026 = AXIS2_PLACEMENT_3D('',#7027,#7028,#7029);
#7027 = CARTESIAN_POINT('',(0.,0.,2.9));
#7028 = DIRECTION('',(0.,0.,1.));
#7029 = DIRECTION('',(1.,0.,-0.));
#7030 = ADVANCED_FACE('',(#7031),#7042,.T.);
#7031 = FACE_BOUND('',#7032,.F.);
#7032 = EDGE_LOOP('',(#7033,#7039,#7040,#7041));
#7033 = ORIENTED_EDGE('',*,*,#7034,.T.);
#7034 = EDGE_CURVE('',#5460,#6874,#7035,.T.);
#7035 = LINE('',#7036,#7037);
#7036 = CARTESIAN_POINT('',(1.285,-3.125,2.7));
#7037 = VECTOR('',#7038,1.);
#7038 = DIRECTION('',(0.,0.,1.));
#7039 = ORIENTED_EDGE('',*,*,#6881,.T.);
#7040 = ORIENTED_EDGE('',*,*,#5482,.F.);
#7041 = ORIENTED_EDGE('',*,*,#5467,.F.);
#7042 = PLANE('',#7043);
#7043 = AXIS2_PLACEMENT_3D('',#7044,#7045,#7046);
#7044 = CARTESIAN_POINT('',(1.285,-3.125,2.7));
#7045 = DIRECTION('',(0.707106781187,-0.707106781187,0.));
#7046 = DIRECTION('',(-0.707106781187,-0.707106781187,0.));
#7047 = ADVANCED_FACE('',(#7048),#7054,.T.);
#7048 = FACE_BOUND('',#7049,.F.);
#7049 = EDGE_LOOP('',(#7050,#7051,#7052,#7053));
#7050 = ORIENTED_EDGE('',*,*,#6847,.T.);
#7051 = ORIENTED_EDGE('',*,*,#6873,.T.);
#7052 = ORIENTED_EDGE('',*,*,#7034,.F.);
#7053 = ORIENTED_EDGE('',*,*,#5459,.F.);
#7054 = PLANE('',#7055);
#7055 = AXIS2_PLACEMENT_3D('',#7056,#7057,#7058);
#7056 = CARTESIAN_POINT('',(-1.285,-3.125,2.7));
#7057 = DIRECTION('',(1.110223024625E-16,-1.,0.));
#7058 = DIRECTION('',(-1.,-1.110223024625E-16,0.));
#7059 = ADVANCED_FACE('',(#7060),#7071,.F.);
#7060 = FACE_BOUND('',#7061,.F.);
#7061 = EDGE_LOOP('',(#7062,#7063,#7069,#7070));
#7062 = ORIENTED_EDGE('',*,*,#5537,.F.);
#7063 = ORIENTED_EDGE('',*,*,#7064,.T.);
#7064 = EDGE_CURVE('',#5530,#6898,#7065,.T.);
#7065 = LINE('',#7066,#7067);
#7066 = CARTESIAN_POINT('',(2.7,-2.8,2.7));
#7067 = VECTOR('',#7068,1.);
#7068 = DIRECTION('',(0.,0.,1.));
#7069 = ORIENTED_EDGE('',*,*,#6905,.T.);
#7070 = ORIENTED_EDGE('',*,*,#6278,.F.);
#7071 = PLANE('',#7072);
#7072 = AXIS2_PLACEMENT_3D('',#7073,#7074,#7075);
#7073 = CARTESIAN_POINT('',(-3.1,-2.8,2.7));
#7074 = DIRECTION('',(0.,1.,0.));
#7075 = DIRECTION('',(1.,0.,0.));
#7076 = ADVANCED_FACE('',(#7077),#7106,.T.);
#7077 = FACE_BOUND('',#7078,.T.);
#7078 = EDGE_LOOP('',(#7079,#7080,#7081,#7082,#7083,#7092,#7100));
#7079 = ORIENTED_EDGE('',*,*,#5560,.F.);
#7080 = ORIENTED_EDGE('',*,*,#5529,.T.);
#7081 = ORIENTED_EDGE('',*,*,#7064,.T.);
#7082 = ORIENTED_EDGE('',*,*,#6897,.T.);
#7083 = ORIENTED_EDGE('',*,*,#7084,.T.);
#7084 = EDGE_CURVE('',#6890,#7085,#7087,.T.);
#7085 = VERTEX_POINT('',#7086);
#7086 = CARTESIAN_POINT('',(2.7,-3.125,2.7));
#7087 = CIRCLE('',#7088,0.2);
#7088 = AXIS2_PLACEMENT_3D('',#7089,#7090,#7091);
#7089 = CARTESIAN_POINT('',(2.7,-2.925,2.7));
#7090 = DIRECTION('',(1.,-2.22044604925E-16,0.));
#7091 = DIRECTION('',(0.,0.,1.));
#7092 = ORIENTED_EDGE('',*,*,#7093,.T.);
#7093 = EDGE_CURVE('',#7085,#7094,#7096,.T.);
#7094 = VERTEX_POINT('',#7095);
#7095 = CARTESIAN_POINT('',(2.7,-3.125,0.9));
#7096 = LINE('',#7097,#7098);
#7097 = CARTESIAN_POINT('',(2.7,-3.125,2.7));
#7098 = VECTOR('',#7099,1.);
#7099 = DIRECTION('',(0.,0.,-1.));
#7100 = ORIENTED_EDGE('',*,*,#7101,.F.);
#7101 = EDGE_CURVE('',#5561,#7094,#7102,.T.);
#7102 = LINE('',#7103,#7104);
#7103 = CARTESIAN_POINT('',(2.7,-2.925,0.9));
#7104 = VECTOR('',#7105,1.);
#7105 = DIRECTION('',(-2.22044604925E-16,-1.,0.));
#7106 = PLANE('',#7107);
#7107 = AXIS2_PLACEMENT_3D('',#7108,#7109,#7110);
#7108 = CARTESIAN_POINT('',(2.7,-2.925,2.7));
#7109 = DIRECTION('',(1.,-2.22044604925E-16,0.));
#7110 = DIRECTION('',(0.,0.,-1.));
#7111 = ADVANCED_FACE('',(#7112),#7131,.T.);
#7112 = FACE_BOUND('',#7113,.T.);
#7113 = EDGE_LOOP('',(#7114,#7115,#7124,#7130));
#7114 = ORIENTED_EDGE('',*,*,#7101,.T.);
#7115 = ORIENTED_EDGE('',*,*,#7116,.T.);
#7116 = EDGE_CURVE('',#7094,#7117,#7119,.T.);
#7117 = VERTEX_POINT('',#7118);
#7118 = CARTESIAN_POINT('',(2.2,-3.125,0.4));
#7119 = CIRCLE('',#7120,0.5);
#7120 = AXIS2_PLACEMENT_3D('',#7121,#7122,#7123);
#7121 = CARTESIAN_POINT('',(2.2,-3.125,0.9));
#7122 = DIRECTION('',(2.22044604925E-16,1.,-0.));
#7123 = DIRECTION('',(0.,0.,1.));
#7124 = ORIENTED_EDGE('',*,*,#7125,.F.);
#7125 = EDGE_CURVE('',#5569,#7117,#7126,.T.);
#7126 = LINE('',#7127,#7128);
#7127 = CARTESIAN_POINT('',(2.2,-2.925,0.4));
#7128 = VECTOR('',#7129,1.);
#7129 = DIRECTION('',(-2.22044604925E-16,-1.,0.));
#7130 = ORIENTED_EDGE('',*,*,#5568,.F.);
#7131 = CYLINDRICAL_SURFACE('',#7132,0.5);
#7132 = AXIS2_PLACEMENT_3D('',#7133,#7134,#7135);
#7133 = CARTESIAN_POINT('',(2.2,-2.925,0.9));
#7134 = DIRECTION('',(-2.22044604925E-16,-1.,0.));
#7135 = DIRECTION('',(1.,-2.22044604925E-16,0.));
#7136 = ADVANCED_FACE('',(#7137),#7155,.T.);
#7137 = FACE_BOUND('',#7138,.T.);
#7138 = EDGE_LOOP('',(#7139,#7140,#7141,#7149));
#7139 = ORIENTED_EDGE('',*,*,#5577,.F.);
#7140 = ORIENTED_EDGE('',*,*,#7125,.T.);
#7141 = ORIENTED_EDGE('',*,*,#7142,.F.);
#7142 = EDGE_CURVE('',#7143,#7117,#7145,.T.);
#7143 = VERTEX_POINT('',#7144);
#7144 = CARTESIAN_POINT('',(-2.2,-3.125,0.4));
#7145 = LINE('',#7146,#7147);
#7146 = CARTESIAN_POINT('',(-2.2,-3.125,0.4));
#7147 = VECTOR('',#7148,1.);
#7148 = DIRECTION('',(1.,-2.22044604925E-16,0.));
#7149 = ORIENTED_EDGE('',*,*,#7150,.F.);
#7150 = EDGE_CURVE('',#5578,#7143,#7151,.T.);
#7151 = LINE('',#7152,#7153);
#7152 = CARTESIAN_POINT('',(-2.2,-2.925,0.4));
#7153 = VECTOR('',#7154,1.);
#7154 = DIRECTION('',(-2.22044604925E-16,-1.,0.));
#7155 = PLANE('',#7156);
#7156 = AXIS2_PLACEMENT_3D('',#7157,#7158,#7159);
#7157 = CARTESIAN_POINT('',(2.7,-2.925,0.4));
#7158 = DIRECTION('',(-4.111937128241E-17,9.130334551169E-33,-1.));
#7159 = DIRECTION('',(-1.,2.22044604925E-16,4.111937128241E-17));
#7160 = ADVANCED_FACE('',(#7161),#7173,.T.);
#7161 = FACE_BOUND('',#7162,.T.);
#7162 = EDGE_LOOP('',(#7163,#7164,#7165,#7172));
#7163 = ORIENTED_EDGE('',*,*,#5585,.T.);
#7164 = ORIENTED_EDGE('',*,*,#7150,.T.);
#7165 = ORIENTED_EDGE('',*,*,#7166,.F.);
#7166 = EDGE_CURVE('',#6800,#7143,#7167,.T.);
#7167 = CIRCLE('',#7168,0.5);
#7168 = AXIS2_PLACEMENT_3D('',#7169,#7170,#7171);
#7169 = CARTESIAN_POINT('',(-2.2,-3.125,0.9));
#7170 = DIRECTION('',(-2.22044604925E-16,-1.,0.));
#7171 = DIRECTION('',(0.,0.,1.));
#7172 = ORIENTED_EDGE('',*,*,#6807,.F.);
#7173 = CYLINDRICAL_SURFACE('',#7174,0.5);
#7174 = AXIS2_PLACEMENT_3D('',#7175,#7176,#7177);
#7175 = CARTESIAN_POINT('',(-2.2,-2.925,0.9));
#7176 = DIRECTION('',(-2.22044604925E-16,-1.,0.));
#7177 = DIRECTION('',(-1.,2.22044604925E-16,0.));
#7178 = ADVANCED_FACE('',(#7179),#7190,.F.);
#7179 = FACE_BOUND('',#7180,.T.);
#7180 = EDGE_LOOP('',(#7181,#7182,#7183,#7189));
#7181 = ORIENTED_EDGE('',*,*,#5626,.F.);
#7182 = ORIENTED_EDGE('',*,*,#5651,.T.);
#7183 = ORIENTED_EDGE('',*,*,#7184,.T.);
#7184 = EDGE_CURVE('',#5642,#6131,#7185,.T.);
#7185 = LINE('',#7186,#7187);
#7186 = CARTESIAN_POINT('',(-4.1,1.,2.7));
#7187 = VECTOR('',#7188,1.);
#7188 = DIRECTION('',(0.707106781187,0.707106781187,0.));
#7189 = ORIENTED_EDGE('',*,*,#6130,.F.);
#7190 = PLANE('',#7191);
#7191 = AXIS2_PLACEMENT_3D('',#7192,#7193,#7194);
#7192 = CARTESIAN_POINT('',(-2.7,2.4,2.));
#7193 = DIRECTION('',(0.707106781187,-0.707106781187,6.983161618624E-18)
  );
#7194 = DIRECTION('',(4.93784093465E-18,-4.93784093465E-18,-1.));
#7195 = ADVANCED_FACE('',(#7196),#7212,.T.);
#7196 = FACE_BOUND('',#7197,.T.);
#7197 = EDGE_LOOP('',(#7198,#7199,#7205,#7206));
#7198 = ORIENTED_EDGE('',*,*,#5665,.T.);
#7199 = ORIENTED_EDGE('',*,*,#7200,.T.);
#7200 = EDGE_CURVE('',#5668,#5791,#7201,.T.);
#7201 = LINE('',#7202,#7203);
#7202 = CARTESIAN_POINT('',(-4.066372216918,2.375,0.));
#7203 = VECTOR('',#7204,1.);
#7204 = DIRECTION('',(-1.224646799147E-16,-1.,0.));
#7205 = ORIENTED_EDGE('',*,*,#5788,.F.);
#7206 = ORIENTED_EDGE('',*,*,#7207,.T.);
#7207 = EDGE_CURVE('',#5789,#5666,#7208,.T.);
#7208 = LINE('',#7209,#7210);
#7209 = CARTESIAN_POINT('',(-5.,1.625,0.));
#7210 = VECTOR('',#7211,1.);
#7211 = DIRECTION('',(1.224646799147E-16,1.,0.));
#7212 = PLANE('',#7213);
#7213 = AXIS2_PLACEMENT_3D('',#7214,#7215,#7216);
#7214 = CARTESIAN_POINT('',(-5.,2.,0.));
#7215 = DIRECTION('',(0.,0.,-1.));
#7216 = DIRECTION('',(1.,-1.224646799147E-16,0.));
#7217 = ADVANCED_FACE('',(#7218),#7229,.T.);
#7218 = FACE_BOUND('',#7219,.T.);
#7219 = EDGE_LOOP('',(#7220,#7221,#7222,#7228));
#7220 = ORIENTED_EDGE('',*,*,#7200,.F.);
#7221 = ORIENTED_EDGE('',*,*,#5675,.T.);
#7222 = ORIENTED_EDGE('',*,*,#7223,.T.);
#7223 = EDGE_CURVE('',#5676,#5799,#7224,.T.);
#7224 = LINE('',#7225,#7226);
#7225 = CARTESIAN_POINT('',(-3.729025148042,2.375,0.256742533163));
#7226 = VECTOR('',#7227,1.);
#7227 = DIRECTION('',(-1.224646799147E-16,-1.,0.));
#7228 = ORIENTED_EDGE('',*,*,#5798,.F.);
#7229 = CYLINDRICAL_SURFACE('',#7230,0.35);
#7230 = AXIS2_PLACEMENT_3D('',#7231,#7232,#7233);
#7231 = CARTESIAN_POINT('',(-4.066372216918,2.,0.35));
#7232 = DIRECTION('',(-1.224646799147E-16,-1.,0.));
#7233 = DIRECTION('',(9.51619735393E-16,-1.165398062954E-31,-1.));
#7234 = ADVANCED_FACE('',(#7235),#7246,.T.);
#7235 = FACE_BOUND('',#7236,.T.);
#7236 = EDGE_LOOP('',(#7237,#7238,#7239,#7245));
#7237 = ORIENTED_EDGE('',*,*,#7223,.F.);
#7238 = ORIENTED_EDGE('',*,*,#5684,.T.);
#7239 = ORIENTED_EDGE('',*,*,#7240,.T.);
#7240 = EDGE_CURVE('',#5685,#5808,#7241,.T.);
#7241 = LINE('',#7242,#7243);
#7242 = CARTESIAN_POINT('',(-3.530012659904,2.375,0.976644990525));
#7243 = VECTOR('',#7244,1.);
#7244 = DIRECTION('',(-1.224646799147E-16,-1.,0.));
#7245 = ORIENTED_EDGE('',*,*,#5807,.F.);
#7246 = PLANE('',#7247);
#7247 = AXIS2_PLACEMENT_3D('',#7248,#7249,#7250);
#7248 = CARTESIAN_POINT('',(-3.729025148042,2.,0.256742533163));
#7249 = DIRECTION('',(0.963848768217,-1.180374308859E-16,-0.266449905247
    ));
#7250 = DIRECTION('',(0.266449905247,-3.263070235945E-17,0.963848768217)
  );
#7251 = ADVANCED_FACE('',(#7252),#7258,.F.);
#7252 = FACE_BOUND('',#7253,.F.);
#7253 = EDGE_LOOP('',(#7254,#7255,#7256,#7257));
#7254 = ORIENTED_EDGE('',*,*,#5815,.T.);
#7255 = ORIENTED_EDGE('',*,*,#5880,.F.);
#7256 = ORIENTED_EDGE('',*,*,#5692,.F.);
#7257 = ORIENTED_EDGE('',*,*,#7240,.T.);
#7258 = CYLINDRICAL_SURFACE('',#7259,0.1);
#7259 = AXIS2_PLACEMENT_3D('',#7260,#7261,#7262);
#7260 = CARTESIAN_POINT('',(-3.433627783082,2.,0.95));
#7261 = DIRECTION('',(-1.224646799147E-16,-1.,0.));
#7262 = DIRECTION('',(-0.963848768217,1.180374308859E-16,0.266449905247)
  );
#7263 = ADVANCED_FACE('',(#7264),#7275,.T.);
#7264 = FACE_BOUND('',#7265,.T.);
#7265 = EDGE_LOOP('',(#7266,#7267,#7268,#7274));
#7266 = ORIENTED_EDGE('',*,*,#5766,.F.);
#7267 = ORIENTED_EDGE('',*,*,#5716,.T.);
#7268 = ORIENTED_EDGE('',*,*,#7269,.T.);
#7269 = EDGE_CURVE('',#5717,#5833,#7270,.T.);
#7270 = LINE('',#7271,#7272);
#7271 = CARTESIAN_POINT('',(-3.770974851958,2.375,1.043257466837));
#7272 = VECTOR('',#7273,1.);
#7273 = DIRECTION('',(-1.224646799147E-16,-1.,0.));
#7274 = ORIENTED_EDGE('',*,*,#5832,.F.);
#7275 = CYLINDRICAL_SURFACE('',#7276,0.35);
#7276 = AXIS2_PLACEMENT_3D('',#7277,#7278,#7279);
#7277 = CARTESIAN_POINT('',(-3.433627783082,2.,0.95));
#7278 = DIRECTION('',(-1.224646799147E-16,-1.,0.));
#7279 = DIRECTION('',(6.344131569287E-16,-7.769320419695E-32,1.));
#7280 = ADVANCED_FACE('',(#7281),#7292,.T.);
#7281 = FACE_BOUND('',#7282,.T.);
#7282 = EDGE_LOOP('',(#7283,#7284,#7285,#7291));
#7283 = ORIENTED_EDGE('',*,*,#7269,.F.);
#7284 = ORIENTED_EDGE('',*,*,#5725,.T.);
#7285 = ORIENTED_EDGE('',*,*,#7286,.T.);
#7286 = EDGE_CURVE('',#5726,#5842,#7287,.T.);
#7287 = LINE('',#7288,#7289);
#7288 = CARTESIAN_POINT('',(-3.969987340096,2.375,0.323355009475));
#7289 = VECTOR('',#7290,1.);
#7290 = DIRECTION('',(-1.224646799147E-16,-1.,0.));
#7291 = ORIENTED_EDGE('',*,*,#5841,.F.);
#7292 = PLANE('',#7293);
#7293 = AXIS2_PLACEMENT_3D('',#7294,#7295,#7296);
#7294 = CARTESIAN_POINT('',(-3.770974851958,2.,1.043257466837));
#7295 = DIRECTION('',(-0.963848768217,1.180374308859E-16,0.266449905247)
  );
#7296 = DIRECTION('',(-0.266449905247,3.263070235945E-17,-0.963848768217
    ));
#7297 = ADVANCED_FACE('',(#7298),#7309,.F.);
#7298 = FACE_BOUND('',#7299,.F.);
#7299 = EDGE_LOOP('',(#7300,#7301,#7307,#7308));
#7300 = ORIENTED_EDGE('',*,*,#5849,.T.);
#7301 = ORIENTED_EDGE('',*,*,#7302,.T.);
#7302 = EDGE_CURVE('',#5850,#5734,#7303,.T.);
#7303 = LINE('',#7304,#7305);
#7304 = CARTESIAN_POINT('',(-4.066372216918,1.625,0.25));
#7305 = VECTOR('',#7306,1.);
#7306 = DIRECTION('',(1.224646799147E-16,1.,0.));
#7307 = ORIENTED_EDGE('',*,*,#5733,.F.);
#7308 = ORIENTED_EDGE('',*,*,#7286,.T.);
#7309 = CYLINDRICAL_SURFACE('',#7310,0.1);
#7310 = AXIS2_PLACEMENT_3D('',#7311,#7312,#7313);
#7311 = CARTESIAN_POINT('',(-4.066372216918,2.,0.35));
#7312 = DIRECTION('',(-1.224646799147E-16,-1.,0.));
#7313 = DIRECTION('',(0.963848768217,-1.180374308859E-16,-0.266449905247
    ));
#7314 = ADVANCED_FACE('',(#7315),#7326,.T.);
#7315 = FACE_BOUND('',#7316,.T.);
#7316 = EDGE_LOOP('',(#7317,#7318,#7324,#7325));
#7317 = ORIENTED_EDGE('',*,*,#5742,.T.);
#7318 = ORIENTED_EDGE('',*,*,#7319,.F.);
#7319 = EDGE_CURVE('',#5859,#5743,#7320,.T.);
#7320 = LINE('',#7321,#7322);
#7321 = CARTESIAN_POINT('',(-5.,1.625,0.25));
#7322 = VECTOR('',#7323,1.);
#7323 = DIRECTION('',(1.224646799147E-16,1.,0.));
#7324 = ORIENTED_EDGE('',*,*,#5858,.F.);
#7325 = ORIENTED_EDGE('',*,*,#7302,.T.);
#7326 = PLANE('',#7327);
#7327 = AXIS2_PLACEMENT_3D('',#7328,#7329,#7330);
#7328 = CARTESIAN_POINT('',(-4.066372216918,2.,0.25));
#7329 = DIRECTION('',(-5.945747570621E-17,7.281440730899E-33,1.));
#7330 = DIRECTION('',(-1.,1.224646799147E-16,-5.945747570621E-17));
#7331 = ADVANCED_FACE('',(#7332),#7338,.T.);
#7332 = FACE_BOUND('',#7333,.T.);
#7333 = EDGE_LOOP('',(#7334,#7335,#7336,#7337));
#7334 = ORIENTED_EDGE('',*,*,#5750,.T.);
#7335 = ORIENTED_EDGE('',*,*,#7207,.F.);
#7336 = ORIENTED_EDGE('',*,*,#5866,.F.);
#7337 = ORIENTED_EDGE('',*,*,#7319,.T.);
#7338 = PLANE('',#7339);
#7339 = AXIS2_PLACEMENT_3D('',#7340,#7341,#7342);
#7340 = CARTESIAN_POINT('',(-5.,2.,0.25));
#7341 = DIRECTION('',(-1.,1.224646799147E-16,0.));
#7342 = DIRECTION('',(0.,0.,-1.));
#7343 = ADVANCED_FACE('',(#7344),#7360,.T.);
#7344 = FACE_BOUND('',#7345,.T.);
#7345 = EDGE_LOOP('',(#7346,#7347,#7353,#7354));
#7346 = ORIENTED_EDGE('',*,*,#5897,.T.);
#7347 = ORIENTED_EDGE('',*,*,#7348,.T.);
#7348 = EDGE_CURVE('',#5900,#6023,#7349,.T.);
#7349 = LINE('',#7350,#7351);
#7350 = CARTESIAN_POINT('',(-4.066372216918,-1.625,0.));
#7351 = VECTOR('',#7352,1.);
#7352 = DIRECTION('',(-1.224646799147E-16,-1.,0.));
#7353 = ORIENTED_EDGE('',*,*,#6020,.F.);
#7354 = ORIENTED_EDGE('',*,*,#7355,.T.);
#7355 = EDGE_CURVE('',#6021,#5898,#7356,.T.);
#7356 = LINE('',#7357,#7358);
#7357 = CARTESIAN_POINT('',(-5.,-2.375,0.));
#7358 = VECTOR('',#7359,1.);
#7359 = DIRECTION('',(1.224646799147E-16,1.,0.));
#7360 = PLANE('',#7361);
#7361 = AXIS2_PLACEMENT_3D('',#7362,#7363,#7364);
#7362 = CARTESIAN_POINT('',(-5.,-2.,0.));
#7363 = DIRECTION('',(0.,0.,-1.));
#7364 = DIRECTION('',(1.,-1.224646799147E-16,0.));
#7365 = ADVANCED_FACE('',(#7366),#7377,.T.);
#7366 = FACE_BOUND('',#7367,.T.);
#7367 = EDGE_LOOP('',(#7368,#7369,#7370,#7376));
#7368 = ORIENTED_EDGE('',*,*,#7348,.F.);
#7369 = ORIENTED_EDGE('',*,*,#5907,.T.);
#7370 = ORIENTED_EDGE('',*,*,#7371,.T.);
#7371 = EDGE_CURVE('',#5908,#6031,#7372,.T.);
#7372 = LINE('',#7373,#7374);
#7373 = CARTESIAN_POINT('',(-3.729025148042,-1.625,0.256742533163));
#7374 = VECTOR('',#7375,1.);
#7375 = DIRECTION('',(-1.224646799147E-16,-1.,0.));
#7376 = ORIENTED_EDGE('',*,*,#6030,.F.);
#7377 = CYLINDRICAL_SURFACE('',#7378,0.35);
#7378 = AXIS2_PLACEMENT_3D('',#7379,#7380,#7381);
#7379 = CARTESIAN_POINT('',(-4.066372216918,-2.,0.35));
#7380 = DIRECTION('',(-1.224646799147E-16,-1.,0.));
#7381 = DIRECTION('',(9.51619735393E-16,-1.165398062954E-31,-1.));
#7382 = ADVANCED_FACE('',(#7383),#7394,.T.);
#7383 = FACE_BOUND('',#7384,.T.);
#7384 = EDGE_LOOP('',(#7385,#7386,#7387,#7393));
#7385 = ORIENTED_EDGE('',*,*,#7371,.F.);
#7386 = ORIENTED_EDGE('',*,*,#5916,.T.);
#7387 = ORIENTED_EDGE('',*,*,#7388,.T.);
#7388 = EDGE_CURVE('',#5917,#6040,#7389,.T.);
#7389 = LINE('',#7390,#7391);
#7390 = CARTESIAN_POINT('',(-3.530012659904,-1.625,0.976644990525));
#7391 = VECTOR('',#7392,1.);
#7392 = DIRECTION('',(-1.224646799147E-16,-1.,0.));
#7393 = ORIENTED_EDGE('',*,*,#6039,.F.);
#7394 = PLANE('',#7395);
#7395 = AXIS2_PLACEMENT_3D('',#7396,#7397,#7398);
#7396 = CARTESIAN_POINT('',(-3.729025148042,-2.,0.256742533163));
#7397 = DIRECTION('',(0.963848768217,-1.180374308859E-16,-0.266449905247
    ));
#7398 = DIRECTION('',(0.266449905247,-3.263070235945E-17,0.963848768217)
  );
#7399 = ADVANCED_FACE('',(#7400),#7406,.F.);
#7400 = FACE_BOUND('',#7401,.F.);
#7401 = EDGE_LOOP('',(#7402,#7403,#7404,#7405));
#7402 = ORIENTED_EDGE('',*,*,#6047,.T.);
#7403 = ORIENTED_EDGE('',*,*,#6112,.F.);
#7404 = ORIENTED_EDGE('',*,*,#5924,.F.);
#7405 = ORIENTED_EDGE('',*,*,#7388,.T.);
#7406 = CYLINDRICAL_SURFACE('',#7407,0.1);
#7407 = AXIS2_PLACEMENT_3D('',#7408,#7409,#7410);
#7408 = CARTESIAN_POINT('',(-3.433627783082,-2.,0.95));
#7409 = DIRECTION('',(-1.224646799147E-16,-1.,0.));
#7410 = DIRECTION('',(-0.963848768217,1.180374308859E-16,0.266449905247)
  );
#7411 = ADVANCED_FACE('',(#7412),#7423,.T.);
#7412 = FACE_BOUND('',#7413,.T.);
#7413 = EDGE_LOOP('',(#7414,#7415,#7416,#7422));
#7414 = ORIENTED_EDGE('',*,*,#5998,.F.);
#7415 = ORIENTED_EDGE('',*,*,#5948,.T.);
#7416 = ORIENTED_EDGE('',*,*,#7417,.T.);
#7417 = EDGE_CURVE('',#5949,#6065,#7418,.T.);
#7418 = LINE('',#7419,#7420);
#7419 = CARTESIAN_POINT('',(-3.770974851958,-1.625,1.043257466837));
#7420 = VECTOR('',#7421,1.);
#7421 = DIRECTION('',(-1.224646799147E-16,-1.,0.));
#7422 = ORIENTED_EDGE('',*,*,#6064,.F.);
#7423 = CYLINDRICAL_SURFACE('',#7424,0.35);
#7424 = AXIS2_PLACEMENT_3D('',#7425,#7426,#7427);
#7425 = CARTESIAN_POINT('',(-3.433627783082,-2.,0.95));
#7426 = DIRECTION('',(-1.224646799147E-16,-1.,0.));
#7427 = DIRECTION('',(6.344131569287E-16,-7.769320419695E-32,1.));
#7428 = ADVANCED_FACE('',(#7429),#7440,.T.);
#7429 = FACE_BOUND('',#7430,.T.);
#7430 = EDGE_LOOP('',(#7431,#7432,#7433,#7439));
#7431 = ORIENTED_EDGE('',*,*,#7417,.F.);
#7432 = ORIENTED_EDGE('',*,*,#5957,.T.);
#7433 = ORIENTED_EDGE('',*,*,#7434,.T.);
#7434 = EDGE_CURVE('',#5958,#6074,#7435,.T.);
#7435 = LINE('',#7436,#7437);
#7436 = CARTESIAN_POINT('',(-3.969987340096,-1.625,0.323355009475));
#7437 = VECTOR('',#7438,1.);
#7438 = DIRECTION('',(-1.224646799147E-16,-1.,0.));
#7439 = ORIENTED_EDGE('',*,*,#6073,.F.);
#7440 = PLANE('',#7441);
#7441 = AXIS2_PLACEMENT_3D('',#7442,#7443,#7444);
#7442 = CARTESIAN_POINT('',(-3.770974851958,-2.,1.043257466837));
#7443 = DIRECTION('',(-0.963848768217,1.180374308859E-16,0.266449905247)
  );
#7444 = DIRECTION('',(-0.266449905247,3.263070235945E-17,-0.963848768217
    ));
#7445 = ADVANCED_FACE('',(#7446),#7457,.F.);
#7446 = FACE_BOUND('',#7447,.F.);
#7447 = EDGE_LOOP('',(#7448,#7449,#7455,#7456));
#7448 = ORIENTED_EDGE('',*,*,#6081,.T.);
#7449 = ORIENTED_EDGE('',*,*,#7450,.T.);
#7450 = EDGE_CURVE('',#6082,#5966,#7451,.T.);
#7451 = LINE('',#7452,#7453);
#7452 = CARTESIAN_POINT('',(-4.066372216918,-2.375,0.25));
#7453 = VECTOR('',#7454,1.);
#7454 = DIRECTION('',(1.224646799147E-16,1.,0.));
#7455 = ORIENTED_EDGE('',*,*,#5965,.F.);
#7456 = ORIENTED_EDGE('',*,*,#7434,.T.);
#7457 = CYLINDRICAL_SURFACE('',#7458,0.1);
#7458 = AXIS2_PLACEMENT_3D('',#7459,#7460,#7461);
#7459 = CARTESIAN_POINT('',(-4.066372216918,-2.,0.35));
#7460 = DIRECTION('',(-1.224646799147E-16,-1.,0.));
#7461 = DIRECTION('',(0.963848768217,-1.180374308859E-16,-0.266449905247
    ));
#7462 = ADVANCED_FACE('',(#7463),#7474,.T.);
#7463 = FACE_BOUND('',#7464,.T.);
#7464 = EDGE_LOOP('',(#7465,#7466,#7472,#7473));
#7465 = ORIENTED_EDGE('',*,*,#5974,.T.);
#7466 = ORIENTED_EDGE('',*,*,#7467,.F.);
#7467 = EDGE_CURVE('',#6091,#5975,#7468,.T.);
#7468 = LINE('',#7469,#7470);
#7469 = CARTESIAN_POINT('',(-5.,-2.375,0.25));
#7470 = VECTOR('',#7471,1.);
#7471 = DIRECTION('',(1.224646799147E-16,1.,0.));
#7472 = ORIENTED_EDGE('',*,*,#6090,.F.);
#7473 = ORIENTED_EDGE('',*,*,#7450,.T.);
#7474 = PLANE('',#7475);
#7475 = AXIS2_PLACEMENT_3D('',#7476,#7477,#7478);
#7476 = CARTESIAN_POINT('',(-4.066372216918,-2.,0.25));
#7477 = DIRECTION('',(-5.945747570621E-17,7.281440730899E-33,1.));
#7478 = DIRECTION('',(-1.,1.224646799147E-16,-5.945747570621E-17));
#7479 = ADVANCED_FACE('',(#7480),#7486,.T.);
#7480 = FACE_BOUND('',#7481,.T.);
#7481 = EDGE_LOOP('',(#7482,#7483,#7484,#7485));
#7482 = ORIENTED_EDGE('',*,*,#5982,.T.);
#7483 = ORIENTED_EDGE('',*,*,#7355,.F.);
#7484 = ORIENTED_EDGE('',*,*,#6098,.F.);
#7485 = ORIENTED_EDGE('',*,*,#7467,.T.);
#7486 = PLANE('',#7487);
#7487 = AXIS2_PLACEMENT_3D('',#7488,#7489,#7490);
#7488 = CARTESIAN_POINT('',(-5.,-2.,0.25));
#7489 = DIRECTION('',(-1.,1.224646799147E-16,0.));
#7490 = DIRECTION('',(0.,0.,-1.));
#7491 = ADVANCED_FACE('',(#7492),#7519,.T.);
#7492 = FACE_BOUND('',#7493,.T.);
#7493 = EDGE_LOOP('',(#7494,#7495,#7496,#7497,#7505,#7513));
#7494 = ORIENTED_EDGE('',*,*,#6216,.T.);
#7495 = ORIENTED_EDGE('',*,*,#6185,.T.);
#7496 = ORIENTED_EDGE('',*,*,#6264,.F.);
#7497 = ORIENTED_EDGE('',*,*,#7498,.F.);
#7498 = EDGE_CURVE('',#7499,#6257,#7501,.T.);
#7499 = VERTEX_POINT('',#7500);
#7500 = CARTESIAN_POINT('',(2.05,3.125,2.));
#7501 = LINE('',#7502,#7503);
#7502 = CARTESIAN_POINT('',(2.05,3.125,2.));
#7503 = VECTOR('',#7504,1.);
#7504 = DIRECTION('',(-1.110223024625E-16,-1.,-0.));
#7505 = ORIENTED_EDGE('',*,*,#7506,.F.);
#7506 = EDGE_CURVE('',#7507,#7499,#7509,.T.);
#7507 = VERTEX_POINT('',#7508);
#7508 = CARTESIAN_POINT('',(-2.05,3.125,2.));
#7509 = LINE('',#7510,#7511);
#7510 = CARTESIAN_POINT('',(-2.05,3.125,2.));
#7511 = VECTOR('',#7512,1.);
#7512 = DIRECTION('',(1.,-1.110223024625E-16,0.));
#7513 = ORIENTED_EDGE('',*,*,#7514,.T.);
#7514 = EDGE_CURVE('',#7507,#6209,#7515,.T.);
#7515 = LINE('',#7516,#7517);
#7516 = CARTESIAN_POINT('',(-2.05,3.125,2.));
#7517 = VECTOR('',#7518,1.);
#7518 = DIRECTION('',(-1.110223024625E-16,-1.,0.));
#7519 = PLANE('',#7520);
#7520 = AXIS2_PLACEMENT_3D('',#7521,#7522,#7523);
#7521 = CARTESIAN_POINT('',(0.,0.,2.));
#7522 = DIRECTION('',(0.,0.,1.));
#7523 = DIRECTION('',(1.,0.,-0.));
#7524 = ADVANCED_FACE('',(#7525),#7560,.F.);
#7525 = FACE_BOUND('',#7526,.F.);
#7526 = EDGE_LOOP('',(#7527,#7528,#7529,#7530,#7538,#7546,#7554));
#7527 = ORIENTED_EDGE('',*,*,#6758,.T.);
#7528 = ORIENTED_EDGE('',*,*,#7184,.T.);
#7529 = ORIENTED_EDGE('',*,*,#6138,.T.);
#7530 = ORIENTED_EDGE('',*,*,#7531,.F.);
#7531 = EDGE_CURVE('',#7532,#6139,#7534,.T.);
#7532 = VERTEX_POINT('',#7533);
#7533 = CARTESIAN_POINT('',(-2.05,2.925,2.7));
#7534 = LINE('',#7535,#7536);
#7535 = CARTESIAN_POINT('',(-2.05,3.125,2.7));
#7536 = VECTOR('',#7537,1.);
#7537 = DIRECTION('',(-1.110223024625E-16,-1.,0.));
#7538 = ORIENTED_EDGE('',*,*,#7539,.T.);
#7539 = EDGE_CURVE('',#7532,#7540,#7542,.T.);
#7540 = VERTEX_POINT('',#7541);
#7541 = CARTESIAN_POINT('',(-2.7,2.925,2.7));
#7542 = LINE('',#7543,#7544);
#7543 = CARTESIAN_POINT('',(-2.05,2.925,2.7));
#7544 = VECTOR('',#7545,1.);
#7545 = DIRECTION('',(-1.,1.110223024625E-16,0.));
#7546 = ORIENTED_EDGE('',*,*,#7547,.T.);
#7547 = EDGE_CURVE('',#7540,#7548,#7550,.T.);
#7548 = VERTEX_POINT('',#7549);
#7549 = CARTESIAN_POINT('',(-2.7,2.8,2.7));
#7550 = LINE('',#7551,#7552);
#7551 = CARTESIAN_POINT('',(-2.7,3.125,2.7));
#7552 = VECTOR('',#7553,1.);
#7553 = DIRECTION('',(-1.110223024625E-16,-1.,0.));
#7554 = ORIENTED_EDGE('',*,*,#7555,.T.);
#7555 = EDGE_CURVE('',#7548,#6733,#7556,.T.);
#7556 = LINE('',#7557,#7558);
#7557 = CARTESIAN_POINT('',(3.1,2.8,2.7));
#7558 = VECTOR('',#7559,1.);
#7559 = DIRECTION('',(-1.,0.,0.));
#7560 = PLANE('',#7561);
#7561 = AXIS2_PLACEMENT_3D('',#7562,#7563,#7564);
#7562 = CARTESIAN_POINT('',(0.,0.,2.7));
#7563 = DIRECTION('',(0.,0.,1.));
#7564 = DIRECTION('',(1.,0.,-0.));
#7565 = ADVANCED_FACE('',(#7566),#7582,.F.);
#7566 = FACE_BOUND('',#7567,.F.);
#7567 = EDGE_LOOP('',(#7568,#7569,#7575,#7576));
#7568 = ORIENTED_EDGE('',*,*,#6146,.F.);
#7569 = ORIENTED_EDGE('',*,*,#7570,.T.);
#7570 = EDGE_CURVE('',#6147,#6969,#7571,.T.);
#7571 = LINE('',#7572,#7573);
#7572 = CARTESIAN_POINT('',(-1.61,2.8,2.7));
#7573 = VECTOR('',#7574,1.);
#7574 = DIRECTION('',(0.,0.,1.));
#7575 = ORIENTED_EDGE('',*,*,#6976,.T.);
#7576 = ORIENTED_EDGE('',*,*,#7577,.F.);
#7577 = EDGE_CURVE('',#6139,#6977,#7578,.T.);
#7578 = LINE('',#7579,#7580);
#7579 = CARTESIAN_POINT('',(-2.05,2.8,2.7));
#7580 = VECTOR('',#7581,1.);
#7581 = DIRECTION('',(0.,0.,1.));
#7582 = PLANE('',#7583);
#7583 = AXIS2_PLACEMENT_3D('',#7584,#7585,#7586);
#7584 = CARTESIAN_POINT('',(3.1,2.8,2.7));
#7585 = DIRECTION('',(0.,-1.,0.));
#7586 = DIRECTION('',(-1.,0.,0.));
#7587 = ADVANCED_FACE('',(#7588),#7613,.F.);
#7588 = FACE_BOUND('',#7589,.F.);
#7589 = EDGE_LOOP('',(#7590,#7598,#7599,#7607));
#7590 = ORIENTED_EDGE('',*,*,#7591,.F.);
#7591 = EDGE_CURVE('',#6147,#7592,#7594,.T.);
#7592 = VERTEX_POINT('',#7593);
#7593 = CARTESIAN_POINT('',(-1.285,3.125,2.7));
#7594 = LINE('',#7595,#7596);
#7595 = CARTESIAN_POINT('',(-1.61,2.8,2.7));
#7596 = VECTOR('',#7597,1.);
#7597 = DIRECTION('',(0.707106781187,0.707106781187,0.));
#7598 = ORIENTED_EDGE('',*,*,#6154,.T.);
#7599 = ORIENTED_EDGE('',*,*,#7600,.F.);
#7600 = EDGE_CURVE('',#7601,#6155,#7603,.T.);
#7601 = VERTEX_POINT('',#7602);
#7602 = CARTESIAN_POINT('',(1.285,3.125,2.7));
#7603 = LINE('',#7604,#7605);
#7604 = CARTESIAN_POINT('',(1.285,3.125,2.7));
#7605 = VECTOR('',#7606,1.);
#7606 = DIRECTION('',(0.707106781187,-0.707106781187,0.));
#7607 = ORIENTED_EDGE('',*,*,#7608,.F.);
#7608 = EDGE_CURVE('',#7592,#7601,#7609,.T.);
#7609 = LINE('',#7610,#7611);
#7610 = CARTESIAN_POINT('',(-1.285,3.125,2.7));
#7611 = VECTOR('',#7612,1.);
#7612 = DIRECTION('',(1.,-1.110223024625E-16,0.));
#7613 = PLANE('',#7614);
#7614 = AXIS2_PLACEMENT_3D('',#7615,#7616,#7617);
#7615 = CARTESIAN_POINT('',(0.,0.,2.7));
#7616 = DIRECTION('',(0.,0.,1.));
#7617 = DIRECTION('',(1.,0.,-0.));
#7618 = ADVANCED_FACE('',(#7619),#7635,.F.);
#7619 = FACE_BOUND('',#7620,.F.);
#7620 = EDGE_LOOP('',(#7621,#7622,#7628,#7629));
#7621 = ORIENTED_EDGE('',*,*,#6162,.F.);
#7622 = ORIENTED_EDGE('',*,*,#7623,.T.);
#7623 = EDGE_CURVE('',#6163,#6937,#7624,.T.);
#7624 = LINE('',#7625,#7626);
#7625 = CARTESIAN_POINT('',(2.05,2.8,2.7));
#7626 = VECTOR('',#7627,1.);
#7627 = DIRECTION('',(0.,0.,1.));
#7628 = ORIENTED_EDGE('',*,*,#6944,.T.);
#7629 = ORIENTED_EDGE('',*,*,#7630,.F.);
#7630 = EDGE_CURVE('',#6155,#6945,#7631,.T.);
#7631 = LINE('',#7632,#7633);
#7632 = CARTESIAN_POINT('',(1.61,2.8,2.7));
#7633 = VECTOR('',#7634,1.);
#7634 = DIRECTION('',(0.,0.,1.));
#7635 = PLANE('',#7636);
#7636 = AXIS2_PLACEMENT_3D('',#7637,#7638,#7639);
#7637 = CARTESIAN_POINT('',(3.1,2.8,2.7));
#7638 = DIRECTION('',(0.,-1.,0.));
#7639 = DIRECTION('',(-1.,0.,0.));
#7640 = ADVANCED_FACE('',(#7641),#7676,.F.);
#7641 = FACE_BOUND('',#7642,.F.);
#7642 = EDGE_LOOP('',(#7643,#7651,#7652,#7653,#7654,#7662,#7670));
#7643 = ORIENTED_EDGE('',*,*,#7644,.T.);
#7644 = EDGE_CURVE('',#7645,#6163,#7647,.T.);
#7645 = VERTEX_POINT('',#7646);
#7646 = CARTESIAN_POINT('',(2.05,2.925,2.7));
#7647 = LINE('',#7648,#7649);
#7648 = CARTESIAN_POINT('',(2.05,3.125,2.7));
#7649 = VECTOR('',#7650,1.);
#7650 = DIRECTION('',(-1.110223024625E-16,-1.,-0.));
#7651 = ORIENTED_EDGE('',*,*,#6170,.T.);
#7652 = ORIENTED_EDGE('',*,*,#6320,.F.);
#7653 = ORIENTED_EDGE('',*,*,#6302,.T.);
#7654 = ORIENTED_EDGE('',*,*,#7655,.T.);
#7655 = EDGE_CURVE('',#6295,#7656,#7658,.T.);
#7656 = VERTEX_POINT('',#7657);
#7657 = CARTESIAN_POINT('',(2.7,2.8,2.7));
#7658 = LINE('',#7659,#7660);
#7659 = CARTESIAN_POINT('',(3.1,2.8,2.7));
#7660 = VECTOR('',#7661,1.);
#7661 = DIRECTION('',(-1.,0.,0.));
#7662 = ORIENTED_EDGE('',*,*,#7663,.F.);
#7663 = EDGE_CURVE('',#7664,#7656,#7666,.T.);
#7664 = VERTEX_POINT('',#7665);
#7665 = CARTESIAN_POINT('',(2.7,2.925,2.7));
#7666 = LINE('',#7667,#7668);
#7667 = CARTESIAN_POINT('',(2.7,3.125,2.7));
#7668 = VECTOR('',#7669,1.);
#7669 = DIRECTION('',(-1.110223024625E-16,-1.,-0.));
#7670 = ORIENTED_EDGE('',*,*,#7671,.F.);
#7671 = EDGE_CURVE('',#7645,#7664,#7672,.T.);
#7672 = LINE('',#7673,#7674);
#7673 = CARTESIAN_POINT('',(2.05,2.925,2.7));
#7674 = VECTOR('',#7675,1.);
#7675 = DIRECTION('',(1.,-1.110223024625E-16,0.));
#7676 = PLANE('',#7677);
#7677 = AXIS2_PLACEMENT_3D('',#7678,#7679,#7680);
#7678 = CARTESIAN_POINT('',(0.,0.,2.7));
#7679 = DIRECTION('',(0.,0.,1.));
#7680 = DIRECTION('',(1.,0.,-0.));
#7681 = ADVANCED_FACE('',(#7682),#7741,.T.);
#7682 = FACE_BOUND('',#7683,.T.);
#7683 = EDGE_LOOP('',(#7684,#7692,#7701,#7709,#7718,#7724,#7725,#7731,
    #7732,#7733,#7734,#7740));
#7684 = ORIENTED_EDGE('',*,*,#7685,.T.);
#7685 = EDGE_CURVE('',#7540,#7686,#7688,.T.);
#7686 = VERTEX_POINT('',#7687);
#7687 = CARTESIAN_POINT('',(-2.7,2.925,0.9));
#7688 = LINE('',#7689,#7690);
#7689 = CARTESIAN_POINT('',(-2.7,2.925,2.7));
#7690 = VECTOR('',#7691,1.);
#7691 = DIRECTION('',(0.,0.,-1.));
#7692 = ORIENTED_EDGE('',*,*,#7693,.T.);
#7693 = EDGE_CURVE('',#7686,#7694,#7696,.T.);
#7694 = VERTEX_POINT('',#7695);
#7695 = CARTESIAN_POINT('',(-2.2,2.925,0.4));
#7696 = CIRCLE('',#7697,0.5);
#7697 = AXIS2_PLACEMENT_3D('',#7698,#7699,#7700);
#7698 = CARTESIAN_POINT('',(-2.2,2.925,0.9));
#7699 = DIRECTION('',(-1.110223024625E-16,-1.,0.));
#7700 = DIRECTION('',(0.,0.,1.));
#7701 = ORIENTED_EDGE('',*,*,#7702,.T.);
#7702 = EDGE_CURVE('',#7694,#7703,#7705,.T.);
#7703 = VERTEX_POINT('',#7704);
#7704 = CARTESIAN_POINT('',(2.2,2.925,0.4));
#7705 = LINE('',#7706,#7707);
#7706 = CARTESIAN_POINT('',(-2.2,2.925,0.4));
#7707 = VECTOR('',#7708,1.);
#7708 = DIRECTION('',(1.,-1.110223024625E-16,0.));
#7709 = ORIENTED_EDGE('',*,*,#7710,.F.);
#7710 = EDGE_CURVE('',#7711,#7703,#7713,.T.);
#7711 = VERTEX_POINT('',#7712);
#7712 = CARTESIAN_POINT('',(2.7,2.925,0.9));
#7713 = CIRCLE('',#7714,0.5);
#7714 = AXIS2_PLACEMENT_3D('',#7715,#7716,#7717);
#7715 = CARTESIAN_POINT('',(2.2,2.925,0.9));
#7716 = DIRECTION('',(1.110223024625E-16,1.,-0.));
#7717 = DIRECTION('',(0.,0.,1.));
#7718 = ORIENTED_EDGE('',*,*,#7719,.F.);
#7719 = EDGE_CURVE('',#7664,#7711,#7720,.T.);
#7720 = LINE('',#7721,#7722);
#7721 = CARTESIAN_POINT('',(2.7,2.925,2.7));
#7722 = VECTOR('',#7723,1.);
#7723 = DIRECTION('',(0.,0.,-1.));
#7724 = ORIENTED_EDGE('',*,*,#7671,.F.);
#7725 = ORIENTED_EDGE('',*,*,#7726,.F.);
#7726 = EDGE_CURVE('',#6257,#7645,#7727,.T.);
#7727 = LINE('',#7728,#7729);
#7728 = CARTESIAN_POINT('',(2.05,2.925,0.8));
#7729 = VECTOR('',#7730,1.);
#7730 = DIRECTION('',(0.,0.,1.));
#7731 = ORIENTED_EDGE('',*,*,#6256,.F.);
#7732 = ORIENTED_EDGE('',*,*,#6239,.T.);
#7733 = ORIENTED_EDGE('',*,*,#6208,.T.);
#7734 = ORIENTED_EDGE('',*,*,#7735,.T.);
#7735 = EDGE_CURVE('',#6209,#7532,#7736,.T.);
#7736 = LINE('',#7737,#7738);
#7737 = CARTESIAN_POINT('',(-2.05,2.925,0.8));
#7738 = VECTOR('',#7739,1.);
#7739 = DIRECTION('',(0.,0.,1.));
#7740 = ORIENTED_EDGE('',*,*,#7539,.T.);
#7741 = PLANE('',#7742);
#7742 = AXIS2_PLACEMENT_3D('',#7743,#7744,#7745);
#7743 = CARTESIAN_POINT('',(-1.7395,2.925,1.1605));
#7744 = DIRECTION('',(-1.110223024625E-16,-1.,-0.));
#7745 = DIRECTION('',(0.,0.,-1.));
#7746 = ADVANCED_FACE('',(#7747),#7758,.F.);
#7747 = FACE_BOUND('',#7748,.F.);
#7748 = EDGE_LOOP('',(#7749,#7750,#7751,#7752));
#7749 = ORIENTED_EDGE('',*,*,#7655,.F.);
#7750 = ORIENTED_EDGE('',*,*,#6294,.T.);
#7751 = ORIENTED_EDGE('',*,*,#6912,.T.);
#7752 = ORIENTED_EDGE('',*,*,#7753,.F.);
#7753 = EDGE_CURVE('',#7656,#6913,#7754,.T.);
#7754 = LINE('',#7755,#7756);
#7755 = CARTESIAN_POINT('',(2.7,2.8,2.7));
#7756 = VECTOR('',#7757,1.);
#7757 = DIRECTION('',(0.,0.,1.));
#7758 = PLANE('',#7759);
#7759 = AXIS2_PLACEMENT_3D('',#7760,#7761,#7762);
#7760 = CARTESIAN_POINT('',(3.1,2.8,2.7));
#7761 = DIRECTION('',(0.,-1.,0.));
#7762 = DIRECTION('',(-1.,0.,0.));
#7763 = ADVANCED_FACE('',(#7764),#7775,.T.);
#7764 = FACE_BOUND('',#7765,.T.);
#7765 = EDGE_LOOP('',(#7766,#7767,#7768,#7774));
#7766 = ORIENTED_EDGE('',*,*,#6889,.F.);
#7767 = ORIENTED_EDGE('',*,*,#6641,.T.);
#7768 = ORIENTED_EDGE('',*,*,#7769,.T.);
#7769 = EDGE_CURVE('',#6634,#7085,#7770,.T.);
#7770 = LINE('',#7771,#7772);
#7771 = CARTESIAN_POINT('',(2.05,-3.125,2.7));
#7772 = VECTOR('',#7773,1.);
#7773 = DIRECTION('',(1.,-2.22044604925E-16,0.));
#7774 = ORIENTED_EDGE('',*,*,#7084,.F.);
#7775 = CYLINDRICAL_SURFACE('',#7776,0.2);
#7776 = AXIS2_PLACEMENT_3D('',#7777,#7778,#7779);
#7777 = CARTESIAN_POINT('',(2.375,-2.925,2.7));
#7778 = DIRECTION('',(1.,-2.22044604925E-16,0.));
#7779 = DIRECTION('',(0.,0.,1.));
#7780 = ADVANCED_FACE('',(#7781),#7800,.F.);
#7781 = FACE_BOUND('',#7782,.F.);
#7782 = EDGE_LOOP('',(#7783,#7784,#7785,#7786,#7787,#7788,#7794,#7795,
    #7796,#7797,#7798,#7799));
#7783 = ORIENTED_EDGE('',*,*,#7093,.T.);
#7784 = ORIENTED_EDGE('',*,*,#7116,.T.);
#7785 = ORIENTED_EDGE('',*,*,#7142,.F.);
#7786 = ORIENTED_EDGE('',*,*,#7166,.F.);
#7787 = ORIENTED_EDGE('',*,*,#6799,.F.);
#7788 = ORIENTED_EDGE('',*,*,#7789,.F.);
#7789 = EDGE_CURVE('',#6700,#6791,#7790,.T.);
#7790 = LINE('',#7791,#7792);
#7791 = CARTESIAN_POINT('',(-2.05,-3.125,2.7));
#7792 = VECTOR('',#7793,1.);
#7793 = DIRECTION('',(-1.,2.22044604925E-16,0.));
#7794 = ORIENTED_EDGE('',*,*,#6699,.F.);
#7795 = ORIENTED_EDGE('',*,*,#6676,.F.);
#7796 = ORIENTED_EDGE('',*,*,#6666,.F.);
#7797 = ORIENTED_EDGE('',*,*,#6683,.T.);
#7798 = ORIENTED_EDGE('',*,*,#6633,.T.);
#7799 = ORIENTED_EDGE('',*,*,#7769,.T.);
#7800 = PLANE('',#7801);
#7801 = AXIS2_PLACEMENT_3D('',#7802,#7803,#7804);
#7802 = CARTESIAN_POINT('',(1.7395,-3.125,1.1605));
#7803 = DIRECTION('',(2.22044604925E-16,1.,0.));
#7804 = DIRECTION('',(0.,0.,-1.));
#7805 = ADVANCED_FACE('',(#7806),#7812,.T.);
#7806 = FACE_BOUND('',#7807,.T.);
#7807 = EDGE_LOOP('',(#7808,#7809,#7810,#7811));
#7808 = ORIENTED_EDGE('',*,*,#6790,.T.);
#7809 = ORIENTED_EDGE('',*,*,#7789,.F.);
#7810 = ORIENTED_EDGE('',*,*,#6707,.F.);
#7811 = ORIENTED_EDGE('',*,*,#6864,.T.);
#7812 = CYLINDRICAL_SURFACE('',#7813,0.2);
#7813 = AXIS2_PLACEMENT_3D('',#7814,#7815,#7816);
#7814 = CARTESIAN_POINT('',(-2.375,-2.925,2.7));
#7815 = DIRECTION('',(-1.,2.22044604925E-16,0.));
#7816 = DIRECTION('',(0.,0.,1.));
#7817 = ADVANCED_FACE('',(#7818),#7829,.F.);
#7818 = FACE_BOUND('',#7819,.F.);
#7819 = EDGE_LOOP('',(#7820,#7821,#7827,#7828));
#7820 = ORIENTED_EDGE('',*,*,#7555,.F.);
#7821 = ORIENTED_EDGE('',*,*,#7822,.T.);
#7822 = EDGE_CURVE('',#7548,#7001,#7823,.T.);
#7823 = LINE('',#7824,#7825);
#7824 = CARTESIAN_POINT('',(-2.7,2.8,2.7));
#7825 = VECTOR('',#7826,1.);
#7826 = DIRECTION('',(0.,0.,1.));
#7827 = ORIENTED_EDGE('',*,*,#7008,.T.);
#7828 = ORIENTED_EDGE('',*,*,#6732,.F.);
#7829 = PLANE('',#7830);
#7830 = AXIS2_PLACEMENT_3D('',#7831,#7832,#7833);
#7831 = CARTESIAN_POINT('',(3.1,2.8,2.7));
#7832 = DIRECTION('',(0.,-1.,0.));
#7833 = DIRECTION('',(-1.,0.,0.));
#7834 = ADVANCED_FACE('',(#7835),#7864,.T.);
#7835 = FACE_BOUND('',#7836,.F.);
#7836 = EDGE_LOOP('',(#7837,#7838,#7839,#7840,#7841,#7850,#7858));
#7837 = ORIENTED_EDGE('',*,*,#7719,.F.);
#7838 = ORIENTED_EDGE('',*,*,#7663,.T.);
#7839 = ORIENTED_EDGE('',*,*,#7753,.T.);
#7840 = ORIENTED_EDGE('',*,*,#6920,.T.);
#7841 = ORIENTED_EDGE('',*,*,#7842,.T.);
#7842 = EDGE_CURVE('',#6921,#7843,#7845,.T.);
#7843 = VERTEX_POINT('',#7844);
#7844 = CARTESIAN_POINT('',(2.7,3.125,2.7));
#7845 = CIRCLE('',#7846,0.2);
#7846 = AXIS2_PLACEMENT_3D('',#7847,#7848,#7849);
#7847 = CARTESIAN_POINT('',(2.7,2.925,2.7));
#7848 = DIRECTION('',(-1.,1.110223024625E-16,0.));
#7849 = DIRECTION('',(0.,0.,1.));
#7850 = ORIENTED_EDGE('',*,*,#7851,.T.);
#7851 = EDGE_CURVE('',#7843,#7852,#7854,.T.);
#7852 = VERTEX_POINT('',#7853);
#7853 = CARTESIAN_POINT('',(2.7,3.125,0.9));
#7854 = LINE('',#7855,#7856);
#7855 = CARTESIAN_POINT('',(2.7,3.125,2.7));
#7856 = VECTOR('',#7857,1.);
#7857 = DIRECTION('',(0.,0.,-1.));
#7858 = ORIENTED_EDGE('',*,*,#7859,.F.);
#7859 = EDGE_CURVE('',#7711,#7852,#7860,.T.);
#7860 = LINE('',#7861,#7862);
#7861 = CARTESIAN_POINT('',(2.7,2.925,0.9));
#7862 = VECTOR('',#7863,1.);
#7863 = DIRECTION('',(1.110223024625E-16,1.,0.));
#7864 = PLANE('',#7865);
#7865 = AXIS2_PLACEMENT_3D('',#7866,#7867,#7868);
#7866 = CARTESIAN_POINT('',(2.7,2.925,2.7));
#7867 = DIRECTION('',(1.,-1.110223024625E-16,0.));
#7868 = DIRECTION('',(0.,0.,1.));
#7869 = ADVANCED_FACE('',(#7870),#7889,.T.);
#7870 = FACE_BOUND('',#7871,.T.);
#7871 = EDGE_LOOP('',(#7872,#7873,#7881,#7888));
#7872 = ORIENTED_EDGE('',*,*,#7842,.T.);
#7873 = ORIENTED_EDGE('',*,*,#7874,.F.);
#7874 = EDGE_CURVE('',#7875,#7843,#7877,.T.);
#7875 = VERTEX_POINT('',#7876);
#7876 = CARTESIAN_POINT('',(2.05,3.125,2.7));
#7877 = LINE('',#7878,#7879);
#7878 = CARTESIAN_POINT('',(2.05,3.125,2.7));
#7879 = VECTOR('',#7880,1.);
#7880 = DIRECTION('',(1.,-1.110223024625E-16,0.));
#7881 = ORIENTED_EDGE('',*,*,#7882,.F.);
#7882 = EDGE_CURVE('',#6929,#7875,#7883,.T.);
#7883 = CIRCLE('',#7884,0.2);
#7884 = AXIS2_PLACEMENT_3D('',#7885,#7886,#7887);
#7885 = CARTESIAN_POINT('',(2.05,2.925,2.7));
#7886 = DIRECTION('',(-1.,1.110223024625E-16,0.));
#7887 = DIRECTION('',(0.,0.,1.));
#7888 = ORIENTED_EDGE('',*,*,#6928,.T.);
#7889 = CYLINDRICAL_SURFACE('',#7890,0.2);
#7890 = AXIS2_PLACEMENT_3D('',#7891,#7892,#7893);
#7891 = CARTESIAN_POINT('',(2.375,2.925,2.7));
#7892 = DIRECTION('',(1.,-1.110223024625E-16,0.));
#7893 = DIRECTION('',(0.,0.,1.));
#7894 = ADVANCED_FACE('',(#7895),#7909,.T.);
#7895 = FACE_BOUND('',#7896,.F.);
#7896 = EDGE_LOOP('',(#7897,#7898,#7899,#7905,#7906,#7907,#7908));
#7897 = ORIENTED_EDGE('',*,*,#7726,.F.);
#7898 = ORIENTED_EDGE('',*,*,#7498,.F.);
#7899 = ORIENTED_EDGE('',*,*,#7900,.T.);
#7900 = EDGE_CURVE('',#7499,#7875,#7901,.T.);
#7901 = LINE('',#7902,#7903);
#7902 = CARTESIAN_POINT('',(2.05,3.125,0.8));
#7903 = VECTOR('',#7904,1.);
#7904 = DIRECTION('',(0.,0.,1.));
#7905 = ORIENTED_EDGE('',*,*,#7882,.F.);
#7906 = ORIENTED_EDGE('',*,*,#6936,.F.);
#7907 = ORIENTED_EDGE('',*,*,#7623,.F.);
#7908 = ORIENTED_EDGE('',*,*,#7644,.F.);
#7909 = PLANE('',#7910);
#7910 = AXIS2_PLACEMENT_3D('',#7911,#7912,#7913);
#7911 = CARTESIAN_POINT('',(2.05,2.925,0.8));
#7912 = DIRECTION('',(-1.,1.110223024625E-16,0.));
#7913 = DIRECTION('',(0.,0.,-1.));
#7914 = ADVANCED_FACE('',(#7915),#7926,.T.);
#7915 = FACE_BOUND('',#7916,.T.);
#7916 = EDGE_LOOP('',(#7917,#7923,#7924,#7925));
#7917 = ORIENTED_EDGE('',*,*,#7918,.T.);
#7918 = EDGE_CURVE('',#7601,#6953,#7919,.T.);
#7919 = LINE('',#7920,#7921);
#7920 = CARTESIAN_POINT('',(1.285,3.125,2.7));
#7921 = VECTOR('',#7922,1.);
#7922 = DIRECTION('',(0.,0.,1.));
#7923 = ORIENTED_EDGE('',*,*,#6952,.T.);
#7924 = ORIENTED_EDGE('',*,*,#7630,.F.);
#7925 = ORIENTED_EDGE('',*,*,#7600,.F.);
#7926 = PLANE('',#7927);
#7927 = AXIS2_PLACEMENT_3D('',#7928,#7929,#7930);
#7928 = CARTESIAN_POINT('',(1.285,3.125,2.7));
#7929 = DIRECTION('',(0.707106781187,0.707106781187,0.));
#7930 = DIRECTION('',(0.707106781187,-0.707106781187,0.));
#7931 = ADVANCED_FACE('',(#7932),#7943,.T.);
#7932 = FACE_BOUND('',#7933,.T.);
#7933 = EDGE_LOOP('',(#7934,#7940,#7941,#7942));
#7934 = ORIENTED_EDGE('',*,*,#7935,.T.);
#7935 = EDGE_CURVE('',#7592,#6961,#7936,.T.);
#7936 = LINE('',#7937,#7938);
#7937 = CARTESIAN_POINT('',(-1.285,3.125,2.7));
#7938 = VECTOR('',#7939,1.);
#7939 = DIRECTION('',(0.,0.,1.));
#7940 = ORIENTED_EDGE('',*,*,#6960,.T.);
#7941 = ORIENTED_EDGE('',*,*,#7918,.F.);
#7942 = ORIENTED_EDGE('',*,*,#7608,.F.);
#7943 = PLANE('',#7944);
#7944 = AXIS2_PLACEMENT_3D('',#7945,#7946,#7947);
#7945 = CARTESIAN_POINT('',(-1.285,3.125,2.7));
#7946 = DIRECTION('',(1.110223024625E-16,1.,0.));
#7947 = DIRECTION('',(1.,-1.110223024625E-16,0.));
#7948 = ADVANCED_FACE('',(#7949),#7955,.T.);
#7949 = FACE_BOUND('',#7950,.T.);
#7950 = EDGE_LOOP('',(#7951,#7952,#7953,#7954));
#7951 = ORIENTED_EDGE('',*,*,#7570,.T.);
#7952 = ORIENTED_EDGE('',*,*,#6968,.T.);
#7953 = ORIENTED_EDGE('',*,*,#7935,.F.);
#7954 = ORIENTED_EDGE('',*,*,#7591,.F.);
#7955 = PLANE('',#7956);
#7956 = AXIS2_PLACEMENT_3D('',#7957,#7958,#7959);
#7957 = CARTESIAN_POINT('',(-1.61,2.8,2.7));
#7958 = DIRECTION('',(-0.707106781187,0.707106781187,0.));
#7959 = DIRECTION('',(0.707106781187,0.707106781187,0.));
#7960 = ADVANCED_FACE('',(#7961),#7983,.T.);
#7961 = FACE_BOUND('',#7962,.T.);
#7962 = EDGE_LOOP('',(#7963,#7964,#7965,#7973,#7980,#7981,#7982));
#7963 = ORIENTED_EDGE('',*,*,#7735,.F.);
#7964 = ORIENTED_EDGE('',*,*,#7514,.F.);
#7965 = ORIENTED_EDGE('',*,*,#7966,.T.);
#7966 = EDGE_CURVE('',#7507,#7967,#7969,.T.);
#7967 = VERTEX_POINT('',#7968);
#7968 = CARTESIAN_POINT('',(-2.05,3.125,2.7));
#7969 = LINE('',#7970,#7971);
#7970 = CARTESIAN_POINT('',(-2.05,3.125,0.8));
#7971 = VECTOR('',#7972,1.);
#7972 = DIRECTION('',(0.,0.,1.));
#7973 = ORIENTED_EDGE('',*,*,#7974,.F.);
#7974 = EDGE_CURVE('',#6985,#7967,#7975,.T.);
#7975 = CIRCLE('',#7976,0.2);
#7976 = AXIS2_PLACEMENT_3D('',#7977,#7978,#7979);
#7977 = CARTESIAN_POINT('',(-2.05,2.925,2.7));
#7978 = DIRECTION('',(-1.,1.110223024625E-16,0.));
#7979 = DIRECTION('',(0.,0.,1.));
#7980 = ORIENTED_EDGE('',*,*,#6984,.F.);
#7981 = ORIENTED_EDGE('',*,*,#7577,.F.);
#7982 = ORIENTED_EDGE('',*,*,#7531,.F.);
#7983 = PLANE('',#7984);
#7984 = AXIS2_PLACEMENT_3D('',#7985,#7986,#7987);
#7985 = CARTESIAN_POINT('',(-2.05,2.925,0.8));
#7986 = DIRECTION('',(1.,-1.110223024625E-16,0.));
#7987 = DIRECTION('',(0.,0.,1.));
#7988 = ADVANCED_FACE('',(#7989),#8008,.T.);
#7989 = FACE_BOUND('',#7990,.T.);
#7990 = EDGE_LOOP('',(#7991,#7992,#7993,#8001));
#7991 = ORIENTED_EDGE('',*,*,#6992,.F.);
#7992 = ORIENTED_EDGE('',*,*,#7974,.T.);
#7993 = ORIENTED_EDGE('',*,*,#7994,.T.);
#7994 = EDGE_CURVE('',#7967,#7995,#7997,.T.);
#7995 = VERTEX_POINT('',#7996);
#7996 = CARTESIAN_POINT('',(-2.7,3.125,2.7));
#7997 = LINE('',#7998,#7999);
#7998 = CARTESIAN_POINT('',(-2.05,3.125,2.7));
#7999 = VECTOR('',#8000,1.);
#8000 = DIRECTION('',(-1.,1.110223024625E-16,0.));
#8001 = ORIENTED_EDGE('',*,*,#8002,.F.);
#8002 = EDGE_CURVE('',#6993,#7995,#8003,.T.);
#8003 = CIRCLE('',#8004,0.2);
#8004 = AXIS2_PLACEMENT_3D('',#8005,#8006,#8007);
#8005 = CARTESIAN_POINT('',(-2.7,2.925,2.7));
#8006 = DIRECTION('',(-1.,1.110223024625E-16,0.));
#8007 = DIRECTION('',(0.,0.,1.));
#8008 = CYLINDRICAL_SURFACE('',#8009,0.2);
#8009 = AXIS2_PLACEMENT_3D('',#8010,#8011,#8012);
#8010 = CARTESIAN_POINT('',(-2.375,2.925,2.7));
#8011 = DIRECTION('',(-1.,1.110223024625E-16,0.));
#8012 = DIRECTION('',(0.,0.,1.));
#8013 = ADVANCED_FACE('',(#8014),#8035,.T.);
#8014 = FACE_BOUND('',#8015,.T.);
#8015 = EDGE_LOOP('',(#8016,#8017,#8018,#8019,#8020,#8021,#8029));
#8016 = ORIENTED_EDGE('',*,*,#7685,.F.);
#8017 = ORIENTED_EDGE('',*,*,#7547,.T.);
#8018 = ORIENTED_EDGE('',*,*,#7822,.T.);
#8019 = ORIENTED_EDGE('',*,*,#7000,.T.);
#8020 = ORIENTED_EDGE('',*,*,#8002,.T.);
#8021 = ORIENTED_EDGE('',*,*,#8022,.T.);
#8022 = EDGE_CURVE('',#7995,#8023,#8025,.T.);
#8023 = VERTEX_POINT('',#8024);
#8024 = CARTESIAN_POINT('',(-2.7,3.125,0.9));
#8025 = LINE('',#8026,#8027);
#8026 = CARTESIAN_POINT('',(-2.7,3.125,2.7));
#8027 = VECTOR('',#8028,1.);
#8028 = DIRECTION('',(0.,0.,-1.));
#8029 = ORIENTED_EDGE('',*,*,#8030,.F.);
#8030 = EDGE_CURVE('',#7686,#8023,#8031,.T.);
#8031 = LINE('',#8032,#8033);
#8032 = CARTESIAN_POINT('',(-2.7,2.925,0.9));
#8033 = VECTOR('',#8034,1.);
#8034 = DIRECTION('',(1.110223024625E-16,1.,0.));
#8035 = PLANE('',#8036);
#8036 = AXIS2_PLACEMENT_3D('',#8037,#8038,#8039);
#8037 = CARTESIAN_POINT('',(-2.7,2.925,2.7));
#8038 = DIRECTION('',(-1.,1.110223024625E-16,0.));
#8039 = DIRECTION('',(0.,0.,-1.));
#8040 = ADVANCED_FACE('',(#8041),#8061,.F.);
#8041 = FACE_BOUND('',#8042,.F.);
#8042 = EDGE_LOOP('',(#8043,#8052,#8059,#8060));
#8043 = ORIENTED_EDGE('',*,*,#8044,.T.);
#8044 = EDGE_CURVE('',#7018,#8045,#8047,.T.);
#8045 = VERTEX_POINT('',#8046);
#8046 = CARTESIAN_POINT('',(2.35,0.,3.15));
#8047 = CIRCLE('',#8048,0.25);
#8048 = AXIS2_PLACEMENT_3D('',#8049,#8050,#8051);
#8049 = CARTESIAN_POINT('',(2.6,0.,3.15));
#8050 = DIRECTION('',(0.,1.,0.));
#8051 = DIRECTION('',(1.7763568394E-15,0.,-1.));
#8052 = ORIENTED_EDGE('',*,*,#8053,.T.);
#8053 = EDGE_CURVE('',#8045,#8045,#8054,.T.);
#8054 = CIRCLE('',#8055,2.35);
#8055 = AXIS2_PLACEMENT_3D('',#8056,#8057,#8058);
#8056 = CARTESIAN_POINT('',(0.,0.,3.15));
#8057 = DIRECTION('',(0.,0.,1.));
#8058 = DIRECTION('',(1.,0.,-0.));
#8059 = ORIENTED_EDGE('',*,*,#8044,.F.);
#8060 = ORIENTED_EDGE('',*,*,#7017,.F.);
#8061 = TOROIDAL_SURFACE('',#8062,2.6,0.25);
#8062 = AXIS2_PLACEMENT_3D('',#8063,#8064,#8065);
#8063 = CARTESIAN_POINT('',(0.,0.,3.15));
#8064 = DIRECTION('',(-0.,-0.,-1.));
#8065 = DIRECTION('',(1.,0.,0.));
#8066 = ADVANCED_FACE('',(#8067),#8092,.F.);
#8067 = FACE_BOUND('',#8068,.F.);
#8068 = EDGE_LOOP('',(#8069,#8079,#8085,#8086));
#8069 = ORIENTED_EDGE('',*,*,#8070,.T.);
#8070 = EDGE_CURVE('',#8071,#8073,#8075,.T.);
#8071 = VERTEX_POINT('',#8072);
#8072 = CARTESIAN_POINT('',(-2.05,3.125,0.8));
#8073 = VERTEX_POINT('',#8074);
#8074 = CARTESIAN_POINT('',(2.05,3.125,0.8));
#8075 = LINE('',#8076,#8077);
#8076 = CARTESIAN_POINT('',(-2.05,3.125,0.8));
#8077 = VECTOR('',#8078,1.);
#8078 = DIRECTION('',(1.,-1.110223024625E-16,0.));
#8079 = ORIENTED_EDGE('',*,*,#8080,.T.);
#8080 = EDGE_CURVE('',#8073,#7499,#8081,.T.);
#8081 = LINE('',#8082,#8083);
#8082 = CARTESIAN_POINT('',(2.05,3.125,0.8));
#8083 = VECTOR('',#8084,1.);
#8084 = DIRECTION('',(0.,0.,1.));
#8085 = ORIENTED_EDGE('',*,*,#7506,.F.);
#8086 = ORIENTED_EDGE('',*,*,#8087,.F.);
#8087 = EDGE_CURVE('',#8071,#7507,#8088,.T.);
#8088 = LINE('',#8089,#8090);
#8089 = CARTESIAN_POINT('',(-2.05,3.125,0.8));
#8090 = VECTOR('',#8091,1.);
#8091 = DIRECTION('',(0.,0.,1.));
#8092 = PLANE('',#8093);
#8093 = AXIS2_PLACEMENT_3D('',#8094,#8095,#8096);
#8094 = CARTESIAN_POINT('',(-2.05,3.125,0.8));
#8095 = DIRECTION('',(-1.110223024625E-16,-1.,0.));
#8096 = DIRECTION('',(0.,0.,1.));
#8097 = ADVANCED_FACE('',(#8098),#8117,.T.);
#8098 = FACE_BOUND('',#8099,.T.);
#8099 = EDGE_LOOP('',(#8100,#8101,#8110,#8116));
#8100 = ORIENTED_EDGE('',*,*,#8030,.T.);
#8101 = ORIENTED_EDGE('',*,*,#8102,.T.);
#8102 = EDGE_CURVE('',#8023,#8103,#8105,.T.);
#8103 = VERTEX_POINT('',#8104);
#8104 = CARTESIAN_POINT('',(-2.2,3.125,0.4));
#8105 = CIRCLE('',#8106,0.5);
#8106 = AXIS2_PLACEMENT_3D('',#8107,#8108,#8109);
#8107 = CARTESIAN_POINT('',(-2.2,3.125,0.9));
#8108 = DIRECTION('',(-1.110223024625E-16,-1.,0.));
#8109 = DIRECTION('',(0.,0.,1.));
#8110 = ORIENTED_EDGE('',*,*,#8111,.F.);
#8111 = EDGE_CURVE('',#7694,#8103,#8112,.T.);
#8112 = LINE('',#8113,#8114);
#8113 = CARTESIAN_POINT('',(-2.2,2.925,0.4));
#8114 = VECTOR('',#8115,1.);
#8115 = DIRECTION('',(1.110223024625E-16,1.,0.));
#8116 = ORIENTED_EDGE('',*,*,#7693,.F.);
#8117 = CYLINDRICAL_SURFACE('',#8118,0.5);
#8118 = AXIS2_PLACEMENT_3D('',#8119,#8120,#8121);
#8119 = CARTESIAN_POINT('',(-2.2,2.925,0.9));
#8120 = DIRECTION('',(1.110223024625E-16,1.,0.));
#8121 = DIRECTION('',(-1.,1.110223024625E-16,0.));
#8122 = ADVANCED_FACE('',(#8123),#8141,.T.);
#8123 = FACE_BOUND('',#8124,.T.);
#8124 = EDGE_LOOP('',(#8125,#8126,#8127,#8135));
#8125 = ORIENTED_EDGE('',*,*,#7702,.F.);
#8126 = ORIENTED_EDGE('',*,*,#8111,.T.);
#8127 = ORIENTED_EDGE('',*,*,#8128,.F.);
#8128 = EDGE_CURVE('',#8129,#8103,#8131,.T.);
#8129 = VERTEX_POINT('',#8130);
#8130 = CARTESIAN_POINT('',(2.2,3.125,0.4));
#8131 = LINE('',#8132,#8133);
#8132 = CARTESIAN_POINT('',(2.2,3.125,0.4));
#8133 = VECTOR('',#8134,1.);
#8134 = DIRECTION('',(-1.,1.110223024625E-16,0.));
#8135 = ORIENTED_EDGE('',*,*,#8136,.F.);
#8136 = EDGE_CURVE('',#7703,#8129,#8137,.T.);
#8137 = LINE('',#8138,#8139);
#8138 = CARTESIAN_POINT('',(2.2,2.925,0.4));
#8139 = VECTOR('',#8140,1.);
#8140 = DIRECTION('',(1.110223024625E-16,1.,0.));
#8141 = PLANE('',#8142);
#8142 = AXIS2_PLACEMENT_3D('',#8143,#8144,#8145);
#8143 = CARTESIAN_POINT('',(-2.7,2.925,0.4));
#8144 = DIRECTION('',(4.111937128241E-17,-4.565167275585E-33,-1.));
#8145 = DIRECTION('',(1.,-1.110223024625E-16,4.111937128241E-17));
#8146 = ADVANCED_FACE('',(#8147),#8159,.T.);
#8147 = FACE_BOUND('',#8148,.T.);
#8148 = EDGE_LOOP('',(#8149,#8150,#8151,#8158));
#8149 = ORIENTED_EDGE('',*,*,#7710,.T.);
#8150 = ORIENTED_EDGE('',*,*,#8136,.T.);
#8151 = ORIENTED_EDGE('',*,*,#8152,.F.);
#8152 = EDGE_CURVE('',#7852,#8129,#8153,.T.);
#8153 = CIRCLE('',#8154,0.5);
#8154 = AXIS2_PLACEMENT_3D('',#8155,#8156,#8157);
#8155 = CARTESIAN_POINT('',(2.2,3.125,0.9));
#8156 = DIRECTION('',(1.110223024625E-16,1.,-0.));
#8157 = DIRECTION('',(0.,0.,1.));
#8158 = ORIENTED_EDGE('',*,*,#7859,.F.);
#8159 = CYLINDRICAL_SURFACE('',#8160,0.5);
#8160 = AXIS2_PLACEMENT_3D('',#8161,#8162,#8163);
#8161 = CARTESIAN_POINT('',(2.2,2.925,0.9));
#8162 = DIRECTION('',(1.110223024625E-16,1.,0.));
#8163 = DIRECTION('',(1.,-1.110223024625E-16,0.));
#8164 = ADVANCED_FACE('',(#8165),#8179,.F.);
#8165 = FACE_BOUND('',#8166,.F.);
#8166 = EDGE_LOOP('',(#8167,#8168,#8169,#8170,#8171,#8172,#8173,#8174,
    #8175,#8176,#8177,#8178));
#8167 = ORIENTED_EDGE('',*,*,#8022,.T.);
#8168 = ORIENTED_EDGE('',*,*,#8102,.T.);
#8169 = ORIENTED_EDGE('',*,*,#8128,.F.);
#8170 = ORIENTED_EDGE('',*,*,#8152,.F.);
#8171 = ORIENTED_EDGE('',*,*,#7851,.F.);
#8172 = ORIENTED_EDGE('',*,*,#7874,.F.);
#8173 = ORIENTED_EDGE('',*,*,#7900,.F.);
#8174 = ORIENTED_EDGE('',*,*,#8080,.F.);
#8175 = ORIENTED_EDGE('',*,*,#8070,.F.);
#8176 = ORIENTED_EDGE('',*,*,#8087,.T.);
#8177 = ORIENTED_EDGE('',*,*,#7966,.T.);
#8178 = ORIENTED_EDGE('',*,*,#7994,.T.);
#8179 = PLANE('',#8180);
#8180 = AXIS2_PLACEMENT_3D('',#8181,#8182,#8183);
#8181 = CARTESIAN_POINT('',(-1.7395,3.125,1.1605));
#8182 = DIRECTION('',(-1.110223024625E-16,-1.,-0.));
#8183 = DIRECTION('',(0.,0.,-1.));
#8184 = ADVANCED_FACE('',(#8185),#8204,.T.);
#8185 = FACE_BOUND('',#8186,.T.);
#8186 = EDGE_LOOP('',(#8187,#8188,#8196,#8203));
#8187 = ORIENTED_EDGE('',*,*,#8053,.T.);
#8188 = ORIENTED_EDGE('',*,*,#8189,.T.);
#8189 = EDGE_CURVE('',#8045,#8190,#8192,.T.);
#8190 = VERTEX_POINT('',#8191);
#8191 = CARTESIAN_POINT('',(2.35,0.,3.55));
#8192 = LINE('',#8193,#8194);
#8193 = CARTESIAN_POINT('',(2.35,0.,3.15));
#8194 = VECTOR('',#8195,1.);
#8195 = DIRECTION('',(0.,0.,1.));
#8196 = ORIENTED_EDGE('',*,*,#8197,.F.);
#8197 = EDGE_CURVE('',#8190,#8190,#8198,.T.);
#8198 = CIRCLE('',#8199,2.35);
#8199 = AXIS2_PLACEMENT_3D('',#8200,#8201,#8202);
#8200 = CARTESIAN_POINT('',(0.,0.,3.55));
#8201 = DIRECTION('',(0.,0.,1.));
#8202 = DIRECTION('',(1.,0.,-0.));
#8203 = ORIENTED_EDGE('',*,*,#8189,.F.);
#8204 = CYLINDRICAL_SURFACE('',#8205,2.35);
#8205 = AXIS2_PLACEMENT_3D('',#8206,#8207,#8208);
#8206 = CARTESIAN_POINT('',(0.,0.,3.15));
#8207 = DIRECTION('',(0.,0.,1.));
#8208 = DIRECTION('',(1.,0.,-0.));
#8209 = ADVANCED_FACE('',(#8210),#8230,.T.);
#8210 = FACE_BOUND('',#8211,.T.);
#8211 = EDGE_LOOP('',(#8212,#8213,#8222,#8229));
#8212 = ORIENTED_EDGE('',*,*,#8197,.T.);
#8213 = ORIENTED_EDGE('',*,*,#8214,.T.);
#8214 = EDGE_CURVE('',#8190,#8215,#8217,.T.);
#8215 = VERTEX_POINT('',#8216);
#8216 = CARTESIAN_POINT('',(1.9,0.,4.));
#8217 = CIRCLE('',#8218,0.45);
#8218 = AXIS2_PLACEMENT_3D('',#8219,#8220,#8221);
#8219 = CARTESIAN_POINT('',(1.9,0.,3.55));
#8220 = DIRECTION('',(0.,-1.,0.));
#8221 = DIRECTION('',(1.,0.,-9.868649107779E-16));
#8222 = ORIENTED_EDGE('',*,*,#8223,.F.);
#8223 = EDGE_CURVE('',#8215,#8215,#8224,.T.);
#8224 = CIRCLE('',#8225,1.9);
#8225 = AXIS2_PLACEMENT_3D('',#8226,#8227,#8228);
#8226 = CARTESIAN_POINT('',(0.,0.,4.));
#8227 = DIRECTION('',(0.,0.,1.));
#8228 = DIRECTION('',(1.,0.,-0.));
#8229 = ORIENTED_EDGE('',*,*,#8214,.F.);
#8230 = TOROIDAL_SURFACE('',#8231,1.9,0.45);
#8231 = AXIS2_PLACEMENT_3D('',#8232,#8233,#8234);
#8232 = CARTESIAN_POINT('',(0.,0.,3.55));
#8233 = DIRECTION('',(0.,0.,1.));
#8234 = DIRECTION('',(1.,0.,-0.));
#8235 = ADVANCED_FACE('',(#8236,#8239),#8250,.T.);
#8236 = FACE_BOUND('',#8237,.T.);
#8237 = EDGE_LOOP('',(#8238));
#8238 = ORIENTED_EDGE('',*,*,#8223,.T.);
#8239 = FACE_BOUND('',#8240,.T.);
#8240 = EDGE_LOOP('',(#8241));
#8241 = ORIENTED_EDGE('',*,*,#8242,.F.);
#8242 = EDGE_CURVE('',#8243,#8243,#8245,.T.);
#8243 = VERTEX_POINT('',#8244);
#8244 = CARTESIAN_POINT('',(1.85,0.,4.));
#8245 = CIRCLE('',#8246,1.85);
#8246 = AXIS2_PLACEMENT_3D('',#8247,#8248,#8249);
#8247 = CARTESIAN_POINT('',(0.,0.,4.));
#8248 = DIRECTION('',(0.,0.,1.));
#8249 = DIRECTION('',(1.,0.,-0.));
#8250 = PLANE('',#8251);
#8251 = AXIS2_PLACEMENT_3D('',#8252,#8253,#8254);
#8252 = CARTESIAN_POINT('',(0.,0.,4.));
#8253 = DIRECTION('',(0.,0.,1.));
#8254 = DIRECTION('',(1.,0.,-0.));
#8255 = ADVANCED_FACE('',(#8256),#8276,.F.);
#8256 = FACE_BOUND('',#8257,.F.);
#8257 = EDGE_LOOP('',(#8258,#8267,#8274,#8275));
#8258 = ORIENTED_EDGE('',*,*,#8259,.T.);
#8259 = EDGE_CURVE('',#8243,#8260,#8262,.T.);
#8260 = VERTEX_POINT('',#8261);
#8261 = CARTESIAN_POINT('',(1.7,0.,4.15));
#8262 = CIRCLE('',#8263,0.15);
#8263 = AXIS2_PLACEMENT_3D('',#8264,#8265,#8266);
#8264 = CARTESIAN_POINT('',(1.85,0.,4.15));
#8265 = DIRECTION('',(0.,1.,0.));
#8266 = DIRECTION('',(-4.440892098501E-15,0.,-1.));
#8267 = ORIENTED_EDGE('',*,*,#8268,.T.);
#8268 = EDGE_CURVE('',#8260,#8260,#8269,.T.);
#8269 = CIRCLE('',#8270,1.7);
#8270 = AXIS2_PLACEMENT_3D('',#8271,#8272,#8273);
#8271 = CARTESIAN_POINT('',(0.,0.,4.15));
#8272 = DIRECTION('',(0.,0.,1.));
#8273 = DIRECTION('',(1.,0.,-0.));
#8274 = ORIENTED_EDGE('',*,*,#8259,.F.);
#8275 = ORIENTED_EDGE('',*,*,#8242,.F.);
#8276 = TOROIDAL_SURFACE('',#8277,1.85,0.15);
#8277 = AXIS2_PLACEMENT_3D('',#8278,#8279,#8280);
#8278 = CARTESIAN_POINT('',(0.,0.,4.15));
#8279 = DIRECTION('',(-0.,-0.,-1.));
#8280 = DIRECTION('',(1.,0.,0.));
#8281 = ADVANCED_FACE('',(#8282),#8301,.T.);
#8282 = FACE_BOUND('',#8283,.T.);
#8283 = EDGE_LOOP('',(#8284,#8285,#8293,#8300));
#8284 = ORIENTED_EDGE('',*,*,#8268,.T.);
#8285 = ORIENTED_EDGE('',*,*,#8286,.T.);
#8286 = EDGE_CURVE('',#8260,#8287,#8289,.T.);
#8287 = VERTEX_POINT('',#8288);
#8288 = CARTESIAN_POINT('',(1.7,0.,4.5));
#8289 = LINE('',#8290,#8291);
#8290 = CARTESIAN_POINT('',(1.7,0.,4.15));
#8291 = VECTOR('',#8292,1.);
#8292 = DIRECTION('',(-6.344131569287E-16,0.,1.));
#8293 = ORIENTED_EDGE('',*,*,#8294,.F.);
#8294 = EDGE_CURVE('',#8287,#8287,#8295,.T.);
#8295 = CIRCLE('',#8296,1.7);
#8296 = AXIS2_PLACEMENT_3D('',#8297,#8298,#8299);
#8297 = CARTESIAN_POINT('',(0.,0.,4.5));
#8298 = DIRECTION('',(0.,0.,1.));
#8299 = DIRECTION('',(1.,0.,-0.));
#8300 = ORIENTED_EDGE('',*,*,#8286,.F.);
#8301 = CYLINDRICAL_SURFACE('',#8302,1.7);
#8302 = AXIS2_PLACEMENT_3D('',#8303,#8304,#8305);
#8303 = CARTESIAN_POINT('',(0.,0.,4.15));
#8304 = DIRECTION('',(0.,0.,1.));
#8305 = DIRECTION('',(1.,0.,-0.));
#8306 = ADVANCED_FACE('',(#8307,#8310),#8321,.T.);
#8307 = FACE_BOUND('',#8308,.T.);
#8308 = EDGE_LOOP('',(#8309));
#8309 = ORIENTED_EDGE('',*,*,#8294,.T.);
#8310 = FACE_BOUND('',#8311,.T.);
#8311 = EDGE_LOOP('',(#8312));
#8312 = ORIENTED_EDGE('',*,*,#8313,.F.);
#8313 = EDGE_CURVE('',#8314,#8314,#8316,.T.);
#8314 = VERTEX_POINT('',#8315);
#8315 = CARTESIAN_POINT('',(1.5,-3.673940397442E-16,4.5));
#8316 = CIRCLE('',#8317,1.5);
#8317 = AXIS2_PLACEMENT_3D('',#8318,#8319,#8320);
#8318 = CARTESIAN_POINT('',(0.,0.,4.5));
#8319 = DIRECTION('',(0.,0.,1.));
#8320 = DIRECTION('',(1.,0.,-0.));
#8321 = PLANE('',#8322);
#8322 = AXIS2_PLACEMENT_3D('',#8323,#8324,#8325);
#8323 = CARTESIAN_POINT('',(0.,0.,4.5));
#8324 = DIRECTION('',(0.,0.,1.));
#8325 = DIRECTION('',(1.,0.,-0.));
#8326 = ADVANCED_FACE('',(#8327),#8346,.F.);
#8327 = FACE_BOUND('',#8328,.F.);
#8328 = EDGE_LOOP('',(#8329,#8330,#8338,#8345));
#8329 = ORIENTED_EDGE('',*,*,#8313,.F.);
#8330 = ORIENTED_EDGE('',*,*,#8331,.F.);
#8331 = EDGE_CURVE('',#8332,#8314,#8334,.T.);
#8332 = VERTEX_POINT('',#8333);
#8333 = CARTESIAN_POINT('',(1.5,-3.673940397442E-16,2.7));
#8334 = LINE('',#8335,#8336);
#8335 = CARTESIAN_POINT('',(1.5,-3.673940397442E-16,2.7));
#8336 = VECTOR('',#8337,1.);
#8337 = DIRECTION('',(0.,0.,1.));
#8338 = ORIENTED_EDGE('',*,*,#8339,.T.);
#8339 = EDGE_CURVE('',#8332,#8332,#8340,.T.);
#8340 = CIRCLE('',#8341,1.5);
#8341 = AXIS2_PLACEMENT_3D('',#8342,#8343,#8344);
#8342 = CARTESIAN_POINT('',(0.,0.,2.7));
#8343 = DIRECTION('',(0.,0.,1.));
#8344 = DIRECTION('',(1.,0.,-0.));
#8345 = ORIENTED_EDGE('',*,*,#8331,.T.);
#8346 = CYLINDRICAL_SURFACE('',#8347,1.5);
#8347 = AXIS2_PLACEMENT_3D('',#8348,#8349,#8350);
#8348 = CARTESIAN_POINT('',(0.,0.,2.7));
#8349 = DIRECTION('',(0.,0.,1.));
#8350 = DIRECTION('',(1.,0.,-0.));
#8351 = ADVANCED_FACE('',(#8352,#8355),#8366,.T.);
#8352 = FACE_BOUND('',#8353,.T.);
#8353 = EDGE_LOOP('',(#8354));
#8354 = ORIENTED_EDGE('',*,*,#8339,.T.);
#8355 = FACE_BOUND('',#8356,.T.);
#8356 = EDGE_LOOP('',(#8357));
#8357 = ORIENTED_EDGE('',*,*,#8358,.F.);
#8358 = EDGE_CURVE('',#8359,#8359,#8361,.T.);
#8359 = VERTEX_POINT('',#8360);
#8360 = CARTESIAN_POINT('',(1.493859649123,0.,2.7));
#8361 = CIRCLE('',#8362,1.493859649123);
#8362 = AXIS2_PLACEMENT_3D('',#8363,#8364,#8365);
#8363 = CARTESIAN_POINT('',(0.,0.,2.7));
#8364 = DIRECTION('',(0.,0.,1.));
#8365 = DIRECTION('',(1.,0.,-0.));
#8366 = PLANE('',#8367);
#8367 = AXIS2_PLACEMENT_3D('',#8368,#8369,#8370);
#8368 = CARTESIAN_POINT('',(-3.1,-2.8,2.7));
#8369 = DIRECTION('',(0.,0.,1.));
#8370 = DIRECTION('',(1.,0.,-0.));
#8371 = ADVANCED_FACE('',(#8372),#8391,.T.);
#8372 = FACE_BOUND('',#8373,.T.);
#8373 = EDGE_LOOP('',(#8374,#8375,#8383,#8390));
#8374 = ORIENTED_EDGE('',*,*,#8358,.T.);
#8375 = ORIENTED_EDGE('',*,*,#8376,.T.);
#8376 = EDGE_CURVE('',#8359,#8377,#8379,.T.);
#8377 = VERTEX_POINT('',#8378);
#8378 = CARTESIAN_POINT('',(1.450869498603,0.,7.600877159236));
#8379 = LINE('',#8380,#8381);
#8380 = CARTESIAN_POINT('',(1.5,0.,2.));
#8381 = VECTOR('',#8382,1.);
#8382 = DIRECTION('',(-8.771592358276E-03,0.,0.999961528844));
#8383 = ORIENTED_EDGE('',*,*,#8384,.F.);
#8384 = EDGE_CURVE('',#8377,#8377,#8385,.T.);
#8385 = CIRCLE('',#8386,1.450869498603);
#8386 = AXIS2_PLACEMENT_3D('',#8387,#8388,#8389);
#8387 = CARTESIAN_POINT('',(0.,0.,7.600877159236));
#8388 = DIRECTION('',(0.,0.,1.));
#8389 = DIRECTION('',(1.,0.,-0.));
#8390 = ORIENTED_EDGE('',*,*,#8376,.F.);
#8391 = CONICAL_SURFACE('',#8392,1.5,8.771704844443E-03);
#8392 = AXIS2_PLACEMENT_3D('',#8393,#8394,#8395);
#8393 = CARTESIAN_POINT('',(0.,0.,2.));
#8394 = DIRECTION('',(-0.,-0.,-1.));
#8395 = DIRECTION('',(1.,0.,0.));
#8396 = ADVANCED_FACE('',(#8397),#8417,.T.);
#8397 = FACE_BOUND('',#8398,.T.);
#8398 = EDGE_LOOP('',(#8399,#8400,#8409,#8416));
#8399 = ORIENTED_EDGE('',*,*,#8384,.T.);
#8400 = ORIENTED_EDGE('',*,*,#8401,.T.);
#8401 = EDGE_CURVE('',#8377,#8402,#8404,.T.);
#8402 = VERTEX_POINT('',#8403);
#8403 = CARTESIAN_POINT('',(1.350873345719,0.,7.7));
#8404 = CIRCLE('',#8405,0.1);
#8405 = AXIS2_PLACEMENT_3D('',#8406,#8407,#8408);
#8406 = CARTESIAN_POINT('',(1.350873345719,0.,7.6));
#8407 = DIRECTION('',(0.,-1.,0.));
#8408 = DIRECTION('',(0.999961528844,0.,8.77159235827E-03));
#8409 = ORIENTED_EDGE('',*,*,#8410,.F.);
#8410 = EDGE_CURVE('',#8402,#8402,#8411,.T.);
#8411 = CIRCLE('',#8412,1.350873345719);
#8412 = AXIS2_PLACEMENT_3D('',#8413,#8414,#8415);
#8413 = CARTESIAN_POINT('',(0.,0.,7.7));
#8414 = DIRECTION('',(0.,0.,1.));
#8415 = DIRECTION('',(1.,0.,-0.));
#8416 = ORIENTED_EDGE('',*,*,#8401,.F.);
#8417 = TOROIDAL_SURFACE('',#8418,1.350873345719,0.1);
#8418 = AXIS2_PLACEMENT_3D('',#8419,#8420,#8421);
#8419 = CARTESIAN_POINT('',(0.,0.,7.6));
#8420 = DIRECTION('',(0.,0.,1.));
#8421 = DIRECTION('',(1.,0.,-0.));
#8422 = ADVANCED_FACE('',(#8423,#8426),#8437,.T.);
#8423 = FACE_BOUND('',#8424,.T.);
#8424 = EDGE_LOOP('',(#8425));
#8425 = ORIENTED_EDGE('',*,*,#8410,.T.);
#8426 = FACE_BOUND('',#8427,.T.);
#8427 = EDGE_LOOP('',(#8428));
#8428 = ORIENTED_EDGE('',*,*,#8429,.F.);
#8429 = EDGE_CURVE('',#8430,#8430,#8432,.T.);
#8430 = VERTEX_POINT('',#8431);
#8431 = CARTESIAN_POINT('',(0.65,0.,7.7));
#8432 = CIRCLE('',#8433,0.65);
#8433 = AXIS2_PLACEMENT_3D('',#8434,#8435,#8436);
#8434 = CARTESIAN_POINT('',(0.,0.,7.7));
#8435 = DIRECTION('',(0.,0.,1.));
#8436 = DIRECTION('',(1.,0.,-0.));
#8437 = PLANE('',#8438);
#8438 = AXIS2_PLACEMENT_3D('',#8439,#8440,#8441);
#8439 = CARTESIAN_POINT('',(0.,0.,7.7));
#8440 = DIRECTION('',(0.,0.,1.));
#8441 = DIRECTION('',(1.,0.,-0.));
#8442 = ADVANCED_FACE('',(#8443),#8462,.F.);
#8443 = FACE_BOUND('',#8444,.F.);
#8444 = EDGE_LOOP('',(#8445,#8453,#8460,#8461));
#8445 = ORIENTED_EDGE('',*,*,#8446,.T.);
#8446 = EDGE_CURVE('',#8430,#8447,#8449,.T.);
#8447 = VERTEX_POINT('',#8448);
#8448 = CARTESIAN_POINT('',(0.6,0.,7.6));
#8449 = LINE('',#8450,#8451);
#8450 = CARTESIAN_POINT('',(0.65,0.,7.7));
#8451 = VECTOR('',#8452,1.);
#8452 = DIRECTION('',(-0.4472135955,0.,-0.894427191));
#8453 = ORIENTED_EDGE('',*,*,#8454,.T.);
#8454 = EDGE_CURVE('',#8447,#8447,#8455,.T.);
#8455 = CIRCLE('',#8456,0.6);
#8456 = AXIS2_PLACEMENT_3D('',#8457,#8458,#8459);
#8457 = CARTESIAN_POINT('',(0.,0.,7.6));
#8458 = DIRECTION('',(0.,0.,1.));
#8459 = DIRECTION('',(1.,0.,-0.));
#8460 = ORIENTED_EDGE('',*,*,#8446,.F.);
#8461 = ORIENTED_EDGE('',*,*,#8429,.F.);
#8462 = CONICAL_SURFACE('',#8463,0.65,0.463647609001);
#8463 = AXIS2_PLACEMENT_3D('',#8464,#8465,#8466);
#8464 = CARTESIAN_POINT('',(0.,0.,7.7));
#8465 = DIRECTION('',(0.,0.,1.));
#8466 = DIRECTION('',(1.,0.,-0.));
#8467 = ADVANCED_FACE('',(#8468),#8471,.T.);
#8468 = FACE_BOUND('',#8469,.T.);
#8469 = EDGE_LOOP('',(#8470));
#8470 = ORIENTED_EDGE('',*,*,#8454,.T.);
#8471 = PLANE('',#8472);
#8472 = AXIS2_PLACEMENT_3D('',#8473,#8474,#8475);
#8473 = CARTESIAN_POINT('',(0.,0.,7.6));
#8474 = DIRECTION('',(0.,0.,1.));
#8475 = DIRECTION('',(1.,0.,-0.));
#8476 = ( GEOMETRIC_REPRESENTATION_CONTEXT(3) 
GLOBAL_UNCERTAINTY_ASSIGNED_CONTEXT((#8480)) 
GLOBAL_UNIT_ASSIGNED_CONTEXT((#8477,#8478,#8479)) REPRESENTATION_CONTEXT
('Context #1','3D Context with UNIT and UNCERTAINTY') );
#8477 = ( LENGTH_UNIT() NAMED_UNIT(*) SI_UNIT(.MILLI.,.METRE.) );
#8478 = ( NAMED_UNIT(*) PLANE_ANGLE_UNIT() SI_UNIT($,.RADIAN.) );
#8479 = ( NAMED_UNIT(*) SI_UNIT($,.STERADIAN.) SOLID_ANGLE_UNIT() );
#8480 = UNCERTAINTY_MEASURE_WITH_UNIT(LENGTH_MEASURE(1.E-07),#8477,
  'distance_accuracy_value','confusion accuracy');
#8481 = CONTEXT_DEPENDENT_SHAPE_REPRESENTATION(#8482,#8484);
#8482 = ( REPRESENTATION_RELATIONSHIP('','',#4198,#4175) 
REPRESENTATION_RELATIONSHIP_WITH_TRANSFORMATION(#8483) 
SHAPE_REPRESENTATION_RELATIONSHIP() );
#8483 = ITEM_DEFINED_TRANSFORMATION('','',#11,#4176);
#8484 = PRODUCT_DEFINITION_SHAPE('Placement','Placement of an item',
  #8485);
#8485 = NEXT_ASSEMBLY_USAGE_OCCURRENCE('7','=>[0:1:1:7]','',#4170,#4193,
  $);
#8486 = PRODUCT_RELATED_PRODUCT_CATEGORY('part',$,(#4195));
#8487 = CONTEXT_DEPENDENT_SHAPE_REPRESENTATION(#8488,#8490);
#8488 = ( REPRESENTATION_RELATIONSHIP('','',#4175,#10) 
REPRESENTATION_RELATIONSHIP_WITH_TRANSFORMATION(#8489) 
SHAPE_REPRESENTATION_RELATIONSHIP() );
#8489 = ITEM_DEFINED_TRANSFORMATION('','',#11,#35);
#8490 = PRODUCT_DEFINITION_SHAPE('Placement','Placement of an item',
  #8491);
#8491 = NEXT_ASSEMBLY_USAGE_OCCURRENCE('9','SW13','',#5,#4170,$);
#8492 = CONTEXT_DEPENDENT_SHAPE_REPRESENTATION(#8493,#8495);
#8493 = ( REPRESENTATION_RELATIONSHIP('','',#164,#10) 
REPRESENTATION_RELATIONSHIP_WITH_TRANSFORMATION(#8494) 
SHAPE_REPRESENTATION_RELATIONSHIP() );
#8494 = ITEM_DEFINED_TRANSFORMATION('','',#11,#39);
#8495 = PRODUCT_DEFINITION_SHAPE('Placement','Placement of an item',
  #8496);
#8496 = NEXT_ASSEMBLY_USAGE_OCCURRENCE('10','R21','',#5,#159,$);
#8497 = CONTEXT_DEPENDENT_SHAPE_REPRESENTATION(#8498,#8500);
#8498 = ( REPRESENTATION_RELATIONSHIP('','',#4175,#10) 
REPRESENTATION_RELATIONSHIP_WITH_TRANSFORMATION(#8499) 
SHAPE_REPRESENTATION_RELATIONSHIP() );
#8499 = ITEM_DEFINED_TRANSFORMATION('','',#11,#43);
#8500 = PRODUCT_DEFINITION_SHAPE('Placement','Placement of an item',
  #8501);
#8501 = NEXT_ASSEMBLY_USAGE_OCCURRENCE('11','SW8','',#5,#4170,$);
#8502 = CONTEXT_DEPENDENT_SHAPE_REPRESENTATION(#8503,#8505);
#8503 = ( REPRESENTATION_RELATIONSHIP('','',#164,#10) 
REPRESENTATION_RELATIONSHIP_WITH_TRANSFORMATION(#8504) 
SHAPE_REPRESENTATION_RELATIONSHIP() );
#8504 = ITEM_DEFINED_TRANSFORMATION('','',#11,#47);
#8505 = PRODUCT_DEFINITION_SHAPE('Placement','Placement of an item',
  #8506);
#8506 = NEXT_ASSEMBLY_USAGE_OCCURRENCE('12','R15','',#5,#159,$);
#8507 = CONTEXT_DEPENDENT_SHAPE_REPRESENTATION(#8508,#8510);
#8508 = ( REPRESENTATION_RELATIONSHIP('','',#164,#10) 
REPRESENTATION_RELATIONSHIP_WITH_TRANSFORMATION(#8509) 
SHAPE_REPRESENTATION_RELATIONSHIP() );
#8509 = ITEM_DEFINED_TRANSFORMATION('','',#11,#51);
#8510 = PRODUCT_DEFINITION_SHAPE('Placement','Placement of an item',
  #8511);
#8511 = NEXT_ASSEMBLY_USAGE_OCCURRENCE('13','R20','',#5,#159,$);
#8512 = CONTEXT_DEPENDENT_SHAPE_REPRESENTATION(#8513,#8515);
#8513 = ( REPRESENTATION_RELATIONSHIP('','',#4175,#10) 
REPRESENTATION_RELATIONSHIP_WITH_TRANSFORMATION(#8514) 
SHAPE_REPRESENTATION_RELATIONSHIP() );
#8514 = ITEM_DEFINED_TRANSFORMATION('','',#11,#55);
#8515 = PRODUCT_DEFINITION_SHAPE('Placement','Placement of an item',
  #8516);
#8516 = NEXT_ASSEMBLY_USAGE_OCCURRENCE('14','SW6','',#5,#4170,$);
#8517 = CONTEXT_DEPENDENT_SHAPE_REPRESENTATION(#8518,#8520);
#8518 = ( REPRESENTATION_RELATIONSHIP('','',#164,#10) 
REPRESENTATION_RELATIONSHIP_WITH_TRANSFORMATION(#8519) 
SHAPE_REPRESENTATION_RELATIONSHIP() );
#8519 = ITEM_DEFINED_TRANSFORMATION('','',#11,#59);
#8520 = PRODUCT_DEFINITION_SHAPE('Placement','Placement of an item',
  #8521);
#8521 = NEXT_ASSEMBLY_USAGE_OCCURRENCE('15','R16','',#5,#159,$);
#8522 = CONTEXT_DEPENDENT_SHAPE_REPRESENTATION(#8523,#8525);
#8523 = ( REPRESENTATION_RELATIONSHIP('','',#4175,#10) 
REPRESENTATION_RELATIONSHIP_WITH_TRANSFORMATION(#8524) 
SHAPE_REPRESENTATION_RELATIONSHIP() );
#8524 = ITEM_DEFINED_TRANSFORMATION('','',#11,#63);
#8525 = PRODUCT_DEFINITION_SHAPE('Placement','Placement of an item',
  #8526);
#8526 = NEXT_ASSEMBLY_USAGE_OCCURRENCE('16','SW7','',#5,#4170,$);
#8527 = CONTEXT_DEPENDENT_SHAPE_REPRESENTATION(#8528,#8530);
#8528 = ( REPRESENTATION_RELATIONSHIP('','',#4175,#10) 
REPRESENTATION_RELATIONSHIP_WITH_TRANSFORMATION(#8529) 
SHAPE_REPRESENTATION_RELATIONSHIP() );
#8529 = ITEM_DEFINED_TRANSFORMATION('','',#11,#67);
#8530 = PRODUCT_DEFINITION_SHAPE('Placement','Placement of an item',
  #8531);
#8531 = NEXT_ASSEMBLY_USAGE_OCCURRENCE('17','SW5','',#5,#4170,$);
#8532 = CONTEXT_DEPENDENT_SHAPE_REPRESENTATION(#8533,#8535);
#8533 = ( REPRESENTATION_RELATIONSHIP('','',#164,#10) 
REPRESENTATION_RELATIONSHIP_WITH_TRANSFORMATION(#8534) 
SHAPE_REPRESENTATION_RELATIONSHIP() );
#8534 = ITEM_DEFINED_TRANSFORMATION('','',#11,#71);
#8535 = PRODUCT_DEFINITION_SHAPE('Placement','Placement of an item',
  #8536);
#8536 = NEXT_ASSEMBLY_USAGE_OCCURRENCE('18','R12','',#5,#159,$);
#8537 = CONTEXT_DEPENDENT_SHAPE_REPRESENTATION(#8538,#8540);
#8538 = ( REPRESENTATION_RELATIONSHIP('','',#4175,#10) 
REPRESENTATION_RELATIONSHIP_WITH_TRANSFORMATION(#8539) 
SHAPE_REPRESENTATION_RELATIONSHIP() );
#8539 = ITEM_DEFINED_TRANSFORMATION('','',#11,#75);
#8540 = PRODUCT_DEFINITION_SHAPE('Placement','Placement of an item',
  #8541);
#8541 = NEXT_ASSEMBLY_USAGE_OCCURRENCE('19','SW10','',#5,#4170,$);
#8542 = CONTEXT_DEPENDENT_SHAPE_REPRESENTATION(#8543,#8545);
#8543 = ( REPRESENTATION_RELATIONSHIP('','',#4175,#10) 
REPRESENTATION_RELATIONSHIP_WITH_TRANSFORMATION(#8544) 
SHAPE_REPRESENTATION_RELATIONSHIP() );
#8544 = ITEM_DEFINED_TRANSFORMATION('','',#11,#79);
#8545 = PRODUCT_DEFINITION_SHAPE('Placement','Placement of an item',
  #8546);
#8546 = NEXT_ASSEMBLY_USAGE_OCCURRENCE('20','SW4','',#5,#4170,$);
#8547 = CONTEXT_DEPENDENT_SHAPE_REPRESENTATION(#8548,#8550);
#8548 = ( REPRESENTATION_RELATIONSHIP('','',#164,#10) 
REPRESENTATION_RELATIONSHIP_WITH_TRANSFORMATION(#8549) 
SHAPE_REPRESENTATION_RELATIONSHIP() );
#8549 = ITEM_DEFINED_TRANSFORMATION('','',#11,#83);
#8550 = PRODUCT_DEFINITION_SHAPE('Placement','Placement of an item',
  #8551);
#8551 = NEXT_ASSEMBLY_USAGE_OCCURRENCE('21','R11','',#5,#159,$);
#8552 = CONTEXT_DEPENDENT_SHAPE_REPRESENTATION(#8553,#8555);
#8553 = ( REPRESENTATION_RELATIONSHIP('','',#4175,#10) 
REPRESENTATION_RELATIONSHIP_WITH_TRANSFORMATION(#8554) 
SHAPE_REPRESENTATION_RELATIONSHIP() );
#8554 = ITEM_DEFINED_TRANSFORMATION('','',#11,#87);
#8555 = PRODUCT_DEFINITION_SHAPE('Placement','Placement of an item',
  #8556);
#8556 = NEXT_ASSEMBLY_USAGE_OCCURRENCE('22','SW14','',#5,#4170,$);
#8557 = CONTEXT_DEPENDENT_SHAPE_REPRESENTATION(#8558,#8560);
#8558 = ( REPRESENTATION_RELATIONSHIP('','',#4175,#10) 
REPRESENTATION_RELATIONSHIP_WITH_TRANSFORMATION(#8559) 
SHAPE_REPRESENTATION_RELATIONSHIP() );
#8559 = ITEM_DEFINED_TRANSFORMATION('','',#11,#91);
#8560 = PRODUCT_DEFINITION_SHAPE('Placement','Placement of an item',
  #8561);
#8561 = NEXT_ASSEMBLY_USAGE_OCCURRENCE('23','SW3','',#5,#4170,$);
#8562 = CONTEXT_DEPENDENT_SHAPE_REPRESENTATION(#8563,#8565);
#8563 = ( REPRESENTATION_RELATIONSHIP('','',#4175,#10) 
REPRESENTATION_RELATIONSHIP_WITH_TRANSFORMATION(#8564) 
SHAPE_REPRESENTATION_RELATIONSHIP() );
#8564 = ITEM_DEFINED_TRANSFORMATION('','',#11,#95);
#8565 = PRODUCT_DEFINITION_SHAPE('Placement','Placement of an item',
  #8566);
#8566 = NEXT_ASSEMBLY_USAGE_OCCURRENCE('24','SW9','',#5,#4170,$);
#8567 = CONTEXT_DEPENDENT_SHAPE_REPRESENTATION(#8568,#8570);
#8568 = ( REPRESENTATION_RELATIONSHIP('','',#164,#10) 
REPRESENTATION_RELATIONSHIP_WITH_TRANSFORMATION(#8569) 
SHAPE_REPRESENTATION_RELATIONSHIP() );
#8569 = ITEM_DEFINED_TRANSFORMATION('','',#11,#99);
#8570 = PRODUCT_DEFINITION_SHAPE('Placement','Placement of an item',
  #8571);
#8571 = NEXT_ASSEMBLY_USAGE_OCCURRENCE('25','R17','',#5,#159,$);
#8572 = CONTEXT_DEPENDENT_SHAPE_REPRESENTATION(#8573,#8575);
#8573 = ( REPRESENTATION_RELATIONSHIP('','',#4175,#10) 
REPRESENTATION_RELATIONSHIP_WITH_TRANSFORMATION(#8574) 
SHAPE_REPRESENTATION_RELATIONSHIP() );
#8574 = ITEM_DEFINED_TRANSFORMATION('','',#11,#103);
#8575 = PRODUCT_DEFINITION_SHAPE('Placement','Placement of an item',
  #8576);
#8576 = NEXT_ASSEMBLY_USAGE_OCCURRENCE('26','SW12','',#5,#4170,$);
#8577 = CONTEXT_DEPENDENT_SHAPE_REPRESENTATION(#8578,#8580);
#8578 = ( REPRESENTATION_RELATIONSHIP('','',#164,#10) 
REPRESENTATION_RELATIONSHIP_WITH_TRANSFORMATION(#8579) 
SHAPE_REPRESENTATION_RELATIONSHIP() );
#8579 = ITEM_DEFINED_TRANSFORMATION('','',#11,#107);
#8580 = PRODUCT_DEFINITION_SHAPE('Placement','Placement of an item',
  #8581);
#8581 = NEXT_ASSEMBLY_USAGE_OCCURRENCE('27','R18','',#5,#159,$);
#8582 = CONTEXT_DEPENDENT_SHAPE_REPRESENTATION(#8583,#8585);
#8583 = ( REPRESENTATION_RELATIONSHIP('','',#164,#10) 
REPRESENTATION_RELATIONSHIP_WITH_TRANSFORMATION(#8584) 
SHAPE_REPRESENTATION_RELATIONSHIP() );
#8584 = ITEM_DEFINED_TRANSFORMATION('','',#11,#111);
#8585 = PRODUCT_DEFINITION_SHAPE('Placement','Placement of an item',
  #8586);
#8586 = NEXT_ASSEMBLY_USAGE_OCCURRENCE('28','R14','',#5,#159,$);
#8587 = CONTEXT_DEPENDENT_SHAPE_REPRESENTATION(#8588,#8590);
#8588 = ( REPRESENTATION_RELATIONSHIP('','',#737,#10) 
REPRESENTATION_RELATIONSHIP_WITH_TRANSFORMATION(#8589) 
SHAPE_REPRESENTATION_RELATIONSHIP() );
#8589 = ITEM_DEFINED_TRANSFORMATION('','',#11,#115);
#8590 = PRODUCT_DEFINITION_SHAPE('Placement','Placement of an item',
  #8591);
#8591 = NEXT_ASSEMBLY_USAGE_OCCURRENCE('29','J4','',#5,#732,$);
#8592 = CONTEXT_DEPENDENT_SHAPE_REPRESENTATION(#8593,#8595);
#8593 = ( REPRESENTATION_RELATIONSHIP('','',#164,#10) 
REPRESENTATION_RELATIONSHIP_WITH_TRANSFORMATION(#8594) 
SHAPE_REPRESENTATION_RELATIONSHIP() );
#8594 = ITEM_DEFINED_TRANSFORMATION('','',#11,#119);
#8595 = PRODUCT_DEFINITION_SHAPE('Placement','Placement of an item',
  #8596);
#8596 = NEXT_ASSEMBLY_USAGE_OCCURRENCE('30','R9','',#5,#159,$);
#8597 = CONTEXT_DEPENDENT_SHAPE_REPRESENTATION(#8598,#8600);
#8598 = ( REPRESENTATION_RELATIONSHIP('','',#737,#10) 
REPRESENTATION_RELATIONSHIP_WITH_TRANSFORMATION(#8599) 
SHAPE_REPRESENTATION_RELATIONSHIP() );
#8599 = ITEM_DEFINED_TRANSFORMATION('','',#11,#123);
#8600 = PRODUCT_DEFINITION_SHAPE('Placement','Placement of an item',
  #8601);
#8601 = NEXT_ASSEMBLY_USAGE_OCCURRENCE('31','J7','',#5,#732,$);
#8602 = CONTEXT_DEPENDENT_SHAPE_REPRESENTATION(#8603,#8605);
#8603 = ( REPRESENTATION_RELATIONSHIP('','',#737,#10) 
REPRESENTATION_RELATIONSHIP_WITH_TRANSFORMATION(#8604) 
SHAPE_REPRESENTATION_RELATIONSHIP() );
#8604 = ITEM_DEFINED_TRANSFORMATION('','',#11,#127);
#8605 = PRODUCT_DEFINITION_SHAPE('Placement','Placement of an item',
  #8606);
#8606 = NEXT_ASSEMBLY_USAGE_OCCURRENCE('32','J6','',#5,#732,$);
#8607 = SHAPE_DEFINITION_REPRESENTATION(#8608,#8614);
#8608 = PRODUCT_DEFINITION_SHAPE('','',#8609);
#8609 = PRODUCT_DEFINITION('design','',#8610,#8613);
#8610 = PRODUCT_DEFINITION_FORMATION('','',#8611);
#8611 = PRODUCT('CP_Radial_D4.0mm_P1.50mm','CP_Radial_D4.0mm_P1.50mm',''
  ,(#8612));
#8612 = PRODUCT_CONTEXT('',#2,'mechanical');
#8613 = PRODUCT_DEFINITION_CONTEXT('part definition',#2,'design');
#8614 = SHAPE_REPRESENTATION('',(#11,#8615),#8619);
#8615 = AXIS2_PLACEMENT_3D('',#8616,#8617,#8618);
#8616 = CARTESIAN_POINT('',(0.,0.,0.));
#8617 = DIRECTION('',(0.,0.,1.));
#8618 = DIRECTION('',(1.,0.,-0.));
#8619 = ( GEOMETRIC_REPRESENTATION_CONTEXT(3) 
GLOBAL_UNCERTAINTY_ASSIGNED_CONTEXT((#8623)) 
GLOBAL_UNIT_ASSIGNED_CONTEXT((#8620,#8621,#8622)) REPRESENTATION_CONTEXT
('Context #1','3D Context with UNIT and UNCERTAINTY') );
#8620 = ( LENGTH_UNIT() NAMED_UNIT(*) SI_UNIT(.MILLI.,.METRE.) );
#8621 = ( NAMED_UNIT(*) PLANE_ANGLE_UNIT() SI_UNIT($,.RADIAN.) );
#8622 = ( NAMED_UNIT(*) SI_UNIT($,.STERADIAN.) SOLID_ANGLE_UNIT() );
#8623 = UNCERTAINTY_MEASURE_WITH_UNIT(LENGTH_MEASURE(5.E-06),#8620,
  'distance_accuracy_value','confusion accuracy');
#8624 = CONTEXT_DEPENDENT_SHAPE_REPRESENTATION(#8625,#8627);
#8625 = ( REPRESENTATION_RELATIONSHIP('','',#8614,#10) 
REPRESENTATION_RELATIONSHIP_WITH_TRANSFORMATION(#8626) 
SHAPE_REPRESENTATION_RELATIONSHIP() );
#8626 = ITEM_DEFINED_TRANSFORMATION('','',#11,#131);
#8627 = PRODUCT_DEFINITION_SHAPE('Placement','Placement of an item',
  #8628);
#8628 = NEXT_ASSEMBLY_USAGE_OCCURRENCE('34','C1','',#5,#8609,$);
#8629 = PRODUCT_RELATED_PRODUCT_CATEGORY('part',$,(#8611));
#8630 = SHAPE_DEFINITION_REPRESENTATION(#8631,#8637);
#8631 = PRODUCT_DEFINITION_SHAPE('','',#8632);
#8632 = PRODUCT_DEFINITION('design','',#8633,#8636);
#8633 = PRODUCT_DEFINITION_FORMATION('','',#8634);
#8634 = PRODUCT('CP_Radial_D40mm_P150mm','CP_Radial_D40mm_P150mm','',(
    #8635));
#8635 = PRODUCT_CONTEXT('',#2,'mechanical');
#8636 = PRODUCT_DEFINITION_CONTEXT('part definition',#2,'design');
#8637 = ADVANCED_BREP_SHAPE_REPRESENTATION('',(#11,#8638),#10870);
#8638 = BREP_WITH_VOIDS('',#8639,(#10714));
#8639 = CLOSED_SHELL('',(#8640,#8657,#8682,#8731,#8764,#8782,#8807,#8839
    ,#8857,#8866,#8904,#8926,#8986,#9060,#9226,#9303,#9328,#9405,#9471,
    #9527,#9578,#9629,#9795,#9824,#9892,#9960,#9992,#10046,#10123,#10157
    ,#10172,#10190,#10222,#10240,#10383,#10435,#10459,#10483,#10507,
    #10569,#10586,#10610,#10626,#10650,#10662,#10678,#10690,#10702));
#8640 = ADVANCED_FACE('',(#8641),#8652,.F.);
#8641 = FACE_BOUND('',#8642,.F.);
#8642 = EDGE_LOOP('',(#8643));
#8643 = ORIENTED_EDGE('',*,*,#8644,.T.);
#8644 = EDGE_CURVE('',#8645,#8645,#8647,.T.);
#8645 = VERTEX_POINT('',#8646);
#8646 = CARTESIAN_POINT('',(1.35,-7.347880794884E-17,-1.9));
#8647 = CIRCLE('',#8648,0.15);
#8648 = AXIS2_PLACEMENT_3D('',#8649,#8650,#8651);
#8649 = CARTESIAN_POINT('',(1.5,-9.184850993605E-17,-1.9));
#8650 = DIRECTION('',(0.,0.,1.));
#8651 = DIRECTION('',(-1.,1.224646799147E-16,0.));
#8652 = PLANE('',#8653);
#8653 = AXIS2_PLACEMENT_3D('',#8654,#8655,#8656);
#8654 = CARTESIAN_POINT('',(1.5,-9.462788096987E-17,-1.9));
#8655 = DIRECTION('',(-2.739100365351E-31,-6.575964556024E-33,1.));
#8656 = DIRECTION('',(-1.,1.224646799147E-16,-2.739100365351E-31));
#8657 = ADVANCED_FACE('',(#8658),#8677,.T.);
#8658 = FACE_BOUND('',#8659,.T.);
#8659 = EDGE_LOOP('',(#8660,#8669,#8675,#8676));
#8660 = ORIENTED_EDGE('',*,*,#8661,.F.);
#8661 = EDGE_CURVE('',#8662,#8662,#8664,.T.);
#8662 = VERTEX_POINT('',#8663);
#8663 = CARTESIAN_POINT('',(1.35,-7.347880794884E-17,0.2));
#8664 = CIRCLE('',#8665,0.15);
#8665 = AXIS2_PLACEMENT_3D('',#8666,#8667,#8668);
#8666 = CARTESIAN_POINT('',(1.5,-9.184850993605E-17,0.2));
#8667 = DIRECTION('',(0.,0.,1.));
#8668 = DIRECTION('',(-1.,1.224646799147E-16,0.));
#8669 = ORIENTED_EDGE('',*,*,#8670,.T.);
#8670 = EDGE_CURVE('',#8662,#8645,#8671,.T.);
#8671 = LINE('',#8672,#8673);
#8672 = CARTESIAN_POINT('',(1.35,-7.347880794884E-17,0.3));
#8673 = VECTOR('',#8674,1.);
#8674 = DIRECTION('',(0.,0.,-1.));
#8675 = ORIENTED_EDGE('',*,*,#8644,.T.);
#8676 = ORIENTED_EDGE('',*,*,#8670,.F.);
#8677 = CYLINDRICAL_SURFACE('',#8678,0.15);
#8678 = AXIS2_PLACEMENT_3D('',#8679,#8680,#8681);
#8679 = CARTESIAN_POINT('',(1.5,-9.184850993605E-17,0.3));
#8680 = DIRECTION('',(0.,0.,1.));
#8681 = DIRECTION('',(-1.,1.224646799147E-16,0.));
#8682 = ADVANCED_FACE('',(#8683,#8712,#8715),#8726,.F.);
#8683 = FACE_BOUND('',#8684,.F.);
#8684 = EDGE_LOOP('',(#8685,#8696,#8705));
#8685 = ORIENTED_EDGE('',*,*,#8686,.T.);
#8686 = EDGE_CURVE('',#8687,#8689,#8691,.T.);
#8687 = VERTEX_POINT('',#8688);
#8688 = CARTESIAN_POINT('',(-0.65,1.714505518806E-16,0.2));
#8689 = VERTEX_POINT('',#8690);
#8690 = CARTESIAN_POINT('',(2.043431345516,-0.535756805311,0.2));
#8691 = CIRCLE('',#8692,1.4);
#8692 = AXIS2_PLACEMENT_3D('',#8693,#8694,#8695);
#8693 = CARTESIAN_POINT('',(0.75,0.,0.2));
#8694 = DIRECTION('',(0.,0.,1.));
#8695 = DIRECTION('',(-1.,1.224646799147E-16,0.));
#8696 = ORIENTED_EDGE('',*,*,#8697,.T.);
#8697 = EDGE_CURVE('',#8689,#8698,#8700,.T.);
#8698 = VERTEX_POINT('',#8699);
#8699 = CARTESIAN_POINT('',(2.043431345516,0.535756805311,0.2));
#8700 = CIRCLE('',#8701,1.4);
#8701 = AXIS2_PLACEMENT_3D('',#8702,#8703,#8704);
#8702 = CARTESIAN_POINT('',(0.75,0.,0.2));
#8703 = DIRECTION('',(0.,0.,1.));
#8704 = DIRECTION('',(-1.,1.224646799147E-16,0.));
#8705 = ORIENTED_EDGE('',*,*,#8706,.T.);
#8706 = EDGE_CURVE('',#8698,#8687,#8707,.T.);
#8707 = CIRCLE('',#8708,1.4);
#8708 = AXIS2_PLACEMENT_3D('',#8709,#8710,#8711);
#8709 = CARTESIAN_POINT('',(0.75,0.,0.2));
#8710 = DIRECTION('',(0.,0.,1.));
#8711 = DIRECTION('',(-1.,1.224646799147E-16,0.));
#8712 = FACE_BOUND('',#8713,.F.);
#8713 = EDGE_LOOP('',(#8714));
#8714 = ORIENTED_EDGE('',*,*,#8661,.F.);
#8715 = FACE_BOUND('',#8716,.F.);
#8716 = EDGE_LOOP('',(#8717));
#8717 = ORIENTED_EDGE('',*,*,#8718,.F.);
#8718 = EDGE_CURVE('',#8719,#8719,#8721,.T.);
#8719 = VERTEX_POINT('',#8720);
#8720 = CARTESIAN_POINT('',(-0.15,1.102182119233E-16,0.2));
#8721 = CIRCLE('',#8722,0.15);
#8722 = AXIS2_PLACEMENT_3D('',#8723,#8724,#8725);
#8723 = CARTESIAN_POINT('',(0.,9.184850993605E-17,0.2));
#8724 = DIRECTION('',(0.,0.,1.));
#8725 = DIRECTION('',(-1.,1.224646799147E-16,0.));
#8726 = PLANE('',#8727);
#8727 = AXIS2_PLACEMENT_3D('',#8728,#8729,#8730);
#8728 = CARTESIAN_POINT('',(0.75,-6.494268501652E-17,0.2));
#8729 = DIRECTION('',(1.048125139803E-33,-1.710905655258E-34,1.));
#8730 = DIRECTION('',(-1.,1.224646799147E-16,1.048125139803E-33));
#8731 = ADVANCED_FACE('',(#8732),#8759,.F.);
#8732 = FACE_BOUND('',#8733,.F.);
#8733 = EDGE_LOOP('',(#8734,#8742,#8743,#8744,#8752));
#8734 = ORIENTED_EDGE('',*,*,#8735,.F.);
#8735 = EDGE_CURVE('',#8689,#8736,#8738,.T.);
#8736 = VERTEX_POINT('',#8737);
#8737 = CARTESIAN_POINT('',(2.043431345516,-0.535756805311,0.));
#8738 = LINE('',#8739,#8740);
#8739 = CARTESIAN_POINT('',(2.043431345516,-0.535756805311,0.3));
#8740 = VECTOR('',#8741,1.);
#8741 = DIRECTION('',(0.,0.,-1.));
#8742 = ORIENTED_EDGE('',*,*,#8686,.F.);
#8743 = ORIENTED_EDGE('',*,*,#8706,.F.);
#8744 = ORIENTED_EDGE('',*,*,#8745,.T.);
#8745 = EDGE_CURVE('',#8698,#8746,#8748,.T.);
#8746 = VERTEX_POINT('',#8747);
#8747 = CARTESIAN_POINT('',(2.043431345516,0.535756805311,0.));
#8748 = LINE('',#8749,#8750);
#8749 = CARTESIAN_POINT('',(2.043431345516,0.535756805311,0.3));
#8750 = VECTOR('',#8751,1.);
#8751 = DIRECTION('',(0.,0.,-1.));
#8752 = ORIENTED_EDGE('',*,*,#8753,.F.);
#8753 = EDGE_CURVE('',#8736,#8746,#8754,.T.);
#8754 = CIRCLE('',#8755,1.4);
#8755 = AXIS2_PLACEMENT_3D('',#8756,#8757,#8758);
#8756 = CARTESIAN_POINT('',(0.75,0.,0.));
#8757 = DIRECTION('',(0.,-0.,-1.));
#8758 = DIRECTION('',(0.923879532511,-0.382683432365,0.));
#8759 = CYLINDRICAL_SURFACE('',#8760,1.4);
#8760 = AXIS2_PLACEMENT_3D('',#8761,#8762,#8763);
#8761 = CARTESIAN_POINT('',(0.75,0.,0.3));
#8762 = DIRECTION('',(0.,0.,-1.));
#8763 = DIRECTION('',(0.923879532511,-0.382683432365,0.));
#8764 = ADVANCED_FACE('',(#8765),#8777,.F.);
#8765 = FACE_BOUND('',#8766,.F.);
#8766 = EDGE_LOOP('',(#8767,#8768,#8769,#8770));
#8767 = ORIENTED_EDGE('',*,*,#8745,.F.);
#8768 = ORIENTED_EDGE('',*,*,#8697,.F.);
#8769 = ORIENTED_EDGE('',*,*,#8735,.T.);
#8770 = ORIENTED_EDGE('',*,*,#8771,.F.);
#8771 = EDGE_CURVE('',#8746,#8736,#8772,.T.);
#8772 = CIRCLE('',#8773,1.4);
#8773 = AXIS2_PLACEMENT_3D('',#8774,#8775,#8776);
#8774 = CARTESIAN_POINT('',(0.75,0.,0.));
#8775 = DIRECTION('',(0.,0.,-1.));
#8776 = DIRECTION('',(0.923879532511,0.382683432365,0.));
#8777 = CYLINDRICAL_SURFACE('',#8778,1.4);
#8778 = AXIS2_PLACEMENT_3D('',#8779,#8780,#8781);
#8779 = CARTESIAN_POINT('',(0.75,0.,0.3));
#8780 = DIRECTION('',(0.,0.,-1.));
#8781 = DIRECTION('',(0.923879532511,0.382683432365,0.));
#8782 = ADVANCED_FACE('',(#8783),#8802,.T.);
#8783 = FACE_BOUND('',#8784,.T.);
#8784 = EDGE_LOOP('',(#8785,#8786,#8794,#8801));
#8785 = ORIENTED_EDGE('',*,*,#8718,.F.);
#8786 = ORIENTED_EDGE('',*,*,#8787,.T.);
#8787 = EDGE_CURVE('',#8719,#8788,#8790,.T.);
#8788 = VERTEX_POINT('',#8789);
#8789 = CARTESIAN_POINT('',(-0.15,1.102182119233E-16,-2.));
#8790 = LINE('',#8791,#8792);
#8791 = CARTESIAN_POINT('',(-0.15,1.102182119233E-16,0.3));
#8792 = VECTOR('',#8793,1.);
#8793 = DIRECTION('',(0.,0.,-1.));
#8794 = ORIENTED_EDGE('',*,*,#8795,.T.);
#8795 = EDGE_CURVE('',#8788,#8788,#8796,.T.);
#8796 = CIRCLE('',#8797,0.15);
#8797 = AXIS2_PLACEMENT_3D('',#8798,#8799,#8800);
#8798 = CARTESIAN_POINT('',(0.,9.184850993605E-17,-2.));
#8799 = DIRECTION('',(0.,0.,1.));
#8800 = DIRECTION('',(-1.,1.224646799147E-16,0.));
#8801 = ORIENTED_EDGE('',*,*,#8787,.F.);
#8802 = CYLINDRICAL_SURFACE('',#8803,0.15);
#8803 = AXIS2_PLACEMENT_3D('',#8804,#8805,#8806);
#8804 = CARTESIAN_POINT('',(0.,9.184850993605E-17,0.3));
#8805 = DIRECTION('',(0.,0.,1.));
#8806 = DIRECTION('',(-1.,1.224646799147E-16,0.));
#8807 = ADVANCED_FACE('',(#8808),#8834,.T.);
#8808 = FACE_BOUND('',#8809,.F.);
#8809 = EDGE_LOOP('',(#8810,#8811,#8819,#8828));
#8810 = ORIENTED_EDGE('',*,*,#8753,.T.);
#8811 = ORIENTED_EDGE('',*,*,#8812,.T.);
#8812 = EDGE_CURVE('',#8746,#8813,#8815,.T.);
#8813 = VERTEX_POINT('',#8814);
#8814 = CARTESIAN_POINT('',(2.41298315852,0.688830178257,
    2.775557561563E-17));
#8815 = LINE('',#8816,#8817);
#8816 = CARTESIAN_POINT('',(2.043431345516,0.535756805311,0.));
#8817 = VECTOR('',#8818,1.);
#8818 = DIRECTION('',(0.923879532511,0.382683432365,0.));
#8819 = ORIENTED_EDGE('',*,*,#8820,.F.);
#8820 = EDGE_CURVE('',#8821,#8813,#8823,.T.);
#8821 = VERTEX_POINT('',#8822);
#8822 = CARTESIAN_POINT('',(2.41298315852,-0.688830178257,
    2.775557561563E-17));
#8823 = CIRCLE('',#8824,1.8);
#8824 = AXIS2_PLACEMENT_3D('',#8825,#8826,#8827);
#8825 = CARTESIAN_POINT('',(0.75,0.,2.775557561563E-17));
#8826 = DIRECTION('',(0.,-0.,-1.));
#8827 = DIRECTION('',(0.923879532511,-0.382683432365,0.));
#8828 = ORIENTED_EDGE('',*,*,#8829,.F.);
#8829 = EDGE_CURVE('',#8736,#8821,#8830,.T.);
#8830 = LINE('',#8831,#8832);
#8831 = CARTESIAN_POINT('',(2.043431345516,-0.535756805311,0.));
#8832 = VECTOR('',#8833,1.);
#8833 = DIRECTION('',(0.923879532511,-0.382683432365,0.));
#8834 = PLANE('',#8835);
#8835 = AXIS2_PLACEMENT_3D('',#8836,#8837,#8838);
#8836 = CARTESIAN_POINT('',(0.75,0.,0.));
#8837 = DIRECTION('',(0.,0.,-1.));
#8838 = DIRECTION('',(0.923879532511,-0.382683432365,0.));
#8839 = ADVANCED_FACE('',(#8840),#8852,.T.);
#8840 = FACE_BOUND('',#8841,.F.);
#8841 = EDGE_LOOP('',(#8842,#8843,#8844,#8851));
#8842 = ORIENTED_EDGE('',*,*,#8771,.T.);
#8843 = ORIENTED_EDGE('',*,*,#8829,.T.);
#8844 = ORIENTED_EDGE('',*,*,#8845,.F.);
#8845 = EDGE_CURVE('',#8813,#8821,#8846,.T.);
#8846 = CIRCLE('',#8847,1.8);
#8847 = AXIS2_PLACEMENT_3D('',#8848,#8849,#8850);
#8848 = CARTESIAN_POINT('',(0.75,0.,2.775557561563E-17));
#8849 = DIRECTION('',(0.,0.,-1.));
#8850 = DIRECTION('',(0.923879532511,0.382683432365,0.));
#8851 = ORIENTED_EDGE('',*,*,#8812,.F.);
#8852 = PLANE('',#8853);
#8853 = AXIS2_PLACEMENT_3D('',#8854,#8855,#8856);
#8854 = CARTESIAN_POINT('',(0.75,0.,0.));
#8855 = DIRECTION('',(0.,0.,-1.));
#8856 = DIRECTION('',(0.923879532511,0.382683432365,0.));
#8857 = ADVANCED_FACE('',(#8858),#8861,.F.);
#8858 = FACE_BOUND('',#8859,.F.);
#8859 = EDGE_LOOP('',(#8860));
#8860 = ORIENTED_EDGE('',*,*,#8795,.T.);
#8861 = PLANE('',#8862);
#8862 = AXIS2_PLACEMENT_3D('',#8863,#8864,#8865);
#8863 = CARTESIAN_POINT('',(-1.110223024625E-16,8.906913890223E-17,-2.)
  );
#8864 = DIRECTION('',(2.739100365351E-31,-6.575964556024E-33,1.));
#8865 = DIRECTION('',(-1.,1.224646799147E-16,2.739100365351E-31));
#8866 = ADVANCED_FACE('',(#8867),#8895,.F.);
#8867 = FACE_BOUND('',#8868,.F.);
#8868 = EDGE_LOOP('',(#8869,#8870,#8879,#8888));
#8869 = ORIENTED_EDGE('',*,*,#8820,.T.);
#8870 = ORIENTED_EDGE('',*,*,#8871,.T.);
#8871 = EDGE_CURVE('',#8813,#8872,#8874,.T.);
#8872 = VERTEX_POINT('',#8873);
#8873 = CARTESIAN_POINT('',(2.597759065023,0.76536686473,0.2));
#8874 = CIRCLE('',#8875,0.2);
#8875 = AXIS2_PLACEMENT_3D('',#8876,#8877,#8878);
#8876 = CARTESIAN_POINT('',(2.41298315852,0.688830178257,0.2));
#8877 = DIRECTION('',(0.382683432365,-0.923879532511,0.));
#8878 = DIRECTION('',(0.,0.,-1.));
#8879 = ORIENTED_EDGE('',*,*,#8880,.F.);
#8880 = EDGE_CURVE('',#8881,#8872,#8883,.T.);
#8881 = VERTEX_POINT('',#8882);
#8882 = CARTESIAN_POINT('',(2.597759065023,-0.76536686473,0.2));
#8883 = CIRCLE('',#8884,2.);
#8884 = AXIS2_PLACEMENT_3D('',#8885,#8886,#8887);
#8885 = CARTESIAN_POINT('',(0.75,0.,0.2));
#8886 = DIRECTION('',(0.,-0.,-1.));
#8887 = DIRECTION('',(0.923879532511,-0.382683432365,0.));
#8888 = ORIENTED_EDGE('',*,*,#8889,.F.);
#8889 = EDGE_CURVE('',#8821,#8881,#8890,.T.);
#8890 = CIRCLE('',#8891,0.2);
#8891 = AXIS2_PLACEMENT_3D('',#8892,#8893,#8894);
#8892 = CARTESIAN_POINT('',(2.41298315852,-0.688830178257,0.2));
#8893 = DIRECTION('',(-0.382683432365,-0.923879532511,-0.));
#8894 = DIRECTION('',(0.,0.,-1.));
#8895 = SURFACE_OF_REVOLUTION('',#8896,#8901);
#8896 = CIRCLE('',#8897,0.2);
#8897 = AXIS2_PLACEMENT_3D('',#8898,#8899,#8900);
#8898 = CARTESIAN_POINT('',(2.41298315852,-0.688830178257,0.2));
#8899 = DIRECTION('',(-0.382683432365,-0.923879532511,-0.));
#8900 = DIRECTION('',(0.,0.,-1.));
#8901 = AXIS1_PLACEMENT('',#8902,#8903);
#8902 = CARTESIAN_POINT('',(0.75,0.,0.));
#8903 = DIRECTION('',(0.,0.,-1.));
#8904 = ADVANCED_FACE('',(#8905),#8917,.F.);
#8905 = FACE_BOUND('',#8906,.F.);
#8906 = EDGE_LOOP('',(#8907,#8908,#8909,#8916));
#8907 = ORIENTED_EDGE('',*,*,#8845,.T.);
#8908 = ORIENTED_EDGE('',*,*,#8889,.T.);
#8909 = ORIENTED_EDGE('',*,*,#8910,.F.);
#8910 = EDGE_CURVE('',#8872,#8881,#8911,.T.);
#8911 = CIRCLE('',#8912,2.);
#8912 = AXIS2_PLACEMENT_3D('',#8913,#8914,#8915);
#8913 = CARTESIAN_POINT('',(0.75,0.,0.2));
#8914 = DIRECTION('',(0.,0.,-1.));
#8915 = DIRECTION('',(0.923879532511,0.382683432365,0.));
#8916 = ORIENTED_EDGE('',*,*,#8871,.F.);
#8917 = SURFACE_OF_REVOLUTION('',#8918,#8923);
#8918 = CIRCLE('',#8919,0.2);
#8919 = AXIS2_PLACEMENT_3D('',#8920,#8921,#8922);
#8920 = CARTESIAN_POINT('',(2.41298315852,0.688830178257,0.2));
#8921 = DIRECTION('',(0.382683432365,-0.923879532511,0.));
#8922 = DIRECTION('',(0.,0.,-1.));
#8923 = AXIS1_PLACEMENT('',#8924,#8925);
#8924 = CARTESIAN_POINT('',(0.75,0.,0.));
#8925 = DIRECTION('',(0.,0.,-1.));
#8926 = ADVANCED_FACE('',(#8927),#8981,.T.);
#8927 = FACE_BOUND('',#8928,.T.);
#8928 = EDGE_LOOP('',(#8929,#8968,#8974,#8975));
#8929 = ORIENTED_EDGE('',*,*,#8930,.T.);
#8930 = EDGE_CURVE('',#8931,#8933,#8935,.T.);
#8931 = VERTEX_POINT('',#8932);
#8932 = CARTESIAN_POINT('',(2.597759065023,-0.76536686473,1.094848017031
    ));
#8933 = VERTEX_POINT('',#8934);
#8934 = CARTESIAN_POINT('',(2.597759065023,0.76536686473,1.094848017031)
  );
#8935 = B_SPLINE_CURVE_WITH_KNOTS('',11,(#8936,#8937,#8938,#8939,#8940,
    #8941,#8942,#8943,#8944,#8945,#8946,#8947,#8948,#8949,#8950,#8951,
    #8952,#8953,#8954,#8955,#8956,#8957,#8958,#8959,#8960,#8961,#8962,
    #8963,#8964,#8965,#8966,#8967),.UNSPECIFIED.,.F.,.F.,(12,10,10,12),(
    -0.468492513267,5.533303661371E-15,10.995574287564,11.464066800831),
  .UNSPECIFIED.);
#8936 = CARTESIAN_POINT('',(2.777043388037,-0.332536220588,
    1.094848017031));
#8937 = CARTESIAN_POINT('',(2.760631863684,-0.372157145261,
    1.094848017031));
#8938 = CARTESIAN_POINT('',(2.744242929237,-0.411723533074,
    1.094848017031));
#8939 = CARTESIAN_POINT('',(2.727876584698,-0.451235384028,
    1.094848017031));
#8940 = CARTESIAN_POINT('',(2.711532830065,-0.490692698123,
    1.094848017031));
#8941 = CARTESIAN_POINT('',(2.695211665339,-0.530095475358,
    1.094848017031));
#8942 = CARTESIAN_POINT('',(2.678913090519,-0.569443715735,
    1.094848017031));
#8943 = CARTESIAN_POINT('',(2.662637105606,-0.608737419252,
    1.094848017031));
#8944 = CARTESIAN_POINT('',(2.6463837106,-0.64797658591,1.094848017031)
  );
#8945 = CARTESIAN_POINT('',(2.630152905501,-0.68716121571,1.094848017031
    ));
#8946 = CARTESIAN_POINT('',(2.613944690308,-0.726291308649,
    1.094848017031));
#8947 = CARTESIAN_POINT('',(2.217880539364,-1.68247475343,1.094848017031
    ));
#8948 = CARTESIAN_POINT('',(1.332069001996,-2.40755897959,1.094847945877
    ));
#8949 = CARTESIAN_POINT('',(3.468400955952E-02,-2.605971283044,
    1.094848163517));
#8950 = CARTESIAN_POINT('',(-1.230593039023,-2.005408000321,
    1.094847857485));
#8951 = CARTESIAN_POINT('',(-2.120922646799,-0.847888767919,
    1.094848084307));
#8952 = CARTESIAN_POINT('',(-2.120922646804,0.847888767919,
    1.094848084311));
#8953 = CARTESIAN_POINT('',(-1.23059303902,2.00540800032,1.094847857482)
  );
#8954 = CARTESIAN_POINT('',(3.468400955722E-02,2.605971283045,
    1.094848163519));
#8955 = CARTESIAN_POINT('',(1.332069001997,2.407558979589,1.094847945877
    ));
#8956 = CARTESIAN_POINT('',(2.217880539364,1.68247475343,1.094848017031)
  );
#8957 = CARTESIAN_POINT('',(2.613944690308,0.726291308649,1.094848017031
    ));
#8958 = CARTESIAN_POINT('',(2.630152905501,0.68716121571,1.094848017031)
  );
#8959 = CARTESIAN_POINT('',(2.6463837106,0.64797658591,1.094848017031));
#8960 = CARTESIAN_POINT('',(2.662637105607,0.608737419252,1.094848017031
    ));
#8961 = CARTESIAN_POINT('',(2.678913090519,0.569443715735,1.094848017031
    ));
#8962 = CARTESIAN_POINT('',(2.695211665339,0.530095475358,1.094848017031
    ));
#8963 = CARTESIAN_POINT('',(2.711532830065,0.490692698123,1.094848017031
    ));
#8964 = CARTESIAN_POINT('',(2.727876584698,0.451235384028,1.094848017031
    ));
#8965 = CARTESIAN_POINT('',(2.744242929237,0.411723533074,1.094848017031
    ));
#8966 = CARTESIAN_POINT('',(2.760631863684,0.372157145261,1.094848017031
    ));
#8967 = CARTESIAN_POINT('',(2.777043388037,0.332536220588,1.094848017031
    ));
#8968 = ORIENTED_EDGE('',*,*,#8969,.F.);
#8969 = EDGE_CURVE('',#8872,#8933,#8970,.T.);
#8970 = LINE('',#8971,#8972);
#8971 = CARTESIAN_POINT('',(2.597759065023,0.76536686473,0.2));
#8972 = VECTOR('',#8973,1.);
#8973 = DIRECTION('',(0.,0.,1.));
#8974 = ORIENTED_EDGE('',*,*,#8880,.F.);
#8975 = ORIENTED_EDGE('',*,*,#8976,.T.);
#8976 = EDGE_CURVE('',#8881,#8931,#8977,.T.);
#8977 = LINE('',#8978,#8979);
#8978 = CARTESIAN_POINT('',(2.597759065023,-0.76536686473,0.2));
#8979 = VECTOR('',#8980,1.);
#8980 = DIRECTION('',(0.,0.,1.));
#8981 = CYLINDRICAL_SURFACE('',#8982,2.);
#8982 = AXIS2_PLACEMENT_3D('',#8983,#8984,#8985);
#8983 = CARTESIAN_POINT('',(0.75,0.,0.2));
#8984 = DIRECTION('',(0.,0.,1.));
#8985 = DIRECTION('',(0.923879532511,-0.382683432365,0.));
#8986 = ADVANCED_FACE('',(#8987),#9055,.T.);
#8987 = FACE_BOUND('',#8988,.T.);
#8988 = EDGE_LOOP('',(#8989,#9003,#9012,#9024,#9038,#9039,#9040,#9041));
#8989 = ORIENTED_EDGE('',*,*,#8990,.T.);
#8990 = EDGE_CURVE('',#8991,#8993,#8995,.T.);
#8991 = VERTEX_POINT('',#8992);
#8992 = CARTESIAN_POINT('',(2.740315371916,0.196545815978,1.094848017031
    ));
#8993 = VERTEX_POINT('',#8994);
#8994 = CARTESIAN_POINT('',(2.74999975,9.999999999998E-04,1.));
#8995 = B_SPLINE_CURVE_WITH_KNOTS('',6,(#8996,#8997,#8998,#8999,#9000,
    #9001,#9002),.UNSPECIFIED.,.F.,.F.,(7,7),(0.,1.),
  .PIECEWISE_BEZIER_KNOTS.);
#8996 = CARTESIAN_POINT('',(2.740318958432,0.196546288967,1.094848617031
    ));
#8997 = CARTESIAN_POINT('',(2.742523128085,0.174225836078,1.066534373835
    ));
#8998 = CARTESIAN_POINT('',(2.744956543816,0.146508543019,1.041493371792
    ));
#8999 = CARTESIAN_POINT('',(2.74728804772,0.114008242054,1.021313505193)
  );
#9000 = CARTESIAN_POINT('',(2.749063168634,7.791490811305E-02,
    1.007217855497));
#9001 = CARTESIAN_POINT('',(2.749980400082,3.96998306269E-02,1.));
#9002 = CARTESIAN_POINT('',(2.74999975,9.999999999996E-04,1.));
#9003 = ORIENTED_EDGE('',*,*,#9004,.F.);
#9004 = EDGE_CURVE('',#9005,#8993,#9007,.T.);
#9005 = VERTEX_POINT('',#9006);
#9006 = CARTESIAN_POINT('',(2.74999975,-1.E-03,1.));
#9007 = CIRCLE('',#9008,2.);
#9008 = AXIS2_PLACEMENT_3D('',#9009,#9010,#9011);
#9009 = CARTESIAN_POINT('',(0.75,0.,1.));
#9010 = DIRECTION('',(0.,-0.,1.));
#9011 = DIRECTION('',(0.923879532511,0.382683432365,0.));
#9012 = ORIENTED_EDGE('',*,*,#9013,.T.);
#9013 = EDGE_CURVE('',#9005,#9014,#9016,.T.);
#9014 = VERTEX_POINT('',#9015);
#9015 = CARTESIAN_POINT('',(2.740315362209,-0.196545815978,
    1.094848017031));
#9016 = B_SPLINE_CURVE_WITH_KNOTS('',6,(#9017,#9018,#9019,#9020,#9021,
    #9022,#9023),.UNSPECIFIED.,.F.,.F.,(7,7),(0.,1.),
  .PIECEWISE_BEZIER_KNOTS.);
#9017 = CARTESIAN_POINT('',(2.74999975,-1.E-03,1.));
#9018 = CARTESIAN_POINT('',(2.749980397889,-3.970421708814E-02,1.));
#9019 = CARTESIAN_POINT('',(2.749062972431,-7.791905863438E-02,
    1.007219492803));
#9020 = CARTESIAN_POINT('',(2.747287840125,-0.114009486733,
    1.021315141638));
#9021 = CARTESIAN_POINT('',(2.74495663948,-0.146507249684,1.041493136225
    ));
#9022 = CARTESIAN_POINT('',(2.742523281812,-0.174224279361,
    1.066532399088));
#9023 = CARTESIAN_POINT('',(2.740318958432,-0.196546288967,
    1.094848617031));
#9024 = ORIENTED_EDGE('',*,*,#9025,.T.);
#9025 = EDGE_CURVE('',#9014,#8931,#9026,.T.);
#9026 = B_SPLINE_CURVE_WITH_KNOTS('',4,(#9027,#9028,#9029,#9030,#9031,
    #9032,#9033,#9034,#9035,#9036,#9037),.UNSPECIFIED.,.F.,.F.,(5,3,3,5)
  ,(-9.553077572578E-02,-1.07974614468E-07,1.570796434769,1.666326955105
    ),.UNSPECIFIED.);
#9027 = CARTESIAN_POINT('',(2.561201060562,0.853625694727,1.094848017031
    ));
#9028 = CARTESIAN_POINT('',(2.570340564306,0.831560980883,1.094848017031
    ));
#9029 = CARTESIAN_POINT('',(2.579480066203,0.809496271496,1.094848017031
    ));
#9030 = CARTESIAN_POINT('',(2.588619566254,0.787431566566,1.094848017031
    ));
#9031 = CARTESIAN_POINT('',(2.748038472326,0.402560282228,1.094848017031
    ));
#9032 = CARTESIAN_POINT('',(2.803359617628,6.446181634034E-07,
    1.094848017031));
#9033 = CARTESIAN_POINT('',(2.748038749757,-0.402559612452,
    1.094848017031));
#9034 = CARTESIAN_POINT('',(2.588619563485,-0.787431573251,
    1.094848017031));
#9035 = CARTESIAN_POINT('',(2.579480062511,-0.809496280409,
    1.094848017031));
#9036 = CARTESIAN_POINT('',(2.570340561537,-0.831560987568,
    1.094848017031));
#9037 = CARTESIAN_POINT('',(2.561201060562,-0.853625694727,
    1.094848017031));
#9038 = ORIENTED_EDGE('',*,*,#8976,.F.);
#9039 = ORIENTED_EDGE('',*,*,#8910,.F.);
#9040 = ORIENTED_EDGE('',*,*,#8969,.T.);
#9041 = ORIENTED_EDGE('',*,*,#9042,.T.);
#9042 = EDGE_CURVE('',#8933,#8991,#9043,.T.);
#9043 = B_SPLINE_CURVE_WITH_KNOTS('',4,(#9044,#9045,#9046,#9047,#9048,
    #9049,#9050,#9051,#9052,#9053,#9054),.UNSPECIFIED.,.F.,.F.,(5,3,3,5)
  ,(-9.553077572578E-02,-1.07974614468E-07,1.570796434769,1.666326955105
    ),.UNSPECIFIED.);
#9044 = CARTESIAN_POINT('',(2.561201060562,0.853625694727,1.094848017031
    ));
#9045 = CARTESIAN_POINT('',(2.570340564306,0.831560980883,1.094848017031
    ));
#9046 = CARTESIAN_POINT('',(2.579480066203,0.809496271496,1.094848017031
    ));
#9047 = CARTESIAN_POINT('',(2.588619566254,0.787431566566,1.094848017031
    ));
#9048 = CARTESIAN_POINT('',(2.748038472326,0.402560282228,1.094848017031
    ));
#9049 = CARTESIAN_POINT('',(2.803359617628,6.446181634034E-07,
    1.094848017031));
#9050 = CARTESIAN_POINT('',(2.748038749757,-0.402559612452,
    1.094848017031));
#9051 = CARTESIAN_POINT('',(2.588619563485,-0.787431573251,
    1.094848017031));
#9052 = CARTESIAN_POINT('',(2.579480062511,-0.809496280409,
    1.094848017031));
#9053 = CARTESIAN_POINT('',(2.570340561537,-0.831560987568,
    1.094848017031));
#9054 = CARTESIAN_POINT('',(2.561201060562,-0.853625694727,
    1.094848017031));
#9055 = CYLINDRICAL_SURFACE('',#9056,2.);
#9056 = AXIS2_PLACEMENT_3D('',#9057,#9058,#9059);
#9057 = CARTESIAN_POINT('',(0.75,0.,0.2));
#9058 = DIRECTION('',(0.,0.,1.));
#9059 = DIRECTION('',(0.923879532511,0.382683432365,-0.));
#9060 = ADVANCED_FACE('',(#9061),#9129,.T.);
#9061 = FACE_BOUND('',#9062,.T.);
#9062 = EDGE_LOOP('',(#9063,#9078,#9115,#9128));
#9063 = ORIENTED_EDGE('',*,*,#9064,.T.);
#9064 = EDGE_CURVE('',#8931,#9065,#9067,.T.);
#9065 = VERTEX_POINT('',#9066);
#9066 = CARTESIAN_POINT('',(2.548002150484,-0.744756875906,
    1.266351298459));
#9067 = B_SPLINE_CURVE_WITH_KNOTS('',5,(#9068,#9069,#9070,#9071,#9072,
    #9073,#9074,#9075,#9076,#9077),.UNSPECIFIED.,.F.,.F.,(6,4,6),(0.,0.5
    ,1.),.UNSPECIFIED.);
#9068 = CARTESIAN_POINT('',(2.597759065023,-0.76536686473,1.094848017031
    ));
#9069 = CARTESIAN_POINT('',(2.597759064388,-0.765366864467,1.11285288071
    ));
#9070 = CARTESIAN_POINT('',(2.59651128182,-0.764850016005,1.131043526198
    ));
#9071 = CARTESIAN_POINT('',(2.593963389687,-0.763794644528,
    1.149227910816));
#9072 = CARTESIAN_POINT('',(2.590115953026,-0.762200984082,
    1.167189076109));
#9073 = CARTESIAN_POINT('',(2.579938885932,-0.757985504867,
    1.202267625854));
#9074 = CARTESIAN_POINT('',(2.573609233099,-0.755363676818,1.21938508752
    ));
#9075 = CARTESIAN_POINT('',(2.566095436326,-0.75225136029,1.235881564449
    ));
#9076 = CARTESIAN_POINT('',(2.557511621058,-0.748695827589,
    1.251578697295));
#9077 = CARTESIAN_POINT('',(2.548002150484,-0.744756875906,
    1.266351298459));
#9078 = ORIENTED_EDGE('',*,*,#9079,.T.);
#9079 = EDGE_CURVE('',#9065,#9080,#9082,.T.);
#9080 = VERTEX_POINT('',#9081);
#9081 = CARTESIAN_POINT('',(2.548002150484,0.744756875906,1.266351298459
    ));
#9082 = B_SPLINE_CURVE_WITH_KNOTS('',11,(#9083,#9084,#9085,#9086,#9087,
    #9088,#9089,#9090,#9091,#9092,#9093,#9094,#9095,#9096,#9097,#9098,
    #9099,#9100,#9101,#9102,#9103,#9104,#9105,#9106,#9107,#9108,#9109,
    #9110,#9111,#9112,#9113,#9114),.UNSPECIFIED.,.F.,.F.,(12,10,10,12),(
    -0.468492513267,5.533303661371E-15,10.995574287564,11.464066800831),
  .UNSPECIFIED.);
#9083 = CARTESIAN_POINT('',(2.727286473498,-0.311926231764,
    1.266351298459));
#9084 = CARTESIAN_POINT('',(2.710439098611,-0.352599392706,
    1.266351298459));
#9085 = CARTESIAN_POINT('',(2.693701483738,-0.393007569534,
    1.266351298459));
#9086 = CARTESIAN_POINT('',(2.677073628879,-0.433150762249,
    1.266351298459));
#9087 = CARTESIAN_POINT('',(2.660555534032,-0.473028970852,
    1.266351298459));
#9088 = CARTESIAN_POINT('',(2.644147199199,-0.512642195341,
    1.266351298459));
#9089 = CARTESIAN_POINT('',(2.62784862438,-0.551990435718,1.266351298459
    ));
#9090 = CARTESIAN_POINT('',(2.611659809574,-0.591073691981,
    1.266351298459));
#9091 = CARTESIAN_POINT('',(2.595580754781,-0.629891964132,
    1.266351298459));
#9092 = CARTESIAN_POINT('',(2.579611460002,-0.66844525217,1.266351298459
    ));
#9093 = CARTESIAN_POINT('',(2.563751925236,-0.706733556095,
    1.266351298459));
#9094 = CARTESIAN_POINT('',(2.178353088013,-1.637168655841,
    1.266351298459));
#9095 = CARTESIAN_POINT('',(1.316325343396,-2.342881144812,
    1.266351323603));
#9096 = CARTESIAN_POINT('',(5.378576928275E-02,-2.535487417582,
    1.266351246695));
#9097 = CARTESIAN_POINT('',(-1.176753241252,-1.951550860572,
    1.266351354839));
#9098 = CARTESIAN_POINT('',(-2.043910530243,-0.825355168884,
    1.266351274683));
#9099 = CARTESIAN_POINT('',(-2.043910530246,0.825355168885,
    1.266351274688));
#9100 = CARTESIAN_POINT('',(-1.176753241249,1.951550860571,
    1.266351354836));
#9101 = CARTESIAN_POINT('',(5.378576928112E-02,2.535487417583,
    1.266351246697));
#9102 = CARTESIAN_POINT('',(1.316325343396,2.342881144811,1.266351323602
    ));
#9103 = CARTESIAN_POINT('',(2.178353088013,1.637168655841,1.266351298459
    ));
#9104 = CARTESIAN_POINT('',(2.563751925236,0.706733556095,1.266351298459
    ));
#9105 = CARTESIAN_POINT('',(2.579611460002,0.66844525217,1.266351298459)
  );
#9106 = CARTESIAN_POINT('',(2.595580754781,0.629891964132,1.266351298459
    ));
#9107 = CARTESIAN_POINT('',(2.611659809574,0.591073691981,1.266351298459
    ));
#9108 = CARTESIAN_POINT('',(2.62784862438,0.551990435718,1.266351298459)
  );
#9109 = CARTESIAN_POINT('',(2.6441471992,0.512642195341,1.266351298459)
  );
#9110 = CARTESIAN_POINT('',(2.660555534032,0.473028970852,1.266351298459
    ));
#9111 = CARTESIAN_POINT('',(2.677073628879,0.433150762249,1.266351298459
    ));
#9112 = CARTESIAN_POINT('',(2.693701483738,0.393007569534,1.266351298459
    ));
#9113 = CARTESIAN_POINT('',(2.710439098611,0.352599392706,1.266351298459
    ));
#9114 = CARTESIAN_POINT('',(2.727286473498,0.311926231765,1.266351298459
    ));
#9115 = ORIENTED_EDGE('',*,*,#9116,.F.);
#9116 = EDGE_CURVE('',#8933,#9080,#9117,.T.);
#9117 = B_SPLINE_CURVE_WITH_KNOTS('',5,(#9118,#9119,#9120,#9121,#9122,
    #9123,#9124,#9125,#9126,#9127),.UNSPECIFIED.,.F.,.F.,(6,4,6),(0.,0.5
    ,1.),.UNSPECIFIED.);
#9118 = CARTESIAN_POINT('',(2.597759065023,0.76536686473,1.094848017031)
  );
#9119 = CARTESIAN_POINT('',(2.597759064388,0.765366864467,1.11285288071)
  );
#9120 = CARTESIAN_POINT('',(2.59651128182,0.764850016005,1.131043526198)
  );
#9121 = CARTESIAN_POINT('',(2.593963389687,0.763794644528,1.149227910816
    ));
#9122 = CARTESIAN_POINT('',(2.590115953026,0.762200984082,1.167189076109
    ));
#9123 = CARTESIAN_POINT('',(2.579938885932,0.757985504867,1.202267625854
    ));
#9124 = CARTESIAN_POINT('',(2.573609233099,0.755363676818,1.21938508752)
  );
#9125 = CARTESIAN_POINT('',(2.566095436326,0.75225136029,1.235881564449)
  );
#9126 = CARTESIAN_POINT('',(2.557511621058,0.748695827589,1.251578697295
    ));
#9127 = CARTESIAN_POINT('',(2.548002150484,0.744756875906,1.266351298459
    ));
#9128 = ORIENTED_EDGE('',*,*,#8930,.F.);
#9129 = ( BOUNDED_SURFACE() B_SPLINE_SURFACE(2,11,(
    (#9130,#9131,#9132,#9133,#9134,#9135,#9136,#9137,#9138,#9139,#9140
      ,#9141,#9142,#9143,#9144,#9145,#9146,#9147,#9148,#9149,#9150,#9151
      ,#9152,#9153,#9154,#9155,#9156,#9157,#9158,#9159,#9160,#9161)
    ,(#9162,#9163,#9164,#9165,#9166,#9167,#9168,#9169,#9170,#9171,#9172
      ,#9173,#9174,#9175,#9176,#9177,#9178,#9179,#9180,#9181,#9182,#9183
      ,#9184,#9185,#9186,#9187,#9188,#9189,#9190,#9191,#9192,#9193)
    ,(#9194,#9195,#9196,#9197,#9198,#9199,#9200,#9201,#9202,#9203,#9204
      ,#9205,#9206,#9207,#9208,#9209,#9210,#9211,#9212,#9213,#9214,#9215
      ,#9216,#9217,#9218,#9219,#9220,#9221,#9222,#9223,#9224,#9225
)),.UNSPECIFIED.,.F.,.F.,.F.) B_SPLINE_SURFACE_WITH_KNOTS((3,3),(12,10,
    10,12),(0.,10.995574287564),(-0.468492513267,5.533303661371E-15,
    10.995574287564,11.464066800831),.UNSPECIFIED.) 
GEOMETRIC_REPRESENTATION_ITEM() RATIONAL_B_SPLINE_SURFACE((
    (1.,1.,1.,1.,1.,1.,1.,1.,1.,1.,1.,1.,1.,1.,1.,1.,1.,1.,1.,1.,1.,1.
      ,1.,1.,1.,1.,1.,1.,1.,1.,1.,1.)
    ,(0.954064553889,0.954064553889,0.954064553889,0.954064553889
      ,0.954064553889,0.954064553889,0.954064553889,0.954064553889
      ,0.954064553889,0.954064553889,0.954064553889,0.954064553889
      ,0.954064495284,0.954064674542,0.954064422481,0.9540646093
      ,0.954064609304,0.954064422478,0.954064674543,0.954064495283
      ,0.954064553889,0.954064553889,0.954064553889,0.954064553889
      ,0.954064553889,0.954064553889,0.954064553889,0.954064553889
      ,0.954064553889,0.954064553889,0.954064553889,0.954064553889)
    ,(1.,1.,1.,1.,1.,1.,1.,1.,1.,1.,1.,1.,1.,1.,1.,1.,1.,1.,1.,1.,1.,1.
,1.,1.,1.,1.,1.,1.,1.,1.,1.,1.))) REPRESENTATION_ITEM('') SURFACE() );
#9130 = CARTESIAN_POINT('',(2.777043388037,-0.332536220588,
    1.094848017031));
#9131 = CARTESIAN_POINT('',(2.760631863684,-0.372157145261,
    1.094848017031));
#9132 = CARTESIAN_POINT('',(2.744242929237,-0.411723533074,
    1.094848017031));
#9133 = CARTESIAN_POINT('',(2.727876584698,-0.451235384028,
    1.094848017031));
#9134 = CARTESIAN_POINT('',(2.711532830065,-0.490692698123,
    1.094848017031));
#9135 = CARTESIAN_POINT('',(2.695211665339,-0.530095475358,
    1.094848017031));
#9136 = CARTESIAN_POINT('',(2.678913090519,-0.569443715735,
    1.094848017031));
#9137 = CARTESIAN_POINT('',(2.662637105606,-0.608737419252,
    1.094848017031));
#9138 = CARTESIAN_POINT('',(2.6463837106,-0.64797658591,1.094848017031)
  );
#9139 = CARTESIAN_POINT('',(2.630152905501,-0.68716121571,1.094848017031
    ));
#9140 = CARTESIAN_POINT('',(2.613944690308,-0.726291308649,
    1.094848017031));
#9141 = CARTESIAN_POINT('',(2.217880539364,-1.68247475343,1.094848017031
    ));
#9142 = CARTESIAN_POINT('',(1.332069001996,-2.40755897959,1.094847945877
    ));
#9143 = CARTESIAN_POINT('',(3.468400955952E-02,-2.605971283044,
    1.094848163517));
#9144 = CARTESIAN_POINT('',(-1.230593039023,-2.005408000321,
    1.094847857485));
#9145 = CARTESIAN_POINT('',(-2.120922646799,-0.847888767919,
    1.094848084307));
#9146 = CARTESIAN_POINT('',(-2.120922646804,0.847888767919,
    1.094848084311));
#9147 = CARTESIAN_POINT('',(-1.23059303902,2.00540800032,1.094847857482)
  );
#9148 = CARTESIAN_POINT('',(3.468400955722E-02,2.605971283045,
    1.094848163519));
#9149 = CARTESIAN_POINT('',(1.332069001997,2.407558979589,1.094847945877
    ));
#9150 = CARTESIAN_POINT('',(2.217880539364,1.68247475343,1.094848017031)
  );
#9151 = CARTESIAN_POINT('',(2.613944690308,0.726291308649,1.094848017031
    ));
#9152 = CARTESIAN_POINT('',(2.630152905501,0.68716121571,1.094848017031)
  );
#9153 = CARTESIAN_POINT('',(2.6463837106,0.64797658591,1.094848017031));
#9154 = CARTESIAN_POINT('',(2.662637105607,0.608737419252,1.094848017031
    ));
#9155 = CARTESIAN_POINT('',(2.678913090519,0.569443715735,1.094848017031
    ));
#9156 = CARTESIAN_POINT('',(2.695211665339,0.530095475358,1.094848017031
    ));
#9157 = CARTESIAN_POINT('',(2.711532830065,0.490692698123,1.094848017031
    ));
#9158 = CARTESIAN_POINT('',(2.727876584698,0.451235384028,1.094848017031
    ));
#9159 = CARTESIAN_POINT('',(2.744242929237,0.411723533074,1.094848017031
    ));
#9160 = CARTESIAN_POINT('',(2.760631863684,0.372157145261,1.094848017031
    ));
#9161 = CARTESIAN_POINT('',(2.777043388037,0.332536220588,1.094848017031
    ));
#9162 = CARTESIAN_POINT('',(2.777043388037,-0.332536220588,
    1.189055828844));
#9163 = CARTESIAN_POINT('',(2.760631863684,-0.372157145261,
    1.189055828844));
#9164 = CARTESIAN_POINT('',(2.744242929237,-0.411723533074,
    1.189055828844));
#9165 = CARTESIAN_POINT('',(2.727876584698,-0.451235384028,
    1.189055828844));
#9166 = CARTESIAN_POINT('',(2.711532830065,-0.490692698123,
    1.189055828844));
#9167 = CARTESIAN_POINT('',(2.695211665339,-0.530095475358,
    1.189055828844));
#9168 = CARTESIAN_POINT('',(2.678913090519,-0.569443715735,
    1.189055828844));
#9169 = CARTESIAN_POINT('',(2.662637105606,-0.608737419252,
    1.189055828844));
#9170 = CARTESIAN_POINT('',(2.6463837106,-0.64797658591,1.189055828844)
  );
#9171 = CARTESIAN_POINT('',(2.630152905501,-0.68716121571,1.189055828844
    ));
#9172 = CARTESIAN_POINT('',(2.613944690308,-0.726291308649,
    1.189055828844));
#9173 = CARTESIAN_POINT('',(2.217880539364,-1.68247475343,1.189055828844
    ));
#9174 = CARTESIAN_POINT('',(1.33206898013,-2.407559101995,1.189055822161
    ));
#9175 = CARTESIAN_POINT('',(3.468419932188E-02,-2.605970766175,
    1.189055842604));
#9176 = CARTESIAN_POINT('',(-1.230593382664,-2.005409013611,
    1.189055813858));
#9177 = CARTESIAN_POINT('',(-2.120922454898,-0.847887430066,
    1.189055835164));
#9178 = CARTESIAN_POINT('',(-2.120922454891,0.847887430064,
    1.189055835164));
#9179 = CARTESIAN_POINT('',(-1.230593382667,2.005409013615,
    1.189055813858));
#9180 = CARTESIAN_POINT('',(3.468419932132E-02,2.605970766172,
    1.189055842604));
#9181 = CARTESIAN_POINT('',(1.332068980131,2.407559101996,1.189055822161
    ));
#9182 = CARTESIAN_POINT('',(2.217880539364,1.68247475343,1.189055828844)
  );
#9183 = CARTESIAN_POINT('',(2.613944690308,0.726291308649,1.189055828844
    ));
#9184 = CARTESIAN_POINT('',(2.630152905501,0.68716121571,1.189055828844)
  );
#9185 = CARTESIAN_POINT('',(2.6463837106,0.647976585911,1.189055828844)
  );
#9186 = CARTESIAN_POINT('',(2.662637105607,0.608737419252,1.189055828844
    ));
#9187 = CARTESIAN_POINT('',(2.678913090519,0.569443715735,1.189055828844
    ));
#9188 = CARTESIAN_POINT('',(2.695211665339,0.530095475358,1.189055828844
    ));
#9189 = CARTESIAN_POINT('',(2.711532830065,0.490692698123,1.189055828844
    ));
#9190 = CARTESIAN_POINT('',(2.727876584698,0.451235384028,1.189055828844
    ));
#9191 = CARTESIAN_POINT('',(2.744242929238,0.411723533074,1.189055828844
    ));
#9192 = CARTESIAN_POINT('',(2.760631863684,0.372157145261,1.189055828844
    ));
#9193 = CARTESIAN_POINT('',(2.777043388037,0.332536220588,1.189055828844
    ));
#9194 = CARTESIAN_POINT('',(2.727286473498,-0.311926231764,
    1.266351298459));
#9195 = CARTESIAN_POINT('',(2.710439098611,-0.352599392706,
    1.266351298459));
#9196 = CARTESIAN_POINT('',(2.693701483738,-0.393007569534,
    1.266351298459));
#9197 = CARTESIAN_POINT('',(2.677073628879,-0.433150762249,
    1.266351298459));
#9198 = CARTESIAN_POINT('',(2.660555534032,-0.473028970852,
    1.266351298459));
#9199 = CARTESIAN_POINT('',(2.644147199199,-0.512642195341,
    1.266351298459));
#9200 = CARTESIAN_POINT('',(2.62784862438,-0.551990435718,1.266351298459
    ));
#9201 = CARTESIAN_POINT('',(2.611659809574,-0.591073691981,
    1.266351298459));
#9202 = CARTESIAN_POINT('',(2.595580754781,-0.629891964132,
    1.266351298459));
#9203 = CARTESIAN_POINT('',(2.579611460002,-0.66844525217,1.266351298459
    ));
#9204 = CARTESIAN_POINT('',(2.563751925236,-0.706733556095,
    1.266351298459));
#9205 = CARTESIAN_POINT('',(2.178353088013,-1.637168655841,
    1.266351298459));
#9206 = CARTESIAN_POINT('',(1.316325343396,-2.342881144812,
    1.266351323603));
#9207 = CARTESIAN_POINT('',(5.378576928275E-02,-2.535487417582,
    1.266351246695));
#9208 = CARTESIAN_POINT('',(-1.176753241252,-1.951550860572,
    1.266351354839));
#9209 = CARTESIAN_POINT('',(-2.043910530243,-0.825355168884,
    1.266351274683));
#9210 = CARTESIAN_POINT('',(-2.043910530246,0.825355168885,
    1.266351274688));
#9211 = CARTESIAN_POINT('',(-1.176753241249,1.951550860571,
    1.266351354836));
#9212 = CARTESIAN_POINT('',(5.378576928112E-02,2.535487417583,
    1.266351246697));
#9213 = CARTESIAN_POINT('',(1.316325343396,2.342881144811,1.266351323602
    ));
#9214 = CARTESIAN_POINT('',(2.178353088013,1.637168655841,1.266351298459
    ));
#9215 = CARTESIAN_POINT('',(2.563751925236,0.706733556095,1.266351298459
    ));
#9216 = CARTESIAN_POINT('',(2.579611460002,0.66844525217,1.266351298459)
  );
#9217 = CARTESIAN_POINT('',(2.595580754781,0.629891964132,1.266351298459
    ));
#9218 = CARTESIAN_POINT('',(2.611659809574,0.591073691981,1.266351298459
    ));
#9219 = CARTESIAN_POINT('',(2.62784862438,0.551990435718,1.266351298459)
  );
#9220 = CARTESIAN_POINT('',(2.6441471992,0.512642195341,1.266351298459)
  );
#9221 = CARTESIAN_POINT('',(2.660555534032,0.473028970852,1.266351298459
    ));
#9222 = CARTESIAN_POINT('',(2.677073628879,0.433150762249,1.266351298459
    ));
#9223 = CARTESIAN_POINT('',(2.693701483738,0.393007569534,1.266351298459
    ));
#9224 = CARTESIAN_POINT('',(2.710439098611,0.352599392706,1.266351298459
    ));
#9225 = CARTESIAN_POINT('',(2.727286473498,0.311926231765,1.266351298459
    ));
#9226 = ADVANCED_FACE('',(#9227),#9269,.T.);
#9227 = FACE_BOUND('',#9228,.T.);
#9228 = EDGE_LOOP('',(#9229,#9230,#9231,#9247,#9257));
#9229 = ORIENTED_EDGE('',*,*,#9042,.F.);
#9230 = ORIENTED_EDGE('',*,*,#9116,.T.);
#9231 = ORIENTED_EDGE('',*,*,#9232,.T.);
#9232 = EDGE_CURVE('',#9080,#9233,#9235,.T.);
#9233 = VERTEX_POINT('',#9234);
#9234 = CARTESIAN_POINT('',(2.680014330522,0.25,1.266351298459));
#9235 = B_SPLINE_CURVE_WITH_KNOTS('',4,(#9236,#9237,#9238,#9239,#9240,
    #9241,#9242,#9243,#9244,#9245,#9246),.UNSPECIFIED.,.F.,.F.,(5,3,3,5)
  ,(-9.553077572578E-02,-1.07974614468E-07,1.570796434769,1.666326955105
    ),.UNSPECIFIED.);
#9236 = CARTESIAN_POINT('',(2.511444147266,0.833015703271,1.266351298459
    ));
#9237 = CARTESIAN_POINT('',(2.520829761858,0.810356825185,1.266351298459
    ));
#9238 = CARTESIAN_POINT('',(2.530051300683,0.788094061041,1.266351298459
    ));
#9239 = CARTESIAN_POINT('',(2.539108763741,0.76622741084,1.266351298459)
  );
#9240 = CARTESIAN_POINT('',(2.694234793798,0.39172004442,1.266351298459)
  );
#9241 = CARTESIAN_POINT('',(2.748066229427,5.781419734063E-07,
    1.266351298459));
#9242 = CARTESIAN_POINT('',(2.694235078699,-0.391719356608,
    1.266351298459));
#9243 = CARTESIAN_POINT('',(2.539108760138,-0.766227419539,
    1.266351298459));
#9244 = CARTESIAN_POINT('',(2.530051295879,-0.78809407264,1.266351298459
    ));
#9245 = CARTESIAN_POINT('',(2.520829758255,-0.810356833884,
    1.266351298459));
#9246 = CARTESIAN_POINT('',(2.511444147266,-0.833015703271,
    1.266351298459));
#9247 = ORIENTED_EDGE('',*,*,#9248,.T.);
#9248 = EDGE_CURVE('',#9233,#9249,#9251,.T.);
#9249 = VERTEX_POINT('',#9250);
#9250 = CARTESIAN_POINT('',(2.691329867846,0.25,1.249));
#9251 = B_SPLINE_CURVE_WITH_KNOTS('',4,(#9252,#9253,#9254,#9255,#9256),
  .UNSPECIFIED.,.F.,.F.,(5,5),(0.,1.),.PIECEWISE_BEZIER_KNOTS.);
#9252 = CARTESIAN_POINT('',(2.680014330522,0.25,1.266351298459));
#9253 = CARTESIAN_POINT('',(2.682979817693,0.25,1.262130461995));
#9254 = CARTESIAN_POINT('',(2.685857279027,0.25,1.257829031201));
#9255 = CARTESIAN_POINT('',(2.688642046356,0.25,1.253450720235));
#9256 = CARTESIAN_POINT('',(2.691329867846,0.25,1.249));
#9257 = ORIENTED_EDGE('',*,*,#9258,.T.);
#9258 = EDGE_CURVE('',#9249,#8991,#9259,.T.);
#9259 = B_SPLINE_CURVE_WITH_KNOTS('',8,(#9260,#9261,#9262,#9263,#9264,
    #9265,#9266,#9267,#9268),.UNSPECIFIED.,.F.,.F.,(9,9),(0.,1.),
  .PIECEWISE_BEZIER_KNOTS.);
#9260 = CARTESIAN_POINT('',(2.691329867846,0.25,1.249));
#9261 = CARTESIAN_POINT('',(2.702358025067,0.25,1.230738651082));
#9262 = CARTESIAN_POINT('',(2.712018200884,0.248469313299,1.211707761376
    ));
#9263 = CARTESIAN_POINT('',(2.720254260307,0.245182932707,1.192117359562
    ));
#9264 = CARTESIAN_POINT('',(2.727033982846,0.239945047704,1.172209032942
    ));
#9265 = CARTESIAN_POINT('',(2.732358413097,0.232603463976,1.152249001793
    ));
#9266 = CARTESIAN_POINT('',(2.736275298918,0.223019291246,1.1325204691)
  );
#9267 = CARTESIAN_POINT('',(2.738879038589,0.211087334094,1.113294313604
    ));
#9268 = CARTESIAN_POINT('',(2.740315371916,0.196545815978,1.094848017031
    ));
#9269 = ( BOUNDED_SURFACE() B_SPLINE_SURFACE(2,4,(
    (#9270,#9271,#9272,#9273,#9274,#9275,#9276,#9277,#9278,#9279,#9280)
    ,(#9281,#9282,#9283,#9284,#9285,#9286,#9287,#9288,#9289,#9290,#9291)
    ,(#9292,#9293,#9294,#9295,#9296,#9297,#9298,#9299,#9300,#9301,#9302
)),.UNSPECIFIED.,.F.,.F.,.F.) B_SPLINE_SURFACE_WITH_KNOTS((3,3),(5,3,3,5
    ),(0.,1.570796542744),(-9.553077572578E-02,-1.07974614468E-07,
    1.570796434769,1.666326955105),.UNSPECIFIED.) 
GEOMETRIC_REPRESENTATION_ITEM() RATIONAL_B_SPLINE_SURFACE((
    (1.,1.,1.,1.,1.,1.,1.,1.,1.,1.,1.)
    ,(0.954064553889,0.954064553889,0.954064553889,0.954064553889
      ,0.954064553889,0.954064553889,0.954064553889,0.954064553889
      ,0.954064553889,0.954064553889,0.954064553889)
,(1.,1.,1.,1.,1.,1.,1.,1.,1.,1.,1.
  ))) REPRESENTATION_ITEM('') SURFACE() );
#9270 = CARTESIAN_POINT('',(2.561201060562,0.853625694727,1.094848017031
    ));
#9271 = CARTESIAN_POINT('',(2.570340564306,0.831560980883,1.094848017031
    ));
#9272 = CARTESIAN_POINT('',(2.579480066203,0.809496271496,1.094848017031
    ));
#9273 = CARTESIAN_POINT('',(2.588619566254,0.787431566566,1.094848017031
    ));
#9274 = CARTESIAN_POINT('',(2.748038472326,0.402560282228,1.094848017031
    ));
#9275 = CARTESIAN_POINT('',(2.803359617628,6.446181634034E-07,
    1.094848017031));
#9276 = CARTESIAN_POINT('',(2.748038749757,-0.402559612452,
    1.094848017031));
#9277 = CARTESIAN_POINT('',(2.588619563485,-0.787431573251,
    1.094848017031));
#9278 = CARTESIAN_POINT('',(2.579480062511,-0.809496280409,
    1.094848017031));
#9279 = CARTESIAN_POINT('',(2.570340561537,-0.831560987568,
    1.094848017031));
#9280 = CARTESIAN_POINT('',(2.561201060562,-0.853625694727,
    1.094848017031));
#9281 = CARTESIAN_POINT('',(2.561201060562,0.853625694727,1.189055828844
    ));
#9282 = CARTESIAN_POINT('',(2.570340564306,0.831560980883,1.189055828844
    ));
#9283 = CARTESIAN_POINT('',(2.579480066203,0.809496271496,1.189055828844
    ));
#9284 = CARTESIAN_POINT('',(2.588619566254,0.787431566566,1.189055828844
    ));
#9285 = CARTESIAN_POINT('',(2.748038472327,0.402560282228,1.189055828844
    ));
#9286 = CARTESIAN_POINT('',(2.803359617628,6.446181536335E-07,
    1.189055828844));
#9287 = CARTESIAN_POINT('',(2.748038749757,-0.402559612452,
    1.189055828844));
#9288 = CARTESIAN_POINT('',(2.588619563485,-0.787431573251,
    1.189055828844));
#9289 = CARTESIAN_POINT('',(2.579480062511,-0.809496280409,
    1.189055828844));
#9290 = CARTESIAN_POINT('',(2.570340561537,-0.831560987568,
    1.189055828844));
#9291 = CARTESIAN_POINT('',(2.561201060562,-0.853625694727,
    1.189055828844));
#9292 = CARTESIAN_POINT('',(2.511444147266,0.833015703271,1.266351298459
    ));
#9293 = CARTESIAN_POINT('',(2.520829761858,0.810356825185,1.266351298459
    ));
#9294 = CARTESIAN_POINT('',(2.530051300683,0.788094061041,1.266351298459
    ));
#9295 = CARTESIAN_POINT('',(2.539108763741,0.76622741084,1.266351298459)
  );
#9296 = CARTESIAN_POINT('',(2.694234793798,0.39172004442,1.266351298459)
  );
#9297 = CARTESIAN_POINT('',(2.748066229427,5.781419734063E-07,
    1.266351298459));
#9298 = CARTESIAN_POINT('',(2.694235078699,-0.391719356608,
    1.266351298459));
#9299 = CARTESIAN_POINT('',(2.539108760138,-0.766227419539,
    1.266351298459));
#9300 = CARTESIAN_POINT('',(2.530051295879,-0.78809407264,1.266351298459
    ));
#9301 = CARTESIAN_POINT('',(2.520829758255,-0.810356833884,
    1.266351298459));
#9302 = CARTESIAN_POINT('',(2.511444147266,-0.833015703271,
    1.266351298459));
#9303 = ADVANCED_FACE('',(#9304),#9323,.T.);
#9304 = FACE_BOUND('',#9305,.T.);
#9305 = EDGE_LOOP('',(#9306,#9307,#9308,#9309));
#9306 = ORIENTED_EDGE('',*,*,#9013,.F.);
#9307 = ORIENTED_EDGE('',*,*,#9004,.T.);
#9308 = ORIENTED_EDGE('',*,*,#8990,.F.);
#9309 = ORIENTED_EDGE('',*,*,#9310,.T.);
#9310 = EDGE_CURVE('',#8991,#9014,#9311,.T.);
#9311 = B_SPLINE_CURVE_WITH_KNOTS('',4,(#9312,#9313,#9314,#9315,#9316,
    #9317,#9318,#9319,#9320,#9321,#9322),.UNSPECIFIED.,.F.,.F.,(5,3,3,5)
  ,(-9.553077572578E-02,-1.07974614468E-07,1.570796434769,1.666326955105
    ),.UNSPECIFIED.);
#9312 = CARTESIAN_POINT('',(2.561201060562,0.853625694727,1.094848017031
    ));
#9313 = CARTESIAN_POINT('',(2.570340564306,0.831560980883,1.094848017031
    ));
#9314 = CARTESIAN_POINT('',(2.579480066203,0.809496271496,1.094848017031
    ));
#9315 = CARTESIAN_POINT('',(2.588619566254,0.787431566566,1.094848017031
    ));
#9316 = CARTESIAN_POINT('',(2.748038472326,0.402560282228,1.094848017031
    ));
#9317 = CARTESIAN_POINT('',(2.803359617628,6.446181634034E-07,
    1.094848017031));
#9318 = CARTESIAN_POINT('',(2.748038749757,-0.402559612452,
    1.094848017031));
#9319 = CARTESIAN_POINT('',(2.588619563485,-0.787431573251,
    1.094848017031));
#9320 = CARTESIAN_POINT('',(2.579480062511,-0.809496280409,
    1.094848017031));
#9321 = CARTESIAN_POINT('',(2.570340561537,-0.831560987568,
    1.094848017031));
#9322 = CARTESIAN_POINT('',(2.561201060562,-0.853625694727,
    1.094848017031));
#9323 = CYLINDRICAL_SURFACE('',#9324,2.);
#9324 = AXIS2_PLACEMENT_3D('',#9325,#9326,#9327);
#9325 = CARTESIAN_POINT('',(0.75,0.,0.2));
#9326 = DIRECTION('',(0.,0.,1.));
#9327 = DIRECTION('',(0.923879532511,0.382683432365,-0.));
#9328 = ADVANCED_FACE('',(#9329),#9371,.T.);
#9329 = FACE_BOUND('',#9330,.T.);
#9330 = EDGE_LOOP('',(#9331,#9332,#9346,#9356,#9370));
#9331 = ORIENTED_EDGE('',*,*,#9025,.F.);
#9332 = ORIENTED_EDGE('',*,*,#9333,.F.);
#9333 = EDGE_CURVE('',#9334,#9014,#9336,.T.);
#9334 = VERTEX_POINT('',#9335);
#9335 = CARTESIAN_POINT('',(2.691329861214,-0.25,1.249));
#9336 = B_SPLINE_CURVE_WITH_KNOTS('',8,(#9337,#9338,#9339,#9340,#9341,
    #9342,#9343,#9344,#9345),.UNSPECIFIED.,.F.,.F.,(9,9),(0.,1.),
  .PIECEWISE_BEZIER_KNOTS.);
#9337 = CARTESIAN_POINT('',(2.691329861214,-0.25,1.249));
#9338 = CARTESIAN_POINT('',(2.702358022197,-0.250000000301,
    1.230738644072));
#9339 = CARTESIAN_POINT('',(2.712018158386,-0.248469314381,
    1.211707816557));
#9340 = CARTESIAN_POINT('',(2.72025430723,-0.245182930841,1.192117266936
    ));
#9341 = CARTESIAN_POINT('',(2.727033912979,-0.239945053571,
    1.172209137016));
#9342 = CARTESIAN_POINT('',(2.732358433245,-0.232603463168,
    1.152248952018));
#9343 = CARTESIAN_POINT('',(2.736275280578,-0.223019294382,
    1.132520485002));
#9344 = CARTESIAN_POINT('',(2.738879028497,-0.211087332607,
    1.113294311717));
#9345 = CARTESIAN_POINT('',(2.740315362209,-0.196545815978,
    1.094848017031));
#9346 = ORIENTED_EDGE('',*,*,#9347,.F.);
#9347 = EDGE_CURVE('',#9348,#9334,#9350,.T.);
#9348 = VERTEX_POINT('',#9349);
#9349 = CARTESIAN_POINT('',(2.680014325157,-0.25,1.266351298459));
#9350 = B_SPLINE_CURVE_WITH_KNOTS('',4,(#9351,#9352,#9353,#9354,#9355),
  .UNSPECIFIED.,.F.,.F.,(5,5),(0.,1.),.PIECEWISE_BEZIER_KNOTS.);
#9351 = CARTESIAN_POINT('',(2.680014325157,-0.25,1.266351298459));
#9352 = CARTESIAN_POINT('',(2.682979811997,-0.25,1.262130461993));
#9353 = CARTESIAN_POINT('',(2.685857273008,-0.25,1.257829031199));
#9354 = CARTESIAN_POINT('',(2.688642040025,-0.25,1.253450720234));
#9355 = CARTESIAN_POINT('',(2.691329861214,-0.25,1.249));
#9356 = ORIENTED_EDGE('',*,*,#9357,.T.);
#9357 = EDGE_CURVE('',#9348,#9065,#9358,.T.);
#9358 = B_SPLINE_CURVE_WITH_KNOTS('',4,(#9359,#9360,#9361,#9362,#9363,
    #9364,#9365,#9366,#9367,#9368,#9369),.UNSPECIFIED.,.F.,.F.,(5,3,3,5)
  ,(-9.553077572578E-02,-1.07974614468E-07,1.570796434769,1.666326955105
    ),.UNSPECIFIED.);
#9359 = CARTESIAN_POINT('',(2.511444147266,0.833015703271,1.266351298459
    ));
#9360 = CARTESIAN_POINT('',(2.520829761858,0.810356825185,1.266351298459
    ));
#9361 = CARTESIAN_POINT('',(2.530051300683,0.788094061041,1.266351298459
    ));
#9362 = CARTESIAN_POINT('',(2.539108763741,0.76622741084,1.266351298459)
  );
#9363 = CARTESIAN_POINT('',(2.694234793798,0.39172004442,1.266351298459)
  );
#9364 = CARTESIAN_POINT('',(2.748066229427,5.781419734063E-07,
    1.266351298459));
#9365 = CARTESIAN_POINT('',(2.694235078699,-0.391719356608,
    1.266351298459));
#9366 = CARTESIAN_POINT('',(2.539108760138,-0.766227419539,
    1.266351298459));
#9367 = CARTESIAN_POINT('',(2.530051295879,-0.78809407264,1.266351298459
    ));
#9368 = CARTESIAN_POINT('',(2.520829758255,-0.810356833884,
    1.266351298459));
#9369 = CARTESIAN_POINT('',(2.511444147266,-0.833015703271,
    1.266351298459));
#9370 = ORIENTED_EDGE('',*,*,#9064,.F.);
#9371 = ( BOUNDED_SURFACE() B_SPLINE_SURFACE(2,4,(
    (#9372,#9373,#9374,#9375,#9376,#9377,#9378,#9379,#9380,#9381,#9382)
    ,(#9383,#9384,#9385,#9386,#9387,#9388,#9389,#9390,#9391,#9392,#9393)
    ,(#9394,#9395,#9396,#9397,#9398,#9399,#9400,#9401,#9402,#9403,#9404
)),.UNSPECIFIED.,.F.,.F.,.F.) B_SPLINE_SURFACE_WITH_KNOTS((3,3),(5,3,3,5
    ),(0.,1.570796542744),(-9.553077572578E-02,-1.07974614468E-07,
    1.570796434769,1.666326955105),.UNSPECIFIED.) 
GEOMETRIC_REPRESENTATION_ITEM() RATIONAL_B_SPLINE_SURFACE((
    (1.,1.,1.,1.,1.,1.,1.,1.,1.,1.,1.)
    ,(0.954064553889,0.954064553889,0.954064553889,0.954064553889
      ,0.954064553889,0.954064553889,0.954064553889,0.954064553889
      ,0.954064553889,0.954064553889,0.954064553889)
,(1.,1.,1.,1.,1.,1.,1.,1.,1.,1.,1.
  ))) REPRESENTATION_ITEM('') SURFACE() );
#9372 = CARTESIAN_POINT('',(2.561201060562,0.853625694727,1.094848017031
    ));
#9373 = CARTESIAN_POINT('',(2.570340564306,0.831560980883,1.094848017031
    ));
#9374 = CARTESIAN_POINT('',(2.579480066203,0.809496271496,1.094848017031
    ));
#9375 = CARTESIAN_POINT('',(2.588619566254,0.787431566566,1.094848017031
    ));
#9376 = CARTESIAN_POINT('',(2.748038472326,0.402560282228,1.094848017031
    ));
#9377 = CARTESIAN_POINT('',(2.803359617628,6.446181634034E-07,
    1.094848017031));
#9378 = CARTESIAN_POINT('',(2.748038749757,-0.402559612452,
    1.094848017031));
#9379 = CARTESIAN_POINT('',(2.588619563485,-0.787431573251,
    1.094848017031));
#9380 = CARTESIAN_POINT('',(2.579480062511,-0.809496280409,
    1.094848017031));
#9381 = CARTESIAN_POINT('',(2.570340561537,-0.831560987568,
    1.094848017031));
#9382 = CARTESIAN_POINT('',(2.561201060562,-0.853625694727,
    1.094848017031));
#9383 = CARTESIAN_POINT('',(2.561201060562,0.853625694727,1.189055828844
    ));
#9384 = CARTESIAN_POINT('',(2.570340564306,0.831560980883,1.189055828844
    ));
#9385 = CARTESIAN_POINT('',(2.579480066203,0.809496271496,1.189055828844
    ));
#9386 = CARTESIAN_POINT('',(2.588619566254,0.787431566566,1.189055828844
    ));
#9387 = CARTESIAN_POINT('',(2.748038472327,0.402560282228,1.189055828844
    ));
#9388 = CARTESIAN_POINT('',(2.803359617628,6.446181536335E-07,
    1.189055828844));
#9389 = CARTESIAN_POINT('',(2.748038749757,-0.402559612452,
    1.189055828844));
#9390 = CARTESIAN_POINT('',(2.588619563485,-0.787431573251,
    1.189055828844));
#9391 = CARTESIAN_POINT('',(2.579480062511,-0.809496280409,
    1.189055828844));
#9392 = CARTESIAN_POINT('',(2.570340561537,-0.831560987568,
    1.189055828844));
#9393 = CARTESIAN_POINT('',(2.561201060562,-0.853625694727,
    1.189055828844));
#9394 = CARTESIAN_POINT('',(2.511444147266,0.833015703271,1.266351298459
    ));
#9395 = CARTESIAN_POINT('',(2.520829761858,0.810356825185,1.266351298459
    ));
#9396 = CARTESIAN_POINT('',(2.530051300683,0.788094061041,1.266351298459
    ));
#9397 = CARTESIAN_POINT('',(2.539108763741,0.76622741084,1.266351298459)
  );
#9398 = CARTESIAN_POINT('',(2.694234793798,0.39172004442,1.266351298459)
  );
#9399 = CARTESIAN_POINT('',(2.748066229427,5.781419734063E-07,
    1.266351298459));
#9400 = CARTESIAN_POINT('',(2.694235078699,-0.391719356608,
    1.266351298459));
#9401 = CARTESIAN_POINT('',(2.539108760138,-0.766227419539,
    1.266351298459));
#9402 = CARTESIAN_POINT('',(2.530051295879,-0.78809407264,1.266351298459
    ));
#9403 = CARTESIAN_POINT('',(2.520829758255,-0.810356833884,
    1.266351298459));
#9404 = CARTESIAN_POINT('',(2.511444147266,-0.833015703271,
    1.266351298459));
#9405 = ADVANCED_FACE('',(#9406),#9462,.F.);
#9406 = FACE_BOUND('',#9407,.F.);
#9407 = EDGE_LOOP('',(#9408,#9417,#9418,#9427));
#9408 = ORIENTED_EDGE('',*,*,#9409,.F.);
#9409 = EDGE_CURVE('',#9065,#9410,#9412,.T.);
#9410 = VERTEX_POINT('',#9411);
#9411 = CARTESIAN_POINT('',(2.548002150484,-0.744756875906,
    1.933648701541));
#9412 = CIRCLE('',#9413,0.583630876496);
#9413 = AXIS2_PLACEMENT_3D('',#9414,#9415,#9416);
#9414 = CARTESIAN_POINT('',(2.99040786634,-0.928007323485,1.6));
#9415 = DIRECTION('',(0.382683432365,0.923879532511,0.));
#9416 = DIRECTION('',(-0.672769068824,0.278670072652,-0.685364699005));
#9417 = ORIENTED_EDGE('',*,*,#9079,.T.);
#9418 = ORIENTED_EDGE('',*,*,#9419,.T.);
#9419 = EDGE_CURVE('',#9080,#9420,#9422,.T.);
#9420 = VERTEX_POINT('',#9421);
#9421 = CARTESIAN_POINT('',(2.548002150484,0.744756875906,1.933648701541
    ));
#9422 = CIRCLE('',#9423,0.583630876496);
#9423 = AXIS2_PLACEMENT_3D('',#9424,#9425,#9426);
#9424 = CARTESIAN_POINT('',(2.99040786634,0.928007323485,1.6));
#9425 = DIRECTION('',(-0.382683432365,0.923879532511,0.));
#9426 = DIRECTION('',(-0.672769068824,-0.278670072652,-0.685364699005));
#9427 = ORIENTED_EDGE('',*,*,#9428,.F.);
#9428 = EDGE_CURVE('',#9410,#9420,#9429,.T.);
#9429 = B_SPLINE_CURVE_WITH_KNOTS('',11,(#9430,#9431,#9432,#9433,#9434,
    #9435,#9436,#9437,#9438,#9439,#9440,#9441,#9442,#9443,#9444,#9445,
    #9446,#9447,#9448,#9449,#9450,#9451,#9452,#9453,#9454,#9455,#9456,
    #9457,#9458,#9459,#9460,#9461),.UNSPECIFIED.,.F.,.F.,(12,10,10,12),(
    -0.468492513267,5.091285976473E-15,10.995574287564,11.464066800831),
  .UNSPECIFIED.);
#9430 = CARTESIAN_POINT('',(2.727286473498,-0.311926231765,
    1.933648701541));
#9431 = CARTESIAN_POINT('',(2.710439098611,-0.352599392706,
    1.933648701541));
#9432 = CARTESIAN_POINT('',(2.693701483738,-0.393007569534,
    1.933648701541));
#9433 = CARTESIAN_POINT('',(2.677073628879,-0.433150762249,
    1.933648701541));
#9434 = CARTESIAN_POINT('',(2.660555534032,-0.473028970852,
    1.933648701541));
#9435 = CARTESIAN_POINT('',(2.6441471992,-0.512642195341,1.933648701541)
  );
#9436 = CARTESIAN_POINT('',(2.62784862438,-0.551990435718,1.933648701541
    ));
#9437 = CARTESIAN_POINT('',(2.611659809574,-0.591073691981,
    1.933648701541));
#9438 = CARTESIAN_POINT('',(2.595580754781,-0.629891964132,
    1.933648701541));
#9439 = CARTESIAN_POINT('',(2.579611460002,-0.66844525217,1.933648701541
    ));
#9440 = CARTESIAN_POINT('',(2.563751925236,-0.706733556095,
    1.933648701541));
#9441 = CARTESIAN_POINT('',(2.178353088013,-1.637168655841,
    1.933648701541));
#9442 = CARTESIAN_POINT('',(1.316325343396,-2.342881144811,
    1.933648676398));
#9443 = CARTESIAN_POINT('',(5.378576928097E-02,-2.535487417583,
    1.933648753304));
#9444 = CARTESIAN_POINT('',(-1.176753241249,-1.951550860571,
    1.933648645162));
#9445 = CARTESIAN_POINT('',(-2.043910530247,-0.825355168886,
    1.933648725315));
#9446 = CARTESIAN_POINT('',(-2.043910530243,0.825355168886,
    1.933648725313));
#9447 = CARTESIAN_POINT('',(-1.176753241251,1.95155086057,1.933648645164
    ));
#9448 = CARTESIAN_POINT('',(5.378576928236E-02,2.535487417583,
    1.933648753303));
#9449 = CARTESIAN_POINT('',(1.316325343396,2.342881144811,1.933648676398
    ));
#9450 = CARTESIAN_POINT('',(2.178353088013,1.637168655841,1.933648701541
    ));
#9451 = CARTESIAN_POINT('',(2.563751925236,0.706733556095,1.933648701541
    ));
#9452 = CARTESIAN_POINT('',(2.579611460002,0.66844525217,1.933648701541)
  );
#9453 = CARTESIAN_POINT('',(2.595580754781,0.629891964132,1.933648701541
    ));
#9454 = CARTESIAN_POINT('',(2.611659809574,0.591073691981,1.933648701541
    ));
#9455 = CARTESIAN_POINT('',(2.62784862438,0.551990435718,1.933648701541)
  );
#9456 = CARTESIAN_POINT('',(2.6441471992,0.512642195341,1.933648701541)
  );
#9457 = CARTESIAN_POINT('',(2.660555534032,0.473028970852,1.933648701541
    ));
#9458 = CARTESIAN_POINT('',(2.677073628879,0.433150762249,1.933648701541
    ));
#9459 = CARTESIAN_POINT('',(2.693701483738,0.393007569534,1.933648701541
    ));
#9460 = CARTESIAN_POINT('',(2.710439098611,0.352599392706,1.933648701541
    ));
#9461 = CARTESIAN_POINT('',(2.727286473498,0.311926231765,1.933648701541
    ));
#9462 = SURFACE_OF_REVOLUTION('',#9463,#9468);
#9463 = CIRCLE('',#9464,0.583630876496);
#9464 = AXIS2_PLACEMENT_3D('',#9465,#9466,#9467);
#9465 = CARTESIAN_POINT('',(2.99040786634,-0.928007323485,1.6));
#9466 = DIRECTION('',(0.382683432365,0.923879532511,2.775557561564E-17)
  );
#9467 = DIRECTION('',(-0.672769068824,0.278670072652,-0.685364699005));
#9468 = AXIS1_PLACEMENT('',#9469,#9470);
#9469 = CARTESIAN_POINT('',(0.75,0.,0.));
#9470 = DIRECTION('',(0.,0.,-1.));
#9471 = ADVANCED_FACE('',(#9472),#9493,.T.);
#9472 = FACE_BOUND('',#9473,.T.);
#9473 = EDGE_LOOP('',(#9474,#9475,#9476,#9477,#9491,#9492));
#9474 = ORIENTED_EDGE('',*,*,#9310,.F.);
#9475 = ORIENTED_EDGE('',*,*,#9258,.F.);
#9476 = ORIENTED_EDGE('',*,*,#9248,.F.);
#9477 = ORIENTED_EDGE('',*,*,#9478,.T.);
#9478 = EDGE_CURVE('',#9233,#9348,#9479,.T.);
#9479 = B_SPLINE_CURVE_WITH_KNOTS('',4,(#9480,#9481,#9482,#9483,#9484,
    #9485,#9486,#9487,#9488,#9489,#9490),.UNSPECIFIED.,.F.,.F.,(5,3,3,5)
  ,(-9.553077572578E-02,-1.07974614468E-07,1.570796434769,1.666326955105
    ),.UNSPECIFIED.);
#9480 = CARTESIAN_POINT('',(2.511444147266,0.833015703271,1.266351298459
    ));
#9481 = CARTESIAN_POINT('',(2.520829761858,0.810356825185,1.266351298459
    ));
#9482 = CARTESIAN_POINT('',(2.530051300683,0.788094061041,1.266351298459
    ));
#9483 = CARTESIAN_POINT('',(2.539108763741,0.76622741084,1.266351298459)
  );
#9484 = CARTESIAN_POINT('',(2.694234793798,0.39172004442,1.266351298459)
  );
#9485 = CARTESIAN_POINT('',(2.748066229427,5.781419734063E-07,
    1.266351298459));
#9486 = CARTESIAN_POINT('',(2.694235078699,-0.391719356608,
    1.266351298459));
#9487 = CARTESIAN_POINT('',(2.539108760138,-0.766227419539,
    1.266351298459));
#9488 = CARTESIAN_POINT('',(2.530051295879,-0.78809407264,1.266351298459
    ));
#9489 = CARTESIAN_POINT('',(2.520829758255,-0.810356833884,
    1.266351298459));
#9490 = CARTESIAN_POINT('',(2.511444147266,-0.833015703271,
    1.266351298459));
#9491 = ORIENTED_EDGE('',*,*,#9347,.T.);
#9492 = ORIENTED_EDGE('',*,*,#9333,.T.);
#9493 = ( BOUNDED_SURFACE() B_SPLINE_SURFACE(2,4,(
    (#9494,#9495,#9496,#9497,#9498,#9499,#9500,#9501,#9502,#9503,#9504)
    ,(#9505,#9506,#9507,#9508,#9509,#9510,#9511,#9512,#9513,#9514,#9515)
    ,(#9516,#9517,#9518,#9519,#9520,#9521,#9522,#9523,#9524,#9525,#9526
)),.UNSPECIFIED.,.F.,.F.,.F.) B_SPLINE_SURFACE_WITH_KNOTS((3,3),(5,3,3,5
    ),(0.,1.570796542744),(-9.553077572578E-02,-1.07974614468E-07,
    1.570796434769,1.666326955105),.UNSPECIFIED.) 
GEOMETRIC_REPRESENTATION_ITEM() RATIONAL_B_SPLINE_SURFACE((
    (1.,1.,1.,1.,1.,1.,1.,1.,1.,1.,1.)
    ,(0.954064553889,0.954064553889,0.954064553889,0.954064553889
      ,0.954064553889,0.954064553889,0.954064553889,0.954064553889
      ,0.954064553889,0.954064553889,0.954064553889)
,(1.,1.,1.,1.,1.,1.,1.,1.,1.,1.,1.
  ))) REPRESENTATION_ITEM('') SURFACE() );
#9494 = CARTESIAN_POINT('',(2.561201060562,0.853625694727,1.094848017031
    ));
#9495 = CARTESIAN_POINT('',(2.570340564306,0.831560980883,1.094848017031
    ));
#9496 = CARTESIAN_POINT('',(2.579480066203,0.809496271496,1.094848017031
    ));
#9497 = CARTESIAN_POINT('',(2.588619566254,0.787431566566,1.094848017031
    ));
#9498 = CARTESIAN_POINT('',(2.748038472326,0.402560282228,1.094848017031
    ));
#9499 = CARTESIAN_POINT('',(2.803359617628,6.446181634034E-07,
    1.094848017031));
#9500 = CARTESIAN_POINT('',(2.748038749757,-0.402559612452,
    1.094848017031));
#9501 = CARTESIAN_POINT('',(2.588619563485,-0.787431573251,
    1.094848017031));
#9502 = CARTESIAN_POINT('',(2.579480062511,-0.809496280409,
    1.094848017031));
#9503 = CARTESIAN_POINT('',(2.570340561537,-0.831560987568,
    1.094848017031));
#9504 = CARTESIAN_POINT('',(2.561201060562,-0.853625694727,
    1.094848017031));
#9505 = CARTESIAN_POINT('',(2.561201060562,0.853625694727,1.189055828844
    ));
#9506 = CARTESIAN_POINT('',(2.570340564306,0.831560980883,1.189055828844
    ));
#9507 = CARTESIAN_POINT('',(2.579480066203,0.809496271496,1.189055828844
    ));
#9508 = CARTESIAN_POINT('',(2.588619566254,0.787431566566,1.189055828844
    ));
#9509 = CARTESIAN_POINT('',(2.748038472327,0.402560282228,1.189055828844
    ));
#9510 = CARTESIAN_POINT('',(2.803359617628,6.446181536335E-07,
    1.189055828844));
#9511 = CARTESIAN_POINT('',(2.748038749757,-0.402559612452,
    1.189055828844));
#9512 = CARTESIAN_POINT('',(2.588619563485,-0.787431573251,
    1.189055828844));
#9513 = CARTESIAN_POINT('',(2.579480062511,-0.809496280409,
    1.189055828844));
#9514 = CARTESIAN_POINT('',(2.570340561537,-0.831560987568,
    1.189055828844));
#9515 = CARTESIAN_POINT('',(2.561201060562,-0.853625694727,
    1.189055828844));
#9516 = CARTESIAN_POINT('',(2.511444147266,0.833015703271,1.266351298459
    ));
#9517 = CARTESIAN_POINT('',(2.520829761858,0.810356825185,1.266351298459
    ));
#9518 = CARTESIAN_POINT('',(2.530051300683,0.788094061041,1.266351298459
    ));
#9519 = CARTESIAN_POINT('',(2.539108763741,0.76622741084,1.266351298459)
  );
#9520 = CARTESIAN_POINT('',(2.694234793798,0.39172004442,1.266351298459)
  );
#9521 = CARTESIAN_POINT('',(2.748066229427,5.781419734063E-07,
    1.266351298459));
#9522 = CARTESIAN_POINT('',(2.694235078699,-0.391719356608,
    1.266351298459));
#9523 = CARTESIAN_POINT('',(2.539108760138,-0.766227419539,
    1.266351298459));
#9524 = CARTESIAN_POINT('',(2.530051295879,-0.78809407264,1.266351298459
    ));
#9525 = CARTESIAN_POINT('',(2.520829758255,-0.810356833884,
    1.266351298459));
#9526 = CARTESIAN_POINT('',(2.511444147266,-0.833015703271,
    1.266351298459));
#9527 = ADVANCED_FACE('',(#9528),#9569,.F.);
#9528 = FACE_BOUND('',#9529,.F.);
#9529 = EDGE_LOOP('',(#9530,#9546,#9547,#9548));
#9530 = ORIENTED_EDGE('',*,*,#9531,.F.);
#9531 = EDGE_CURVE('',#9420,#9532,#9534,.T.);
#9532 = VERTEX_POINT('',#9533);
#9533 = CARTESIAN_POINT('',(2.680014330522,0.25,1.933648701541));
#9534 = B_SPLINE_CURVE_WITH_KNOTS('',4,(#9535,#9536,#9537,#9538,#9539,
    #9540,#9541,#9542,#9543,#9544,#9545),.UNSPECIFIED.,.F.,.F.,(5,3,3,5)
  ,(-9.553077572578E-02,-1.079746146774E-07,1.570796434769,
    1.666326955105),.UNSPECIFIED.);
#9535 = CARTESIAN_POINT('',(2.511444147266,0.833015703271,1.933648701541
    ));
#9536 = CARTESIAN_POINT('',(2.520829761858,0.810356825185,1.933648701541
    ));
#9537 = CARTESIAN_POINT('',(2.530051300683,0.788094061041,1.933648701541
    ));
#9538 = CARTESIAN_POINT('',(2.539108763741,0.76622741084,1.933648701541)
  );
#9539 = CARTESIAN_POINT('',(2.694234793798,0.39172004442,1.933648701541)
  );
#9540 = CARTESIAN_POINT('',(2.748066229427,5.781419779582E-07,
    1.933648701541));
#9541 = CARTESIAN_POINT('',(2.694235078699,-0.391719356608,
    1.933648701541));
#9542 = CARTESIAN_POINT('',(2.539108760138,-0.766227419539,
    1.933648701541));
#9543 = CARTESIAN_POINT('',(2.530051295879,-0.78809407264,1.933648701541
    ));
#9544 = CARTESIAN_POINT('',(2.520829758255,-0.810356833884,
    1.933648701541));
#9545 = CARTESIAN_POINT('',(2.511444147266,-0.833015703271,
    1.933648701541));
#9546 = ORIENTED_EDGE('',*,*,#9419,.F.);
#9547 = ORIENTED_EDGE('',*,*,#9232,.T.);
#9548 = ORIENTED_EDGE('',*,*,#9549,.T.);
#9549 = EDGE_CURVE('',#9233,#9532,#9550,.T.);
#9550 = B_SPLINE_CURVE_WITH_KNOTS('',5,(#9551,#9552,#9553,#9554,#9555,
    #9556,#9557,#9558,#9559,#9560,#9561,#9562,#9563,#9564,#9565,#9566,
    #9567,#9568),.UNSPECIFIED.,.F.,.F.,(6,4,4,4,6),(0.,0.251077498857,
    0.500000123406,0.749556743575,1.),.UNSPECIFIED.);
#9551 = CARTESIAN_POINT('',(2.68001951196,0.25,1.266351011145));
#9552 = CARTESIAN_POINT('',(2.659472570555,0.25,1.29559586516));
#9553 = CARTESIAN_POINT('',(2.64116766209,0.25,1.326402922845));
#9554 = CARTESIAN_POINT('',(2.625268533037,0.25,1.358545874517));
#9555 = CARTESIAN_POINT('',(2.611903894913,0.25,1.391774188071));
#9556 = CARTESIAN_POINT('',(2.590510463958,0.25,1.45957613402));
#9557 = CARTESIAN_POINT('',(2.582436684745,0.25,1.494136309368));
#9558 = CARTESIAN_POINT('',(2.577024948903,0.25,1.529241907651));
#9559 = CARTESIAN_POINT('',(2.574319113941,0.25,1.564621151532));
#9560 = CARTESIAN_POINT('',(2.574319124644,0.25,1.635469131863));
#9561 = CARTESIAN_POINT('',(2.577038771245,0.25,1.670938487511));
#9562 = CARTESIAN_POINT('',(2.582478120469,0.25,1.706132097409));
#9563 = CARTESIAN_POINT('',(2.590592864546,0.25,1.740776109035));
#9564 = CARTESIAN_POINT('',(2.612039033035,0.25,1.808561521057));
#9565 = CARTESIAN_POINT('',(2.625389067535,0.25,1.841697689194));
#9566 = CARTESIAN_POINT('',(2.641260156855,0.25,1.87375271116));
#9567 = CARTESIAN_POINT('',(2.659524473756,0.25,1.904478009657));
#9568 = CARTESIAN_POINT('',(2.68001951196,0.25,1.933648988855));
#9569 = SURFACE_OF_REVOLUTION('',#9570,#9575);
#9570 = CIRCLE('',#9571,0.583630876496);
#9571 = AXIS2_PLACEMENT_3D('',#9572,#9573,#9574);
#9572 = CARTESIAN_POINT('',(2.99040786634,0.928007323485,1.6));
#9573 = DIRECTION('',(-0.382683432365,0.923879532511,0.));
#9574 = DIRECTION('',(-0.672769068824,-0.278670072652,-0.685364699005));
#9575 = AXIS1_PLACEMENT('',#9576,#9577);
#9576 = CARTESIAN_POINT('',(0.75,0.,0.));
#9577 = DIRECTION('',(0.,0.,-1.));
#9578 = ADVANCED_FACE('',(#9579),#9620,.F.);
#9579 = FACE_BOUND('',#9580,.F.);
#9580 = EDGE_LOOP('',(#9581,#9604,#9605,#9606));
#9581 = ORIENTED_EDGE('',*,*,#9582,.F.);
#9582 = EDGE_CURVE('',#9348,#9583,#9585,.T.);
#9583 = VERTEX_POINT('',#9584);
#9584 = CARTESIAN_POINT('',(2.680014325157,-0.25,1.933648701541));
#9585 = B_SPLINE_CURVE_WITH_KNOTS('',5,(#9586,#9587,#9588,#9589,#9590,
    #9591,#9592,#9593,#9594,#9595,#9596,#9597,#9598,#9599,#9600,#9601,
    #9602,#9603),.UNSPECIFIED.,.F.,.F.,(6,4,4,4,6),(0.,0.251077498857,
    0.500000123406,0.749556743577,1.),.UNSPECIFIED.);
#9586 = CARTESIAN_POINT('',(2.68001951196,-0.25,1.266351011145));
#9587 = CARTESIAN_POINT('',(2.659472570555,-0.25,1.29559586516));
#9588 = CARTESIAN_POINT('',(2.64116766209,-0.25,1.326402922845));
#9589 = CARTESIAN_POINT('',(2.625268533037,-0.25,1.358545874517));
#9590 = CARTESIAN_POINT('',(2.611903894913,-0.25,1.391774188071));
#9591 = CARTESIAN_POINT('',(2.590510463958,-0.25,1.45957613402));
#9592 = CARTESIAN_POINT('',(2.582436684745,-0.25,1.494136309368));
#9593 = CARTESIAN_POINT('',(2.577024948903,-0.25,1.529241907651));
#9594 = CARTESIAN_POINT('',(2.574319113941,-0.25,1.564621151532));
#9595 = CARTESIAN_POINT('',(2.574319124644,-0.25,1.635469131863));
#9596 = CARTESIAN_POINT('',(2.577038771245,-0.25,1.670938487512));
#9597 = CARTESIAN_POINT('',(2.582478120469,-0.25,1.70613209741));
#9598 = CARTESIAN_POINT('',(2.590592864546,-0.25,1.740776109036));
#9599 = CARTESIAN_POINT('',(2.612039033035,-0.25,1.808561521057));
#9600 = CARTESIAN_POINT('',(2.625389067535,-0.25,1.841697689194));
#9601 = CARTESIAN_POINT('',(2.641260156855,-0.25,1.87375271116));
#9602 = CARTESIAN_POINT('',(2.659524473756,-0.25,1.904478009657));
#9603 = CARTESIAN_POINT('',(2.68001951196,-0.25,1.933648988855));
#9604 = ORIENTED_EDGE('',*,*,#9357,.T.);
#9605 = ORIENTED_EDGE('',*,*,#9409,.T.);
#9606 = ORIENTED_EDGE('',*,*,#9607,.F.);
#9607 = EDGE_CURVE('',#9583,#9410,#9608,.T.);
#9608 = B_SPLINE_CURVE_WITH_KNOTS('',4,(#9609,#9610,#9611,#9612,#9613,
    #9614,#9615,#9616,#9617,#9618,#9619),.UNSPECIFIED.,.F.,.F.,(5,3,3,5)
  ,(-9.553077572578E-02,-1.079746146774E-07,1.570796434769,
    1.666326955105),.UNSPECIFIED.);
#9609 = CARTESIAN_POINT('',(2.511444147266,0.833015703271,1.933648701541
    ));
#9610 = CARTESIAN_POINT('',(2.520829761858,0.810356825185,1.933648701541
    ));
#9611 = CARTESIAN_POINT('',(2.530051300683,0.788094061041,1.933648701541
    ));
#9612 = CARTESIAN_POINT('',(2.539108763741,0.76622741084,1.933648701541)
  );
#9613 = CARTESIAN_POINT('',(2.694234793798,0.39172004442,1.933648701541)
  );
#9614 = CARTESIAN_POINT('',(2.748066229427,5.781419779582E-07,
    1.933648701541));
#9615 = CARTESIAN_POINT('',(2.694235078699,-0.391719356608,
    1.933648701541));
#9616 = CARTESIAN_POINT('',(2.539108760138,-0.766227419539,
    1.933648701541));
#9617 = CARTESIAN_POINT('',(2.530051295879,-0.78809407264,1.933648701541
    ));
#9618 = CARTESIAN_POINT('',(2.520829758255,-0.810356833884,
    1.933648701541));
#9619 = CARTESIAN_POINT('',(2.511444147266,-0.833015703271,
    1.933648701541));
#9620 = SURFACE_OF_REVOLUTION('',#9621,#9626);
#9621 = CIRCLE('',#9622,0.583630876496);
#9622 = AXIS2_PLACEMENT_3D('',#9623,#9624,#9625);
#9623 = CARTESIAN_POINT('',(2.99040786634,0.928007323485,1.6));
#9624 = DIRECTION('',(-0.382683432365,0.923879532511,0.));
#9625 = DIRECTION('',(-0.672769068824,-0.278670072652,-0.685364699005));
#9626 = AXIS1_PLACEMENT('',#9627,#9628);
#9627 = CARTESIAN_POINT('',(0.75,0.,0.));
#9628 = DIRECTION('',(0.,0.,-1.));
#9629 = ADVANCED_FACE('',(#9630),#9698,.T.);
#9630 = FACE_BOUND('',#9631,.T.);
#9631 = EDGE_LOOP('',(#9632,#9647,#9684,#9697));
#9632 = ORIENTED_EDGE('',*,*,#9633,.T.);
#9633 = EDGE_CURVE('',#9410,#9634,#9636,.T.);
#9634 = VERTEX_POINT('',#9635);
#9635 = CARTESIAN_POINT('',(2.597759065023,-0.76536686473,2.105151982969
    ));
#9636 = B_SPLINE_CURVE_WITH_KNOTS('',5,(#9637,#9638,#9639,#9640,#9641,
    #9642,#9643,#9644,#9645,#9646),.UNSPECIFIED.,.F.,.F.,(6,4,6),(0.,0.5
    ,1.),.UNSPECIFIED.);
#9637 = CARTESIAN_POINT('',(2.548002150484,-0.744756875906,
    1.933648701541));
#9638 = CARTESIAN_POINT('',(2.557511621058,-0.748695827589,
    1.948421302705));
#9639 = CARTESIAN_POINT('',(2.566095436326,-0.75225136029,1.964118435551
    ));
#9640 = CARTESIAN_POINT('',(2.573609233099,-0.755363676818,1.98061491248
    ));
#9641 = CARTESIAN_POINT('',(2.579938885932,-0.757985504867,
    1.997732374146));
#9642 = CARTESIAN_POINT('',(2.590115953026,-0.762200984082,
    2.032810923891));
#9643 = CARTESIAN_POINT('',(2.593963389687,-0.763794644528,
    2.050772089184));
#9644 = CARTESIAN_POINT('',(2.59651128182,-0.764850016005,2.068956473802
    ));
#9645 = CARTESIAN_POINT('',(2.597759064388,-0.765366864467,2.08714711929
    ));
#9646 = CARTESIAN_POINT('',(2.597759065023,-0.76536686473,2.105151982969
    ));
#9647 = ORIENTED_EDGE('',*,*,#9648,.T.);
#9648 = EDGE_CURVE('',#9634,#9649,#9651,.T.);
#9649 = VERTEX_POINT('',#9650);
#9650 = CARTESIAN_POINT('',(2.597759065023,0.76536686473,2.105151982969)
  );
#9651 = B_SPLINE_CURVE_WITH_KNOTS('',11,(#9652,#9653,#9654,#9655,#9656,
    #9657,#9658,#9659,#9660,#9661,#9662,#9663,#9664,#9665,#9666,#9667,
    #9668,#9669,#9670,#9671,#9672,#9673,#9674,#9675,#9676,#9677,#9678,
    #9679,#9680,#9681,#9682,#9683),.UNSPECIFIED.,.F.,.F.,(12,10,10,12),(
    -0.468492513267,5.091285976473E-15,10.995574287564,11.464066800831),
  .UNSPECIFIED.);
#9652 = CARTESIAN_POINT('',(2.777043388037,-0.332536220588,
    2.105151982969));
#9653 = CARTESIAN_POINT('',(2.760631863684,-0.372157145261,
    2.105151982969));
#9654 = CARTESIAN_POINT('',(2.744242929237,-0.411723533074,
    2.105151982969));
#9655 = CARTESIAN_POINT('',(2.727876584698,-0.451235384028,
    2.105151982969));
#9656 = CARTESIAN_POINT('',(2.711532830065,-0.490692698123,
    2.105151982969));
#9657 = CARTESIAN_POINT('',(2.695211665339,-0.530095475358,
    2.105151982969));
#9658 = CARTESIAN_POINT('',(2.678913090519,-0.569443715735,
    2.105151982969));
#9659 = CARTESIAN_POINT('',(2.662637105607,-0.608737419252,
    2.105151982969));
#9660 = CARTESIAN_POINT('',(2.6463837106,-0.64797658591,2.105151982969)
  );
#9661 = CARTESIAN_POINT('',(2.630152905501,-0.68716121571,2.105151982969
    ));
#9662 = CARTESIAN_POINT('',(2.613944690308,-0.726291308649,
    2.105151982969));
#9663 = CARTESIAN_POINT('',(2.217880539364,-1.68247475343,2.105151982969
    ));
#9664 = CARTESIAN_POINT('',(1.332069001997,-2.407558979589,
    2.105152054123));
#9665 = CARTESIAN_POINT('',(3.468400955691E-02,-2.605971283044,
    2.105151836482));
#9666 = CARTESIAN_POINT('',(-1.230593039019,-2.00540800032,
    2.105152142515));
#9667 = CARTESIAN_POINT('',(-2.120922646805,-0.84788876792,
    2.105151915692));
#9668 = CARTESIAN_POINT('',(-2.120922646798,0.84788876792,2.10515191569)
  );
#9669 = CARTESIAN_POINT('',(-1.230593039024,2.005408000319,
    2.105152142517));
#9670 = CARTESIAN_POINT('',(3.468400955946E-02,2.605971283045,
    2.105151836481));
#9671 = CARTESIAN_POINT('',(1.332069001996,2.407558979589,2.105152054123
    ));
#9672 = CARTESIAN_POINT('',(2.217880539364,1.68247475343,2.105151982969)
  );
#9673 = CARTESIAN_POINT('',(2.613944690308,0.726291308649,2.105151982969
    ));
#9674 = CARTESIAN_POINT('',(2.630152905501,0.68716121571,2.105151982969)
  );
#9675 = CARTESIAN_POINT('',(2.6463837106,0.64797658591,2.105151982969));
#9676 = CARTESIAN_POINT('',(2.662637105606,0.608737419252,2.105151982969
    ));
#9677 = CARTESIAN_POINT('',(2.678913090519,0.569443715735,2.105151982969
    ));
#9678 = CARTESIAN_POINT('',(2.695211665339,0.530095475358,2.105151982969
    ));
#9679 = CARTESIAN_POINT('',(2.711532830065,0.490692698123,2.105151982969
    ));
#9680 = CARTESIAN_POINT('',(2.727876584698,0.451235384028,2.105151982969
    ));
#9681 = CARTESIAN_POINT('',(2.744242929237,0.411723533074,2.105151982969
    ));
#9682 = CARTESIAN_POINT('',(2.760631863684,0.372157145261,2.105151982969
    ));
#9683 = CARTESIAN_POINT('',(2.777043388037,0.332536220588,2.105151982969
    ));
#9684 = ORIENTED_EDGE('',*,*,#9685,.F.);
#9685 = EDGE_CURVE('',#9420,#9649,#9686,.T.);
#9686 = B_SPLINE_CURVE_WITH_KNOTS('',5,(#9687,#9688,#9689,#9690,#9691,
    #9692,#9693,#9694,#9695,#9696),.UNSPECIFIED.,.F.,.F.,(6,4,6),(0.,0.5
    ,1.),.UNSPECIFIED.);
#9687 = CARTESIAN_POINT('',(2.548002150484,0.744756875906,1.933648701541
    ));
#9688 = CARTESIAN_POINT('',(2.557511621058,0.748695827589,1.948421302705
    ));
#9689 = CARTESIAN_POINT('',(2.566095436326,0.75225136029,1.964118435551)
  );
#9690 = CARTESIAN_POINT('',(2.573609233099,0.755363676818,1.98061491248)
  );
#9691 = CARTESIAN_POINT('',(2.579938885932,0.757985504867,1.997732374146
    ));
#9692 = CARTESIAN_POINT('',(2.590115953026,0.762200984082,2.032810923891
    ));
#9693 = CARTESIAN_POINT('',(2.593963389687,0.763794644528,2.050772089184
    ));
#9694 = CARTESIAN_POINT('',(2.59651128182,0.764850016005,2.068956473802)
  );
#9695 = CARTESIAN_POINT('',(2.597759064388,0.765366864467,2.08714711929)
  );
#9696 = CARTESIAN_POINT('',(2.597759065023,0.76536686473,2.105151982969)
  );
#9697 = ORIENTED_EDGE('',*,*,#9428,.F.);
#9698 = ( BOUNDED_SURFACE() B_SPLINE_SURFACE(2,11,(
    (#9699,#9700,#9701,#9702,#9703,#9704,#9705,#9706,#9707,#9708,#9709
      ,#9710,#9711,#9712,#9713,#9714,#9715,#9716,#9717,#9718,#9719,#9720
      ,#9721,#9722,#9723,#9724,#9725,#9726,#9727,#9728,#9729,#9730)
    ,(#9731,#9732,#9733,#9734,#9735,#9736,#9737,#9738,#9739,#9740,#9741
      ,#9742,#9743,#9744,#9745,#9746,#9747,#9748,#9749,#9750,#9751,#9752
      ,#9753,#9754,#9755,#9756,#9757,#9758,#9759,#9760,#9761,#9762)
    ,(#9763,#9764,#9765,#9766,#9767,#9768,#9769,#9770,#9771,#9772,#9773
      ,#9774,#9775,#9776,#9777,#9778,#9779,#9780,#9781,#9782,#9783,#9784
      ,#9785,#9786,#9787,#9788,#9789,#9790,#9791,#9792,#9793,#9794
)),.UNSPECIFIED.,.F.,.F.,.F.) B_SPLINE_SURFACE_WITH_KNOTS((3,3),(12,10,
    10,12),(0.,10.995574287564),(-0.468492513267,5.091285976473E-15,
    10.995574287564,11.464066800831),.UNSPECIFIED.) 
GEOMETRIC_REPRESENTATION_ITEM() RATIONAL_B_SPLINE_SURFACE((
    (1.,1.,1.,1.,1.,1.,1.,1.,1.,1.,1.,1.,1.,1.,1.,1.,1.,1.,1.,1.,1.,1.
      ,1.,1.,1.,1.,1.,1.,1.,1.,1.,1.)
    ,(0.954064553889,0.954064553889,0.954064553889,0.954064553889
      ,0.954064553889,0.954064553889,0.954064553889,0.954064553889
      ,0.954064553889,0.954064553889,0.954064553889,0.954064553889
      ,0.954064495284,0.954064674543,0.954064422479,0.954064609303
      ,0.954064609302,0.954064422479,0.954064674542,0.954064495284
      ,0.954064553889,0.954064553889,0.954064553889,0.954064553889
      ,0.954064553889,0.954064553889,0.954064553889,0.954064553889
      ,0.954064553889,0.954064553889,0.954064553889,0.954064553889)
    ,(1.,1.,1.,1.,1.,1.,1.,1.,1.,1.,1.,1.,1.,1.,1.,1.,1.,1.,1.,1.,1.,1.
,1.,1.,1.,1.,1.,1.,1.,1.,1.,1.))) REPRESENTATION_ITEM('') SURFACE() );
#9699 = CARTESIAN_POINT('',(2.727286473498,-0.311926231765,
    1.933648701541));
#9700 = CARTESIAN_POINT('',(2.710439098611,-0.352599392706,
    1.933648701541));
#9701 = CARTESIAN_POINT('',(2.693701483738,-0.393007569534,
    1.933648701541));
#9702 = CARTESIAN_POINT('',(2.677073628879,-0.433150762249,
    1.933648701541));
#9703 = CARTESIAN_POINT('',(2.660555534032,-0.473028970852,
    1.933648701541));
#9704 = CARTESIAN_POINT('',(2.6441471992,-0.512642195341,1.933648701541)
  );
#9705 = CARTESIAN_POINT('',(2.62784862438,-0.551990435718,1.933648701541
    ));
#9706 = CARTESIAN_POINT('',(2.611659809574,-0.591073691981,
    1.933648701541));
#9707 = CARTESIAN_POINT('',(2.595580754781,-0.629891964132,
    1.933648701541));
#9708 = CARTESIAN_POINT('',(2.579611460002,-0.66844525217,1.933648701541
    ));
#9709 = CARTESIAN_POINT('',(2.563751925236,-0.706733556095,
    1.933648701541));
#9710 = CARTESIAN_POINT('',(2.178353088013,-1.637168655841,
    1.933648701541));
#9711 = CARTESIAN_POINT('',(1.316325343396,-2.342881144811,
    1.933648676398));
#9712 = CARTESIAN_POINT('',(5.378576928097E-02,-2.535487417583,
    1.933648753304));
#9713 = CARTESIAN_POINT('',(-1.176753241249,-1.951550860571,
    1.933648645162));
#9714 = CARTESIAN_POINT('',(-2.043910530247,-0.825355168886,
    1.933648725315));
#9715 = CARTESIAN_POINT('',(-2.043910530243,0.825355168886,
    1.933648725313));
#9716 = CARTESIAN_POINT('',(-1.176753241251,1.95155086057,1.933648645164
    ));
#9717 = CARTESIAN_POINT('',(5.378576928236E-02,2.535487417583,
    1.933648753303));
#9718 = CARTESIAN_POINT('',(1.316325343396,2.342881144811,1.933648676398
    ));
#9719 = CARTESIAN_POINT('',(2.178353088013,1.637168655841,1.933648701541
    ));
#9720 = CARTESIAN_POINT('',(2.563751925236,0.706733556095,1.933648701541
    ));
#9721 = CARTESIAN_POINT('',(2.579611460002,0.66844525217,1.933648701541)
  );
#9722 = CARTESIAN_POINT('',(2.595580754781,0.629891964132,1.933648701541
    ));
#9723 = CARTESIAN_POINT('',(2.611659809574,0.591073691981,1.933648701541
    ));
#9724 = CARTESIAN_POINT('',(2.62784862438,0.551990435718,1.933648701541)
  );
#9725 = CARTESIAN_POINT('',(2.6441471992,0.512642195341,1.933648701541)
  );
#9726 = CARTESIAN_POINT('',(2.660555534032,0.473028970852,1.933648701541
    ));
#9727 = CARTESIAN_POINT('',(2.677073628879,0.433150762249,1.933648701541
    ));
#9728 = CARTESIAN_POINT('',(2.693701483738,0.393007569534,1.933648701541
    ));
#9729 = CARTESIAN_POINT('',(2.710439098611,0.352599392706,1.933648701541
    ));
#9730 = CARTESIAN_POINT('',(2.727286473498,0.311926231765,1.933648701541
    ));
#9731 = CARTESIAN_POINT('',(2.777043388037,-0.332536220588,
    2.010944171156));
#9732 = CARTESIAN_POINT('',(2.760631863684,-0.372157145261,
    2.010944171156));
#9733 = CARTESIAN_POINT('',(2.744242929237,-0.411723533074,
    2.010944171156));
#9734 = CARTESIAN_POINT('',(2.727876584698,-0.451235384028,
    2.010944171156));
#9735 = CARTESIAN_POINT('',(2.711532830065,-0.490692698123,
    2.010944171156));
#9736 = CARTESIAN_POINT('',(2.695211665339,-0.530095475358,
    2.010944171156));
#9737 = CARTESIAN_POINT('',(2.678913090519,-0.569443715735,
    2.010944171156));
#9738 = CARTESIAN_POINT('',(2.662637105607,-0.608737419252,
    2.010944171156));
#9739 = CARTESIAN_POINT('',(2.6463837106,-0.64797658591,2.010944171156)
  );
#9740 = CARTESIAN_POINT('',(2.630152905501,-0.68716121571,2.010944171156
    ));
#9741 = CARTESIAN_POINT('',(2.613944690308,-0.726291308649,
    2.010944171156));
#9742 = CARTESIAN_POINT('',(2.217880539364,-1.68247475343,2.010944171156
    ));
#9743 = CARTESIAN_POINT('',(1.332068980132,-2.407559101995,
    2.010944177839));
#9744 = CARTESIAN_POINT('',(3.468419931988E-02,-2.605970766174,
    2.010944157396));
#9745 = CARTESIAN_POINT('',(-1.230593382663,-2.005409013612,
    2.010944186142));
#9746 = CARTESIAN_POINT('',(-2.120922454897,-0.847887430068,
    2.010944164836));
#9747 = CARTESIAN_POINT('',(-2.120922454891,0.847887430068,
    2.010944164836));
#9748 = CARTESIAN_POINT('',(-1.230593382668,2.00540901361,2.010944186142
    ));
#9749 = CARTESIAN_POINT('',(3.4684199323E-02,2.605970766175,
    2.010944157396));
#9750 = CARTESIAN_POINT('',(1.33206898013,2.407559101995,2.010944177839)
  );
#9751 = CARTESIAN_POINT('',(2.217880539364,1.68247475343,2.010944171156)
  );
#9752 = CARTESIAN_POINT('',(2.613944690308,0.726291308649,2.010944171156
    ));
#9753 = CARTESIAN_POINT('',(2.630152905501,0.68716121571,2.010944171156)
  );
#9754 = CARTESIAN_POINT('',(2.6463837106,0.64797658591,2.010944171156));
#9755 = CARTESIAN_POINT('',(2.662637105606,0.608737419252,2.010944171156
    ));
#9756 = CARTESIAN_POINT('',(2.678913090519,0.569443715735,2.010944171156
    ));
#9757 = CARTESIAN_POINT('',(2.695211665339,0.530095475358,2.010944171156
    ));
#9758 = CARTESIAN_POINT('',(2.711532830065,0.490692698123,2.010944171156
    ));
#9759 = CARTESIAN_POINT('',(2.727876584698,0.451235384028,2.010944171156
    ));
#9760 = CARTESIAN_POINT('',(2.744242929237,0.411723533074,2.010944171156
    ));
#9761 = CARTESIAN_POINT('',(2.760631863684,0.372157145261,2.010944171156
    ));
#9762 = CARTESIAN_POINT('',(2.777043388037,0.332536220588,2.010944171156
    ));
#9763 = CARTESIAN_POINT('',(2.777043388037,-0.332536220588,
    2.105151982969));
#9764 = CARTESIAN_POINT('',(2.760631863684,-0.372157145261,
    2.105151982969));
#9765 = CARTESIAN_POINT('',(2.744242929237,-0.411723533074,
    2.105151982969));
#9766 = CARTESIAN_POINT('',(2.727876584698,-0.451235384028,
    2.105151982969));
#9767 = CARTESIAN_POINT('',(2.711532830065,-0.490692698123,
    2.105151982969));
#9768 = CARTESIAN_POINT('',(2.695211665339,-0.530095475358,
    2.105151982969));
#9769 = CARTESIAN_POINT('',(2.678913090519,-0.569443715735,
    2.105151982969));
#9770 = CARTESIAN_POINT('',(2.662637105607,-0.608737419252,
    2.105151982969));
#9771 = CARTESIAN_POINT('',(2.6463837106,-0.64797658591,2.105151982969)
  );
#9772 = CARTESIAN_POINT('',(2.630152905501,-0.68716121571,2.105151982969
    ));
#9773 = CARTESIAN_POINT('',(2.613944690308,-0.726291308649,
    2.105151982969));
#9774 = CARTESIAN_POINT('',(2.217880539364,-1.68247475343,2.105151982969
    ));
#9775 = CARTESIAN_POINT('',(1.332069001997,-2.407558979589,
    2.105152054123));
#9776 = CARTESIAN_POINT('',(3.468400955691E-02,-2.605971283044,
    2.105151836482));
#9777 = CARTESIAN_POINT('',(-1.230593039019,-2.00540800032,
    2.105152142515));
#9778 = CARTESIAN_POINT('',(-2.120922646805,-0.84788876792,
    2.105151915692));
#9779 = CARTESIAN_POINT('',(-2.120922646798,0.84788876792,2.10515191569)
  );
#9780 = CARTESIAN_POINT('',(-1.230593039024,2.005408000319,
    2.105152142517));
#9781 = CARTESIAN_POINT('',(3.468400955946E-02,2.605971283045,
    2.105151836481));
#9782 = CARTESIAN_POINT('',(1.332069001996,2.407558979589,2.105152054123
    ));
#9783 = CARTESIAN_POINT('',(2.217880539364,1.68247475343,2.105151982969)
  );
#9784 = CARTESIAN_POINT('',(2.613944690308,0.726291308649,2.105151982969
    ));
#9785 = CARTESIAN_POINT('',(2.630152905501,0.68716121571,2.105151982969)
  );
#9786 = CARTESIAN_POINT('',(2.6463837106,0.64797658591,2.105151982969));
#9787 = CARTESIAN_POINT('',(2.662637105606,0.608737419252,2.105151982969
    ));
#9788 = CARTESIAN_POINT('',(2.678913090519,0.569443715735,2.105151982969
    ));
#9789 = CARTESIAN_POINT('',(2.695211665339,0.530095475358,2.105151982969
    ));
#9790 = CARTESIAN_POINT('',(2.711532830065,0.490692698123,2.105151982969
    ));
#9791 = CARTESIAN_POINT('',(2.727876584698,0.451235384028,2.105151982969
    ));
#9792 = CARTESIAN_POINT('',(2.744242929237,0.411723533074,2.105151982969
    ));
#9793 = CARTESIAN_POINT('',(2.760631863684,0.372157145261,2.105151982969
    ));
#9794 = CARTESIAN_POINT('',(2.777043388037,0.332536220588,2.105151982969
    ));
#9795 = ADVANCED_FACE('',(#9796),#9815,.F.);
#9796 = FACE_BOUND('',#9797,.F.);
#9797 = EDGE_LOOP('',(#9798,#9799,#9800,#9801));
#9798 = ORIENTED_EDGE('',*,*,#9549,.F.);
#9799 = ORIENTED_EDGE('',*,*,#9478,.T.);
#9800 = ORIENTED_EDGE('',*,*,#9582,.T.);
#9801 = ORIENTED_EDGE('',*,*,#9802,.F.);
#9802 = EDGE_CURVE('',#9532,#9583,#9803,.T.);
#9803 = B_SPLINE_CURVE_WITH_KNOTS('',4,(#9804,#9805,#9806,#9807,#9808,
    #9809,#9810,#9811,#9812,#9813,#9814),.UNSPECIFIED.,.F.,.F.,(5,3,3,5)
  ,(-9.553077572578E-02,-1.079746146774E-07,1.570796434769,
    1.666326955105),.UNSPECIFIED.);
#9804 = CARTESIAN_POINT('',(2.511444147266,0.833015703271,1.933648701541
    ));
#9805 = CARTESIAN_POINT('',(2.520829761858,0.810356825185,1.933648701541
    ));
#9806 = CARTESIAN_POINT('',(2.530051300683,0.788094061041,1.933648701541
    ));
#9807 = CARTESIAN_POINT('',(2.539108763741,0.76622741084,1.933648701541)
  );
#9808 = CARTESIAN_POINT('',(2.694234793798,0.39172004442,1.933648701541)
  );
#9809 = CARTESIAN_POINT('',(2.748066229427,5.781419779582E-07,
    1.933648701541));
#9810 = CARTESIAN_POINT('',(2.694235078699,-0.391719356608,
    1.933648701541));
#9811 = CARTESIAN_POINT('',(2.539108760138,-0.766227419539,
    1.933648701541));
#9812 = CARTESIAN_POINT('',(2.530051295879,-0.78809407264,1.933648701541
    ));
#9813 = CARTESIAN_POINT('',(2.520829758255,-0.810356833884,
    1.933648701541));
#9814 = CARTESIAN_POINT('',(2.511444147266,-0.833015703271,
    1.933648701541));
#9815 = SURFACE_OF_REVOLUTION('',#9816,#9821);
#9816 = CIRCLE('',#9817,0.583630876496);
#9817 = AXIS2_PLACEMENT_3D('',#9818,#9819,#9820);
#9818 = CARTESIAN_POINT('',(2.99040786634,0.928007323485,1.6));
#9819 = DIRECTION('',(-0.382683432365,0.923879532511,0.));
#9820 = DIRECTION('',(-0.672769068824,-0.278670072652,-0.685364699005));
#9821 = AXIS1_PLACEMENT('',#9822,#9823);
#9822 = CARTESIAN_POINT('',(0.75,0.,0.));
#9823 = DIRECTION('',(0.,0.,-1.));
#9824 = ADVANCED_FACE('',(#9825),#9858,.T.);
#9825 = FACE_BOUND('',#9826,.T.);
#9826 = EDGE_LOOP('',(#9827,#9828,#9829,#9845));
#9827 = ORIENTED_EDGE('',*,*,#9531,.F.);
#9828 = ORIENTED_EDGE('',*,*,#9685,.T.);
#9829 = ORIENTED_EDGE('',*,*,#9830,.T.);
#9830 = EDGE_CURVE('',#9649,#9831,#9833,.T.);
#9831 = VERTEX_POINT('',#9832);
#9832 = CARTESIAN_POINT('',(2.734308541207,0.25,2.105151982969));
#9833 = B_SPLINE_CURVE_WITH_KNOTS('',4,(#9834,#9835,#9836,#9837,#9838,
    #9839,#9840,#9841,#9842,#9843,#9844),.UNSPECIFIED.,.F.,.F.,(5,3,3,5)
  ,(-9.553077572578E-02,-1.079746146774E-07,1.570796434769,
    1.666326955105),.UNSPECIFIED.);
#9834 = CARTESIAN_POINT('',(2.561201060562,0.853625694727,2.105151982969
    ));
#9835 = CARTESIAN_POINT('',(2.570340564306,0.831560980883,2.105151982969
    ));
#9836 = CARTESIAN_POINT('',(2.579480066203,0.809496271496,2.105151982969
    ));
#9837 = CARTESIAN_POINT('',(2.588619566254,0.787431566566,2.105151982969
    ));
#9838 = CARTESIAN_POINT('',(2.748038472327,0.402560282228,2.105151982969
    ));
#9839 = CARTESIAN_POINT('',(2.803359617628,6.446181541886E-07,
    2.105151982969));
#9840 = CARTESIAN_POINT('',(2.748038749757,-0.402559612452,
    2.105151982969));
#9841 = CARTESIAN_POINT('',(2.588619563485,-0.787431573251,
    2.105151982969));
#9842 = CARTESIAN_POINT('',(2.579480062511,-0.809496280409,
    2.105151982969));
#9843 = CARTESIAN_POINT('',(2.570340561537,-0.831560987568,
    2.105151982969));
#9844 = CARTESIAN_POINT('',(2.561201060562,-0.853625694727,
    2.105151982969));
#9845 = ORIENTED_EDGE('',*,*,#9846,.T.);
#9846 = EDGE_CURVE('',#9831,#9532,#9847,.T.);
#9847 = B_SPLINE_CURVE_WITH_KNOTS('',5,(#9848,#9849,#9850,#9851,#9852,
    #9853,#9854,#9855,#9856,#9857),.UNSPECIFIED.,.F.,.F.,(6,4,6),(0.,
    0.484581097565,1.),.UNSPECIFIED.);
#9848 = CARTESIAN_POINT('',(2.734308541207,0.25,2.105151982969));
#9849 = CARTESIAN_POINT('',(2.734308540536,0.25,2.087700438552));
#9850 = CARTESIAN_POINT('',(2.733029639553,0.25,2.070074347099));
#9851 = CARTESIAN_POINT('',(2.730419925796,0.25,2.052448835701));
#9852 = CARTESIAN_POINT('',(2.726478217551,0.25,2.035021003358));
#9853 = CARTESIAN_POINT('',(2.715708001377,0.25,1.999839851998));
#9854 = CARTESIAN_POINT('',(2.708711750769,0.25,1.982136294367));
#9855 = CARTESIAN_POINT('',(2.700334439418,0.25,1.965081845196));
#9856 = CARTESIAN_POINT('',(2.690711170774,0.25,1.948873725552));
#9857 = CARTESIAN_POINT('',(2.680014330522,0.25,1.933648701541));
#9858 = ( BOUNDED_SURFACE() B_SPLINE_SURFACE(2,4,(
    (#9859,#9860,#9861,#9862,#9863,#9864,#9865,#9866,#9867,#9868,#9869)
    ,(#9870,#9871,#9872,#9873,#9874,#9875,#9876,#9877,#9878,#9879,#9880)
    ,(#9881,#9882,#9883,#9884,#9885,#9886,#9887,#9888,#9889,#9890,#9891
)),.UNSPECIFIED.,.F.,.F.,.F.) B_SPLINE_SURFACE_WITH_KNOTS((3,3),(5,3,3,5
    ),(0.,1.570796542744),(-9.553077572578E-02,-1.079746146774E-07,
    1.570796434769,1.666326955105),.UNSPECIFIED.) 
GEOMETRIC_REPRESENTATION_ITEM() RATIONAL_B_SPLINE_SURFACE((
    (1.,1.,1.,1.,1.,1.,1.,1.,1.,1.,1.)
    ,(0.954064553889,0.954064553889,0.954064553889,0.954064553889
      ,0.954064553889,0.954064553889,0.954064553889,0.954064553889
      ,0.954064553889,0.954064553889,0.954064553889)
,(1.,1.,1.,1.,1.,1.,1.,1.,1.,1.,1.
  ))) REPRESENTATION_ITEM('') SURFACE() );
#9859 = CARTESIAN_POINT('',(2.511444147266,0.833015703271,1.933648701541
    ));
#9860 = CARTESIAN_POINT('',(2.520829761858,0.810356825185,1.933648701541
    ));
#9861 = CARTESIAN_POINT('',(2.530051300683,0.788094061041,1.933648701541
    ));
#9862 = CARTESIAN_POINT('',(2.539108763741,0.76622741084,1.933648701541)
  );
#9863 = CARTESIAN_POINT('',(2.694234793798,0.39172004442,1.933648701541)
  );
#9864 = CARTESIAN_POINT('',(2.748066229427,5.781419779582E-07,
    1.933648701541));
#9865 = CARTESIAN_POINT('',(2.694235078699,-0.391719356608,
    1.933648701541));
#9866 = CARTESIAN_POINT('',(2.539108760138,-0.766227419539,
    1.933648701541));
#9867 = CARTESIAN_POINT('',(2.530051295879,-0.78809407264,1.933648701541
    ));
#9868 = CARTESIAN_POINT('',(2.520829758255,-0.810356833884,
    1.933648701541));
#9869 = CARTESIAN_POINT('',(2.511444147266,-0.833015703271,
    1.933648701541));
#9870 = CARTESIAN_POINT('',(2.561201060562,0.853625694727,2.010944171156
    ));
#9871 = CARTESIAN_POINT('',(2.570340564306,0.831560980883,2.010944171156
    ));
#9872 = CARTESIAN_POINT('',(2.579480066203,0.809496271496,2.010944171156
    ));
#9873 = CARTESIAN_POINT('',(2.588619566254,0.787431566566,2.010944171156
    ));
#9874 = CARTESIAN_POINT('',(2.748038472327,0.402560282228,2.010944171156
    ));
#9875 = CARTESIAN_POINT('',(2.803359617628,6.446181521902E-07,
    2.010944171156));
#9876 = CARTESIAN_POINT('',(2.748038749757,-0.402559612452,
    2.010944171156));
#9877 = CARTESIAN_POINT('',(2.588619563485,-0.787431573251,
    2.010944171156));
#9878 = CARTESIAN_POINT('',(2.579480062511,-0.809496280409,
    2.010944171156));
#9879 = CARTESIAN_POINT('',(2.570340561537,-0.831560987568,
    2.010944171156));
#9880 = CARTESIAN_POINT('',(2.561201060562,-0.853625694727,
    2.010944171156));
#9881 = CARTESIAN_POINT('',(2.561201060562,0.853625694727,2.105151982969
    ));
#9882 = CARTESIAN_POINT('',(2.570340564306,0.831560980883,2.105151982969
    ));
#9883 = CARTESIAN_POINT('',(2.579480066203,0.809496271496,2.105151982969
    ));
#9884 = CARTESIAN_POINT('',(2.588619566254,0.787431566566,2.105151982969
    ));
#9885 = CARTESIAN_POINT('',(2.748038472327,0.402560282228,2.105151982969
    ));
#9886 = CARTESIAN_POINT('',(2.803359617628,6.446181541886E-07,
    2.105151982969));
#9887 = CARTESIAN_POINT('',(2.748038749757,-0.402559612452,
    2.105151982969));
#9888 = CARTESIAN_POINT('',(2.588619563485,-0.787431573251,
    2.105151982969));
#9889 = CARTESIAN_POINT('',(2.579480062511,-0.809496280409,
    2.105151982969));
#9890 = CARTESIAN_POINT('',(2.570340561537,-0.831560987568,
    2.105151982969));
#9891 = CARTESIAN_POINT('',(2.561201060562,-0.853625694727,
    2.105151982969));
#9892 = ADVANCED_FACE('',(#9893),#9926,.T.);
#9893 = FACE_BOUND('',#9894,.T.);
#9894 = EDGE_LOOP('',(#9895,#9896,#9911,#9925));
#9895 = ORIENTED_EDGE('',*,*,#9607,.F.);
#9896 = ORIENTED_EDGE('',*,*,#9897,.F.);
#9897 = EDGE_CURVE('',#9898,#9583,#9900,.T.);
#9898 = VERTEX_POINT('',#9899);
#9899 = CARTESIAN_POINT('',(2.734308529836,-0.25,2.105151982969));
#9900 = B_SPLINE_CURVE_WITH_KNOTS('',5,(#9901,#9902,#9903,#9904,#9905,
    #9906,#9907,#9908,#9909,#9910),.UNSPECIFIED.,.F.,.F.,(6,4,6),(0.,
    0.484581098031,1.),.UNSPECIFIED.);
#9901 = CARTESIAN_POINT('',(2.734308529836,-0.25,2.105151982969));
#9902 = CARTESIAN_POINT('',(2.734308529165,-0.25,2.087700438559));
#9903 = CARTESIAN_POINT('',(2.733029628323,-0.25,2.070074347114));
#9904 = CARTESIAN_POINT('',(2.730419914853,-0.25,2.052448835721));
#9905 = CARTESIAN_POINT('',(2.726478207039,-0.25,2.035021003376));
#9906 = CARTESIAN_POINT('',(2.715707992052,-0.25,1.999839852029));
#9907 = CARTESIAN_POINT('',(2.708711742223,-0.25,1.982136294411));
#9908 = CARTESIAN_POINT('',(2.700334431803,-0.25,1.965081845237));
#9909 = CARTESIAN_POINT('',(2.690711164226,-0.25,1.948873725578));
#9910 = CARTESIAN_POINT('',(2.680014325157,-0.25,1.933648701541));
#9911 = ORIENTED_EDGE('',*,*,#9912,.T.);
#9912 = EDGE_CURVE('',#9898,#9634,#9913,.T.);
#9913 = B_SPLINE_CURVE_WITH_KNOTS('',4,(#9914,#9915,#9916,#9917,#9918,
    #9919,#9920,#9921,#9922,#9923,#9924),.UNSPECIFIED.,.F.,.F.,(5,3,3,5)
  ,(-9.553077572578E-02,-1.079746146774E-07,1.570796434769,
    1.666326955105),.UNSPECIFIED.);
#9914 = CARTESIAN_POINT('',(2.561201060562,0.853625694727,2.105151982969
    ));
#9915 = CARTESIAN_POINT('',(2.570340564306,0.831560980883,2.105151982969
    ));
#9916 = CARTESIAN_POINT('',(2.579480066203,0.809496271496,2.105151982969
    ));
#9917 = CARTESIAN_POINT('',(2.588619566254,0.787431566566,2.105151982969
    ));
#9918 = CARTESIAN_POINT('',(2.748038472327,0.402560282228,2.105151982969
    ));
#9919 = CARTESIAN_POINT('',(2.803359617628,6.446181541886E-07,
    2.105151982969));
#9920 = CARTESIAN_POINT('',(2.748038749757,-0.402559612452,
    2.105151982969));
#9921 = CARTESIAN_POINT('',(2.588619563485,-0.787431573251,
    2.105151982969));
#9922 = CARTESIAN_POINT('',(2.579480062511,-0.809496280409,
    2.105151982969));
#9923 = CARTESIAN_POINT('',(2.570340561537,-0.831560987568,
    2.105151982969));
#9924 = CARTESIAN_POINT('',(2.561201060562,-0.853625694727,
    2.105151982969));
#9925 = ORIENTED_EDGE('',*,*,#9633,.F.);
#9926 = ( BOUNDED_SURFACE() B_SPLINE_SURFACE(2,4,(
    (#9927,#9928,#9929,#9930,#9931,#9932,#9933,#9934,#9935,#9936,#9937)
    ,(#9938,#9939,#9940,#9941,#9942,#9943,#9944,#9945,#9946,#9947,#9948)
    ,(#9949,#9950,#9951,#9952,#9953,#9954,#9955,#9956,#9957,#9958,#9959
)),.UNSPECIFIED.,.F.,.F.,.F.) B_SPLINE_SURFACE_WITH_KNOTS((3,3),(5,3,3,5
    ),(0.,1.570796542744),(-9.553077572578E-02,-1.079746146774E-07,
    1.570796434769,1.666326955105),.UNSPECIFIED.) 
GEOMETRIC_REPRESENTATION_ITEM() RATIONAL_B_SPLINE_SURFACE((
    (1.,1.,1.,1.,1.,1.,1.,1.,1.,1.,1.)
    ,(0.954064553889,0.954064553889,0.954064553889,0.954064553889
      ,0.954064553889,0.954064553889,0.954064553889,0.954064553889
      ,0.954064553889,0.954064553889,0.954064553889)
,(1.,1.,1.,1.,1.,1.,1.,1.,1.,1.,1.
  ))) REPRESENTATION_ITEM('') SURFACE() );
#9927 = CARTESIAN_POINT('',(2.511444147266,0.833015703271,1.933648701541
    ));
#9928 = CARTESIAN_POINT('',(2.520829761858,0.810356825185,1.933648701541
    ));
#9929 = CARTESIAN_POINT('',(2.530051300683,0.788094061041,1.933648701541
    ));
#9930 = CARTESIAN_POINT('',(2.539108763741,0.76622741084,1.933648701541)
  );
#9931 = CARTESIAN_POINT('',(2.694234793798,0.39172004442,1.933648701541)
  );
#9932 = CARTESIAN_POINT('',(2.748066229427,5.781419779582E-07,
    1.933648701541));
#9933 = CARTESIAN_POINT('',(2.694235078699,-0.391719356608,
    1.933648701541));
#9934 = CARTESIAN_POINT('',(2.539108760138,-0.766227419539,
    1.933648701541));
#9935 = CARTESIAN_POINT('',(2.530051295879,-0.78809407264,1.933648701541
    ));
#9936 = CARTESIAN_POINT('',(2.520829758255,-0.810356833884,
    1.933648701541));
#9937 = CARTESIAN_POINT('',(2.511444147266,-0.833015703271,
    1.933648701541));
#9938 = CARTESIAN_POINT('',(2.561201060562,0.853625694727,2.010944171156
    ));
#9939 = CARTESIAN_POINT('',(2.570340564306,0.831560980883,2.010944171156
    ));
#9940 = CARTESIAN_POINT('',(2.579480066203,0.809496271496,2.010944171156
    ));
#9941 = CARTESIAN_POINT('',(2.588619566254,0.787431566566,2.010944171156
    ));
#9942 = CARTESIAN_POINT('',(2.748038472327,0.402560282228,2.010944171156
    ));
#9943 = CARTESIAN_POINT('',(2.803359617628,6.446181521902E-07,
    2.010944171156));
#9944 = CARTESIAN_POINT('',(2.748038749757,-0.402559612452,
    2.010944171156));
#9945 = CARTESIAN_POINT('',(2.588619563485,-0.787431573251,
    2.010944171156));
#9946 = CARTESIAN_POINT('',(2.579480062511,-0.809496280409,
    2.010944171156));
#9947 = CARTESIAN_POINT('',(2.570340561537,-0.831560987568,
    2.010944171156));
#9948 = CARTESIAN_POINT('',(2.561201060562,-0.853625694727,
    2.010944171156));
#9949 = CARTESIAN_POINT('',(2.561201060562,0.853625694727,2.105151982969
    ));
#9950 = CARTESIAN_POINT('',(2.570340564306,0.831560980883,2.105151982969
    ));
#9951 = CARTESIAN_POINT('',(2.579480066203,0.809496271496,2.105151982969
    ));
#9952 = CARTESIAN_POINT('',(2.588619566254,0.787431566566,2.105151982969
    ));
#9953 = CARTESIAN_POINT('',(2.748038472327,0.402560282228,2.105151982969
    ));
#9954 = CARTESIAN_POINT('',(2.803359617628,6.446181541886E-07,
    2.105151982969));
#9955 = CARTESIAN_POINT('',(2.748038749757,-0.402559612452,
    2.105151982969));
#9956 = CARTESIAN_POINT('',(2.588619563485,-0.787431573251,
    2.105151982969));
#9957 = CARTESIAN_POINT('',(2.579480062511,-0.809496280409,
    2.105151982969));
#9958 = CARTESIAN_POINT('',(2.570340561537,-0.831560987568,
    2.105151982969));
#9959 = CARTESIAN_POINT('',(2.561201060562,-0.853625694727,
    2.105151982969));
#9960 = ADVANCED_FACE('',(#9961),#9987,.T.);
#9961 = FACE_BOUND('',#9962,.T.);
#9962 = EDGE_LOOP('',(#9963,#9974,#9980,#9981));
#9963 = ORIENTED_EDGE('',*,*,#9964,.T.);
#9964 = EDGE_CURVE('',#9965,#9967,#9969,.T.);
#9965 = VERTEX_POINT('',#9966);
#9966 = CARTESIAN_POINT('',(2.597759065023,-0.76536686473,3.8));
#9967 = VERTEX_POINT('',#9968);
#9968 = CARTESIAN_POINT('',(2.597759065023,0.76536686473,3.8));
#9969 = CIRCLE('',#9970,2.);
#9970 = AXIS2_PLACEMENT_3D('',#9971,#9972,#9973);
#9971 = CARTESIAN_POINT('',(0.75,0.,3.8));
#9972 = DIRECTION('',(0.,-0.,-1.));
#9973 = DIRECTION('',(0.923879532511,-0.382683432365,0.));
#9974 = ORIENTED_EDGE('',*,*,#9975,.F.);
#9975 = EDGE_CURVE('',#9649,#9967,#9976,.T.);
#9976 = LINE('',#9977,#9978);
#9977 = CARTESIAN_POINT('',(2.597759065023,0.76536686473,2.));
#9978 = VECTOR('',#9979,1.);
#9979 = DIRECTION('',(0.,0.,1.));
#9980 = ORIENTED_EDGE('',*,*,#9648,.F.);
#9981 = ORIENTED_EDGE('',*,*,#9982,.T.);
#9982 = EDGE_CURVE('',#9634,#9965,#9983,.T.);
#9983 = LINE('',#9984,#9985);
#9984 = CARTESIAN_POINT('',(2.597759065023,-0.76536686473,2.));
#9985 = VECTOR('',#9986,1.);
#9986 = DIRECTION('',(0.,0.,1.));
#9987 = CYLINDRICAL_SURFACE('',#9988,2.);
#9988 = AXIS2_PLACEMENT_3D('',#9989,#9990,#9991);
#9989 = CARTESIAN_POINT('',(0.75,0.,2.));
#9990 = DIRECTION('',(0.,0.,1.));
#9991 = DIRECTION('',(0.923879532511,-0.382683432365,0.));
#9992 = ADVANCED_FACE('',(#9993),#10012,.T.);
#9993 = FACE_BOUND('',#9994,.T.);
#9994 = EDGE_LOOP('',(#9995,#9996,#9997,#10011));
#9995 = ORIENTED_EDGE('',*,*,#9802,.F.);
#9996 = ORIENTED_EDGE('',*,*,#9846,.F.);
#9997 = ORIENTED_EDGE('',*,*,#9998,.T.);
#9998 = EDGE_CURVE('',#9831,#9898,#9999,.T.);
#9999 = B_SPLINE_CURVE_WITH_KNOTS('',4,(#10000,#10001,#10002,#10003,
    #10004,#10005,#10006,#10007,#10008,#10009,#10010),.UNSPECIFIED.,.F.,
  .F.,(5,3,3,5),(-9.553077572578E-02,-1.079746146774E-07,1.570796434769,
    1.666326955105),.UNSPECIFIED.);
#10000 = CARTESIAN_POINT('',(2.561201060562,0.853625694727,
    2.105151982969));
#10001 = CARTESIAN_POINT('',(2.570340564306,0.831560980883,
    2.105151982969));
#10002 = CARTESIAN_POINT('',(2.579480066203,0.809496271496,
    2.105151982969));
#10003 = CARTESIAN_POINT('',(2.588619566254,0.787431566566,
    2.105151982969));
#10004 = CARTESIAN_POINT('',(2.748038472327,0.402560282228,
    2.105151982969));
#10005 = CARTESIAN_POINT('',(2.803359617628,6.446181541886E-07,
    2.105151982969));
#10006 = CARTESIAN_POINT('',(2.748038749757,-0.402559612452,
    2.105151982969));
#10007 = CARTESIAN_POINT('',(2.588619563485,-0.787431573251,
    2.105151982969));
#10008 = CARTESIAN_POINT('',(2.579480062511,-0.809496280409,
    2.105151982969));
#10009 = CARTESIAN_POINT('',(2.570340561537,-0.831560987568,
    2.105151982969));
#10010 = CARTESIAN_POINT('',(2.561201060562,-0.853625694727,
    2.105151982969));
#10011 = ORIENTED_EDGE('',*,*,#9897,.T.);
#10012 = ( BOUNDED_SURFACE() B_SPLINE_SURFACE(2,4,(
    (#10013,#10014,#10015,#10016,#10017,#10018,#10019,#10020,#10021
      ,#10022,#10023)
    ,(#10024,#10025,#10026,#10027,#10028,#10029,#10030,#10031,#10032
      ,#10033,#10034)
    ,(#10035,#10036,#10037,#10038,#10039,#10040,#10041,#10042,#10043
      ,#10044,#10045
)),.UNSPECIFIED.,.F.,.F.,.F.) B_SPLINE_SURFACE_WITH_KNOTS((3,3),(5,3,3,5
    ),(0.,1.570796542744),(-9.553077572578E-02,-1.079746146774E-07,
    1.570796434769,1.666326955105),.UNSPECIFIED.) 
GEOMETRIC_REPRESENTATION_ITEM() RATIONAL_B_SPLINE_SURFACE((
    (1.,1.,1.,1.,1.,1.,1.,1.,1.,1.,1.)
    ,(0.954064553889,0.954064553889,0.954064553889,0.954064553889
      ,0.954064553889,0.954064553889,0.954064553889,0.954064553889
      ,0.954064553889,0.954064553889,0.954064553889)
,(1.,1.,1.,1.,1.,1.,1.,1.,1.,1.,1.
  ))) REPRESENTATION_ITEM('') SURFACE() );
#10013 = CARTESIAN_POINT('',(2.511444147266,0.833015703271,
    1.933648701541));
#10014 = CARTESIAN_POINT('',(2.520829761858,0.810356825185,
    1.933648701541));
#10015 = CARTESIAN_POINT('',(2.530051300683,0.788094061041,
    1.933648701541));
#10016 = CARTESIAN_POINT('',(2.539108763741,0.76622741084,1.933648701541
    ));
#10017 = CARTESIAN_POINT('',(2.694234793798,0.39172004442,1.933648701541
    ));
#10018 = CARTESIAN_POINT('',(2.748066229427,5.781419779582E-07,
    1.933648701541));
#10019 = CARTESIAN_POINT('',(2.694235078699,-0.391719356608,
    1.933648701541));
#10020 = CARTESIAN_POINT('',(2.539108760138,-0.766227419539,
    1.933648701541));
#10021 = CARTESIAN_POINT('',(2.530051295879,-0.78809407264,
    1.933648701541));
#10022 = CARTESIAN_POINT('',(2.520829758255,-0.810356833884,
    1.933648701541));
#10023 = CARTESIAN_POINT('',(2.511444147266,-0.833015703271,
    1.933648701541));
#10024 = CARTESIAN_POINT('',(2.561201060562,0.853625694727,
    2.010944171156));
#10025 = CARTESIAN_POINT('',(2.570340564306,0.831560980883,
    2.010944171156));
#10026 = CARTESIAN_POINT('',(2.579480066203,0.809496271496,
    2.010944171156));
#10027 = CARTESIAN_POINT('',(2.588619566254,0.787431566566,
    2.010944171156));
#10028 = CARTESIAN_POINT('',(2.748038472327,0.402560282228,
    2.010944171156));
#10029 = CARTESIAN_POINT('',(2.803359617628,6.446181521902E-07,
    2.010944171156));
#10030 = CARTESIAN_POINT('',(2.748038749757,-0.402559612452,
    2.010944171156));
#10031 = CARTESIAN_POINT('',(2.588619563485,-0.787431573251,
    2.010944171156));
#10032 = CARTESIAN_POINT('',(2.579480062511,-0.809496280409,
    2.010944171156));
#10033 = CARTESIAN_POINT('',(2.570340561537,-0.831560987568,
    2.010944171156));
#10034 = CARTESIAN_POINT('',(2.561201060562,-0.853625694727,
    2.010944171156));
#10035 = CARTESIAN_POINT('',(2.561201060562,0.853625694727,
    2.105151982969));
#10036 = CARTESIAN_POINT('',(2.570340564306,0.831560980883,
    2.105151982969));
#10037 = CARTESIAN_POINT('',(2.579480066203,0.809496271496,
    2.105151982969));
#10038 = CARTESIAN_POINT('',(2.588619566254,0.787431566566,
    2.105151982969));
#10039 = CARTESIAN_POINT('',(2.748038472327,0.402560282228,
    2.105151982969));
#10040 = CARTESIAN_POINT('',(2.803359617628,6.446181541886E-07,
    2.105151982969));
#10041 = CARTESIAN_POINT('',(2.748038749757,-0.402559612452,
    2.105151982969));
#10042 = CARTESIAN_POINT('',(2.588619563485,-0.787431573251,
    2.105151982969));
#10043 = CARTESIAN_POINT('',(2.579480062511,-0.809496280409,
    2.105151982969));
#10044 = CARTESIAN_POINT('',(2.570340561537,-0.831560987568,
    2.105151982969));
#10045 = CARTESIAN_POINT('',(2.561201060562,-0.853625694727,
    2.105151982969));
#10046 = ADVANCED_FACE('',(#10047),#10118,.T.);
#10047 = FACE_BOUND('',#10048,.T.);
#10048 = EDGE_LOOP('',(#10049,#10056,#10057,#10058,#10066,#10080,#10089,
    #10103,#10110,#10116,#10117));
#10049 = ORIENTED_EDGE('',*,*,#10050,.T.);
#10050 = EDGE_CURVE('',#9967,#9965,#10051,.T.);
#10051 = CIRCLE('',#10052,2.);
#10052 = AXIS2_PLACEMENT_3D('',#10053,#10054,#10055);
#10053 = CARTESIAN_POINT('',(0.75,0.,3.8));
#10054 = DIRECTION('',(0.,0.,-1.));
#10055 = DIRECTION('',(0.923879532511,0.382683432365,0.));
#10056 = ORIENTED_EDGE('',*,*,#9982,.F.);
#10057 = ORIENTED_EDGE('',*,*,#9912,.F.);
#10058 = ORIENTED_EDGE('',*,*,#10059,.T.);
#10059 = EDGE_CURVE('',#9898,#10060,#10062,.T.);
#10060 = VERTEX_POINT('',#10061);
#10061 = CARTESIAN_POINT('',(2.734313483298,-0.25,2.751));
#10062 = LINE('',#10063,#10064);
#10063 = CARTESIAN_POINT('',(2.734313483298,-0.25,2.));
#10064 = VECTOR('',#10065,1.);
#10065 = DIRECTION('',(0.,0.,1.));
#10066 = ORIENTED_EDGE('',*,*,#10067,.F.);
#10067 = EDGE_CURVE('',#10068,#10060,#10070,.T.);
#10068 = VERTEX_POINT('',#10069);
#10069 = CARTESIAN_POINT('',(2.74999975,-1.E-03,3.));
#10070 = B_SPLINE_CURVE_WITH_KNOTS('',8,(#10071,#10072,#10073,#10074,
    #10075,#10076,#10077,#10078,#10079),.UNSPECIFIED.,.F.,.F.,(9,9),(0.,
    1.),.PIECEWISE_BEZIER_KNOTS.);
#10071 = CARTESIAN_POINT('',(2.74999975,-1.E-03,3.));
#10072 = CARTESIAN_POINT('',(2.749973646983,-5.320602689918E-02,3.));
#10073 = CARTESIAN_POINT('',(2.748390810941,-0.103840865969,
    2.987489955991));
#10074 = CARTESIAN_POINT('',(2.745417551369,-0.149933662161,
    2.963793137321));
#10075 = CARTESIAN_POINT('',(2.741698335935,-0.18915569331,
    2.930617868257));
#10076 = CARTESIAN_POINT('',(2.738142168513,-0.21960563085,
    2.890139179425));
#10077 = CARTESIAN_POINT('',(2.735564003857,-0.240075414019,
    2.844828923972));
#10078 = CARTESIAN_POINT('',(2.734313483298,-0.25,2.797502257568));
#10079 = CARTESIAN_POINT('',(2.734313483298,-0.25,2.751));
#10080 = ORIENTED_EDGE('',*,*,#10081,.T.);
#10081 = EDGE_CURVE('',#10068,#10082,#10084,.T.);
#10082 = VERTEX_POINT('',#10083);
#10083 = CARTESIAN_POINT('',(2.74999975,9.999999999998E-04,3.));
#10084 = CIRCLE('',#10085,2.);
#10085 = AXIS2_PLACEMENT_3D('',#10086,#10087,#10088);
#10086 = CARTESIAN_POINT('',(0.75,0.,3.));
#10087 = DIRECTION('',(0.,-0.,1.));
#10088 = DIRECTION('',(0.923879532511,0.382683432365,0.));
#10089 = ORIENTED_EDGE('',*,*,#10090,.F.);
#10090 = EDGE_CURVE('',#10091,#10082,#10093,.T.);
#10091 = VERTEX_POINT('',#10092);
#10092 = CARTESIAN_POINT('',(2.734313520798,0.249999702353,
    2.751385004065));
#10093 = B_SPLINE_CURVE_WITH_KNOTS('',8,(#10094,#10095,#10096,#10097,
    #10098,#10099,#10100,#10101,#10102),.UNSPECIFIED.,.F.,.F.,(9,9),(0.,
    1.),.PIECEWISE_BEZIER_KNOTS.);
#10094 = CARTESIAN_POINT('',(2.734313520798,0.249999702353,
    2.751385004065));
#10095 = CARTESIAN_POINT('',(2.734322571935,0.249927861101,
    2.797848021141));
#10096 = CARTESIAN_POINT('',(2.735580187864,0.239946887988,
    2.845112368816));
#10097 = CARTESIAN_POINT('',(2.738160705155,0.219446949852,
    2.890347419449));
#10098 = CARTESIAN_POINT('',(2.741713414901,0.18899503999,2.930750810988
    ));
#10099 = CARTESIAN_POINT('',(2.745426125747,0.149796280228,
    2.963861486156));
#10100 = CARTESIAN_POINT('',(2.748393685887,0.103744337215,
    2.987512653753));
#10101 = CARTESIAN_POINT('',(2.749973670673,5.315864689126E-02,3.));
#10102 = CARTESIAN_POINT('',(2.74999975,9.999999999996E-04,3.));
#10103 = ORIENTED_EDGE('',*,*,#10104,.F.);
#10104 = EDGE_CURVE('',#10105,#10091,#10107,.T.);
#10105 = VERTEX_POINT('',#10106);
#10106 = CARTESIAN_POINT('',(2.734313483298,0.25,2.751));
#10107 = B_SPLINE_CURVE_WITH_KNOTS('',1,(#10108,#10109),.UNSPECIFIED.,
  .F.,.F.,(2,2),(0.,1.),.PIECEWISE_BEZIER_KNOTS.);
#10108 = CARTESIAN_POINT('',(2.734313483298,0.25,2.751));
#10109 = CARTESIAN_POINT('',(2.734313520798,0.249999702353,
    2.751385004065));
#10110 = ORIENTED_EDGE('',*,*,#10111,.F.);
#10111 = EDGE_CURVE('',#9831,#10105,#10112,.T.);
#10112 = LINE('',#10113,#10114);
#10113 = CARTESIAN_POINT('',(2.734313483298,0.25,2.));
#10114 = VECTOR('',#10115,1.);
#10115 = DIRECTION('',(0.,0.,1.));
#10116 = ORIENTED_EDGE('',*,*,#9830,.F.);
#10117 = ORIENTED_EDGE('',*,*,#9975,.T.);
#10118 = CYLINDRICAL_SURFACE('',#10119,2.);
#10119 = AXIS2_PLACEMENT_3D('',#10120,#10121,#10122);
#10120 = CARTESIAN_POINT('',(0.75,0.,2.));
#10121 = DIRECTION('',(0.,0.,1.));
#10122 = DIRECTION('',(0.923879532511,0.382683432365,-0.));
#10123 = ADVANCED_FACE('',(#10124),#10152,.T.);
#10124 = FACE_BOUND('',#10125,.T.);
#10125 = EDGE_LOOP('',(#10126,#10135,#10144,#10151));
#10126 = ORIENTED_EDGE('',*,*,#10127,.T.);
#10127 = EDGE_CURVE('',#9965,#10128,#10130,.T.);
#10128 = VERTEX_POINT('',#10129);
#10129 = CARTESIAN_POINT('',(2.41298315852,-0.688830178257,4.));
#10130 = CIRCLE('',#10131,0.2);
#10131 = AXIS2_PLACEMENT_3D('',#10132,#10133,#10134);
#10132 = CARTESIAN_POINT('',(2.41298315852,-0.688830178257,3.8));
#10133 = DIRECTION('',(-0.382683432365,-0.923879532511,0.));
#10134 = DIRECTION('',(0.923879532511,-0.382683432365,0.));
#10135 = ORIENTED_EDGE('',*,*,#10136,.T.);
#10136 = EDGE_CURVE('',#10128,#10137,#10139,.T.);
#10137 = VERTEX_POINT('',#10138);
#10138 = CARTESIAN_POINT('',(2.41298315852,0.688830178257,4.));
#10139 = CIRCLE('',#10140,1.8);
#10140 = AXIS2_PLACEMENT_3D('',#10141,#10142,#10143);
#10141 = CARTESIAN_POINT('',(0.75,0.,4.));
#10142 = DIRECTION('',(0.,-0.,-1.));
#10143 = DIRECTION('',(0.923879532511,-0.382683432365,0.));
#10144 = ORIENTED_EDGE('',*,*,#10145,.F.);
#10145 = EDGE_CURVE('',#9967,#10137,#10146,.T.);
#10146 = CIRCLE('',#10147,0.2);
#10147 = AXIS2_PLACEMENT_3D('',#10148,#10149,#10150);
#10148 = CARTESIAN_POINT('',(2.41298315852,0.688830178257,3.8));
#10149 = DIRECTION('',(0.382683432365,-0.923879532511,0.));
#10150 = DIRECTION('',(0.923879532511,0.382683432365,0.));
#10151 = ORIENTED_EDGE('',*,*,#9964,.F.);
#10152 = TOROIDAL_SURFACE('',#10153,1.8,0.2);
#10153 = AXIS2_PLACEMENT_3D('',#10154,#10155,#10156);
#10154 = CARTESIAN_POINT('',(0.75,0.,3.8));
#10155 = DIRECTION('',(0.,0.,1.));
#10156 = DIRECTION('',(0.923879532511,-0.382683432365,0.));
#10157 = ADVANCED_FACE('',(#10158),#10167,.T.);
#10158 = FACE_BOUND('',#10159,.T.);
#10159 = EDGE_LOOP('',(#10160,#10161,#10162,#10163,#10164,#10165,#10166)
  );
#10160 = ORIENTED_EDGE('',*,*,#10104,.T.);
#10161 = ORIENTED_EDGE('',*,*,#10090,.T.);
#10162 = ORIENTED_EDGE('',*,*,#10081,.F.);
#10163 = ORIENTED_EDGE('',*,*,#10067,.T.);
#10164 = ORIENTED_EDGE('',*,*,#10059,.F.);
#10165 = ORIENTED_EDGE('',*,*,#9998,.F.);
#10166 = ORIENTED_EDGE('',*,*,#10111,.T.);
#10167 = CYLINDRICAL_SURFACE('',#10168,2.);
#10168 = AXIS2_PLACEMENT_3D('',#10169,#10170,#10171);
#10169 = CARTESIAN_POINT('',(0.75,0.,2.));
#10170 = DIRECTION('',(0.,0.,1.));
#10171 = DIRECTION('',(0.923879532511,0.382683432365,-0.));
#10172 = ADVANCED_FACE('',(#10173),#10185,.T.);
#10173 = FACE_BOUND('',#10174,.T.);
#10174 = EDGE_LOOP('',(#10175,#10176,#10183,#10184));
#10175 = ORIENTED_EDGE('',*,*,#10145,.T.);
#10176 = ORIENTED_EDGE('',*,*,#10177,.T.);
#10177 = EDGE_CURVE('',#10137,#10128,#10178,.T.);
#10178 = CIRCLE('',#10179,1.8);
#10179 = AXIS2_PLACEMENT_3D('',#10180,#10181,#10182);
#10180 = CARTESIAN_POINT('',(0.75,0.,4.));
#10181 = DIRECTION('',(0.,0.,-1.));
#10182 = DIRECTION('',(0.923879532511,0.382683432365,0.));
#10183 = ORIENTED_EDGE('',*,*,#10127,.F.);
#10184 = ORIENTED_EDGE('',*,*,#10050,.F.);
#10185 = TOROIDAL_SURFACE('',#10186,1.8,0.2);
#10186 = AXIS2_PLACEMENT_3D('',#10187,#10188,#10189);
#10187 = CARTESIAN_POINT('',(0.75,0.,3.8));
#10188 = DIRECTION('',(0.,0.,1.));
#10189 = DIRECTION('',(0.923879532511,0.382683432365,-0.));
#10190 = ADVANCED_FACE('',(#10191),#10217,.F.);
#10191 = FACE_BOUND('',#10192,.F.);
#10192 = EDGE_LOOP('',(#10193,#10194,#10202,#10211));
#10193 = ORIENTED_EDGE('',*,*,#10136,.T.);
#10194 = ORIENTED_EDGE('',*,*,#10195,.T.);
#10195 = EDGE_CURVE('',#10137,#10196,#10198,.T.);
#10196 = VERTEX_POINT('',#10197);
#10197 = CARTESIAN_POINT('',(2.043431345516,0.535756805311,4.));
#10198 = LINE('',#10199,#10200);
#10199 = CARTESIAN_POINT('',(2.41298315852,0.688830178257,4.));
#10200 = VECTOR('',#10201,1.);
#10201 = DIRECTION('',(-0.923879532511,-0.382683432365,0.));
#10202 = ORIENTED_EDGE('',*,*,#10203,.F.);
#10203 = EDGE_CURVE('',#10204,#10196,#10206,.T.);
#10204 = VERTEX_POINT('',#10205);
#10205 = CARTESIAN_POINT('',(2.043431345516,-0.535756805311,4.));
#10206 = CIRCLE('',#10207,1.4);
#10207 = AXIS2_PLACEMENT_3D('',#10208,#10209,#10210);
#10208 = CARTESIAN_POINT('',(0.75,0.,4.));
#10209 = DIRECTION('',(0.,-0.,-1.));
#10210 = DIRECTION('',(0.923879532511,-0.382683432365,0.));
#10211 = ORIENTED_EDGE('',*,*,#10212,.F.);
#10212 = EDGE_CURVE('',#10128,#10204,#10213,.T.);
#10213 = LINE('',#10214,#10215);
#10214 = CARTESIAN_POINT('',(2.41298315852,-0.688830178257,4.));
#10215 = VECTOR('',#10216,1.);
#10216 = DIRECTION('',(-0.923879532511,0.382683432365,0.));
#10217 = PLANE('',#10218);
#10218 = AXIS2_PLACEMENT_3D('',#10219,#10220,#10221);
#10219 = CARTESIAN_POINT('',(0.75,0.,4.));
#10220 = DIRECTION('',(0.,0.,-1.));
#10221 = DIRECTION('',(0.923879532511,-0.382683432365,0.));
#10222 = ADVANCED_FACE('',(#10223),#10235,.F.);
#10223 = FACE_BOUND('',#10224,.F.);
#10224 = EDGE_LOOP('',(#10225,#10226,#10227,#10234));
#10225 = ORIENTED_EDGE('',*,*,#10177,.T.);
#10226 = ORIENTED_EDGE('',*,*,#10212,.T.);
#10227 = ORIENTED_EDGE('',*,*,#10228,.F.);
#10228 = EDGE_CURVE('',#10196,#10204,#10229,.T.);
#10229 = CIRCLE('',#10230,1.4);
#10230 = AXIS2_PLACEMENT_3D('',#10231,#10232,#10233);
#10231 = CARTESIAN_POINT('',(0.75,0.,4.));
#10232 = DIRECTION('',(0.,0.,-1.));
#10233 = DIRECTION('',(0.923879532511,0.382683432365,0.));
#10234 = ORIENTED_EDGE('',*,*,#10195,.F.);
#10235 = PLANE('',#10236);
#10236 = AXIS2_PLACEMENT_3D('',#10237,#10238,#10239);
#10237 = CARTESIAN_POINT('',(0.75,0.,4.));
#10238 = DIRECTION('',(0.,0.,-1.));
#10239 = DIRECTION('',(0.923879532511,0.382683432365,0.));
#10240 = ADVANCED_FACE('',(#10241),#10378,.F.);
#10241 = FACE_BOUND('',#10242,.F.);
#10242 = EDGE_LOOP('',(#10243,#10251,#10252,#10260,#10269,#10277,#10286,
    #10294,#10303,#10311,#10320,#10329,#10337,#10346,#10354,#10363,
    #10371));
#10243 = ORIENTED_EDGE('',*,*,#10244,.F.);
#10244 = EDGE_CURVE('',#10204,#10245,#10247,.T.);
#10245 = VERTEX_POINT('',#10246);
#10246 = CARTESIAN_POINT('',(2.043431345516,-0.535756805311,3.9));
#10247 = LINE('',#10248,#10249);
#10248 = CARTESIAN_POINT('',(2.043431345516,-0.535756805311,4.));
#10249 = VECTOR('',#10250,1.);
#10250 = DIRECTION('',(0.,0.,-1.));
#10251 = ORIENTED_EDGE('',*,*,#10203,.T.);
#10252 = ORIENTED_EDGE('',*,*,#10253,.T.);
#10253 = EDGE_CURVE('',#10196,#10254,#10256,.T.);
#10254 = VERTEX_POINT('',#10255);
#10255 = CARTESIAN_POINT('',(2.043431345516,0.535756805311,3.9));
#10256 = LINE('',#10257,#10258);
#10257 = CARTESIAN_POINT('',(2.043431345516,0.535756805311,4.));
#10258 = VECTOR('',#10259,1.);
#10259 = DIRECTION('',(0.,0.,-1.));
#10260 = ORIENTED_EDGE('',*,*,#10261,.T.);
#10261 = EDGE_CURVE('',#10254,#10262,#10264,.T.);
#10262 = VERTEX_POINT('',#10263);
#10263 = CARTESIAN_POINT('',(0.8,1.399106857963,3.9));
#10264 = CIRCLE('',#10265,1.4);
#10265 = AXIS2_PLACEMENT_3D('',#10266,#10267,#10268);
#10266 = CARTESIAN_POINT('',(0.75,0.,3.9));
#10267 = DIRECTION('',(0.,0.,1.));
#10268 = DIRECTION('',(-1.,1.224646799147E-16,0.));
#10269 = ORIENTED_EDGE('',*,*,#10270,.T.);
#10270 = EDGE_CURVE('',#10262,#10271,#10273,.T.);
#10271 = VERTEX_POINT('',#10272);
#10272 = CARTESIAN_POINT('',(0.8,1.399106857963,3.8));
#10273 = LINE('',#10274,#10275);
#10274 = CARTESIAN_POINT('',(0.8,1.399106857963,3.7));
#10275 = VECTOR('',#10276,1.);
#10276 = DIRECTION('',(0.,0.,-1.));
#10277 = ORIENTED_EDGE('',*,*,#10278,.F.);
#10278 = EDGE_CURVE('',#10279,#10271,#10281,.T.);
#10279 = VERTEX_POINT('',#10280);
#10280 = CARTESIAN_POINT('',(0.7,1.399106857963,3.8));
#10281 = CIRCLE('',#10282,1.4);
#10282 = AXIS2_PLACEMENT_3D('',#10283,#10284,#10285);
#10283 = CARTESIAN_POINT('',(0.75,0.,3.8));
#10284 = DIRECTION('',(0.,0.,-1.));
#10285 = DIRECTION('',(-1.,1.224646799147E-16,0.));
#10286 = ORIENTED_EDGE('',*,*,#10287,.F.);
#10287 = EDGE_CURVE('',#10288,#10279,#10290,.T.);
#10288 = VERTEX_POINT('',#10289);
#10289 = CARTESIAN_POINT('',(0.7,1.399106857963,3.9));
#10290 = LINE('',#10291,#10292);
#10291 = CARTESIAN_POINT('',(0.7,1.399106857963,3.7));
#10292 = VECTOR('',#10293,1.);
#10293 = DIRECTION('',(0.,0.,-1.));
#10294 = ORIENTED_EDGE('',*,*,#10295,.T.);
#10295 = EDGE_CURVE('',#10288,#10296,#10298,.T.);
#10296 = VERTEX_POINT('',#10297);
#10297 = CARTESIAN_POINT('',(-0.649106857963,4.999999999998E-02,3.9));
#10298 = CIRCLE('',#10299,1.4);
#10299 = AXIS2_PLACEMENT_3D('',#10300,#10301,#10302);
#10300 = CARTESIAN_POINT('',(0.75,0.,3.9));
#10301 = DIRECTION('',(0.,0.,1.));
#10302 = DIRECTION('',(-1.,1.224646799147E-16,0.));
#10303 = ORIENTED_EDGE('',*,*,#10304,.T.);
#10304 = EDGE_CURVE('',#10296,#10305,#10307,.T.);
#10305 = VERTEX_POINT('',#10306);
#10306 = CARTESIAN_POINT('',(-0.649106857963,5.E-02,3.8));
#10307 = LINE('',#10308,#10309);
#10308 = CARTESIAN_POINT('',(-0.649106857963,5.E-02,3.7));
#10309 = VECTOR('',#10310,1.);
#10310 = DIRECTION('',(0.,0.,-1.));
#10311 = ORIENTED_EDGE('',*,*,#10312,.F.);
#10312 = EDGE_CURVE('',#10313,#10305,#10315,.T.);
#10313 = VERTEX_POINT('',#10314);
#10314 = CARTESIAN_POINT('',(-0.65,1.714505518806E-16,3.8));
#10315 = CIRCLE('',#10316,1.4);
#10316 = AXIS2_PLACEMENT_3D('',#10317,#10318,#10319);
#10317 = CARTESIAN_POINT('',(0.75,0.,3.8));
#10318 = DIRECTION('',(0.,0.,-1.));
#10319 = DIRECTION('',(-1.,1.224646799147E-16,0.));
#10320 = ORIENTED_EDGE('',*,*,#10321,.F.);
#10321 = EDGE_CURVE('',#10322,#10313,#10324,.T.);
#10322 = VERTEX_POINT('',#10323);
#10323 = CARTESIAN_POINT('',(-0.649106857963,-5.E-02,3.8));
#10324 = CIRCLE('',#10325,1.4);
#10325 = AXIS2_PLACEMENT_3D('',#10326,#10327,#10328);
#10326 = CARTESIAN_POINT('',(0.75,0.,3.8));
#10327 = DIRECTION('',(0.,0.,-1.));
#10328 = DIRECTION('',(-1.,1.224646799147E-16,0.));
#10329 = ORIENTED_EDGE('',*,*,#10330,.F.);
#10330 = EDGE_CURVE('',#10331,#10322,#10333,.T.);
#10331 = VERTEX_POINT('',#10332);
#10332 = CARTESIAN_POINT('',(-0.649106857963,-4.999999999998E-02,3.9));
#10333 = LINE('',#10334,#10335);
#10334 = CARTESIAN_POINT('',(-0.649106857963,-5.E-02,3.7));
#10335 = VECTOR('',#10336,1.);
#10336 = DIRECTION('',(0.,0.,-1.));
#10337 = ORIENTED_EDGE('',*,*,#10338,.T.);
#10338 = EDGE_CURVE('',#10331,#10339,#10341,.T.);
#10339 = VERTEX_POINT('',#10340);
#10340 = CARTESIAN_POINT('',(0.7,-1.399106857963,3.9));
#10341 = CIRCLE('',#10342,1.4);
#10342 = AXIS2_PLACEMENT_3D('',#10343,#10344,#10345);
#10343 = CARTESIAN_POINT('',(0.75,0.,3.9));
#10344 = DIRECTION('',(0.,0.,1.));
#10345 = DIRECTION('',(-1.,1.224646799147E-16,0.));
#10346 = ORIENTED_EDGE('',*,*,#10347,.T.);
#10347 = EDGE_CURVE('',#10339,#10348,#10350,.T.);
#10348 = VERTEX_POINT('',#10349);
#10349 = CARTESIAN_POINT('',(0.7,-1.399106857963,3.8));
#10350 = LINE('',#10351,#10352);
#10351 = CARTESIAN_POINT('',(0.7,-1.399106857963,3.7));
#10352 = VECTOR('',#10353,1.);
#10353 = DIRECTION('',(0.,0.,-1.));
#10354 = ORIENTED_EDGE('',*,*,#10355,.F.);
#10355 = EDGE_CURVE('',#10356,#10348,#10358,.T.);
#10356 = VERTEX_POINT('',#10357);
#10357 = CARTESIAN_POINT('',(0.8,-1.399106857963,3.8));
#10358 = CIRCLE('',#10359,1.4);
#10359 = AXIS2_PLACEMENT_3D('',#10360,#10361,#10362);
#10360 = CARTESIAN_POINT('',(0.75,0.,3.8));
#10361 = DIRECTION('',(0.,0.,-1.));
#10362 = DIRECTION('',(-1.,1.224646799147E-16,0.));
#10363 = ORIENTED_EDGE('',*,*,#10364,.F.);
#10364 = EDGE_CURVE('',#10365,#10356,#10367,.T.);
#10365 = VERTEX_POINT('',#10366);
#10366 = CARTESIAN_POINT('',(0.8,-1.399106857963,3.9));
#10367 = LINE('',#10368,#10369);
#10368 = CARTESIAN_POINT('',(0.8,-1.399106857963,3.7));
#10369 = VECTOR('',#10370,1.);
#10370 = DIRECTION('',(0.,0.,-1.));
#10371 = ORIENTED_EDGE('',*,*,#10372,.T.);
#10372 = EDGE_CURVE('',#10365,#10245,#10373,.T.);
#10373 = CIRCLE('',#10374,1.4);
#10374 = AXIS2_PLACEMENT_3D('',#10375,#10376,#10377);
#10375 = CARTESIAN_POINT('',(0.75,0.,3.9));
#10376 = DIRECTION('',(0.,0.,1.));
#10377 = DIRECTION('',(-1.,1.224646799147E-16,0.));
#10378 = CYLINDRICAL_SURFACE('',#10379,1.4);
#10379 = AXIS2_PLACEMENT_3D('',#10380,#10381,#10382);
#10380 = CARTESIAN_POINT('',(0.75,0.,4.));
#10381 = DIRECTION('',(0.,0.,-1.));
#10382 = DIRECTION('',(0.923879532511,-0.382683432365,0.));
#10383 = ADVANCED_FACE('',(#10384),#10430,.F.);
#10384 = FACE_BOUND('',#10385,.F.);
#10385 = EDGE_LOOP('',(#10386,#10387,#10388,#10389,#10398,#10406,#10415,
    #10423));
#10386 = ORIENTED_EDGE('',*,*,#10253,.F.);
#10387 = ORIENTED_EDGE('',*,*,#10228,.T.);
#10388 = ORIENTED_EDGE('',*,*,#10244,.T.);
#10389 = ORIENTED_EDGE('',*,*,#10390,.T.);
#10390 = EDGE_CURVE('',#10245,#10391,#10393,.T.);
#10391 = VERTEX_POINT('',#10392);
#10392 = CARTESIAN_POINT('',(2.149106857963,-5.000000000001E-02,3.9));
#10393 = CIRCLE('',#10394,1.4);
#10394 = AXIS2_PLACEMENT_3D('',#10395,#10396,#10397);
#10395 = CARTESIAN_POINT('',(0.75,0.,3.9));
#10396 = DIRECTION('',(0.,0.,1.));
#10397 = DIRECTION('',(-1.,1.224646799147E-16,0.));
#10398 = ORIENTED_EDGE('',*,*,#10399,.T.);
#10399 = EDGE_CURVE('',#10391,#10400,#10402,.T.);
#10400 = VERTEX_POINT('',#10401);
#10401 = CARTESIAN_POINT('',(2.149106857963,-5.E-02,3.8));
#10402 = LINE('',#10403,#10404);
#10403 = CARTESIAN_POINT('',(2.149106857963,-5.E-02,3.7));
#10404 = VECTOR('',#10405,1.);
#10405 = DIRECTION('',(0.,0.,-1.));
#10406 = ORIENTED_EDGE('',*,*,#10407,.F.);
#10407 = EDGE_CURVE('',#10408,#10400,#10410,.T.);
#10408 = VERTEX_POINT('',#10409);
#10409 = CARTESIAN_POINT('',(2.149106857963,5.E-02,3.8));
#10410 = CIRCLE('',#10411,1.4);
#10411 = AXIS2_PLACEMENT_3D('',#10412,#10413,#10414);
#10412 = CARTESIAN_POINT('',(0.75,0.,3.8));
#10413 = DIRECTION('',(0.,0.,-1.));
#10414 = DIRECTION('',(-1.,1.224646799147E-16,0.));
#10415 = ORIENTED_EDGE('',*,*,#10416,.F.);
#10416 = EDGE_CURVE('',#10417,#10408,#10419,.T.);
#10417 = VERTEX_POINT('',#10418);
#10418 = CARTESIAN_POINT('',(2.149106857963,5.000000000001E-02,3.9));
#10419 = LINE('',#10420,#10421);
#10420 = CARTESIAN_POINT('',(2.149106857963,5.E-02,3.7));
#10421 = VECTOR('',#10422,1.);
#10422 = DIRECTION('',(0.,0.,-1.));
#10423 = ORIENTED_EDGE('',*,*,#10424,.T.);
#10424 = EDGE_CURVE('',#10417,#10254,#10425,.T.);
#10425 = CIRCLE('',#10426,1.4);
#10426 = AXIS2_PLACEMENT_3D('',#10427,#10428,#10429);
#10427 = CARTESIAN_POINT('',(0.75,0.,3.9));
#10428 = DIRECTION('',(0.,0.,1.));
#10429 = DIRECTION('',(-1.,1.224646799147E-16,0.));
#10430 = CYLINDRICAL_SURFACE('',#10431,1.4);
#10431 = AXIS2_PLACEMENT_3D('',#10432,#10433,#10434);
#10432 = CARTESIAN_POINT('',(0.75,0.,4.));
#10433 = DIRECTION('',(0.,0.,-1.));
#10434 = DIRECTION('',(0.923879532511,0.382683432365,0.));
#10435 = ADVANCED_FACE('',(#10436),#10454,.T.);
#10436 = FACE_BOUND('',#10437,.T.);
#10437 = EDGE_LOOP('',(#10438,#10446,#10447,#10448));
#10438 = ORIENTED_EDGE('',*,*,#10439,.F.);
#10439 = EDGE_CURVE('',#10365,#10440,#10442,.T.);
#10440 = VERTEX_POINT('',#10441);
#10441 = CARTESIAN_POINT('',(0.8,-5.E-02,3.9));
#10442 = LINE('',#10443,#10444);
#10443 = CARTESIAN_POINT('',(0.8,-4.05,3.9));
#10444 = VECTOR('',#10445,1.);
#10445 = DIRECTION('',(1.224646799147E-16,1.,0.));
#10446 = ORIENTED_EDGE('',*,*,#10372,.T.);
#10447 = ORIENTED_EDGE('',*,*,#10390,.T.);
#10448 = ORIENTED_EDGE('',*,*,#10449,.F.);
#10449 = EDGE_CURVE('',#10440,#10391,#10450,.T.);
#10450 = LINE('',#10451,#10452);
#10451 = CARTESIAN_POINT('',(0.8,-5.E-02,3.9));
#10452 = VECTOR('',#10453,1.);
#10453 = DIRECTION('',(1.,-1.224646799147E-16,0.));
#10454 = PLANE('',#10455);
#10455 = AXIS2_PLACEMENT_3D('',#10456,#10457,#10458);
#10456 = CARTESIAN_POINT('',(0.75,-6.494268501652E-17,3.9));
#10457 = DIRECTION('',(1.677000223684E-32,-2.737449048414E-33,1.));
#10458 = DIRECTION('',(-1.,1.224646799147E-16,1.677000223684E-32));
#10459 = ADVANCED_FACE('',(#10460),#10478,.F.);
#10460 = FACE_BOUND('',#10461,.F.);
#10461 = EDGE_LOOP('',(#10462,#10463,#10464,#10472));
#10462 = ORIENTED_EDGE('',*,*,#10439,.F.);
#10463 = ORIENTED_EDGE('',*,*,#10364,.T.);
#10464 = ORIENTED_EDGE('',*,*,#10465,.T.);
#10465 = EDGE_CURVE('',#10356,#10466,#10468,.T.);
#10466 = VERTEX_POINT('',#10467);
#10467 = CARTESIAN_POINT('',(0.8,-5.E-02,3.8));
#10468 = LINE('',#10469,#10470);
#10469 = CARTESIAN_POINT('',(0.8,-4.05,3.8));
#10470 = VECTOR('',#10471,1.);
#10471 = DIRECTION('',(1.224646799147E-16,1.,0.));
#10472 = ORIENTED_EDGE('',*,*,#10473,.F.);
#10473 = EDGE_CURVE('',#10440,#10466,#10474,.T.);
#10474 = LINE('',#10475,#10476);
#10475 = CARTESIAN_POINT('',(0.8,-5.E-02,3.9));
#10476 = VECTOR('',#10477,1.);
#10477 = DIRECTION('',(-1.677000223684E-32,2.737449048414E-33,-1.));
#10478 = PLANE('',#10479);
#10479 = AXIS2_PLACEMENT_3D('',#10480,#10481,#10482);
#10480 = CARTESIAN_POINT('',(0.8,-4.05,3.9));
#10481 = DIRECTION('',(1.,-1.224646799147E-16,-1.677000223684E-32));
#10482 = DIRECTION('',(1.224646799147E-16,1.,0.));
#10483 = ADVANCED_FACE('',(#10484),#10502,.T.);
#10484 = FACE_BOUND('',#10485,.T.);
#10485 = EDGE_LOOP('',(#10486,#10487,#10488,#10496));
#10486 = ORIENTED_EDGE('',*,*,#10424,.T.);
#10487 = ORIENTED_EDGE('',*,*,#10261,.T.);
#10488 = ORIENTED_EDGE('',*,*,#10489,.F.);
#10489 = EDGE_CURVE('',#10490,#10262,#10492,.T.);
#10490 = VERTEX_POINT('',#10491);
#10491 = CARTESIAN_POINT('',(0.8,5.E-02,3.9));
#10492 = LINE('',#10493,#10494);
#10493 = CARTESIAN_POINT('',(0.8,5.E-02,3.9));
#10494 = VECTOR('',#10495,1.);
#10495 = DIRECTION('',(1.224646799147E-16,1.,0.));
#10496 = ORIENTED_EDGE('',*,*,#10497,.F.);
#10497 = EDGE_CURVE('',#10417,#10490,#10498,.T.);
#10498 = LINE('',#10499,#10500);
#10499 = CARTESIAN_POINT('',(4.8,5.E-02,3.9));
#10500 = VECTOR('',#10501,1.);
#10501 = DIRECTION('',(-1.,1.224646799147E-16,0.));
#10502 = PLANE('',#10503);
#10503 = AXIS2_PLACEMENT_3D('',#10504,#10505,#10506);
#10504 = CARTESIAN_POINT('',(0.75,-6.494268501652E-17,3.9));
#10505 = DIRECTION('',(1.677000223684E-32,-2.737449048414E-33,1.));
#10506 = DIRECTION('',(-1.,1.224646799147E-16,1.677000223684E-32));
#10507 = ADVANCED_FACE('',(#10508),#10564,.T.);
#10508 = FACE_BOUND('',#10509,.T.);
#10509 = EDGE_LOOP('',(#10510,#10518,#10524,#10525,#10526,#10532,#10533,
    #10541,#10547,#10548,#10556,#10562,#10563));
#10510 = ORIENTED_EDGE('',*,*,#10511,.T.);
#10511 = EDGE_CURVE('',#10322,#10512,#10514,.T.);
#10512 = VERTEX_POINT('',#10513);
#10513 = CARTESIAN_POINT('',(0.7,-5.E-02,3.8));
#10514 = LINE('',#10515,#10516);
#10515 = CARTESIAN_POINT('',(-3.3,-5.E-02,3.8));
#10516 = VECTOR('',#10517,1.);
#10517 = DIRECTION('',(1.,-8.950493387118E-17,0.));
#10518 = ORIENTED_EDGE('',*,*,#10519,.T.);
#10519 = EDGE_CURVE('',#10512,#10348,#10520,.T.);
#10520 = LINE('',#10521,#10522);
#10521 = CARTESIAN_POINT('',(0.7,-5.E-02,3.8));
#10522 = VECTOR('',#10523,1.);
#10523 = DIRECTION('',(-1.224646799147E-16,-1.,0.));
#10524 = ORIENTED_EDGE('',*,*,#10355,.F.);
#10525 = ORIENTED_EDGE('',*,*,#10465,.T.);
#10526 = ORIENTED_EDGE('',*,*,#10527,.T.);
#10527 = EDGE_CURVE('',#10466,#10400,#10528,.T.);
#10528 = LINE('',#10529,#10530);
#10529 = CARTESIAN_POINT('',(0.8,-5.E-02,3.8));
#10530 = VECTOR('',#10531,1.);
#10531 = DIRECTION('',(1.,-1.224646799147E-16,0.));
#10532 = ORIENTED_EDGE('',*,*,#10407,.F.);
#10533 = ORIENTED_EDGE('',*,*,#10534,.T.);
#10534 = EDGE_CURVE('',#10408,#10535,#10537,.T.);
#10535 = VERTEX_POINT('',#10536);
#10536 = CARTESIAN_POINT('',(0.8,5.E-02,3.8));
#10537 = LINE('',#10538,#10539);
#10538 = CARTESIAN_POINT('',(4.8,5.E-02,3.8));
#10539 = VECTOR('',#10540,1.);
#10540 = DIRECTION('',(-1.,1.224646799147E-16,0.));
#10541 = ORIENTED_EDGE('',*,*,#10542,.T.);
#10542 = EDGE_CURVE('',#10535,#10271,#10543,.T.);
#10543 = LINE('',#10544,#10545);
#10544 = CARTESIAN_POINT('',(0.8,5.E-02,3.8));
#10545 = VECTOR('',#10546,1.);
#10546 = DIRECTION('',(1.224646799147E-16,1.,0.));
#10547 = ORIENTED_EDGE('',*,*,#10278,.F.);
#10548 = ORIENTED_EDGE('',*,*,#10549,.T.);
#10549 = EDGE_CURVE('',#10279,#10550,#10552,.T.);
#10550 = VERTEX_POINT('',#10551);
#10551 = CARTESIAN_POINT('',(0.7,5.E-02,3.8));
#10552 = LINE('',#10553,#10554);
#10553 = CARTESIAN_POINT('',(0.7,4.05,3.8));
#10554 = VECTOR('',#10555,1.);
#10555 = DIRECTION('',(-1.224646799147E-16,-1.,0.));
#10556 = ORIENTED_EDGE('',*,*,#10557,.T.);
#10557 = EDGE_CURVE('',#10550,#10305,#10558,.T.);
#10558 = LINE('',#10559,#10560);
#10559 = CARTESIAN_POINT('',(0.7,5.E-02,3.8));
#10560 = VECTOR('',#10561,1.);
#10561 = DIRECTION('',(-1.,1.224646799147E-16,0.));
#10562 = ORIENTED_EDGE('',*,*,#10312,.F.);
#10563 = ORIENTED_EDGE('',*,*,#10321,.F.);
#10564 = PLANE('',#10565);
#10565 = AXIS2_PLACEMENT_3D('',#10566,#10567,#10568);
#10566 = CARTESIAN_POINT('',(0.75,1.828955368499E-16,3.8));
#10567 = DIRECTION('',(-2.890934474975E-31,2.491553159674E-32,1.));
#10568 = DIRECTION('',(-1.,1.224646799147E-16,-2.890934474975E-31));
#10569 = ADVANCED_FACE('',(#10570),#10581,.F.);
#10570 = FACE_BOUND('',#10571,.F.);
#10571 = EDGE_LOOP('',(#10572,#10573,#10579,#10580));
#10572 = ORIENTED_EDGE('',*,*,#10489,.F.);
#10573 = ORIENTED_EDGE('',*,*,#10574,.T.);
#10574 = EDGE_CURVE('',#10490,#10535,#10575,.T.);
#10575 = LINE('',#10576,#10577);
#10576 = CARTESIAN_POINT('',(0.8,5.E-02,3.9));
#10577 = VECTOR('',#10578,1.);
#10578 = DIRECTION('',(-1.677000223684E-32,2.737449048414E-33,-1.));
#10579 = ORIENTED_EDGE('',*,*,#10542,.T.);
#10580 = ORIENTED_EDGE('',*,*,#10270,.F.);
#10581 = PLANE('',#10582);
#10582 = AXIS2_PLACEMENT_3D('',#10583,#10584,#10585);
#10583 = CARTESIAN_POINT('',(0.8,5.E-02,3.9));
#10584 = DIRECTION('',(1.,-1.224646799147E-16,-1.677000223684E-32));
#10585 = DIRECTION('',(1.224646799147E-16,1.,0.));
#10586 = ADVANCED_FACE('',(#10587),#10605,.F.);
#10587 = FACE_BOUND('',#10588,.F.);
#10588 = EDGE_LOOP('',(#10589,#10597,#10603,#10604));
#10589 = ORIENTED_EDGE('',*,*,#10590,.F.);
#10590 = EDGE_CURVE('',#10591,#10339,#10593,.T.);
#10591 = VERTEX_POINT('',#10592);
#10592 = CARTESIAN_POINT('',(0.7,-5.E-02,3.9));
#10593 = LINE('',#10594,#10595);
#10594 = CARTESIAN_POINT('',(0.7,-5.E-02,3.9));
#10595 = VECTOR('',#10596,1.);
#10596 = DIRECTION('',(-1.224646799147E-16,-1.,0.));
#10597 = ORIENTED_EDGE('',*,*,#10598,.T.);
#10598 = EDGE_CURVE('',#10591,#10512,#10599,.T.);
#10599 = LINE('',#10600,#10601);
#10600 = CARTESIAN_POINT('',(0.7,-5.E-02,3.9));
#10601 = VECTOR('',#10602,1.);
#10602 = DIRECTION('',(-1.677000223684E-32,2.737449048414E-33,-1.));
#10603 = ORIENTED_EDGE('',*,*,#10519,.T.);
#10604 = ORIENTED_EDGE('',*,*,#10347,.F.);
#10605 = PLANE('',#10606);
#10606 = AXIS2_PLACEMENT_3D('',#10607,#10608,#10609);
#10607 = CARTESIAN_POINT('',(0.7,-5.E-02,3.9));
#10608 = DIRECTION('',(-1.,1.224646799147E-16,1.677000223684E-32));
#10609 = DIRECTION('',(-1.224646799147E-16,-1.,0.));
#10610 = ADVANCED_FACE('',(#10611),#10621,.T.);
#10611 = FACE_BOUND('',#10612,.T.);
#10612 = EDGE_LOOP('',(#10613,#10619,#10620));
#10613 = ORIENTED_EDGE('',*,*,#10614,.F.);
#10614 = EDGE_CURVE('',#10331,#10591,#10615,.T.);
#10615 = LINE('',#10616,#10617);
#10616 = CARTESIAN_POINT('',(-3.3,-5.E-02,3.9));
#10617 = VECTOR('',#10618,1.);
#10618 = DIRECTION('',(1.,-8.950493387118E-17,0.));
#10619 = ORIENTED_EDGE('',*,*,#10338,.T.);
#10620 = ORIENTED_EDGE('',*,*,#10590,.F.);
#10621 = PLANE('',#10622);
#10622 = AXIS2_PLACEMENT_3D('',#10623,#10624,#10625);
#10623 = CARTESIAN_POINT('',(0.75,-6.494268501652E-17,3.9));
#10624 = DIRECTION('',(1.677000223684E-32,-2.737449048414E-33,1.));
#10625 = DIRECTION('',(-1.,1.224646799147E-16,1.677000223684E-32));
#10626 = ADVANCED_FACE('',(#10627),#10645,.F.);
#10627 = FACE_BOUND('',#10628,.F.);
#10628 = EDGE_LOOP('',(#10629,#10637,#10638,#10639));
#10629 = ORIENTED_EDGE('',*,*,#10630,.F.);
#10630 = EDGE_CURVE('',#10288,#10631,#10633,.T.);
#10631 = VERTEX_POINT('',#10632);
#10632 = CARTESIAN_POINT('',(0.7,5.E-02,3.9));
#10633 = LINE('',#10634,#10635);
#10634 = CARTESIAN_POINT('',(0.7,4.05,3.9));
#10635 = VECTOR('',#10636,1.);
#10636 = DIRECTION('',(-1.224646799147E-16,-1.,0.));
#10637 = ORIENTED_EDGE('',*,*,#10287,.T.);
#10638 = ORIENTED_EDGE('',*,*,#10549,.T.);
#10639 = ORIENTED_EDGE('',*,*,#10640,.F.);
#10640 = EDGE_CURVE('',#10631,#10550,#10641,.T.);
#10641 = LINE('',#10642,#10643);
#10642 = CARTESIAN_POINT('',(0.7,5.E-02,3.9));
#10643 = VECTOR('',#10644,1.);
#10644 = DIRECTION('',(-1.677000223684E-32,2.737449048414E-33,-1.));
#10645 = PLANE('',#10646);
#10646 = AXIS2_PLACEMENT_3D('',#10647,#10648,#10649);
#10647 = CARTESIAN_POINT('',(0.7,4.05,3.9));
#10648 = DIRECTION('',(-1.,1.224646799147E-16,1.677000223684E-32));
#10649 = DIRECTION('',(-1.224646799147E-16,-1.,0.));
#10650 = ADVANCED_FACE('',(#10651),#10657,.F.);
#10651 = FACE_BOUND('',#10652,.F.);
#10652 = EDGE_LOOP('',(#10653,#10654,#10655,#10656));
#10653 = ORIENTED_EDGE('',*,*,#10614,.F.);
#10654 = ORIENTED_EDGE('',*,*,#10330,.T.);
#10655 = ORIENTED_EDGE('',*,*,#10511,.T.);
#10656 = ORIENTED_EDGE('',*,*,#10598,.F.);
#10657 = PLANE('',#10658);
#10658 = AXIS2_PLACEMENT_3D('',#10659,#10660,#10661);
#10659 = CARTESIAN_POINT('',(-3.3,-5.E-02,3.9));
#10660 = DIRECTION('',(-8.950493387118E-17,-1.,-2.737449048414E-33));
#10661 = DIRECTION('',(1.,-8.950493387118E-17,0.));
#10662 = ADVANCED_FACE('',(#10663),#10673,.T.);
#10663 = FACE_BOUND('',#10664,.T.);
#10664 = EDGE_LOOP('',(#10665,#10666,#10672));
#10665 = ORIENTED_EDGE('',*,*,#10295,.T.);
#10666 = ORIENTED_EDGE('',*,*,#10667,.F.);
#10667 = EDGE_CURVE('',#10631,#10296,#10668,.T.);
#10668 = LINE('',#10669,#10670);
#10669 = CARTESIAN_POINT('',(0.7,5.E-02,3.9));
#10670 = VECTOR('',#10671,1.);
#10671 = DIRECTION('',(-1.,1.224646799147E-16,0.));
#10672 = ORIENTED_EDGE('',*,*,#10630,.F.);
#10673 = PLANE('',#10674);
#10674 = AXIS2_PLACEMENT_3D('',#10675,#10676,#10677);
#10675 = CARTESIAN_POINT('',(0.75,-6.494268501652E-17,3.9));
#10676 = DIRECTION('',(1.677000223684E-32,-2.737449048414E-33,1.));
#10677 = DIRECTION('',(-1.,1.224646799147E-16,1.677000223684E-32));
#10678 = ADVANCED_FACE('',(#10679),#10685,.F.);
#10679 = FACE_BOUND('',#10680,.F.);
#10680 = EDGE_LOOP('',(#10681,#10682,#10683,#10684));
#10681 = ORIENTED_EDGE('',*,*,#10667,.F.);
#10682 = ORIENTED_EDGE('',*,*,#10640,.T.);
#10683 = ORIENTED_EDGE('',*,*,#10557,.T.);
#10684 = ORIENTED_EDGE('',*,*,#10304,.F.);
#10685 = PLANE('',#10686);
#10686 = AXIS2_PLACEMENT_3D('',#10687,#10688,#10689);
#10687 = CARTESIAN_POINT('',(0.7,5.E-02,3.9));
#10688 = DIRECTION('',(1.224646799147E-16,1.,2.737449048414E-33));
#10689 = DIRECTION('',(-1.,1.224646799147E-16,0.));
#10690 = ADVANCED_FACE('',(#10691),#10697,.F.);
#10691 = FACE_BOUND('',#10692,.F.);
#10692 = EDGE_LOOP('',(#10693,#10694,#10695,#10696));
#10693 = ORIENTED_EDGE('',*,*,#10497,.F.);
#10694 = ORIENTED_EDGE('',*,*,#10416,.T.);
#10695 = ORIENTED_EDGE('',*,*,#10534,.T.);
#10696 = ORIENTED_EDGE('',*,*,#10574,.F.);
#10697 = PLANE('',#10698);
#10698 = AXIS2_PLACEMENT_3D('',#10699,#10700,#10701);
#10699 = CARTESIAN_POINT('',(4.8,5.E-02,3.9));
#10700 = DIRECTION('',(1.224646799147E-16,1.,2.737449048414E-33));
#10701 = DIRECTION('',(-1.,1.224646799147E-16,0.));
#10702 = ADVANCED_FACE('',(#10703),#10709,.F.);
#10703 = FACE_BOUND('',#10704,.F.);
#10704 = EDGE_LOOP('',(#10705,#10706,#10707,#10708));
#10705 = ORIENTED_EDGE('',*,*,#10449,.F.);
#10706 = ORIENTED_EDGE('',*,*,#10473,.T.);
#10707 = ORIENTED_EDGE('',*,*,#10527,.T.);
#10708 = ORIENTED_EDGE('',*,*,#10399,.F.);
#10709 = PLANE('',#10710);
#10710 = AXIS2_PLACEMENT_3D('',#10711,#10712,#10713);
#10711 = CARTESIAN_POINT('',(0.8,-5.E-02,3.9));
#10712 = DIRECTION('',(-1.224646799147E-16,-1.,-2.737449048414E-33));
#10713 = DIRECTION('',(1.,-1.224646799147E-16,0.));
#10714 = ORIENTED_CLOSED_SHELL('',*,#10715,.F.);
#10715 = CLOSED_SHELL('',(#10716,#10758,#10789,#10800,#10832,#10859));
#10716 = ADVANCED_FACE('',(#10717),#10753,.T.);
#10717 = FACE_BOUND('',#10718,.T.);
#10718 = EDGE_LOOP('',(#10719,#10729,#10738,#10746));
#10719 = ORIENTED_EDGE('',*,*,#10720,.F.);
#10720 = EDGE_CURVE('',#10721,#10723,#10725,.T.);
#10721 = VERTEX_POINT('',#10722);
#10722 = CARTESIAN_POINT('',(2.043431345516,0.535756805311,3.6));
#10723 = VERTEX_POINT('',#10724);
#10724 = CARTESIAN_POINT('',(1.419132749216,0.277163859753,3.6));
#10725 = LINE('',#10726,#10727);
#10726 = CARTESIAN_POINT('',(2.043431345516,0.535756805311,3.6));
#10727 = VECTOR('',#10728,1.);
#10728 = DIRECTION('',(-0.923879532511,-0.382683432365,0.));
#10729 = ORIENTED_EDGE('',*,*,#10730,.T.);
#10730 = EDGE_CURVE('',#10721,#10731,#10733,.T.);
#10731 = VERTEX_POINT('',#10732);
#10732 = CARTESIAN_POINT('',(2.043431345516,-0.535756805311,3.6));
#10733 = CIRCLE('',#10734,1.4);
#10734 = AXIS2_PLACEMENT_3D('',#10735,#10736,#10737);
#10735 = CARTESIAN_POINT('',(0.75,0.,3.6));
#10736 = DIRECTION('',(0.,0.,-1.));
#10737 = DIRECTION('',(0.923879532511,0.382683432365,0.));
#10738 = ORIENTED_EDGE('',*,*,#10739,.T.);
#10739 = EDGE_CURVE('',#10731,#10740,#10742,.T.);
#10740 = VERTEX_POINT('',#10741);
#10741 = CARTESIAN_POINT('',(1.419132749216,-0.277163859753,3.6));
#10742 = LINE('',#10743,#10744);
#10743 = CARTESIAN_POINT('',(2.043431345516,-0.535756805311,3.6));
#10744 = VECTOR('',#10745,1.);
#10745 = DIRECTION('',(-0.923879532511,0.382683432365,0.));
#10746 = ORIENTED_EDGE('',*,*,#10747,.T.);
#10747 = EDGE_CURVE('',#10740,#10723,#10748,.T.);
#10748 = CIRCLE('',#10749,0.3);
#10749 = AXIS2_PLACEMENT_3D('',#10750,#10751,#10752);
#10750 = CARTESIAN_POINT('',(1.533937778926,0.,3.6));
#10751 = DIRECTION('',(0.,0.,-1.));
#10752 = DIRECTION('',(0.382683432365,0.923879532511,0.));
#10753 = PLANE('',#10754);
#10754 = AXIS2_PLACEMENT_3D('',#10755,#10756,#10757);
#10755 = CARTESIAN_POINT('',(0.75,0.,3.6));
#10756 = DIRECTION('',(0.,0.,-1.));
#10757 = DIRECTION('',(0.923879532511,0.382683432365,0.));
#10758 = ADVANCED_FACE('',(#10759),#10784,.T.);
#10759 = FACE_BOUND('',#10760,.T.);
#10760 = EDGE_LOOP('',(#10761,#10762,#10769,#10770,#10778));
#10761 = ORIENTED_EDGE('',*,*,#10739,.F.);
#10762 = ORIENTED_EDGE('',*,*,#10763,.T.);
#10763 = EDGE_CURVE('',#10731,#10721,#10764,.T.);
#10764 = CIRCLE('',#10765,1.4);
#10765 = AXIS2_PLACEMENT_3D('',#10766,#10767,#10768);
#10766 = CARTESIAN_POINT('',(0.75,0.,3.6));
#10767 = DIRECTION('',(0.,-0.,-1.));
#10768 = DIRECTION('',(0.923879532511,-0.382683432365,0.));
#10769 = ORIENTED_EDGE('',*,*,#10720,.T.);
#10770 = ORIENTED_EDGE('',*,*,#10771,.T.);
#10771 = EDGE_CURVE('',#10723,#10772,#10774,.T.);
#10772 = VERTEX_POINT('',#10773);
#10773 = CARTESIAN_POINT('',(0.75,0.,3.6));
#10774 = LINE('',#10775,#10776);
#10775 = CARTESIAN_POINT('',(2.043431345516,0.535756805311,3.6));
#10776 = VECTOR('',#10777,1.);
#10777 = DIRECTION('',(-0.923879532511,-0.382683432365,0.));
#10778 = ORIENTED_EDGE('',*,*,#10779,.F.);
#10779 = EDGE_CURVE('',#10740,#10772,#10780,.T.);
#10780 = LINE('',#10781,#10782);
#10781 = CARTESIAN_POINT('',(2.043431345516,-0.535756805311,3.6));
#10782 = VECTOR('',#10783,1.);
#10783 = DIRECTION('',(-0.923879532511,0.382683432365,0.));
#10784 = PLANE('',#10785);
#10785 = AXIS2_PLACEMENT_3D('',#10786,#10787,#10788);
#10786 = CARTESIAN_POINT('',(0.75,0.,3.6));
#10787 = DIRECTION('',(0.,0.,-1.));
#10788 = DIRECTION('',(0.923879532511,-0.382683432365,0.));
#10789 = ADVANCED_FACE('',(#10790),#10795,.T.);
#10790 = FACE_BOUND('',#10791,.T.);
#10791 = EDGE_LOOP('',(#10792,#10793,#10794));
#10792 = ORIENTED_EDGE('',*,*,#10771,.F.);
#10793 = ORIENTED_EDGE('',*,*,#10747,.F.);
#10794 = ORIENTED_EDGE('',*,*,#10779,.T.);
#10795 = PLANE('',#10796);
#10796 = AXIS2_PLACEMENT_3D('',#10797,#10798,#10799);
#10797 = CARTESIAN_POINT('',(0.75,0.,3.6));
#10798 = DIRECTION('',(0.,0.,-1.));
#10799 = DIRECTION('',(0.923879532511,0.382683432365,0.));
#10800 = ADVANCED_FACE('',(#10801),#10827,.T.);
#10801 = FACE_BOUND('',#10802,.T.);
#10802 = EDGE_LOOP('',(#10803,#10811,#10820,#10826));
#10803 = ORIENTED_EDGE('',*,*,#10804,.F.);
#10804 = EDGE_CURVE('',#10805,#10721,#10807,.T.);
#10805 = VERTEX_POINT('',#10806);
#10806 = CARTESIAN_POINT('',(2.043431345516,0.535756805311,3.7));
#10807 = LINE('',#10808,#10809);
#10808 = CARTESIAN_POINT('',(2.043431345516,0.535756805311,4.));
#10809 = VECTOR('',#10810,1.);
#10810 = DIRECTION('',(0.,0.,-1.));
#10811 = ORIENTED_EDGE('',*,*,#10812,.F.);
#10812 = EDGE_CURVE('',#10813,#10805,#10815,.T.);
#10813 = VERTEX_POINT('',#10814);
#10814 = CARTESIAN_POINT('',(2.043431345516,-0.535756805311,3.7));
#10815 = CIRCLE('',#10816,1.4);
#10816 = AXIS2_PLACEMENT_3D('',#10817,#10818,#10819);
#10817 = CARTESIAN_POINT('',(0.75,0.,3.7));
#10818 = DIRECTION('',(0.,0.,1.));
#10819 = DIRECTION('',(-1.,1.224646799147E-16,0.));
#10820 = ORIENTED_EDGE('',*,*,#10821,.T.);
#10821 = EDGE_CURVE('',#10813,#10731,#10822,.T.);
#10822 = LINE('',#10823,#10824);
#10823 = CARTESIAN_POINT('',(2.043431345516,-0.535756805311,4.));
#10824 = VECTOR('',#10825,1.);
#10825 = DIRECTION('',(0.,0.,-1.));
#10826 = ORIENTED_EDGE('',*,*,#10730,.F.);
#10827 = CYLINDRICAL_SURFACE('',#10828,1.4);
#10828 = AXIS2_PLACEMENT_3D('',#10829,#10830,#10831);
#10829 = CARTESIAN_POINT('',(0.75,0.,4.));
#10830 = DIRECTION('',(0.,0.,-1.));
#10831 = DIRECTION('',(0.923879532511,0.382683432365,0.));
#10832 = ADVANCED_FACE('',(#10833),#10854,.T.);
#10833 = FACE_BOUND('',#10834,.T.);
#10834 = EDGE_LOOP('',(#10835,#10836,#10845,#10852,#10853));
#10835 = ORIENTED_EDGE('',*,*,#10821,.F.);
#10836 = ORIENTED_EDGE('',*,*,#10837,.F.);
#10837 = EDGE_CURVE('',#10838,#10813,#10840,.T.);
#10838 = VERTEX_POINT('',#10839);
#10839 = CARTESIAN_POINT('',(-0.65,1.714505518806E-16,3.7));
#10840 = CIRCLE('',#10841,1.4);
#10841 = AXIS2_PLACEMENT_3D('',#10842,#10843,#10844);
#10842 = CARTESIAN_POINT('',(0.75,0.,3.7));
#10843 = DIRECTION('',(0.,0.,1.));
#10844 = DIRECTION('',(-1.,1.224646799147E-16,0.));
#10845 = ORIENTED_EDGE('',*,*,#10846,.F.);
#10846 = EDGE_CURVE('',#10805,#10838,#10847,.T.);
#10847 = CIRCLE('',#10848,1.4);
#10848 = AXIS2_PLACEMENT_3D('',#10849,#10850,#10851);
#10849 = CARTESIAN_POINT('',(0.75,0.,3.7));
#10850 = DIRECTION('',(0.,0.,1.));
#10851 = DIRECTION('',(-1.,1.224646799147E-16,0.));
#10852 = ORIENTED_EDGE('',*,*,#10804,.T.);
#10853 = ORIENTED_EDGE('',*,*,#10763,.F.);
#10854 = CYLINDRICAL_SURFACE('',#10855,1.4);
#10855 = AXIS2_PLACEMENT_3D('',#10856,#10857,#10858);
#10856 = CARTESIAN_POINT('',(0.75,0.,4.));
#10857 = DIRECTION('',(0.,0.,-1.));
#10858 = DIRECTION('',(0.923879532511,-0.382683432365,0.));
#10859 = ADVANCED_FACE('',(#10860),#10865,.T.);
#10860 = FACE_BOUND('',#10861,.T.);
#10861 = EDGE_LOOP('',(#10862,#10863,#10864));
#10862 = ORIENTED_EDGE('',*,*,#10837,.T.);
#10863 = ORIENTED_EDGE('',*,*,#10812,.T.);
#10864 = ORIENTED_EDGE('',*,*,#10846,.T.);
#10865 = PLANE('',#10866);
#10866 = AXIS2_PLACEMENT_3D('',#10867,#10868,#10869);
#10867 = CARTESIAN_POINT('',(0.75,-6.494268501652E-17,3.7));
#10868 = DIRECTION('',(1.677000223684E-32,-2.737449048414E-33,1.));
#10869 = DIRECTION('',(-1.,1.224646799147E-16,1.677000223684E-32));
#10870 = ( GEOMETRIC_REPRESENTATION_CONTEXT(3) 
GLOBAL_UNCERTAINTY_ASSIGNED_CONTEXT((#10874)) 
GLOBAL_UNIT_ASSIGNED_CONTEXT((#10871,#10872,#10873)) 
REPRESENTATION_CONTEXT('Context #1',
  '3D Context with UNIT and UNCERTAINTY') );
#10871 = ( LENGTH_UNIT() NAMED_UNIT(*) SI_UNIT(.MILLI.,.METRE.) );
#10872 = ( NAMED_UNIT(*) PLANE_ANGLE_UNIT() SI_UNIT($,.RADIAN.) );
#10873 = ( NAMED_UNIT(*) SI_UNIT($,.STERADIAN.) SOLID_ANGLE_UNIT() );
#10874 = UNCERTAINTY_MEASURE_WITH_UNIT(LENGTH_MEASURE(5.E-06),#10871,
  'distance_accuracy_value','confusion accuracy');
#10875 = CONTEXT_DEPENDENT_SHAPE_REPRESENTATION(#10876,#10878);
#10876 = ( REPRESENTATION_RELATIONSHIP('','',#8637,#8614) 
REPRESENTATION_RELATIONSHIP_WITH_TRANSFORMATION(#10877) 
SHAPE_REPRESENTATION_RELATIONSHIP() );
#10877 = ITEM_DEFINED_TRANSFORMATION('','',#11,#8615);
#10878 = PRODUCT_DEFINITION_SHAPE('Placement','Placement of an item',
  #10879);
#10879 = NEXT_ASSEMBLY_USAGE_OCCURRENCE('33','=>[0:1:1:9]','',#8609,
  #8632,$);
#10880 = PRODUCT_RELATED_PRODUCT_CATEGORY('part',$,(#8634));
#10881 = CONTEXT_DEPENDENT_SHAPE_REPRESENTATION(#10882,#10884);
#10882 = ( REPRESENTATION_RELATIONSHIP('','',#737,#10) 
REPRESENTATION_RELATIONSHIP_WITH_TRANSFORMATION(#10883) 
SHAPE_REPRESENTATION_RELATIONSHIP() );
#10883 = ITEM_DEFINED_TRANSFORMATION('','',#11,#135);
#10884 = PRODUCT_DEFINITION_SHAPE('Placement','Placement of an item',
  #10885);
#10885 = NEXT_ASSEMBLY_USAGE_OCCURRENCE('35','J5','',#5,#732,$);
#10886 = SHAPE_DEFINITION_REPRESENTATION(#10887,#10893);
#10887 = PRODUCT_DEFINITION_SHAPE('','',#10888);
#10888 = PRODUCT_DEFINITION('design','',#10889,#10892);
#10889 = PRODUCT_DEFINITION_FORMATION('','',#10890);
#10890 = PRODUCT(
  'TerminalBlock_Phoenix_MKDS-1,5-2_1x02_P5.00mm_Horizontal',
  'TerminalBlock_Phoenix_MKDS-1,5-2_1x02_P5.00mm_Horizontal','',(#10891)
  );
#10891 = PRODUCT_CONTEXT('',#2,'mechanical');
#10892 = PRODUCT_DEFINITION_CONTEXT('part definition',#2,'design');
#10893 = SHAPE_REPRESENTATION('',(#11,#10894),#10898);
#10894 = AXIS2_PLACEMENT_3D('',#10895,#10896,#10897);
#10895 = CARTESIAN_POINT('',(0.,0.,0.));
#10896 = DIRECTION('',(0.,0.,1.));
#10897 = DIRECTION('',(1.,0.,-0.));
#10898 = ( GEOMETRIC_REPRESENTATION_CONTEXT(3) 
GLOBAL_UNCERTAINTY_ASSIGNED_CONTEXT((#10902)) 
GLOBAL_UNIT_ASSIGNED_CONTEXT((#10899,#10900,#10901)) 
REPRESENTATION_CONTEXT('Context #1',
  '3D Context with UNIT and UNCERTAINTY') );
#10899 = ( LENGTH_UNIT() NAMED_UNIT(*) SI_UNIT(.MILLI.,.METRE.) );
#10900 = ( NAMED_UNIT(*) PLANE_ANGLE_UNIT() SI_UNIT($,.RADIAN.) );
#10901 = ( NAMED_UNIT(*) SI_UNIT($,.STERADIAN.) SOLID_ANGLE_UNIT() );
#10902 = UNCERTAINTY_MEASURE_WITH_UNIT(LENGTH_MEASURE(1.E-07),#10899,
  'distance_accuracy_value','confusion accuracy');
#10903 = CONTEXT_DEPENDENT_SHAPE_REPRESENTATION(#10904,#10906);
#10904 = ( REPRESENTATION_RELATIONSHIP('','',#10893,#10) 
REPRESENTATION_RELATIONSHIP_WITH_TRANSFORMATION(#10905) 
SHAPE_REPRESENTATION_RELATIONSHIP() );
#10905 = ITEM_DEFINED_TRANSFORMATION('','',#11,#139);
#10906 = PRODUCT_DEFINITION_SHAPE('Placement','Placement of an item',
  #10907);
#10907 = NEXT_ASSEMBLY_USAGE_OCCURRENCE('37','J2','',#5,#10888,$);
#10908 = PRODUCT_RELATED_PRODUCT_CATEGORY('part',$,(#10890));
#10909 = SHAPE_DEFINITION_REPRESENTATION(#10910,#10916);
#10910 = PRODUCT_DEFINITION_SHAPE('','',#10911);
#10911 = PRODUCT_DEFINITION('design','',#10912,#10915);
#10912 = PRODUCT_DEFINITION_FORMATION('','',#10913);
#10913 = PRODUCT(
  'TerminalBlock_Phoenix_MKDS-1,5-2_1x02_P5.00mm_Horizontal',
  'TerminalBlock_Phoenix_MKDS-1,5-2_1x02_P5.00mm_Horizontal','',(#10914)
  );
#10914 = PRODUCT_CONTEXT('',#2,'mechanical');
#10915 = PRODUCT_DEFINITION_CONTEXT('part definition',#2,'design');
#10916 = ADVANCED_BREP_SHAPE_REPRESENTATION('',(#11,#10917),#13538);
#10917 = MANIFOLD_SOLID_BREP('',#10918);
#10918 = CLOSED_SHELL('',(#10919,#11091,#11169,#11261,#11285,#11356,
    #11380,#11404,#11421,#11445,#11462,#11479,#11510,#11534,#11558,
    #11575,#11606,#11630,#11654,#11671,#11693,#11732,#11744,#11756,
    #11768,#11797,#11820,#11843,#11860,#11889,#11912,#11935,#11952,
    #11964,#11976,#11988,#12099,#12210,#12241,#12265,#12289,#12313,
    #12344,#12368,#12392,#12416,#12432,#12465,#12490,#12522,#12553,
    #12563,#12581,#12597,#12630,#12655,#12687,#12718,#12728,#12746,
    #12801,#12856,#12881,#12992,#13002,#13027,#13138,#13148,#13158,
    #13189,#13213,#13237,#13254,#13264,#13295,#13319,#13343,#13360,
    #13376,#13393,#13410,#13427,#13437,#13453,#13470,#13487,#13504,
    #13514,#13526));
#10919 = ADVANCED_FACE('',(#10920,#11018,#11052),#11086,.F.);
#10920 = FACE_BOUND('',#10921,.F.);
#10921 = EDGE_LOOP('',(#10922,#10932,#10940,#10948,#10956,#10964,#10972,
    #10980,#10988,#10996,#11004,#11012));
#10922 = ORIENTED_EDGE('',*,*,#10923,.F.);
#10923 = EDGE_CURVE('',#10924,#10926,#10928,.T.);
#10924 = VERTEX_POINT('',#10925);
#10925 = CARTESIAN_POINT('',(-2.5,-4.6,0.));
#10926 = VERTEX_POINT('',#10927);
#10927 = CARTESIAN_POINT('',(-2.5,-3.83,0.));
#10928 = LINE('',#10929,#10930);
#10929 = CARTESIAN_POINT('',(-2.5,-4.6,0.));
#10930 = VECTOR('',#10931,1.);
#10931 = DIRECTION('',(0.,1.,0.));
#10932 = ORIENTED_EDGE('',*,*,#10933,.T.);
#10933 = EDGE_CURVE('',#10924,#10934,#10936,.T.);
#10934 = VERTEX_POINT('',#10935);
#10935 = CARTESIAN_POINT('',(7.5,-4.6,0.));
#10936 = LINE('',#10937,#10938);
#10937 = CARTESIAN_POINT('',(-2.5,-4.6,0.));
#10938 = VECTOR('',#10939,1.);
#10939 = DIRECTION('',(1.,0.,0.));
#10940 = ORIENTED_EDGE('',*,*,#10941,.T.);
#10941 = EDGE_CURVE('',#10934,#10942,#10944,.T.);
#10942 = VERTEX_POINT('',#10943);
#10943 = CARTESIAN_POINT('',(7.5,-3.83,0.));
#10944 = LINE('',#10945,#10946);
#10945 = CARTESIAN_POINT('',(7.5,-4.6,0.));
#10946 = VECTOR('',#10947,1.);
#10947 = DIRECTION('',(0.,1.,0.));
#10948 = ORIENTED_EDGE('',*,*,#10949,.F.);
#10949 = EDGE_CURVE('',#10950,#10942,#10952,.T.);
#10950 = VERTEX_POINT('',#10951);
#10951 = CARTESIAN_POINT('',(6.76,-4.06,0.));
#10952 = LINE('',#10953,#10954);
#10953 = CARTESIAN_POINT('',(6.76,-4.06,0.));
#10954 = VECTOR('',#10955,1.);
#10955 = DIRECTION('',(0.954938084056,0.296805080179,0.));
#10956 = ORIENTED_EDGE('',*,*,#10957,.F.);
#10957 = EDGE_CURVE('',#10958,#10950,#10960,.T.);
#10958 = VERTEX_POINT('',#10959);
#10959 = CARTESIAN_POINT('',(6.76,-3.14,0.));
#10960 = LINE('',#10961,#10962);
#10961 = CARTESIAN_POINT('',(6.76,-3.14,0.));
#10962 = VECTOR('',#10963,1.);
#10963 = DIRECTION('',(0.,-1.,0.));
#10964 = ORIENTED_EDGE('',*,*,#10965,.F.);
#10965 = EDGE_CURVE('',#10966,#10958,#10968,.T.);
#10966 = VERTEX_POINT('',#10967);
#10967 = CARTESIAN_POINT('',(7.5,-3.37,0.));
#10968 = LINE('',#10969,#10970);
#10969 = CARTESIAN_POINT('',(7.5,-3.37,0.));
#10970 = VECTOR('',#10971,1.);
#10971 = DIRECTION('',(-0.954938084056,0.296805080179,0.));
#10972 = ORIENTED_EDGE('',*,*,#10973,.T.);
#10973 = EDGE_CURVE('',#10966,#10974,#10976,.T.);
#10974 = VERTEX_POINT('',#10975);
#10975 = CARTESIAN_POINT('',(7.5,5.2,0.));
#10976 = LINE('',#10977,#10978);
#10977 = CARTESIAN_POINT('',(7.5,-4.6,0.));
#10978 = VECTOR('',#10979,1.);
#10979 = DIRECTION('',(0.,1.,0.));
#10980 = ORIENTED_EDGE('',*,*,#10981,.F.);
#10981 = EDGE_CURVE('',#10982,#10974,#10984,.T.);
#10982 = VERTEX_POINT('',#10983);
#10983 = CARTESIAN_POINT('',(-2.5,5.2,0.));
#10984 = LINE('',#10985,#10986);
#10985 = CARTESIAN_POINT('',(-2.5,5.2,0.));
#10986 = VECTOR('',#10987,1.);
#10987 = DIRECTION('',(1.,0.,0.));
#10988 = ORIENTED_EDGE('',*,*,#10989,.F.);
#10989 = EDGE_CURVE('',#10990,#10982,#10992,.T.);
#10990 = VERTEX_POINT('',#10991);
#10991 = CARTESIAN_POINT('',(-2.5,-3.37,0.));
#10992 = LINE('',#10993,#10994);
#10993 = CARTESIAN_POINT('',(-2.5,-4.6,0.));
#10994 = VECTOR('',#10995,1.);
#10995 = DIRECTION('',(0.,1.,0.));
#10996 = ORIENTED_EDGE('',*,*,#10997,.T.);
#10997 = EDGE_CURVE('',#10990,#10998,#11000,.T.);
#10998 = VERTEX_POINT('',#10999);
#10999 = CARTESIAN_POINT('',(-3.24,-3.14,0.));
#11000 = LINE('',#11001,#11002);
#11001 = CARTESIAN_POINT('',(-2.5,-3.37,0.));
#11002 = VECTOR('',#11003,1.);
#11003 = DIRECTION('',(-0.954938084056,0.296805080179,0.));
#11004 = ORIENTED_EDGE('',*,*,#11005,.T.);
#11005 = EDGE_CURVE('',#10998,#11006,#11008,.T.);
#11006 = VERTEX_POINT('',#11007);
#11007 = CARTESIAN_POINT('',(-3.24,-4.06,0.));
#11008 = LINE('',#11009,#11010);
#11009 = CARTESIAN_POINT('',(-3.24,-3.14,0.));
#11010 = VECTOR('',#11011,1.);
#11011 = DIRECTION('',(0.,-1.,0.));
#11012 = ORIENTED_EDGE('',*,*,#11013,.T.);
#11013 = EDGE_CURVE('',#11006,#10926,#11014,.T.);
#11014 = LINE('',#11015,#11016);
#11015 = CARTESIAN_POINT('',(-3.24,-4.06,0.));
#11016 = VECTOR('',#11017,1.);
#11017 = DIRECTION('',(0.954938084056,0.296805080179,0.));
#11018 = FACE_BOUND('',#11019,.F.);
#11019 = EDGE_LOOP('',(#11020,#11030,#11038,#11046));
#11020 = ORIENTED_EDGE('',*,*,#11021,.F.);
#11021 = EDGE_CURVE('',#11022,#11024,#11026,.T.);
#11022 = VERTEX_POINT('',#11023);
#11023 = CARTESIAN_POINT('',(4.55,-0.45,0.));
#11024 = VERTEX_POINT('',#11025);
#11025 = CARTESIAN_POINT('',(5.45,-0.45,0.));
#11026 = LINE('',#11027,#11028);
#11027 = CARTESIAN_POINT('',(1.025,-0.45,0.));
#11028 = VECTOR('',#11029,1.);
#11029 = DIRECTION('',(1.,0.,-0.));
#11030 = ORIENTED_EDGE('',*,*,#11031,.F.);
#11031 = EDGE_CURVE('',#11032,#11022,#11034,.T.);
#11032 = VERTEX_POINT('',#11033);
#11033 = CARTESIAN_POINT('',(4.55,0.45,0.));
#11034 = LINE('',#11035,#11036);
#11035 = CARTESIAN_POINT('',(4.55,-2.075,0.));
#11036 = VECTOR('',#11037,1.);
#11037 = DIRECTION('',(0.,-1.,0.));
#11038 = ORIENTED_EDGE('',*,*,#11039,.F.);
#11039 = EDGE_CURVE('',#11040,#11032,#11042,.T.);
#11040 = VERTEX_POINT('',#11041);
#11041 = CARTESIAN_POINT('',(5.45,0.45,0.));
#11042 = LINE('',#11043,#11044);
#11043 = CARTESIAN_POINT('',(1.475,0.45,0.));
#11044 = VECTOR('',#11045,1.);
#11045 = DIRECTION('',(-1.,0.,0.));
#11046 = ORIENTED_EDGE('',*,*,#11047,.F.);
#11047 = EDGE_CURVE('',#11024,#11040,#11048,.T.);
#11048 = LINE('',#11049,#11050);
#11049 = CARTESIAN_POINT('',(5.45,-2.525,0.));
#11050 = VECTOR('',#11051,1.);
#11051 = DIRECTION('',(0.,1.,0.));
#11052 = FACE_BOUND('',#11053,.F.);
#11053 = EDGE_LOOP('',(#11054,#11064,#11072,#11080));
#11054 = ORIENTED_EDGE('',*,*,#11055,.F.);
#11055 = EDGE_CURVE('',#11056,#11058,#11060,.T.);
#11056 = VERTEX_POINT('',#11057);
#11057 = CARTESIAN_POINT('',(-0.45,-0.45,0.));
#11058 = VERTEX_POINT('',#11059);
#11059 = CARTESIAN_POINT('',(0.45,-0.45,0.));
#11060 = LINE('',#11061,#11062);
#11061 = CARTESIAN_POINT('',(-1.475,-0.45,0.));
#11062 = VECTOR('',#11063,1.);
#11063 = DIRECTION('',(1.,0.,-0.));
#11064 = ORIENTED_EDGE('',*,*,#11065,.F.);
#11065 = EDGE_CURVE('',#11066,#11056,#11068,.T.);
#11066 = VERTEX_POINT('',#11067);
#11067 = CARTESIAN_POINT('',(-0.45,0.45,0.));
#11068 = LINE('',#11069,#11070);
#11069 = CARTESIAN_POINT('',(-0.45,-2.075,0.));
#11070 = VECTOR('',#11071,1.);
#11071 = DIRECTION('',(0.,-1.,0.));
#11072 = ORIENTED_EDGE('',*,*,#11073,.F.);
#11073 = EDGE_CURVE('',#11074,#11066,#11076,.T.);
#11074 = VERTEX_POINT('',#11075);
#11075 = CARTESIAN_POINT('',(0.45,0.45,0.));
#11076 = LINE('',#11077,#11078);
#11077 = CARTESIAN_POINT('',(-1.025,0.45,0.));
#11078 = VECTOR('',#11079,1.);
#11079 = DIRECTION('',(-1.,0.,0.));
#11080 = ORIENTED_EDGE('',*,*,#11081,.F.);
#11081 = EDGE_CURVE('',#11058,#11074,#11082,.T.);
#11082 = LINE('',#11083,#11084);
#11083 = CARTESIAN_POINT('',(0.45,-2.525,0.));
#11084 = VECTOR('',#11085,1.);
#11085 = DIRECTION('',(0.,1.,0.));
#11086 = PLANE('',#11087);
#11087 = AXIS2_PLACEMENT_3D('',#11088,#11089,#11090);
#11088 = CARTESIAN_POINT('',(-2.5,-4.6,0.));
#11089 = DIRECTION('',(0.,0.,1.));
#11090 = DIRECTION('',(0.,1.,0.));
#11091 = ADVANCED_FACE('',(#11092),#11164,.F.);
#11092 = FACE_BOUND('',#11093,.F.);
#11093 = EDGE_LOOP('',(#11094,#11104,#11112,#11118,#11119,#11127,#11135,
    #11141,#11142,#11150,#11158));
#11094 = ORIENTED_EDGE('',*,*,#11095,.T.);
#11095 = EDGE_CURVE('',#11096,#11098,#11100,.T.);
#11096 = VERTEX_POINT('',#11097);
#11097 = CARTESIAN_POINT('',(-2.5,-2.6,13.8));
#11098 = VERTEX_POINT('',#11099);
#11099 = CARTESIAN_POINT('',(-2.5,-4.1,7.4));
#11100 = LINE('',#11101,#11102);
#11101 = CARTESIAN_POINT('',(-2.5,-2.6,13.8));
#11102 = VECTOR('',#11103,1.);
#11103 = DIRECTION('',(0.,-0.228191322789,-0.973616310568));
#11104 = ORIENTED_EDGE('',*,*,#11105,.T.);
#11105 = EDGE_CURVE('',#11098,#11106,#11108,.T.);
#11106 = VERTEX_POINT('',#11107);
#11107 = CARTESIAN_POINT('',(-2.5,-4.6,7.4));
#11108 = LINE('',#11109,#11110);
#11109 = CARTESIAN_POINT('',(-2.5,-4.1,7.4));
#11110 = VECTOR('',#11111,1.);
#11111 = DIRECTION('',(0.,-1.,0.));
#11112 = ORIENTED_EDGE('',*,*,#11113,.T.);
#11113 = EDGE_CURVE('',#11106,#10924,#11114,.T.);
#11114 = LINE('',#11115,#11116);
#11115 = CARTESIAN_POINT('',(-2.5,-4.6,13.8));
#11116 = VECTOR('',#11117,1.);
#11117 = DIRECTION('',(0.,0.,-1.));
#11118 = ORIENTED_EDGE('',*,*,#10923,.T.);
#11119 = ORIENTED_EDGE('',*,*,#11120,.T.);
#11120 = EDGE_CURVE('',#10926,#11121,#11123,.T.);
#11121 = VERTEX_POINT('',#11122);
#11122 = CARTESIAN_POINT('',(-2.5,-3.83,7.));
#11123 = LINE('',#11124,#11125);
#11124 = CARTESIAN_POINT('',(-2.5,-3.83,0.));
#11125 = VECTOR('',#11126,1.);
#11126 = DIRECTION('',(0.,0.,1.));
#11127 = ORIENTED_EDGE('',*,*,#11128,.T.);
#11128 = EDGE_CURVE('',#11121,#11129,#11131,.T.);
#11129 = VERTEX_POINT('',#11130);
#11130 = CARTESIAN_POINT('',(-2.5,-3.37,7.));
#11131 = LINE('',#11132,#11133);
#11132 = CARTESIAN_POINT('',(-2.5,-3.83,7.));
#11133 = VECTOR('',#11134,1.);
#11134 = DIRECTION('',(0.,1.,0.));
#11135 = ORIENTED_EDGE('',*,*,#11136,.F.);
#11136 = EDGE_CURVE('',#10990,#11129,#11137,.T.);
#11137 = LINE('',#11138,#11139);
#11138 = CARTESIAN_POINT('',(-2.5,-3.37,0.));
#11139 = VECTOR('',#11140,1.);
#11140 = DIRECTION('',(0.,0.,1.));
#11141 = ORIENTED_EDGE('',*,*,#10989,.T.);
#11142 = ORIENTED_EDGE('',*,*,#11143,.T.);
#11143 = EDGE_CURVE('',#10982,#11144,#11146,.T.);
#11144 = VERTEX_POINT('',#11145);
#11145 = CARTESIAN_POINT('',(-2.5,5.2,4.57));
#11146 = LINE('',#11147,#11148);
#11147 = CARTESIAN_POINT('',(-2.5,5.2,0.));
#11148 = VECTOR('',#11149,1.);
#11149 = DIRECTION('',(0.,0.,1.));
#11150 = ORIENTED_EDGE('',*,*,#11151,.F.);
#11151 = EDGE_CURVE('',#11152,#11144,#11154,.T.);
#11152 = VERTEX_POINT('',#11153);
#11153 = CARTESIAN_POINT('',(-2.5,2.2,13.8));
#11154 = LINE('',#11155,#11156);
#11155 = CARTESIAN_POINT('',(-2.5,2.2,13.8));
#11156 = VECTOR('',#11157,1.);
#11157 = DIRECTION('',(0.,0.309109370483,-0.951026496518));
#11158 = ORIENTED_EDGE('',*,*,#11159,.T.);
#11159 = EDGE_CURVE('',#11152,#11096,#11160,.T.);
#11160 = LINE('',#11161,#11162);
#11161 = CARTESIAN_POINT('',(-2.5,5.2,13.8));
#11162 = VECTOR('',#11163,1.);
#11163 = DIRECTION('',(0.,-1.,0.));
#11164 = PLANE('',#11165);
#11165 = AXIS2_PLACEMENT_3D('',#11166,#11167,#11168);
#11166 = CARTESIAN_POINT('',(-2.5,0.3,6.9));
#11167 = DIRECTION('',(1.,0.,0.));
#11168 = DIRECTION('',(-0.,0.,1.));
#11169 = ADVANCED_FACE('',(#11170,#11188,#11222),#11256,.F.);
#11170 = FACE_BOUND('',#11171,.F.);
#11171 = EDGE_LOOP('',(#11172,#11173,#11181,#11187));
#11172 = ORIENTED_EDGE('',*,*,#11113,.F.);
#11173 = ORIENTED_EDGE('',*,*,#11174,.T.);
#11174 = EDGE_CURVE('',#11106,#11175,#11177,.T.);
#11175 = VERTEX_POINT('',#11176);
#11176 = CARTESIAN_POINT('',(7.5,-4.6,7.4));
#11177 = LINE('',#11178,#11179);
#11178 = CARTESIAN_POINT('',(-2.5,-4.6,7.4));
#11179 = VECTOR('',#11180,1.);
#11180 = DIRECTION('',(1.,0.,0.));
#11181 = ORIENTED_EDGE('',*,*,#11182,.T.);
#11182 = EDGE_CURVE('',#11175,#10934,#11183,.T.);
#11183 = LINE('',#11184,#11185);
#11184 = CARTESIAN_POINT('',(7.5,-4.6,13.8));
#11185 = VECTOR('',#11186,1.);
#11186 = DIRECTION('',(0.,0.,-1.));
#11187 = ORIENTED_EDGE('',*,*,#10933,.F.);
#11188 = FACE_BOUND('',#11189,.F.);
#11189 = EDGE_LOOP('',(#11190,#11200,#11208,#11216));
#11190 = ORIENTED_EDGE('',*,*,#11191,.F.);
#11191 = EDGE_CURVE('',#11192,#11194,#11196,.T.);
#11192 = VERTEX_POINT('',#11193);
#11193 = CARTESIAN_POINT('',(6.8,-4.6,1.6));
#11194 = VERTEX_POINT('',#11195);
#11195 = CARTESIAN_POINT('',(3.2,-4.6,1.6));
#11196 = LINE('',#11197,#11198);
#11197 = CARTESIAN_POINT('',(6.8,-4.6,1.6));
#11198 = VECTOR('',#11199,1.);
#11199 = DIRECTION('',(-1.,0.,-1.233581138472E-16));
#11200 = ORIENTED_EDGE('',*,*,#11201,.F.);
#11201 = EDGE_CURVE('',#11202,#11192,#11204,.T.);
#11202 = VERTEX_POINT('',#11203);
#11203 = CARTESIAN_POINT('',(6.8,-4.6,6.8));
#11204 = LINE('',#11205,#11206);
#11205 = CARTESIAN_POINT('',(6.8,-4.6,6.8));
#11206 = VECTOR('',#11207,1.);
#11207 = DIRECTION('',(0.,0.,-1.));
#11208 = ORIENTED_EDGE('',*,*,#11209,.F.);
#11209 = EDGE_CURVE('',#11210,#11202,#11212,.T.);
#11210 = VERTEX_POINT('',#11211);
#11211 = CARTESIAN_POINT('',(3.2,-4.6,6.8));
#11212 = LINE('',#11213,#11214);
#11213 = CARTESIAN_POINT('',(3.2,-4.6,6.8));
#11214 = VECTOR('',#11215,1.);
#11215 = DIRECTION('',(1.,0.,2.467162276945E-16));
#11216 = ORIENTED_EDGE('',*,*,#11217,.F.);
#11217 = EDGE_CURVE('',#11194,#11210,#11218,.T.);
#11218 = LINE('',#11219,#11220);
#11219 = CARTESIAN_POINT('',(3.2,-4.6,1.6));
#11220 = VECTOR('',#11221,1.);
#11221 = DIRECTION('',(0.,0.,1.));
#11222 = FACE_BOUND('',#11223,.F.);
#11223 = EDGE_LOOP('',(#11224,#11234,#11242,#11250));
#11224 = ORIENTED_EDGE('',*,*,#11225,.F.);
#11225 = EDGE_CURVE('',#11226,#11228,#11230,.T.);
#11226 = VERTEX_POINT('',#11227);
#11227 = CARTESIAN_POINT('',(1.8,-4.6,1.6));
#11228 = VERTEX_POINT('',#11229);
#11229 = CARTESIAN_POINT('',(-1.8,-4.6,1.6));
#11230 = LINE('',#11231,#11232);
#11231 = CARTESIAN_POINT('',(1.8,-4.6,1.6));
#11232 = VECTOR('',#11233,1.);
#11233 = DIRECTION('',(-1.,0.,-1.233581138472E-16));
#11234 = ORIENTED_EDGE('',*,*,#11235,.F.);
#11235 = EDGE_CURVE('',#11236,#11226,#11238,.T.);
#11236 = VERTEX_POINT('',#11237);
#11237 = CARTESIAN_POINT('',(1.8,-4.6,6.8));
#11238 = LINE('',#11239,#11240);
#11239 = CARTESIAN_POINT('',(1.8,-4.6,6.8));
#11240 = VECTOR('',#11241,1.);
#11241 = DIRECTION('',(0.,0.,-1.));
#11242 = ORIENTED_EDGE('',*,*,#11243,.F.);
#11243 = EDGE_CURVE('',#11244,#11236,#11246,.T.);
#11244 = VERTEX_POINT('',#11245);
#11245 = CARTESIAN_POINT('',(-1.8,-4.6,6.8));
#11246 = LINE('',#11247,#11248);
#11247 = CARTESIAN_POINT('',(-1.8,-4.6,6.8));
#11248 = VECTOR('',#11249,1.);
#11249 = DIRECTION('',(1.,0.,2.467162276945E-16));
#11250 = ORIENTED_EDGE('',*,*,#11251,.F.);
#11251 = EDGE_CURVE('',#11228,#11244,#11252,.T.);
#11252 = LINE('',#11253,#11254);
#11253 = CARTESIAN_POINT('',(-1.8,-4.6,1.6));
#11254 = VECTOR('',#11255,1.);
#11255 = DIRECTION('',(0.,0.,1.));
#11256 = PLANE('',#11257);
#11257 = AXIS2_PLACEMENT_3D('',#11258,#11259,#11260);
#11258 = CARTESIAN_POINT('',(-2.5,-4.6,13.8));
#11259 = DIRECTION('',(-0.,1.,0.));
#11260 = DIRECTION('',(0.,0.,-1.));
#11261 = ADVANCED_FACE('',(#11262),#11280,.F.);
#11262 = FACE_BOUND('',#11263,.F.);
#11263 = EDGE_LOOP('',(#11264,#11272,#11278,#11279));
#11264 = ORIENTED_EDGE('',*,*,#11265,.T.);
#11265 = EDGE_CURVE('',#11006,#11266,#11268,.T.);
#11266 = VERTEX_POINT('',#11267);
#11267 = CARTESIAN_POINT('',(-3.24,-4.06,7.));
#11268 = LINE('',#11269,#11270);
#11269 = CARTESIAN_POINT('',(-3.24,-4.06,0.));
#11270 = VECTOR('',#11271,1.);
#11271 = DIRECTION('',(0.,0.,1.));
#11272 = ORIENTED_EDGE('',*,*,#11273,.T.);
#11273 = EDGE_CURVE('',#11266,#11121,#11274,.T.);
#11274 = LINE('',#11275,#11276);
#11275 = CARTESIAN_POINT('',(-3.24,-4.06,7.));
#11276 = VECTOR('',#11277,1.);
#11277 = DIRECTION('',(0.954938084056,0.296805080179,0.));
#11278 = ORIENTED_EDGE('',*,*,#11120,.F.);
#11279 = ORIENTED_EDGE('',*,*,#11013,.F.);
#11280 = PLANE('',#11281);
#11281 = AXIS2_PLACEMENT_3D('',#11282,#11283,#11284);
#11282 = CARTESIAN_POINT('',(-3.24,-4.06,0.));
#11283 = DIRECTION('',(-0.296805080179,0.954938084056,0.));
#11284 = DIRECTION('',(0.954938084056,0.296805080179,0.));
#11285 = ADVANCED_FACE('',(#11286),#11351,.T.);
#11286 = FACE_BOUND('',#11287,.T.);
#11287 = EDGE_LOOP('',(#11288,#11298,#11304,#11305,#11306,#11314,#11322,
    #11328,#11329,#11337,#11345));
#11288 = ORIENTED_EDGE('',*,*,#11289,.T.);
#11289 = EDGE_CURVE('',#11290,#11292,#11294,.T.);
#11290 = VERTEX_POINT('',#11291);
#11291 = CARTESIAN_POINT('',(7.5,-2.6,13.8));
#11292 = VERTEX_POINT('',#11293);
#11293 = CARTESIAN_POINT('',(7.5,-4.1,7.4));
#11294 = LINE('',#11295,#11296);
#11295 = CARTESIAN_POINT('',(7.5,-2.6,13.8));
#11296 = VECTOR('',#11297,1.);
#11297 = DIRECTION('',(0.,-0.228191322789,-0.973616310568));
#11298 = ORIENTED_EDGE('',*,*,#11299,.T.);
#11299 = EDGE_CURVE('',#11292,#11175,#11300,.T.);
#11300 = LINE('',#11301,#11302);
#11301 = CARTESIAN_POINT('',(7.5,-4.1,7.4));
#11302 = VECTOR('',#11303,1.);
#11303 = DIRECTION('',(0.,-1.,0.));
#11304 = ORIENTED_EDGE('',*,*,#11182,.T.);
#11305 = ORIENTED_EDGE('',*,*,#10941,.T.);
#11306 = ORIENTED_EDGE('',*,*,#11307,.T.);
#11307 = EDGE_CURVE('',#10942,#11308,#11310,.T.);
#11308 = VERTEX_POINT('',#11309);
#11309 = CARTESIAN_POINT('',(7.5,-3.83,7.));
#11310 = LINE('',#11311,#11312);
#11311 = CARTESIAN_POINT('',(7.5,-3.83,0.));
#11312 = VECTOR('',#11313,1.);
#11313 = DIRECTION('',(0.,0.,1.));
#11314 = ORIENTED_EDGE('',*,*,#11315,.T.);
#11315 = EDGE_CURVE('',#11308,#11316,#11318,.T.);
#11316 = VERTEX_POINT('',#11317);
#11317 = CARTESIAN_POINT('',(7.5,-3.37,7.));
#11318 = LINE('',#11319,#11320);
#11319 = CARTESIAN_POINT('',(7.5,-3.83,7.));
#11320 = VECTOR('',#11321,1.);
#11321 = DIRECTION('',(0.,1.,0.));
#11322 = ORIENTED_EDGE('',*,*,#11323,.F.);
#11323 = EDGE_CURVE('',#10966,#11316,#11324,.T.);
#11324 = LINE('',#11325,#11326);
#11325 = CARTESIAN_POINT('',(7.5,-3.37,0.));
#11326 = VECTOR('',#11327,1.);
#11327 = DIRECTION('',(0.,0.,1.));
#11328 = ORIENTED_EDGE('',*,*,#10973,.T.);
#11329 = ORIENTED_EDGE('',*,*,#11330,.T.);
#11330 = EDGE_CURVE('',#10974,#11331,#11333,.T.);
#11331 = VERTEX_POINT('',#11332);
#11332 = CARTESIAN_POINT('',(7.5,5.2,4.57));
#11333 = LINE('',#11334,#11335);
#11334 = CARTESIAN_POINT('',(7.5,5.2,0.));
#11335 = VECTOR('',#11336,1.);
#11336 = DIRECTION('',(0.,0.,1.));
#11337 = ORIENTED_EDGE('',*,*,#11338,.F.);
#11338 = EDGE_CURVE('',#11339,#11331,#11341,.T.);
#11339 = VERTEX_POINT('',#11340);
#11340 = CARTESIAN_POINT('',(7.5,2.2,13.8));
#11341 = LINE('',#11342,#11343);
#11342 = CARTESIAN_POINT('',(7.5,2.2,13.8));
#11343 = VECTOR('',#11344,1.);
#11344 = DIRECTION('',(0.,0.309109370483,-0.951026496518));
#11345 = ORIENTED_EDGE('',*,*,#11346,.T.);
#11346 = EDGE_CURVE('',#11339,#11290,#11347,.T.);
#11347 = LINE('',#11348,#11349);
#11348 = CARTESIAN_POINT('',(7.5,5.2,13.8));
#11349 = VECTOR('',#11350,1.);
#11350 = DIRECTION('',(0.,-1.,0.));
#11351 = PLANE('',#11352);
#11352 = AXIS2_PLACEMENT_3D('',#11353,#11354,#11355);
#11353 = CARTESIAN_POINT('',(7.5,0.3,6.9));
#11354 = DIRECTION('',(1.,0.,0.));
#11355 = DIRECTION('',(-0.,0.,1.));
#11356 = ADVANCED_FACE('',(#11357),#11375,.F.);
#11357 = FACE_BOUND('',#11358,.F.);
#11358 = EDGE_LOOP('',(#11359,#11367,#11373,#11374));
#11359 = ORIENTED_EDGE('',*,*,#11360,.T.);
#11360 = EDGE_CURVE('',#10998,#11361,#11363,.T.);
#11361 = VERTEX_POINT('',#11362);
#11362 = CARTESIAN_POINT('',(-3.24,-3.14,7.));
#11363 = LINE('',#11364,#11365);
#11364 = CARTESIAN_POINT('',(-3.24,-3.14,0.));
#11365 = VECTOR('',#11366,1.);
#11366 = DIRECTION('',(0.,0.,1.));
#11367 = ORIENTED_EDGE('',*,*,#11368,.T.);
#11368 = EDGE_CURVE('',#11361,#11266,#11369,.T.);
#11369 = LINE('',#11370,#11371);
#11370 = CARTESIAN_POINT('',(-3.24,-3.14,7.));
#11371 = VECTOR('',#11372,1.);
#11372 = DIRECTION('',(0.,-1.,0.));
#11373 = ORIENTED_EDGE('',*,*,#11265,.F.);
#11374 = ORIENTED_EDGE('',*,*,#11005,.F.);
#11375 = PLANE('',#11376);
#11376 = AXIS2_PLACEMENT_3D('',#11377,#11378,#11379);
#11377 = CARTESIAN_POINT('',(-3.24,-3.14,0.));
#11378 = DIRECTION('',(1.,0.,-0.));
#11379 = DIRECTION('',(0.,-1.,0.));
#11380 = ADVANCED_FACE('',(#11381),#11399,.T.);
#11381 = FACE_BOUND('',#11382,.T.);
#11382 = EDGE_LOOP('',(#11383,#11391,#11397,#11398));
#11383 = ORIENTED_EDGE('',*,*,#11384,.T.);
#11384 = EDGE_CURVE('',#10950,#11385,#11387,.T.);
#11385 = VERTEX_POINT('',#11386);
#11386 = CARTESIAN_POINT('',(6.76,-4.06,7.));
#11387 = LINE('',#11388,#11389);
#11388 = CARTESIAN_POINT('',(6.76,-4.06,0.));
#11389 = VECTOR('',#11390,1.);
#11390 = DIRECTION('',(0.,0.,1.));
#11391 = ORIENTED_EDGE('',*,*,#11392,.T.);
#11392 = EDGE_CURVE('',#11385,#11308,#11393,.T.);
#11393 = LINE('',#11394,#11395);
#11394 = CARTESIAN_POINT('',(6.76,-4.06,7.));
#11395 = VECTOR('',#11396,1.);
#11396 = DIRECTION('',(0.954938084056,0.296805080179,0.));
#11397 = ORIENTED_EDGE('',*,*,#11307,.F.);
#11398 = ORIENTED_EDGE('',*,*,#10949,.F.);
#11399 = PLANE('',#11400);
#11400 = AXIS2_PLACEMENT_3D('',#11401,#11402,#11403);
#11401 = CARTESIAN_POINT('',(6.76,-4.06,0.));
#11402 = DIRECTION('',(-0.296805080179,0.954938084056,0.));
#11403 = DIRECTION('',(0.954938084056,0.296805080179,0.));
#11404 = ADVANCED_FACE('',(#11405),#11416,.F.);
#11405 = FACE_BOUND('',#11406,.F.);
#11406 = EDGE_LOOP('',(#11407,#11408,#11414,#11415));
#11407 = ORIENTED_EDGE('',*,*,#11136,.T.);
#11408 = ORIENTED_EDGE('',*,*,#11409,.T.);
#11409 = EDGE_CURVE('',#11129,#11361,#11410,.T.);
#11410 = LINE('',#11411,#11412);
#11411 = CARTESIAN_POINT('',(-2.5,-3.37,7.));
#11412 = VECTOR('',#11413,1.);
#11413 = DIRECTION('',(-0.954938084056,0.296805080179,0.));
#11414 = ORIENTED_EDGE('',*,*,#11360,.F.);
#11415 = ORIENTED_EDGE('',*,*,#10997,.F.);
#11416 = PLANE('',#11417);
#11417 = AXIS2_PLACEMENT_3D('',#11418,#11419,#11420);
#11418 = CARTESIAN_POINT('',(-2.5,-3.37,0.));
#11419 = DIRECTION('',(-0.296805080179,-0.954938084056,0.));
#11420 = DIRECTION('',(-0.954938084056,0.296805080179,0.));
#11421 = ADVANCED_FACE('',(#11422),#11440,.T.);
#11422 = FACE_BOUND('',#11423,.T.);
#11423 = EDGE_LOOP('',(#11424,#11432,#11438,#11439));
#11424 = ORIENTED_EDGE('',*,*,#11425,.T.);
#11425 = EDGE_CURVE('',#10958,#11426,#11428,.T.);
#11426 = VERTEX_POINT('',#11427);
#11427 = CARTESIAN_POINT('',(6.76,-3.14,7.));
#11428 = LINE('',#11429,#11430);
#11429 = CARTESIAN_POINT('',(6.76,-3.14,0.));
#11430 = VECTOR('',#11431,1.);
#11431 = DIRECTION('',(0.,0.,1.));
#11432 = ORIENTED_EDGE('',*,*,#11433,.T.);
#11433 = EDGE_CURVE('',#11426,#11385,#11434,.T.);
#11434 = LINE('',#11435,#11436);
#11435 = CARTESIAN_POINT('',(6.76,-3.14,7.));
#11436 = VECTOR('',#11437,1.);
#11437 = DIRECTION('',(0.,-1.,0.));
#11438 = ORIENTED_EDGE('',*,*,#11384,.F.);
#11439 = ORIENTED_EDGE('',*,*,#10957,.F.);
#11440 = PLANE('',#11441);
#11441 = AXIS2_PLACEMENT_3D('',#11442,#11443,#11444);
#11442 = CARTESIAN_POINT('',(6.76,-3.14,0.));
#11443 = DIRECTION('',(1.,0.,-0.));
#11444 = DIRECTION('',(0.,-1.,0.));
#11445 = ADVANCED_FACE('',(#11446),#11457,.T.);
#11446 = FACE_BOUND('',#11447,.T.);
#11447 = EDGE_LOOP('',(#11448,#11449,#11455,#11456));
#11448 = ORIENTED_EDGE('',*,*,#11323,.T.);
#11449 = ORIENTED_EDGE('',*,*,#11450,.T.);
#11450 = EDGE_CURVE('',#11316,#11426,#11451,.T.);
#11451 = LINE('',#11452,#11453);
#11452 = CARTESIAN_POINT('',(7.5,-3.37,7.));
#11453 = VECTOR('',#11454,1.);
#11454 = DIRECTION('',(-0.954938084056,0.296805080179,0.));
#11455 = ORIENTED_EDGE('',*,*,#11425,.F.);
#11456 = ORIENTED_EDGE('',*,*,#10965,.F.);
#11457 = PLANE('',#11458);
#11458 = AXIS2_PLACEMENT_3D('',#11459,#11460,#11461);
#11459 = CARTESIAN_POINT('',(7.5,-3.37,0.));
#11460 = DIRECTION('',(-0.296805080179,-0.954938084056,0.));
#11461 = DIRECTION('',(-0.954938084056,0.296805080179,0.));
#11462 = ADVANCED_FACE('',(#11463),#11474,.F.);
#11463 = FACE_BOUND('',#11464,.F.);
#11464 = EDGE_LOOP('',(#11465,#11466,#11467,#11468));
#11465 = ORIENTED_EDGE('',*,*,#11143,.F.);
#11466 = ORIENTED_EDGE('',*,*,#10981,.T.);
#11467 = ORIENTED_EDGE('',*,*,#11330,.T.);
#11468 = ORIENTED_EDGE('',*,*,#11469,.F.);
#11469 = EDGE_CURVE('',#11144,#11331,#11470,.T.);
#11470 = LINE('',#11471,#11472);
#11471 = CARTESIAN_POINT('',(-2.5,5.2,4.57));
#11472 = VECTOR('',#11473,1.);
#11473 = DIRECTION('',(1.,0.,0.));
#11474 = PLANE('',#11475);
#11475 = AXIS2_PLACEMENT_3D('',#11476,#11477,#11478);
#11476 = CARTESIAN_POINT('',(-2.5,5.2,0.));
#11477 = DIRECTION('',(0.,-1.,0.));
#11478 = DIRECTION('',(0.,0.,1.));
#11479 = ADVANCED_FACE('',(#11480),#11505,.T.);
#11480 = FACE_BOUND('',#11481,.T.);
#11481 = EDGE_LOOP('',(#11482,#11483,#11491,#11499));
#11482 = ORIENTED_EDGE('',*,*,#11021,.F.);
#11483 = ORIENTED_EDGE('',*,*,#11484,.T.);
#11484 = EDGE_CURVE('',#11022,#11485,#11487,.T.);
#11485 = VERTEX_POINT('',#11486);
#11486 = CARTESIAN_POINT('',(4.55,-0.45,-3.5));
#11487 = LINE('',#11488,#11489);
#11488 = CARTESIAN_POINT('',(4.55,-0.45,2.4));
#11489 = VECTOR('',#11490,1.);
#11490 = DIRECTION('',(-0.,-0.,-1.));
#11491 = ORIENTED_EDGE('',*,*,#11492,.T.);
#11492 = EDGE_CURVE('',#11485,#11493,#11495,.T.);
#11493 = VERTEX_POINT('',#11494);
#11494 = CARTESIAN_POINT('',(5.45,-0.45,-3.5));
#11495 = LINE('',#11496,#11497);
#11496 = CARTESIAN_POINT('',(4.55,-0.45,-3.5));
#11497 = VECTOR('',#11498,1.);
#11498 = DIRECTION('',(1.,0.,0.));
#11499 = ORIENTED_EDGE('',*,*,#11500,.F.);
#11500 = EDGE_CURVE('',#11024,#11493,#11501,.T.);
#11501 = LINE('',#11502,#11503);
#11502 = CARTESIAN_POINT('',(5.45,-0.45,2.4));
#11503 = VECTOR('',#11504,1.);
#11504 = DIRECTION('',(-0.,-0.,-1.));
#11505 = PLANE('',#11506);
#11506 = AXIS2_PLACEMENT_3D('',#11507,#11508,#11509);
#11507 = CARTESIAN_POINT('',(4.55,-0.45,2.4));
#11508 = DIRECTION('',(0.,-1.,0.));
#11509 = DIRECTION('',(1.,0.,0.));
#11510 = ADVANCED_FACE('',(#11511),#11529,.T.);
#11511 = FACE_BOUND('',#11512,.T.);
#11512 = EDGE_LOOP('',(#11513,#11514,#11515,#11523));
#11513 = ORIENTED_EDGE('',*,*,#11047,.F.);
#11514 = ORIENTED_EDGE('',*,*,#11500,.T.);
#11515 = ORIENTED_EDGE('',*,*,#11516,.T.);
#11516 = EDGE_CURVE('',#11493,#11517,#11519,.T.);
#11517 = VERTEX_POINT('',#11518);
#11518 = CARTESIAN_POINT('',(5.45,0.45,-3.5));
#11519 = LINE('',#11520,#11521);
#11520 = CARTESIAN_POINT('',(5.45,-0.45,-3.5));
#11521 = VECTOR('',#11522,1.);
#11522 = DIRECTION('',(0.,1.,0.));
#11523 = ORIENTED_EDGE('',*,*,#11524,.F.);
#11524 = EDGE_CURVE('',#11040,#11517,#11525,.T.);
#11525 = LINE('',#11526,#11527);
#11526 = CARTESIAN_POINT('',(5.45,0.45,2.4));
#11527 = VECTOR('',#11528,1.);
#11528 = DIRECTION('',(-0.,-0.,-1.));
#11529 = PLANE('',#11530);
#11530 = AXIS2_PLACEMENT_3D('',#11531,#11532,#11533);
#11531 = CARTESIAN_POINT('',(5.45,-0.45,2.4));
#11532 = DIRECTION('',(1.,0.,0.));
#11533 = DIRECTION('',(-0.,1.,0.));
#11534 = ADVANCED_FACE('',(#11535),#11553,.T.);
#11535 = FACE_BOUND('',#11536,.T.);
#11536 = EDGE_LOOP('',(#11537,#11538,#11539,#11547));
#11537 = ORIENTED_EDGE('',*,*,#11039,.F.);
#11538 = ORIENTED_EDGE('',*,*,#11524,.T.);
#11539 = ORIENTED_EDGE('',*,*,#11540,.T.);
#11540 = EDGE_CURVE('',#11517,#11541,#11543,.T.);
#11541 = VERTEX_POINT('',#11542);
#11542 = CARTESIAN_POINT('',(4.55,0.45,-3.5));
#11543 = LINE('',#11544,#11545);
#11544 = CARTESIAN_POINT('',(5.45,0.45,-3.5));
#11545 = VECTOR('',#11546,1.);
#11546 = DIRECTION('',(-1.,0.,0.));
#11547 = ORIENTED_EDGE('',*,*,#11548,.F.);
#11548 = EDGE_CURVE('',#11032,#11541,#11549,.T.);
#11549 = LINE('',#11550,#11551);
#11550 = CARTESIAN_POINT('',(4.55,0.45,2.4));
#11551 = VECTOR('',#11552,1.);
#11552 = DIRECTION('',(-0.,-0.,-1.));
#11553 = PLANE('',#11554);
#11554 = AXIS2_PLACEMENT_3D('',#11555,#11556,#11557);
#11555 = CARTESIAN_POINT('',(5.45,0.45,2.4));
#11556 = DIRECTION('',(0.,1.,-0.));
#11557 = DIRECTION('',(-1.,0.,0.));
#11558 = ADVANCED_FACE('',(#11559),#11570,.T.);
#11559 = FACE_BOUND('',#11560,.T.);
#11560 = EDGE_LOOP('',(#11561,#11562,#11563,#11569));
#11561 = ORIENTED_EDGE('',*,*,#11031,.F.);
#11562 = ORIENTED_EDGE('',*,*,#11548,.T.);
#11563 = ORIENTED_EDGE('',*,*,#11564,.T.);
#11564 = EDGE_CURVE('',#11541,#11485,#11565,.T.);
#11565 = LINE('',#11566,#11567);
#11566 = CARTESIAN_POINT('',(4.55,0.45,-3.5));
#11567 = VECTOR('',#11568,1.);
#11568 = DIRECTION('',(0.,-1.,0.));
#11569 = ORIENTED_EDGE('',*,*,#11484,.F.);
#11570 = PLANE('',#11571);
#11571 = AXIS2_PLACEMENT_3D('',#11572,#11573,#11574);
#11572 = CARTESIAN_POINT('',(4.55,0.45,2.4));
#11573 = DIRECTION('',(-1.,0.,0.));
#11574 = DIRECTION('',(0.,-1.,0.));
#11575 = ADVANCED_FACE('',(#11576),#11601,.T.);
#11576 = FACE_BOUND('',#11577,.T.);
#11577 = EDGE_LOOP('',(#11578,#11579,#11587,#11595));
#11578 = ORIENTED_EDGE('',*,*,#11055,.F.);
#11579 = ORIENTED_EDGE('',*,*,#11580,.T.);
#11580 = EDGE_CURVE('',#11056,#11581,#11583,.T.);
#11581 = VERTEX_POINT('',#11582);
#11582 = CARTESIAN_POINT('',(-0.45,-0.45,-3.5));
#11583 = LINE('',#11584,#11585);
#11584 = CARTESIAN_POINT('',(-0.45,-0.45,2.4));
#11585 = VECTOR('',#11586,1.);
#11586 = DIRECTION('',(-0.,-0.,-1.));
#11587 = ORIENTED_EDGE('',*,*,#11588,.T.);
#11588 = EDGE_CURVE('',#11581,#11589,#11591,.T.);
#11589 = VERTEX_POINT('',#11590);
#11590 = CARTESIAN_POINT('',(0.45,-0.45,-3.5));
#11591 = LINE('',#11592,#11593);
#11592 = CARTESIAN_POINT('',(-0.45,-0.45,-3.5));
#11593 = VECTOR('',#11594,1.);
#11594 = DIRECTION('',(1.,0.,0.));
#11595 = ORIENTED_EDGE('',*,*,#11596,.F.);
#11596 = EDGE_CURVE('',#11058,#11589,#11597,.T.);
#11597 = LINE('',#11598,#11599);
#11598 = CARTESIAN_POINT('',(0.45,-0.45,2.4));
#11599 = VECTOR('',#11600,1.);
#11600 = DIRECTION('',(-0.,-0.,-1.));
#11601 = PLANE('',#11602);
#11602 = AXIS2_PLACEMENT_3D('',#11603,#11604,#11605);
#11603 = CARTESIAN_POINT('',(-0.45,-0.45,2.4));
#11604 = DIRECTION('',(0.,-1.,0.));
#11605 = DIRECTION('',(1.,0.,0.));
#11606 = ADVANCED_FACE('',(#11607),#11625,.T.);
#11607 = FACE_BOUND('',#11608,.T.);
#11608 = EDGE_LOOP('',(#11609,#11610,#11611,#11619));
#11609 = ORIENTED_EDGE('',*,*,#11081,.F.);
#11610 = ORIENTED_EDGE('',*,*,#11596,.T.);
#11611 = ORIENTED_EDGE('',*,*,#11612,.T.);
#11612 = EDGE_CURVE('',#11589,#11613,#11615,.T.);
#11613 = VERTEX_POINT('',#11614);
#11614 = CARTESIAN_POINT('',(0.45,0.45,-3.5));
#11615 = LINE('',#11616,#11617);
#11616 = CARTESIAN_POINT('',(0.45,-0.45,-3.5));
#11617 = VECTOR('',#11618,1.);
#11618 = DIRECTION('',(0.,1.,0.));
#11619 = ORIENTED_EDGE('',*,*,#11620,.F.);
#11620 = EDGE_CURVE('',#11074,#11613,#11621,.T.);
#11621 = LINE('',#11622,#11623);
#11622 = CARTESIAN_POINT('',(0.45,0.45,2.4));
#11623 = VECTOR('',#11624,1.);
#11624 = DIRECTION('',(-0.,-0.,-1.));
#11625 = PLANE('',#11626);
#11626 = AXIS2_PLACEMENT_3D('',#11627,#11628,#11629);
#11627 = CARTESIAN_POINT('',(0.45,-0.45,2.4));
#11628 = DIRECTION('',(1.,0.,0.));
#11629 = DIRECTION('',(-0.,1.,0.));
#11630 = ADVANCED_FACE('',(#11631),#11649,.T.);
#11631 = FACE_BOUND('',#11632,.T.);
#11632 = EDGE_LOOP('',(#11633,#11634,#11635,#11643));
#11633 = ORIENTED_EDGE('',*,*,#11073,.F.);
#11634 = ORIENTED_EDGE('',*,*,#11620,.T.);
#11635 = ORIENTED_EDGE('',*,*,#11636,.T.);
#11636 = EDGE_CURVE('',#11613,#11637,#11639,.T.);
#11637 = VERTEX_POINT('',#11638);
#11638 = CARTESIAN_POINT('',(-0.45,0.45,-3.5));
#11639 = LINE('',#11640,#11641);
#11640 = CARTESIAN_POINT('',(0.45,0.45,-3.5));
#11641 = VECTOR('',#11642,1.);
#11642 = DIRECTION('',(-1.,0.,0.));
#11643 = ORIENTED_EDGE('',*,*,#11644,.F.);
#11644 = EDGE_CURVE('',#11066,#11637,#11645,.T.);
#11645 = LINE('',#11646,#11647);
#11646 = CARTESIAN_POINT('',(-0.45,0.45,2.4));
#11647 = VECTOR('',#11648,1.);
#11648 = DIRECTION('',(-0.,-0.,-1.));
#11649 = PLANE('',#11650);
#11650 = AXIS2_PLACEMENT_3D('',#11651,#11652,#11653);
#11651 = CARTESIAN_POINT('',(0.45,0.45,2.4));
#11652 = DIRECTION('',(0.,1.,-0.));
#11653 = DIRECTION('',(-1.,0.,0.));
#11654 = ADVANCED_FACE('',(#11655),#11666,.T.);
#11655 = FACE_BOUND('',#11656,.T.);
#11656 = EDGE_LOOP('',(#11657,#11658,#11659,#11665));
#11657 = ORIENTED_EDGE('',*,*,#11065,.F.);
#11658 = ORIENTED_EDGE('',*,*,#11644,.T.);
#11659 = ORIENTED_EDGE('',*,*,#11660,.T.);
#11660 = EDGE_CURVE('',#11637,#11581,#11661,.T.);
#11661 = LINE('',#11662,#11663);
#11662 = CARTESIAN_POINT('',(-0.45,0.45,-3.5));
#11663 = VECTOR('',#11664,1.);
#11664 = DIRECTION('',(0.,-1.,0.));
#11665 = ORIENTED_EDGE('',*,*,#11580,.F.);
#11666 = PLANE('',#11667);
#11667 = AXIS2_PLACEMENT_3D('',#11668,#11669,#11670);
#11668 = CARTESIAN_POINT('',(-0.45,0.45,2.4));
#11669 = DIRECTION('',(-1.,0.,0.));
#11670 = DIRECTION('',(0.,-1.,0.));
#11671 = ADVANCED_FACE('',(#11672),#11688,.F.);
#11672 = FACE_BOUND('',#11673,.F.);
#11673 = EDGE_LOOP('',(#11674,#11680,#11681,#11687));
#11674 = ORIENTED_EDGE('',*,*,#11675,.T.);
#11675 = EDGE_CURVE('',#11096,#11290,#11676,.T.);
#11676 = LINE('',#11677,#11678);
#11677 = CARTESIAN_POINT('',(-2.5,-2.6,13.8));
#11678 = VECTOR('',#11679,1.);
#11679 = DIRECTION('',(1.,0.,0.));
#11680 = ORIENTED_EDGE('',*,*,#11289,.T.);
#11681 = ORIENTED_EDGE('',*,*,#11682,.F.);
#11682 = EDGE_CURVE('',#11098,#11292,#11683,.T.);
#11683 = LINE('',#11684,#11685);
#11684 = CARTESIAN_POINT('',(-2.5,-4.1,7.4));
#11685 = VECTOR('',#11686,1.);
#11686 = DIRECTION('',(1.,0.,0.));
#11687 = ORIENTED_EDGE('',*,*,#11095,.F.);
#11688 = PLANE('',#11689);
#11689 = AXIS2_PLACEMENT_3D('',#11690,#11691,#11692);
#11690 = CARTESIAN_POINT('',(-2.5,-2.6,13.8));
#11691 = DIRECTION('',(0.,0.973616310568,-0.228191322789));
#11692 = DIRECTION('',(0.,-0.228191322789,-0.973616310568));
#11693 = ADVANCED_FACE('',(#11694,#11705,#11716),#11727,.F.);
#11694 = FACE_BOUND('',#11695,.F.);
#11695 = EDGE_LOOP('',(#11696,#11697,#11703,#11704));
#11696 = ORIENTED_EDGE('',*,*,#11159,.F.);
#11697 = ORIENTED_EDGE('',*,*,#11698,.T.);
#11698 = EDGE_CURVE('',#11152,#11339,#11699,.T.);
#11699 = LINE('',#11700,#11701);
#11700 = CARTESIAN_POINT('',(-2.5,2.2,13.8));
#11701 = VECTOR('',#11702,1.);
#11702 = DIRECTION('',(1.,0.,0.));
#11703 = ORIENTED_EDGE('',*,*,#11346,.T.);
#11704 = ORIENTED_EDGE('',*,*,#11675,.F.);
#11705 = FACE_BOUND('',#11706,.F.);
#11706 = EDGE_LOOP('',(#11707));
#11707 = ORIENTED_EDGE('',*,*,#11708,.T.);
#11708 = EDGE_CURVE('',#11709,#11709,#11711,.T.);
#11709 = VERTEX_POINT('',#11710);
#11710 = CARTESIAN_POINT('',(7.,-0.2,13.8));
#11711 = CIRCLE('',#11712,2.);
#11712 = AXIS2_PLACEMENT_3D('',#11713,#11714,#11715);
#11713 = CARTESIAN_POINT('',(5.,-0.2,13.8));
#11714 = DIRECTION('',(0.,0.,1.));
#11715 = DIRECTION('',(1.,0.,-0.));
#11716 = FACE_BOUND('',#11717,.F.);
#11717 = EDGE_LOOP('',(#11718));
#11718 = ORIENTED_EDGE('',*,*,#11719,.T.);
#11719 = EDGE_CURVE('',#11720,#11720,#11722,.T.);
#11720 = VERTEX_POINT('',#11721);
#11721 = CARTESIAN_POINT('',(2.,-0.2,13.8));
#11722 = CIRCLE('',#11723,2.);
#11723 = AXIS2_PLACEMENT_3D('',#11724,#11725,#11726);
#11724 = CARTESIAN_POINT('',(0.,-0.2,13.8));
#11725 = DIRECTION('',(0.,0.,1.));
#11726 = DIRECTION('',(1.,0.,-0.));
#11727 = PLANE('',#11728);
#11728 = AXIS2_PLACEMENT_3D('',#11729,#11730,#11731);
#11729 = CARTESIAN_POINT('',(-2.5,5.2,13.8));
#11730 = DIRECTION('',(0.,0.,-1.));
#11731 = DIRECTION('',(0.,-1.,0.));
#11732 = ADVANCED_FACE('',(#11733),#11739,.T.);
#11733 = FACE_BOUND('',#11734,.T.);
#11734 = EDGE_LOOP('',(#11735,#11736,#11737,#11738));
#11735 = ORIENTED_EDGE('',*,*,#11698,.T.);
#11736 = ORIENTED_EDGE('',*,*,#11338,.T.);
#11737 = ORIENTED_EDGE('',*,*,#11469,.F.);
#11738 = ORIENTED_EDGE('',*,*,#11151,.F.);
#11739 = PLANE('',#11740);
#11740 = AXIS2_PLACEMENT_3D('',#11741,#11742,#11743);
#11741 = CARTESIAN_POINT('',(-2.5,2.2,13.8));
#11742 = DIRECTION('',(-0.,0.951026496518,0.309109370483));
#11743 = DIRECTION('',(0.,0.309109370483,-0.951026496518));
#11744 = ADVANCED_FACE('',(#11745),#11751,.T.);
#11745 = FACE_BOUND('',#11746,.T.);
#11746 = EDGE_LOOP('',(#11747,#11748,#11749,#11750));
#11747 = ORIENTED_EDGE('',*,*,#11409,.T.);
#11748 = ORIENTED_EDGE('',*,*,#11368,.T.);
#11749 = ORIENTED_EDGE('',*,*,#11273,.T.);
#11750 = ORIENTED_EDGE('',*,*,#11128,.T.);
#11751 = PLANE('',#11752);
#11752 = AXIS2_PLACEMENT_3D('',#11753,#11754,#11755);
#11753 = CARTESIAN_POINT('',(-2.928091935206,-3.6,7.));
#11754 = DIRECTION('',(0.,0.,1.));
#11755 = DIRECTION('',(1.,0.,-0.));
#11756 = ADVANCED_FACE('',(#11757),#11763,.F.);
#11757 = FACE_BOUND('',#11758,.F.);
#11758 = EDGE_LOOP('',(#11759,#11760,#11761,#11762));
#11759 = ORIENTED_EDGE('',*,*,#11682,.T.);
#11760 = ORIENTED_EDGE('',*,*,#11299,.T.);
#11761 = ORIENTED_EDGE('',*,*,#11174,.F.);
#11762 = ORIENTED_EDGE('',*,*,#11105,.F.);
#11763 = PLANE('',#11764);
#11764 = AXIS2_PLACEMENT_3D('',#11765,#11766,#11767);
#11765 = CARTESIAN_POINT('',(-2.5,-4.1,7.4));
#11766 = DIRECTION('',(0.,0.,-1.));
#11767 = DIRECTION('',(0.,-1.,0.));
#11768 = ADVANCED_FACE('',(#11769),#11792,.F.);
#11769 = FACE_BOUND('',#11770,.F.);
#11770 = EDGE_LOOP('',(#11771,#11781,#11786,#11787));
#11771 = ORIENTED_EDGE('',*,*,#11772,.T.);
#11772 = EDGE_CURVE('',#11773,#11775,#11777,.T.);
#11773 = VERTEX_POINT('',#11774);
#11774 = CARTESIAN_POINT('',(3.6,-3.8,2.4));
#11775 = VERTEX_POINT('',#11776);
#11776 = CARTESIAN_POINT('',(6.4,-3.8,2.4));
#11777 = LINE('',#11778,#11779);
#11778 = CARTESIAN_POINT('',(3.6,-3.8,2.4));
#11779 = VECTOR('',#11780,1.);
#11780 = DIRECTION('',(1.,0.,0.));
#11781 = ORIENTED_EDGE('',*,*,#11782,.T.);
#11782 = EDGE_CURVE('',#11775,#11192,#11783,.T.);
#11783 = B_SPLINE_CURVE_WITH_KNOTS('',1,(#11784,#11785),.UNSPECIFIED.,
  .F.,.F.,(2,2),(0.,1.),.PIECEWISE_BEZIER_KNOTS.);
#11784 = CARTESIAN_POINT('',(6.4,-3.8,2.4));
#11785 = CARTESIAN_POINT('',(6.8,-4.6,1.6));
#11786 = ORIENTED_EDGE('',*,*,#11191,.T.);
#11787 = ORIENTED_EDGE('',*,*,#11788,.F.);
#11788 = EDGE_CURVE('',#11773,#11194,#11789,.T.);
#11789 = B_SPLINE_CURVE_WITH_KNOTS('',1,(#11790,#11791),.UNSPECIFIED.,
  .F.,.F.,(2,2),(0.,1.),.PIECEWISE_BEZIER_KNOTS.);
#11790 = CARTESIAN_POINT('',(3.6,-3.8,2.4));
#11791 = CARTESIAN_POINT('',(3.2,-4.6,1.6));
#11792 = B_SPLINE_SURFACE_WITH_KNOTS('',1,1,(
    (#11793,#11794)
    ,(#11795,#11796
    )),.UNSPECIFIED.,.F.,.F.,.F.,(2,2),(2,2),(-3.6,0.),(0.,1.),
  .PIECEWISE_BEZIER_KNOTS.);
#11793 = CARTESIAN_POINT('',(3.6,-3.8,2.4));
#11794 = CARTESIAN_POINT('',(3.2,-4.6,1.6));
#11795 = CARTESIAN_POINT('',(6.4,-3.8,2.4));
#11796 = CARTESIAN_POINT('',(6.8,-4.6,1.6));
#11797 = ADVANCED_FACE('',(#11798),#11815,.F.);
#11798 = FACE_BOUND('',#11799,.F.);
#11799 = EDGE_LOOP('',(#11800,#11808,#11813,#11814));
#11800 = ORIENTED_EDGE('',*,*,#11801,.T.);
#11801 = EDGE_CURVE('',#11775,#11802,#11804,.T.);
#11802 = VERTEX_POINT('',#11803);
#11803 = CARTESIAN_POINT('',(6.4,-3.8,5.1));
#11804 = LINE('',#11805,#11806);
#11805 = CARTESIAN_POINT('',(6.4,-3.8,2.4));
#11806 = VECTOR('',#11807,1.);
#11807 = DIRECTION('',(0.,0.,1.));
#11808 = ORIENTED_EDGE('',*,*,#11809,.T.);
#11809 = EDGE_CURVE('',#11802,#11202,#11810,.T.);
#11810 = B_SPLINE_CURVE_WITH_KNOTS('',1,(#11811,#11812),.UNSPECIFIED.,
  .F.,.F.,(2,2),(0.,1.),.PIECEWISE_BEZIER_KNOTS.);
#11811 = CARTESIAN_POINT('',(6.4,-3.8,5.1));
#11812 = CARTESIAN_POINT('',(6.8,-4.6,6.8));
#11813 = ORIENTED_EDGE('',*,*,#11201,.T.);
#11814 = ORIENTED_EDGE('',*,*,#11782,.F.);
#11815 = B_SPLINE_SURFACE_WITH_KNOTS('',1,1,(
    (#11816,#11817)
    ,(#11818,#11819
    )),.UNSPECIFIED.,.F.,.F.,.F.,(2,2),(2,2),(-5.2,0.),(0.,1.),
  .PIECEWISE_BEZIER_KNOTS.);
#11816 = CARTESIAN_POINT('',(6.4,-3.8,2.4));
#11817 = CARTESIAN_POINT('',(6.8,-4.6,1.6));
#11818 = CARTESIAN_POINT('',(6.4,-3.8,5.1));
#11819 = CARTESIAN_POINT('',(6.8,-4.6,6.8));
#11820 = ADVANCED_FACE('',(#11821),#11838,.F.);
#11821 = FACE_BOUND('',#11822,.F.);
#11822 = EDGE_LOOP('',(#11823,#11831,#11832,#11833));
#11823 = ORIENTED_EDGE('',*,*,#11824,.T.);
#11824 = EDGE_CURVE('',#11825,#11773,#11827,.T.);
#11825 = VERTEX_POINT('',#11826);
#11826 = CARTESIAN_POINT('',(3.6,-3.8,5.1));
#11827 = LINE('',#11828,#11829);
#11828 = CARTESIAN_POINT('',(3.6,-3.8,5.1));
#11829 = VECTOR('',#11830,1.);
#11830 = DIRECTION('',(0.,0.,-1.));
#11831 = ORIENTED_EDGE('',*,*,#11788,.T.);
#11832 = ORIENTED_EDGE('',*,*,#11217,.T.);
#11833 = ORIENTED_EDGE('',*,*,#11834,.F.);
#11834 = EDGE_CURVE('',#11825,#11210,#11835,.T.);
#11835 = B_SPLINE_CURVE_WITH_KNOTS('',1,(#11836,#11837),.UNSPECIFIED.,
  .F.,.F.,(2,2),(0.,1.),.PIECEWISE_BEZIER_KNOTS.);
#11836 = CARTESIAN_POINT('',(3.6,-3.8,5.1));
#11837 = CARTESIAN_POINT('',(3.2,-4.6,6.8));
#11838 = B_SPLINE_SURFACE_WITH_KNOTS('',1,1,(
    (#11839,#11840)
    ,(#11841,#11842
    )),.UNSPECIFIED.,.F.,.F.,.F.,(2,2),(2,2),(-5.2,0.),(0.,1.),
  .PIECEWISE_BEZIER_KNOTS.);
#11839 = CARTESIAN_POINT('',(3.6,-3.8,5.1));
#11840 = CARTESIAN_POINT('',(3.2,-4.6,6.8));
#11841 = CARTESIAN_POINT('',(3.6,-3.8,2.4));
#11842 = CARTESIAN_POINT('',(3.2,-4.6,1.6));
#11843 = ADVANCED_FACE('',(#11844),#11855,.F.);
#11844 = FACE_BOUND('',#11845,.F.);
#11845 = EDGE_LOOP('',(#11846,#11852,#11853,#11854));
#11846 = ORIENTED_EDGE('',*,*,#11847,.T.);
#11847 = EDGE_CURVE('',#11802,#11825,#11848,.T.);
#11848 = LINE('',#11849,#11850);
#11849 = CARTESIAN_POINT('',(6.4,-3.8,5.1));
#11850 = VECTOR('',#11851,1.);
#11851 = DIRECTION('',(-1.,0.,0.));
#11852 = ORIENTED_EDGE('',*,*,#11834,.T.);
#11853 = ORIENTED_EDGE('',*,*,#11209,.T.);
#11854 = ORIENTED_EDGE('',*,*,#11809,.F.);
#11855 = B_SPLINE_SURFACE_WITH_KNOTS('',1,1,(
    (#11856,#11857)
    ,(#11858,#11859
    )),.UNSPECIFIED.,.F.,.F.,.F.,(2,2),(2,2),(-3.6,0.),(0.,1.),
  .PIECEWISE_BEZIER_KNOTS.);
#11856 = CARTESIAN_POINT('',(6.4,-3.8,5.1));
#11857 = CARTESIAN_POINT('',(6.8,-4.6,6.8));
#11858 = CARTESIAN_POINT('',(3.6,-3.8,5.1));
#11859 = CARTESIAN_POINT('',(3.2,-4.6,6.8));
#11860 = ADVANCED_FACE('',(#11861),#11884,.F.);
#11861 = FACE_BOUND('',#11862,.F.);
#11862 = EDGE_LOOP('',(#11863,#11873,#11878,#11879));
#11863 = ORIENTED_EDGE('',*,*,#11864,.T.);
#11864 = EDGE_CURVE('',#11865,#11867,#11869,.T.);
#11865 = VERTEX_POINT('',#11866);
#11866 = CARTESIAN_POINT('',(-1.4,-3.8,2.4));
#11867 = VERTEX_POINT('',#11868);
#11868 = CARTESIAN_POINT('',(1.4,-3.8,2.4));
#11869 = LINE('',#11870,#11871);
#11870 = CARTESIAN_POINT('',(-1.4,-3.8,2.4));
#11871 = VECTOR('',#11872,1.);
#11872 = DIRECTION('',(1.,0.,0.));
#11873 = ORIENTED_EDGE('',*,*,#11874,.T.);
#11874 = EDGE_CURVE('',#11867,#11226,#11875,.T.);
#11875 = B_SPLINE_CURVE_WITH_KNOTS('',1,(#11876,#11877),.UNSPECIFIED.,
  .F.,.F.,(2,2),(0.,1.),.PIECEWISE_BEZIER_KNOTS.);
#11876 = CARTESIAN_POINT('',(1.4,-3.8,2.4));
#11877 = CARTESIAN_POINT('',(1.8,-4.6,1.6));
#11878 = ORIENTED_EDGE('',*,*,#11225,.T.);
#11879 = ORIENTED_EDGE('',*,*,#11880,.F.);
#11880 = EDGE_CURVE('',#11865,#11228,#11881,.T.);
#11881 = B_SPLINE_CURVE_WITH_KNOTS('',1,(#11882,#11883),.UNSPECIFIED.,
  .F.,.F.,(2,2),(0.,1.),.PIECEWISE_BEZIER_KNOTS.);
#11882 = CARTESIAN_POINT('',(-1.4,-3.8,2.4));
#11883 = CARTESIAN_POINT('',(-1.8,-4.6,1.6));
#11884 = B_SPLINE_SURFACE_WITH_KNOTS('',1,1,(
    (#11885,#11886)
    ,(#11887,#11888
    )),.UNSPECIFIED.,.F.,.F.,.F.,(2,2),(2,2),(-3.6,0.),(0.,1.),
  .PIECEWISE_BEZIER_KNOTS.);
#11885 = CARTESIAN_POINT('',(-1.4,-3.8,2.4));
#11886 = CARTESIAN_POINT('',(-1.8,-4.6,1.6));
#11887 = CARTESIAN_POINT('',(1.4,-3.8,2.4));
#11888 = CARTESIAN_POINT('',(1.8,-4.6,1.6));
#11889 = ADVANCED_FACE('',(#11890),#11907,.F.);
#11890 = FACE_BOUND('',#11891,.F.);
#11891 = EDGE_LOOP('',(#11892,#11900,#11905,#11906));
#11892 = ORIENTED_EDGE('',*,*,#11893,.T.);
#11893 = EDGE_CURVE('',#11867,#11894,#11896,.T.);
#11894 = VERTEX_POINT('',#11895);
#11895 = CARTESIAN_POINT('',(1.4,-3.8,5.1));
#11896 = LINE('',#11897,#11898);
#11897 = CARTESIAN_POINT('',(1.4,-3.8,2.4));
#11898 = VECTOR('',#11899,1.);
#11899 = DIRECTION('',(0.,0.,1.));
#11900 = ORIENTED_EDGE('',*,*,#11901,.T.);
#11901 = EDGE_CURVE('',#11894,#11236,#11902,.T.);
#11902 = B_SPLINE_CURVE_WITH_KNOTS('',1,(#11903,#11904),.UNSPECIFIED.,
  .F.,.F.,(2,2),(0.,1.),.PIECEWISE_BEZIER_KNOTS.);
#11903 = CARTESIAN_POINT('',(1.4,-3.8,5.1));
#11904 = CARTESIAN_POINT('',(1.8,-4.6,6.8));
#11905 = ORIENTED_EDGE('',*,*,#11235,.T.);
#11906 = ORIENTED_EDGE('',*,*,#11874,.F.);
#11907 = B_SPLINE_SURFACE_WITH_KNOTS('',1,1,(
    (#11908,#11909)
    ,(#11910,#11911
    )),.UNSPECIFIED.,.F.,.F.,.F.,(2,2),(2,2),(-5.2,0.),(0.,1.),
  .PIECEWISE_BEZIER_KNOTS.);
#11908 = CARTESIAN_POINT('',(1.4,-3.8,2.4));
#11909 = CARTESIAN_POINT('',(1.8,-4.6,1.6));
#11910 = CARTESIAN_POINT('',(1.4,-3.8,5.1));
#11911 = CARTESIAN_POINT('',(1.8,-4.6,6.8));
#11912 = ADVANCED_FACE('',(#11913),#11930,.F.);
#11913 = FACE_BOUND('',#11914,.F.);
#11914 = EDGE_LOOP('',(#11915,#11923,#11924,#11925));
#11915 = ORIENTED_EDGE('',*,*,#11916,.T.);
#11916 = EDGE_CURVE('',#11917,#11865,#11919,.T.);
#11917 = VERTEX_POINT('',#11918);
#11918 = CARTESIAN_POINT('',(-1.4,-3.8,5.1));
#11919 = LINE('',#11920,#11921);
#11920 = CARTESIAN_POINT('',(-1.4,-3.8,5.1));
#11921 = VECTOR('',#11922,1.);
#11922 = DIRECTION('',(0.,0.,-1.));
#11923 = ORIENTED_EDGE('',*,*,#11880,.T.);
#11924 = ORIENTED_EDGE('',*,*,#11251,.T.);
#11925 = ORIENTED_EDGE('',*,*,#11926,.F.);
#11926 = EDGE_CURVE('',#11917,#11244,#11927,.T.);
#11927 = B_SPLINE_CURVE_WITH_KNOTS('',1,(#11928,#11929),.UNSPECIFIED.,
  .F.,.F.,(2,2),(0.,1.),.PIECEWISE_BEZIER_KNOTS.);
#11928 = CARTESIAN_POINT('',(-1.4,-3.8,5.1));
#11929 = CARTESIAN_POINT('',(-1.8,-4.6,6.8));
#11930 = B_SPLINE_SURFACE_WITH_KNOTS('',1,1,(
    (#11931,#11932)
    ,(#11933,#11934
    )),.UNSPECIFIED.,.F.,.F.,.F.,(2,2),(2,2),(-5.2,0.),(0.,1.),
  .PIECEWISE_BEZIER_KNOTS.);
#11931 = CARTESIAN_POINT('',(-1.4,-3.8,5.1));
#11932 = CARTESIAN_POINT('',(-1.8,-4.6,6.8));
#11933 = CARTESIAN_POINT('',(-1.4,-3.8,2.4));
#11934 = CARTESIAN_POINT('',(-1.8,-4.6,1.6));
#11935 = ADVANCED_FACE('',(#11936),#11947,.F.);
#11936 = FACE_BOUND('',#11937,.F.);
#11937 = EDGE_LOOP('',(#11938,#11944,#11945,#11946));
#11938 = ORIENTED_EDGE('',*,*,#11939,.T.);
#11939 = EDGE_CURVE('',#11894,#11917,#11940,.T.);
#11940 = LINE('',#11941,#11942);
#11941 = CARTESIAN_POINT('',(1.4,-3.8,5.1));
#11942 = VECTOR('',#11943,1.);
#11943 = DIRECTION('',(-1.,0.,0.));
#11944 = ORIENTED_EDGE('',*,*,#11926,.T.);
#11945 = ORIENTED_EDGE('',*,*,#11243,.T.);
#11946 = ORIENTED_EDGE('',*,*,#11901,.F.);
#11947 = B_SPLINE_SURFACE_WITH_KNOTS('',1,1,(
    (#11948,#11949)
    ,(#11950,#11951
    )),.UNSPECIFIED.,.F.,.F.,.F.,(2,2),(2,2),(-3.6,0.),(0.,1.),
  .PIECEWISE_BEZIER_KNOTS.);
#11948 = CARTESIAN_POINT('',(1.4,-3.8,5.1));
#11949 = CARTESIAN_POINT('',(1.8,-4.6,6.8));
#11950 = CARTESIAN_POINT('',(-1.4,-3.8,5.1));
#11951 = CARTESIAN_POINT('',(-1.8,-4.6,6.8));
#11952 = ADVANCED_FACE('',(#11953),#11959,.F.);
#11953 = FACE_BOUND('',#11954,.F.);
#11954 = EDGE_LOOP('',(#11955,#11956,#11957,#11958));
#11955 = ORIENTED_EDGE('',*,*,#11450,.T.);
#11956 = ORIENTED_EDGE('',*,*,#11433,.T.);
#11957 = ORIENTED_EDGE('',*,*,#11392,.T.);
#11958 = ORIENTED_EDGE('',*,*,#11315,.T.);
#11959 = PLANE('',#11960);
#11960 = AXIS2_PLACEMENT_3D('',#11961,#11962,#11963);
#11961 = CARTESIAN_POINT('',(7.071908064794,-3.6,7.));
#11962 = DIRECTION('',(0.,0.,1.));
#11963 = DIRECTION('',(1.,0.,-0.));
#11964 = ADVANCED_FACE('',(#11965),#11971,.F.);
#11965 = FACE_BOUND('',#11966,.F.);
#11966 = EDGE_LOOP('',(#11967,#11968,#11969,#11970));
#11967 = ORIENTED_EDGE('',*,*,#11492,.T.);
#11968 = ORIENTED_EDGE('',*,*,#11516,.T.);
#11969 = ORIENTED_EDGE('',*,*,#11540,.T.);
#11970 = ORIENTED_EDGE('',*,*,#11564,.T.);
#11971 = PLANE('',#11972);
#11972 = AXIS2_PLACEMENT_3D('',#11973,#11974,#11975);
#11973 = CARTESIAN_POINT('',(5.,0.,-3.5));
#11974 = DIRECTION('',(0.,0.,1.));
#11975 = DIRECTION('',(1.,0.,-0.));
#11976 = ADVANCED_FACE('',(#11977),#11983,.F.);
#11977 = FACE_BOUND('',#11978,.F.);
#11978 = EDGE_LOOP('',(#11979,#11980,#11981,#11982));
#11979 = ORIENTED_EDGE('',*,*,#11588,.T.);
#11980 = ORIENTED_EDGE('',*,*,#11612,.T.);
#11981 = ORIENTED_EDGE('',*,*,#11636,.T.);
#11982 = ORIENTED_EDGE('',*,*,#11660,.T.);
#11983 = PLANE('',#11984);
#11984 = AXIS2_PLACEMENT_3D('',#11985,#11986,#11987);
#11985 = CARTESIAN_POINT('',(0.,0.,-3.5));
#11986 = DIRECTION('',(0.,0.,1.));
#11987 = DIRECTION('',(1.,0.,-0.));
#11988 = ADVANCED_FACE('',(#11989),#12094,.F.);
#11989 = FACE_BOUND('',#11990,.F.);
#11990 = EDGE_LOOP('',(#11991,#11999,#12000,#12001,#12010,#12018,#12027,
    #12035,#12044,#12052,#12061,#12070,#12079,#12087));
#11991 = ORIENTED_EDGE('',*,*,#11992,.F.);
#11992 = EDGE_CURVE('',#11709,#11993,#11995,.T.);
#11993 = VERTEX_POINT('',#11994);
#11994 = CARTESIAN_POINT('',(7.,-0.2,2.4));
#11995 = LINE('',#11996,#11997);
#11996 = CARTESIAN_POINT('',(7.,-0.2,13.8));
#11997 = VECTOR('',#11998,1.);
#11998 = DIRECTION('',(-0.,-0.,-1.));
#11999 = ORIENTED_EDGE('',*,*,#11708,.F.);
#12000 = ORIENTED_EDGE('',*,*,#11992,.T.);
#12001 = ORIENTED_EDGE('',*,*,#12002,.T.);
#12002 = EDGE_CURVE('',#11993,#12003,#12005,.T.);
#12003 = VERTEX_POINT('',#12004);
#12004 = CARTESIAN_POINT('',(6.4,1.228285685709,2.4));
#12005 = CIRCLE('',#12006,2.);
#12006 = AXIS2_PLACEMENT_3D('',#12007,#12008,#12009);
#12007 = CARTESIAN_POINT('',(5.,-0.2,2.4));
#12008 = DIRECTION('',(0.,0.,1.));
#12009 = DIRECTION('',(1.,0.,-0.));
#12010 = ORIENTED_EDGE('',*,*,#12011,.T.);
#12011 = EDGE_CURVE('',#12003,#12012,#12014,.T.);
#12012 = VERTEX_POINT('',#12013);
#12013 = CARTESIAN_POINT('',(6.4,1.228285685709,5.1));
#12014 = LINE('',#12015,#12016);
#12015 = CARTESIAN_POINT('',(6.4,1.228285685709,13.8));
#12016 = VECTOR('',#12017,1.);
#12017 = DIRECTION('',(0.,0.,1.));
#12018 = ORIENTED_EDGE('',*,*,#12019,.T.);
#12019 = EDGE_CURVE('',#12012,#12020,#12022,.T.);
#12020 = VERTEX_POINT('',#12021);
#12021 = CARTESIAN_POINT('',(3.6,1.228285685709,5.1));
#12022 = CIRCLE('',#12023,2.);
#12023 = AXIS2_PLACEMENT_3D('',#12024,#12025,#12026);
#12024 = CARTESIAN_POINT('',(5.,-0.2,5.1));
#12025 = DIRECTION('',(0.,0.,1.));
#12026 = DIRECTION('',(1.,0.,-0.));
#12027 = ORIENTED_EDGE('',*,*,#12028,.F.);
#12028 = EDGE_CURVE('',#12029,#12020,#12031,.T.);
#12029 = VERTEX_POINT('',#12030);
#12030 = CARTESIAN_POINT('',(3.6,1.228285685709,2.4));
#12031 = LINE('',#12032,#12033);
#12032 = CARTESIAN_POINT('',(3.6,1.228285685709,13.8));
#12033 = VECTOR('',#12034,1.);
#12034 = DIRECTION('',(0.,0.,1.));
#12035 = ORIENTED_EDGE('',*,*,#12036,.T.);
#12036 = EDGE_CURVE('',#12029,#12037,#12039,.T.);
#12037 = VERTEX_POINT('',#12038);
#12038 = CARTESIAN_POINT('',(3.6,-1.628285685709,2.4));
#12039 = CIRCLE('',#12040,2.);
#12040 = AXIS2_PLACEMENT_3D('',#12041,#12042,#12043);
#12041 = CARTESIAN_POINT('',(5.,-0.2,2.4));
#12042 = DIRECTION('',(0.,0.,1.));
#12043 = DIRECTION('',(1.,0.,-0.));
#12044 = ORIENTED_EDGE('',*,*,#12045,.T.);
#12045 = EDGE_CURVE('',#12037,#12046,#12048,.T.);
#12046 = VERTEX_POINT('',#12047);
#12047 = CARTESIAN_POINT('',(3.6,-1.628285685709,5.1));
#12048 = LINE('',#12049,#12050);
#12049 = CARTESIAN_POINT('',(3.6,-1.628285685709,13.8));
#12050 = VECTOR('',#12051,1.);
#12051 = DIRECTION('',(0.,0.,1.));
#12052 = ORIENTED_EDGE('',*,*,#12053,.T.);
#12053 = EDGE_CURVE('',#12046,#12054,#12056,.T.);
#12054 = VERTEX_POINT('',#12055);
#12055 = CARTESIAN_POINT('',(4.128220211292,-2.,5.1));
#12056 = CIRCLE('',#12057,2.);
#12057 = AXIS2_PLACEMENT_3D('',#12058,#12059,#12060);
#12058 = CARTESIAN_POINT('',(5.,-0.2,5.1));
#12059 = DIRECTION('',(0.,0.,1.));
#12060 = DIRECTION('',(1.,0.,-0.));
#12061 = ORIENTED_EDGE('',*,*,#12062,.T.);
#12062 = EDGE_CURVE('',#12054,#12063,#12065,.T.);
#12063 = VERTEX_POINT('',#12064);
#12064 = CARTESIAN_POINT('',(5.871779788708,-2.,5.1));
#12065 = CIRCLE('',#12066,2.);
#12066 = AXIS2_PLACEMENT_3D('',#12067,#12068,#12069);
#12067 = CARTESIAN_POINT('',(5.,-0.2,5.1));
#12068 = DIRECTION('',(0.,0.,1.));
#12069 = DIRECTION('',(1.,0.,-0.));
#12070 = ORIENTED_EDGE('',*,*,#12071,.T.);
#12071 = EDGE_CURVE('',#12063,#12072,#12074,.T.);
#12072 = VERTEX_POINT('',#12073);
#12073 = CARTESIAN_POINT('',(6.4,-1.628285685709,5.1));
#12074 = CIRCLE('',#12075,2.);
#12075 = AXIS2_PLACEMENT_3D('',#12076,#12077,#12078);
#12076 = CARTESIAN_POINT('',(5.,-0.2,5.1));
#12077 = DIRECTION('',(0.,0.,1.));
#12078 = DIRECTION('',(1.,0.,-0.));
#12079 = ORIENTED_EDGE('',*,*,#12080,.F.);
#12080 = EDGE_CURVE('',#12081,#12072,#12083,.T.);
#12081 = VERTEX_POINT('',#12082);
#12082 = CARTESIAN_POINT('',(6.4,-1.628285685709,2.4));
#12083 = LINE('',#12084,#12085);
#12084 = CARTESIAN_POINT('',(6.4,-1.628285685709,13.8));
#12085 = VECTOR('',#12086,1.);
#12086 = DIRECTION('',(0.,0.,1.));
#12087 = ORIENTED_EDGE('',*,*,#12088,.T.);
#12088 = EDGE_CURVE('',#12081,#11993,#12089,.T.);
#12089 = CIRCLE('',#12090,2.);
#12090 = AXIS2_PLACEMENT_3D('',#12091,#12092,#12093);
#12091 = CARTESIAN_POINT('',(5.,-0.2,2.4));
#12092 = DIRECTION('',(0.,0.,1.));
#12093 = DIRECTION('',(1.,0.,-0.));
#12094 = CYLINDRICAL_SURFACE('',#12095,2.);
#12095 = AXIS2_PLACEMENT_3D('',#12096,#12097,#12098);
#12096 = CARTESIAN_POINT('',(5.,-0.2,13.8));
#12097 = DIRECTION('',(0.,0.,1.));
#12098 = DIRECTION('',(1.,0.,-0.));
#12099 = ADVANCED_FACE('',(#12100),#12205,.F.);
#12100 = FACE_BOUND('',#12101,.F.);
#12101 = EDGE_LOOP('',(#12102,#12110,#12111,#12112,#12121,#12129,#12138,
    #12146,#12155,#12163,#12172,#12181,#12190,#12198));
#12102 = ORIENTED_EDGE('',*,*,#12103,.F.);
#12103 = EDGE_CURVE('',#11720,#12104,#12106,.T.);
#12104 = VERTEX_POINT('',#12105);
#12105 = CARTESIAN_POINT('',(2.,-0.2,2.4));
#12106 = LINE('',#12107,#12108);
#12107 = CARTESIAN_POINT('',(2.,-0.2,13.8));
#12108 = VECTOR('',#12109,1.);
#12109 = DIRECTION('',(-0.,-0.,-1.));
#12110 = ORIENTED_EDGE('',*,*,#11719,.F.);
#12111 = ORIENTED_EDGE('',*,*,#12103,.T.);
#12112 = ORIENTED_EDGE('',*,*,#12113,.T.);
#12113 = EDGE_CURVE('',#12104,#12114,#12116,.T.);
#12114 = VERTEX_POINT('',#12115);
#12115 = CARTESIAN_POINT('',(1.4,1.228285685709,2.4));
#12116 = CIRCLE('',#12117,2.);
#12117 = AXIS2_PLACEMENT_3D('',#12118,#12119,#12120);
#12118 = CARTESIAN_POINT('',(0.,-0.2,2.4));
#12119 = DIRECTION('',(0.,0.,1.));
#12120 = DIRECTION('',(1.,0.,-0.));
#12121 = ORIENTED_EDGE('',*,*,#12122,.T.);
#12122 = EDGE_CURVE('',#12114,#12123,#12125,.T.);
#12123 = VERTEX_POINT('',#12124);
#12124 = CARTESIAN_POINT('',(1.4,1.228285685709,5.1));
#12125 = LINE('',#12126,#12127);
#12126 = CARTESIAN_POINT('',(1.4,1.228285685709,13.8));
#12127 = VECTOR('',#12128,1.);
#12128 = DIRECTION('',(0.,0.,1.));
#12129 = ORIENTED_EDGE('',*,*,#12130,.T.);
#12130 = EDGE_CURVE('',#12123,#12131,#12133,.T.);
#12131 = VERTEX_POINT('',#12132);
#12132 = CARTESIAN_POINT('',(-1.4,1.228285685709,5.1));
#12133 = CIRCLE('',#12134,2.);
#12134 = AXIS2_PLACEMENT_3D('',#12135,#12136,#12137);
#12135 = CARTESIAN_POINT('',(0.,-0.2,5.1));
#12136 = DIRECTION('',(0.,0.,1.));
#12137 = DIRECTION('',(1.,0.,-0.));
#12138 = ORIENTED_EDGE('',*,*,#12139,.F.);
#12139 = EDGE_CURVE('',#12140,#12131,#12142,.T.);
#12140 = VERTEX_POINT('',#12141);
#12141 = CARTESIAN_POINT('',(-1.4,1.228285685709,2.4));
#12142 = LINE('',#12143,#12144);
#12143 = CARTESIAN_POINT('',(-1.4,1.228285685709,13.8));
#12144 = VECTOR('',#12145,1.);
#12145 = DIRECTION('',(0.,0.,1.));
#12146 = ORIENTED_EDGE('',*,*,#12147,.T.);
#12147 = EDGE_CURVE('',#12140,#12148,#12150,.T.);
#12148 = VERTEX_POINT('',#12149);
#12149 = CARTESIAN_POINT('',(-1.4,-1.628285685709,2.4));
#12150 = CIRCLE('',#12151,2.);
#12151 = AXIS2_PLACEMENT_3D('',#12152,#12153,#12154);
#12152 = CARTESIAN_POINT('',(0.,-0.2,2.4));
#12153 = DIRECTION('',(0.,0.,1.));
#12154 = DIRECTION('',(1.,0.,-0.));
#12155 = ORIENTED_EDGE('',*,*,#12156,.T.);
#12156 = EDGE_CURVE('',#12148,#12157,#12159,.T.);
#12157 = VERTEX_POINT('',#12158);
#12158 = CARTESIAN_POINT('',(-1.4,-1.628285685709,5.1));
#12159 = LINE('',#12160,#12161);
#12160 = CARTESIAN_POINT('',(-1.4,-1.628285685709,13.8));
#12161 = VECTOR('',#12162,1.);
#12162 = DIRECTION('',(0.,0.,1.));
#12163 = ORIENTED_EDGE('',*,*,#12164,.T.);
#12164 = EDGE_CURVE('',#12157,#12165,#12167,.T.);
#12165 = VERTEX_POINT('',#12166);
#12166 = CARTESIAN_POINT('',(-0.871779788708,-2.,5.1));
#12167 = CIRCLE('',#12168,2.);
#12168 = AXIS2_PLACEMENT_3D('',#12169,#12170,#12171);
#12169 = CARTESIAN_POINT('',(0.,-0.2,5.1));
#12170 = DIRECTION('',(0.,0.,1.));
#12171 = DIRECTION('',(1.,0.,-0.));
#12172 = ORIENTED_EDGE('',*,*,#12173,.T.);
#12173 = EDGE_CURVE('',#12165,#12174,#12176,.T.);
#12174 = VERTEX_POINT('',#12175);
#12175 = CARTESIAN_POINT('',(0.871779788708,-2.,5.1));
#12176 = CIRCLE('',#12177,2.);
#12177 = AXIS2_PLACEMENT_3D('',#12178,#12179,#12180);
#12178 = CARTESIAN_POINT('',(0.,-0.2,5.1));
#12179 = DIRECTION('',(0.,0.,1.));
#12180 = DIRECTION('',(1.,0.,-0.));
#12181 = ORIENTED_EDGE('',*,*,#12182,.T.);
#12182 = EDGE_CURVE('',#12174,#12183,#12185,.T.);
#12183 = VERTEX_POINT('',#12184);
#12184 = CARTESIAN_POINT('',(1.4,-1.628285685709,5.1));
#12185 = CIRCLE('',#12186,2.);
#12186 = AXIS2_PLACEMENT_3D('',#12187,#12188,#12189);
#12187 = CARTESIAN_POINT('',(0.,-0.2,5.1));
#12188 = DIRECTION('',(0.,0.,1.));
#12189 = DIRECTION('',(1.,0.,-0.));
#12190 = ORIENTED_EDGE('',*,*,#12191,.F.);
#12191 = EDGE_CURVE('',#12192,#12183,#12194,.T.);
#12192 = VERTEX_POINT('',#12193);
#12193 = CARTESIAN_POINT('',(1.4,-1.628285685709,2.4));
#12194 = LINE('',#12195,#12196);
#12195 = CARTESIAN_POINT('',(1.4,-1.628285685709,13.8));
#12196 = VECTOR('',#12197,1.);
#12197 = DIRECTION('',(0.,0.,1.));
#12198 = ORIENTED_EDGE('',*,*,#12199,.T.);
#12199 = EDGE_CURVE('',#12192,#12104,#12200,.T.);
#12200 = CIRCLE('',#12201,2.);
#12201 = AXIS2_PLACEMENT_3D('',#12202,#12203,#12204);
#12202 = CARTESIAN_POINT('',(0.,-0.2,2.4));
#12203 = DIRECTION('',(0.,0.,1.));
#12204 = DIRECTION('',(1.,0.,-0.));
#12205 = CYLINDRICAL_SURFACE('',#12206,2.);
#12206 = AXIS2_PLACEMENT_3D('',#12207,#12208,#12209);
#12207 = CARTESIAN_POINT('',(0.,-0.2,13.8));
#12208 = DIRECTION('',(0.,0.,1.));
#12209 = DIRECTION('',(1.,0.,-0.));
#12210 = ADVANCED_FACE('',(#12211),#12236,.F.);
#12211 = FACE_BOUND('',#12212,.F.);
#12212 = EDGE_LOOP('',(#12213,#12221,#12222,#12230));
#12213 = ORIENTED_EDGE('',*,*,#12214,.F.);
#12214 = EDGE_CURVE('',#11775,#12215,#12217,.T.);
#12215 = VERTEX_POINT('',#12216);
#12216 = CARTESIAN_POINT('',(6.4,-2.,2.4));
#12217 = LINE('',#12218,#12219);
#12218 = CARTESIAN_POINT('',(6.4,-104.6,2.4));
#12219 = VECTOR('',#12220,1.);
#12220 = DIRECTION('',(-0.,1.,-0.));
#12221 = ORIENTED_EDGE('',*,*,#11772,.F.);
#12222 = ORIENTED_EDGE('',*,*,#12223,.T.);
#12223 = EDGE_CURVE('',#11773,#12224,#12226,.T.);
#12224 = VERTEX_POINT('',#12225);
#12225 = CARTESIAN_POINT('',(3.6,-2.,2.4));
#12226 = LINE('',#12227,#12228);
#12227 = CARTESIAN_POINT('',(3.6,-104.6,2.4));
#12228 = VECTOR('',#12229,1.);
#12229 = DIRECTION('',(-0.,1.,-0.));
#12230 = ORIENTED_EDGE('',*,*,#12231,.T.);
#12231 = EDGE_CURVE('',#12224,#12215,#12232,.T.);
#12232 = LINE('',#12233,#12234);
#12233 = CARTESIAN_POINT('',(3.6,-2.,2.4));
#12234 = VECTOR('',#12235,1.);
#12235 = DIRECTION('',(1.,0.,0.));
#12236 = PLANE('',#12237);
#12237 = AXIS2_PLACEMENT_3D('',#12238,#12239,#12240);
#12238 = CARTESIAN_POINT('',(3.6,-104.6,2.4));
#12239 = DIRECTION('',(0.,0.,-1.));
#12240 = DIRECTION('',(1.,0.,0.));
#12241 = ADVANCED_FACE('',(#12242),#12260,.F.);
#12242 = FACE_BOUND('',#12243,.F.);
#12243 = EDGE_LOOP('',(#12244,#12252,#12253,#12254));
#12244 = ORIENTED_EDGE('',*,*,#12245,.F.);
#12245 = EDGE_CURVE('',#11802,#12246,#12248,.T.);
#12246 = VERTEX_POINT('',#12247);
#12247 = CARTESIAN_POINT('',(6.4,-2.,5.1));
#12248 = LINE('',#12249,#12250);
#12249 = CARTESIAN_POINT('',(6.4,-104.6,5.1));
#12250 = VECTOR('',#12251,1.);
#12251 = DIRECTION('',(-0.,1.,-0.));
#12252 = ORIENTED_EDGE('',*,*,#11801,.F.);
#12253 = ORIENTED_EDGE('',*,*,#12214,.T.);
#12254 = ORIENTED_EDGE('',*,*,#12255,.T.);
#12255 = EDGE_CURVE('',#12215,#12246,#12256,.T.);
#12256 = LINE('',#12257,#12258);
#12257 = CARTESIAN_POINT('',(6.4,-2.,2.4));
#12258 = VECTOR('',#12259,1.);
#12259 = DIRECTION('',(0.,0.,1.));
#12260 = PLANE('',#12261);
#12261 = AXIS2_PLACEMENT_3D('',#12262,#12263,#12264);
#12262 = CARTESIAN_POINT('',(6.4,-104.6,2.4));
#12263 = DIRECTION('',(1.,0.,-0.));
#12264 = DIRECTION('',(0.,0.,1.));
#12265 = ADVANCED_FACE('',(#12266),#12284,.F.);
#12266 = FACE_BOUND('',#12267,.F.);
#12267 = EDGE_LOOP('',(#12268,#12269,#12270,#12278));
#12268 = ORIENTED_EDGE('',*,*,#12223,.F.);
#12269 = ORIENTED_EDGE('',*,*,#11824,.F.);
#12270 = ORIENTED_EDGE('',*,*,#12271,.T.);
#12271 = EDGE_CURVE('',#11825,#12272,#12274,.T.);
#12272 = VERTEX_POINT('',#12273);
#12273 = CARTESIAN_POINT('',(3.6,-2.,5.1));
#12274 = LINE('',#12275,#12276);
#12275 = CARTESIAN_POINT('',(3.6,-104.6,5.1));
#12276 = VECTOR('',#12277,1.);
#12277 = DIRECTION('',(-0.,1.,-0.));
#12278 = ORIENTED_EDGE('',*,*,#12279,.F.);
#12279 = EDGE_CURVE('',#12224,#12272,#12280,.T.);
#12280 = LINE('',#12281,#12282);
#12281 = CARTESIAN_POINT('',(3.6,-2.,2.4));
#12282 = VECTOR('',#12283,1.);
#12283 = DIRECTION('',(0.,0.,1.));
#12284 = PLANE('',#12285);
#12285 = AXIS2_PLACEMENT_3D('',#12286,#12287,#12288);
#12286 = CARTESIAN_POINT('',(3.6,-104.6,5.1));
#12287 = DIRECTION('',(-1.,-0.,-0.));
#12288 = DIRECTION('',(0.,0.,-1.));
#12289 = ADVANCED_FACE('',(#12290),#12308,.F.);
#12290 = FACE_BOUND('',#12291,.F.);
#12291 = EDGE_LOOP('',(#12292,#12293,#12294,#12295,#12301,#12302));
#12292 = ORIENTED_EDGE('',*,*,#12271,.F.);
#12293 = ORIENTED_EDGE('',*,*,#11847,.F.);
#12294 = ORIENTED_EDGE('',*,*,#12245,.T.);
#12295 = ORIENTED_EDGE('',*,*,#12296,.F.);
#12296 = EDGE_CURVE('',#12063,#12246,#12297,.T.);
#12297 = LINE('',#12298,#12299);
#12298 = CARTESIAN_POINT('',(3.6,-2.,5.1));
#12299 = VECTOR('',#12300,1.);
#12300 = DIRECTION('',(1.,0.,0.));
#12301 = ORIENTED_EDGE('',*,*,#12062,.F.);
#12302 = ORIENTED_EDGE('',*,*,#12303,.F.);
#12303 = EDGE_CURVE('',#12272,#12054,#12304,.T.);
#12304 = LINE('',#12305,#12306);
#12305 = CARTESIAN_POINT('',(3.6,-2.,5.1));
#12306 = VECTOR('',#12307,1.);
#12307 = DIRECTION('',(1.,0.,0.));
#12308 = PLANE('',#12309);
#12309 = AXIS2_PLACEMENT_3D('',#12310,#12311,#12312);
#12310 = CARTESIAN_POINT('',(6.4,-104.6,5.1));
#12311 = DIRECTION('',(0.,0.,1.));
#12312 = DIRECTION('',(-1.,0.,0.));
#12313 = ADVANCED_FACE('',(#12314),#12339,.F.);
#12314 = FACE_BOUND('',#12315,.F.);
#12315 = EDGE_LOOP('',(#12316,#12324,#12325,#12333));
#12316 = ORIENTED_EDGE('',*,*,#12317,.F.);
#12317 = EDGE_CURVE('',#11867,#12318,#12320,.T.);
#12318 = VERTEX_POINT('',#12319);
#12319 = CARTESIAN_POINT('',(1.4,-2.,2.4));
#12320 = LINE('',#12321,#12322);
#12321 = CARTESIAN_POINT('',(1.4,-104.6,2.4));
#12322 = VECTOR('',#12323,1.);
#12323 = DIRECTION('',(-0.,1.,-0.));
#12324 = ORIENTED_EDGE('',*,*,#11864,.F.);
#12325 = ORIENTED_EDGE('',*,*,#12326,.T.);
#12326 = EDGE_CURVE('',#11865,#12327,#12329,.T.);
#12327 = VERTEX_POINT('',#12328);
#12328 = CARTESIAN_POINT('',(-1.4,-2.,2.4));
#12329 = LINE('',#12330,#12331);
#12330 = CARTESIAN_POINT('',(-1.4,-104.6,2.4));
#12331 = VECTOR('',#12332,1.);
#12332 = DIRECTION('',(-0.,1.,-0.));
#12333 = ORIENTED_EDGE('',*,*,#12334,.T.);
#12334 = EDGE_CURVE('',#12327,#12318,#12335,.T.);
#12335 = LINE('',#12336,#12337);
#12336 = CARTESIAN_POINT('',(-1.4,-2.,2.4));
#12337 = VECTOR('',#12338,1.);
#12338 = DIRECTION('',(1.,0.,0.));
#12339 = PLANE('',#12340);
#12340 = AXIS2_PLACEMENT_3D('',#12341,#12342,#12343);
#12341 = CARTESIAN_POINT('',(-1.4,-104.6,2.4));
#12342 = DIRECTION('',(0.,0.,-1.));
#12343 = DIRECTION('',(1.,0.,0.));
#12344 = ADVANCED_FACE('',(#12345),#12363,.F.);
#12345 = FACE_BOUND('',#12346,.F.);
#12346 = EDGE_LOOP('',(#12347,#12355,#12356,#12357));
#12347 = ORIENTED_EDGE('',*,*,#12348,.F.);
#12348 = EDGE_CURVE('',#11894,#12349,#12351,.T.);
#12349 = VERTEX_POINT('',#12350);
#12350 = CARTESIAN_POINT('',(1.4,-2.,5.1));
#12351 = LINE('',#12352,#12353);
#12352 = CARTESIAN_POINT('',(1.4,-104.6,5.1));
#12353 = VECTOR('',#12354,1.);
#12354 = DIRECTION('',(-0.,1.,-0.));
#12355 = ORIENTED_EDGE('',*,*,#11893,.F.);
#12356 = ORIENTED_EDGE('',*,*,#12317,.T.);
#12357 = ORIENTED_EDGE('',*,*,#12358,.T.);
#12358 = EDGE_CURVE('',#12318,#12349,#12359,.T.);
#12359 = LINE('',#12360,#12361);
#12360 = CARTESIAN_POINT('',(1.4,-2.,2.4));
#12361 = VECTOR('',#12362,1.);
#12362 = DIRECTION('',(0.,0.,1.));
#12363 = PLANE('',#12364);
#12364 = AXIS2_PLACEMENT_3D('',#12365,#12366,#12367);
#12365 = CARTESIAN_POINT('',(1.4,-104.6,2.4));
#12366 = DIRECTION('',(1.,0.,-0.));
#12367 = DIRECTION('',(0.,0.,1.));
#12368 = ADVANCED_FACE('',(#12369),#12387,.F.);
#12369 = FACE_BOUND('',#12370,.F.);
#12370 = EDGE_LOOP('',(#12371,#12372,#12373,#12381));
#12371 = ORIENTED_EDGE('',*,*,#12326,.F.);
#12372 = ORIENTED_EDGE('',*,*,#11916,.F.);
#12373 = ORIENTED_EDGE('',*,*,#12374,.T.);
#12374 = EDGE_CURVE('',#11917,#12375,#12377,.T.);
#12375 = VERTEX_POINT('',#12376);
#12376 = CARTESIAN_POINT('',(-1.4,-2.,5.1));
#12377 = LINE('',#12378,#12379);
#12378 = CARTESIAN_POINT('',(-1.4,-104.6,5.1));
#12379 = VECTOR('',#12380,1.);
#12380 = DIRECTION('',(-0.,1.,-0.));
#12381 = ORIENTED_EDGE('',*,*,#12382,.F.);
#12382 = EDGE_CURVE('',#12327,#12375,#12383,.T.);
#12383 = LINE('',#12384,#12385);
#12384 = CARTESIAN_POINT('',(-1.4,-2.,2.4));
#12385 = VECTOR('',#12386,1.);
#12386 = DIRECTION('',(0.,0.,1.));
#12387 = PLANE('',#12388);
#12388 = AXIS2_PLACEMENT_3D('',#12389,#12390,#12391);
#12389 = CARTESIAN_POINT('',(-1.4,-104.6,5.1));
#12390 = DIRECTION('',(-1.,-0.,-0.));
#12391 = DIRECTION('',(0.,0.,-1.));
#12392 = ADVANCED_FACE('',(#12393),#12411,.F.);
#12393 = FACE_BOUND('',#12394,.F.);
#12394 = EDGE_LOOP('',(#12395,#12396,#12397,#12398,#12404,#12405));
#12395 = ORIENTED_EDGE('',*,*,#12374,.F.);
#12396 = ORIENTED_EDGE('',*,*,#11939,.F.);
#12397 = ORIENTED_EDGE('',*,*,#12348,.T.);
#12398 = ORIENTED_EDGE('',*,*,#12399,.F.);
#12399 = EDGE_CURVE('',#12174,#12349,#12400,.T.);
#12400 = LINE('',#12401,#12402);
#12401 = CARTESIAN_POINT('',(-1.4,-2.,5.1));
#12402 = VECTOR('',#12403,1.);
#12403 = DIRECTION('',(1.,0.,0.));
#12404 = ORIENTED_EDGE('',*,*,#12173,.F.);
#12405 = ORIENTED_EDGE('',*,*,#12406,.F.);
#12406 = EDGE_CURVE('',#12375,#12165,#12407,.T.);
#12407 = LINE('',#12408,#12409);
#12408 = CARTESIAN_POINT('',(-1.4,-2.,5.1));
#12409 = VECTOR('',#12410,1.);
#12410 = DIRECTION('',(1.,0.,0.));
#12411 = PLANE('',#12412);
#12412 = AXIS2_PLACEMENT_3D('',#12413,#12414,#12415);
#12413 = CARTESIAN_POINT('',(1.4,-104.6,5.1));
#12414 = DIRECTION('',(0.,0.,1.));
#12415 = DIRECTION('',(-1.,0.,0.));
#12416 = ADVANCED_FACE('',(#12417),#12427,.F.);
#12417 = FACE_BOUND('',#12418,.F.);
#12418 = EDGE_LOOP('',(#12419,#12420,#12426));
#12419 = ORIENTED_EDGE('',*,*,#12088,.F.);
#12420 = ORIENTED_EDGE('',*,*,#12421,.T.);
#12421 = EDGE_CURVE('',#12081,#12003,#12422,.T.);
#12422 = LINE('',#12423,#12424);
#12423 = CARTESIAN_POINT('',(6.4,-2.,2.4));
#12424 = VECTOR('',#12425,1.);
#12425 = DIRECTION('',(0.,1.,0.));
#12426 = ORIENTED_EDGE('',*,*,#12002,.F.);
#12427 = PLANE('',#12428);
#12428 = AXIS2_PLACEMENT_3D('',#12429,#12430,#12431);
#12429 = CARTESIAN_POINT('',(3.6,-104.6,2.4));
#12430 = DIRECTION('',(0.,0.,-1.));
#12431 = DIRECTION('',(1.,0.,0.));
#12432 = ADVANCED_FACE('',(#12433),#12460,.F.);
#12433 = FACE_BOUND('',#12434,.F.);
#12434 = EDGE_LOOP('',(#12435,#12436,#12437,#12445,#12453,#12459));
#12435 = ORIENTED_EDGE('',*,*,#12421,.F.);
#12436 = ORIENTED_EDGE('',*,*,#12080,.T.);
#12437 = ORIENTED_EDGE('',*,*,#12438,.T.);
#12438 = EDGE_CURVE('',#12072,#12439,#12441,.T.);
#12439 = VERTEX_POINT('',#12440);
#12440 = CARTESIAN_POINT('',(6.4,-1.484523257867,5.1));
#12441 = LINE('',#12442,#12443);
#12442 = CARTESIAN_POINT('',(6.4,-2.,5.1));
#12443 = VECTOR('',#12444,1.);
#12444 = DIRECTION('',(0.,1.,0.));
#12445 = ORIENTED_EDGE('',*,*,#12446,.T.);
#12446 = EDGE_CURVE('',#12439,#12447,#12449,.T.);
#12447 = VERTEX_POINT('',#12448);
#12448 = CARTESIAN_POINT('',(6.4,1.084523257867,5.1));
#12449 = LINE('',#12450,#12451);
#12450 = CARTESIAN_POINT('',(6.4,-2.,5.1));
#12451 = VECTOR('',#12452,1.);
#12452 = DIRECTION('',(0.,1.,0.));
#12453 = ORIENTED_EDGE('',*,*,#12454,.T.);
#12454 = EDGE_CURVE('',#12447,#12012,#12455,.T.);
#12455 = LINE('',#12456,#12457);
#12456 = CARTESIAN_POINT('',(6.4,-2.,5.1));
#12457 = VECTOR('',#12458,1.);
#12458 = DIRECTION('',(0.,1.,0.));
#12459 = ORIENTED_EDGE('',*,*,#12011,.F.);
#12460 = PLANE('',#12461);
#12461 = AXIS2_PLACEMENT_3D('',#12462,#12463,#12464);
#12462 = CARTESIAN_POINT('',(6.4,-2.,2.4));
#12463 = DIRECTION('',(-1.,0.,0.));
#12464 = DIRECTION('',(0.,1.,0.));
#12465 = ADVANCED_FACE('',(#12466),#12485,.T.);
#12466 = FACE_BOUND('',#12467,.T.);
#12467 = EDGE_LOOP('',(#12468,#12477,#12483,#12484));
#12468 = ORIENTED_EDGE('',*,*,#12469,.F.);
#12469 = EDGE_CURVE('',#12470,#12439,#12472,.T.);
#12470 = VERTEX_POINT('',#12471);
#12471 = CARTESIAN_POINT('',(5.60827625303,-2.,5.1));
#12472 = CIRCLE('',#12473,1.9);
#12473 = AXIS2_PLACEMENT_3D('',#12474,#12475,#12476);
#12474 = CARTESIAN_POINT('',(5.,-0.2,5.1));
#12475 = DIRECTION('',(0.,0.,1.));
#12476 = DIRECTION('',(1.,0.,-0.));
#12477 = ORIENTED_EDGE('',*,*,#12478,.T.);
#12478 = EDGE_CURVE('',#12470,#12063,#12479,.T.);
#12479 = LINE('',#12480,#12481);
#12480 = CARTESIAN_POINT('',(3.6,-2.,5.1));
#12481 = VECTOR('',#12482,1.);
#12482 = DIRECTION('',(1.,0.,0.));
#12483 = ORIENTED_EDGE('',*,*,#12071,.T.);
#12484 = ORIENTED_EDGE('',*,*,#12438,.T.);
#12485 = PLANE('',#12486);
#12486 = AXIS2_PLACEMENT_3D('',#12487,#12488,#12489);
#12487 = CARTESIAN_POINT('',(5.,0.,5.1));
#12488 = DIRECTION('',(0.,0.,1.));
#12489 = DIRECTION('',(1.,0.,-0.));
#12490 = ADVANCED_FACE('',(#12491),#12517,.T.);
#12491 = FACE_BOUND('',#12492,.T.);
#12492 = EDGE_LOOP('',(#12493,#12504,#12510,#12511));
#12493 = ORIENTED_EDGE('',*,*,#12494,.F.);
#12494 = EDGE_CURVE('',#12495,#12497,#12499,.T.);
#12495 = VERTEX_POINT('',#12496);
#12496 = CARTESIAN_POINT('',(3.6,-1.484523257866,5.1));
#12497 = VERTEX_POINT('',#12498);
#12498 = CARTESIAN_POINT('',(4.39172374697,-2.,5.1));
#12499 = CIRCLE('',#12500,1.9);
#12500 = AXIS2_PLACEMENT_3D('',#12501,#12502,#12503);
#12501 = CARTESIAN_POINT('',(5.,-0.2,5.1));
#12502 = DIRECTION('',(0.,0.,1.));
#12503 = DIRECTION('',(1.,0.,-0.));
#12504 = ORIENTED_EDGE('',*,*,#12505,.T.);
#12505 = EDGE_CURVE('',#12495,#12046,#12506,.T.);
#12506 = LINE('',#12507,#12508);
#12507 = CARTESIAN_POINT('',(3.6,2.,5.1));
#12508 = VECTOR('',#12509,1.);
#12509 = DIRECTION('',(0.,-1.,0.));
#12510 = ORIENTED_EDGE('',*,*,#12053,.T.);
#12511 = ORIENTED_EDGE('',*,*,#12512,.T.);
#12512 = EDGE_CURVE('',#12054,#12497,#12513,.T.);
#12513 = LINE('',#12514,#12515);
#12514 = CARTESIAN_POINT('',(3.6,-2.,5.1));
#12515 = VECTOR('',#12516,1.);
#12516 = DIRECTION('',(1.,0.,0.));
#12517 = PLANE('',#12518);
#12518 = AXIS2_PLACEMENT_3D('',#12519,#12520,#12521);
#12519 = CARTESIAN_POINT('',(5.,0.,5.1));
#12520 = DIRECTION('',(0.,0.,1.));
#12521 = DIRECTION('',(1.,0.,-0.));
#12522 = ADVANCED_FACE('',(#12523),#12548,.F.);
#12523 = FACE_BOUND('',#12524,.F.);
#12524 = EDGE_LOOP('',(#12525,#12526,#12534,#12540,#12541,#12542));
#12525 = ORIENTED_EDGE('',*,*,#12028,.T.);
#12526 = ORIENTED_EDGE('',*,*,#12527,.T.);
#12527 = EDGE_CURVE('',#12020,#12528,#12530,.T.);
#12528 = VERTEX_POINT('',#12529);
#12529 = CARTESIAN_POINT('',(3.6,1.084523257866,5.1));
#12530 = LINE('',#12531,#12532);
#12531 = CARTESIAN_POINT('',(3.6,2.,5.1));
#12532 = VECTOR('',#12533,1.);
#12533 = DIRECTION('',(0.,-1.,0.));
#12534 = ORIENTED_EDGE('',*,*,#12535,.T.);
#12535 = EDGE_CURVE('',#12528,#12495,#12536,.T.);
#12536 = LINE('',#12537,#12538);
#12537 = CARTESIAN_POINT('',(3.6,2.,5.1));
#12538 = VECTOR('',#12539,1.);
#12539 = DIRECTION('',(0.,-1.,0.));
#12540 = ORIENTED_EDGE('',*,*,#12505,.T.);
#12541 = ORIENTED_EDGE('',*,*,#12045,.F.);
#12542 = ORIENTED_EDGE('',*,*,#12543,.F.);
#12543 = EDGE_CURVE('',#12029,#12037,#12544,.T.);
#12544 = LINE('',#12545,#12546);
#12545 = CARTESIAN_POINT('',(3.6,2.,2.4));
#12546 = VECTOR('',#12547,1.);
#12547 = DIRECTION('',(0.,-1.,0.));
#12548 = PLANE('',#12549);
#12549 = AXIS2_PLACEMENT_3D('',#12550,#12551,#12552);
#12550 = CARTESIAN_POINT('',(3.6,2.,2.4));
#12551 = DIRECTION('',(1.,0.,-0.));
#12552 = DIRECTION('',(0.,-1.,0.));
#12553 = ADVANCED_FACE('',(#12554),#12558,.F.);
#12554 = FACE_BOUND('',#12555,.F.);
#12555 = EDGE_LOOP('',(#12556,#12557));
#12556 = ORIENTED_EDGE('',*,*,#12543,.T.);
#12557 = ORIENTED_EDGE('',*,*,#12036,.F.);
#12558 = PLANE('',#12559);
#12559 = AXIS2_PLACEMENT_3D('',#12560,#12561,#12562);
#12560 = CARTESIAN_POINT('',(3.6,-104.6,2.4));
#12561 = DIRECTION('',(0.,0.,-1.));
#12562 = DIRECTION('',(1.,0.,0.));
#12563 = ADVANCED_FACE('',(#12564),#12576,.T.);
#12564 = FACE_BOUND('',#12565,.T.);
#12565 = EDGE_LOOP('',(#12566,#12567,#12568,#12575));
#12566 = ORIENTED_EDGE('',*,*,#12019,.T.);
#12567 = ORIENTED_EDGE('',*,*,#12527,.T.);
#12568 = ORIENTED_EDGE('',*,*,#12569,.F.);
#12569 = EDGE_CURVE('',#12447,#12528,#12570,.T.);
#12570 = CIRCLE('',#12571,1.9);
#12571 = AXIS2_PLACEMENT_3D('',#12572,#12573,#12574);
#12572 = CARTESIAN_POINT('',(5.,-0.2,5.1));
#12573 = DIRECTION('',(0.,0.,1.));
#12574 = DIRECTION('',(1.,0.,-0.));
#12575 = ORIENTED_EDGE('',*,*,#12454,.T.);
#12576 = PLANE('',#12577);
#12577 = AXIS2_PLACEMENT_3D('',#12578,#12579,#12580);
#12578 = CARTESIAN_POINT('',(5.,0.,5.1));
#12579 = DIRECTION('',(0.,0.,1.));
#12580 = DIRECTION('',(1.,0.,-0.));
#12581 = ADVANCED_FACE('',(#12582),#12592,.F.);
#12582 = FACE_BOUND('',#12583,.F.);
#12583 = EDGE_LOOP('',(#12584,#12585,#12591));
#12584 = ORIENTED_EDGE('',*,*,#12199,.F.);
#12585 = ORIENTED_EDGE('',*,*,#12586,.T.);
#12586 = EDGE_CURVE('',#12192,#12114,#12587,.T.);
#12587 = LINE('',#12588,#12589);
#12588 = CARTESIAN_POINT('',(1.4,-2.,2.4));
#12589 = VECTOR('',#12590,1.);
#12590 = DIRECTION('',(0.,1.,0.));
#12591 = ORIENTED_EDGE('',*,*,#12113,.F.);
#12592 = PLANE('',#12593);
#12593 = AXIS2_PLACEMENT_3D('',#12594,#12595,#12596);
#12594 = CARTESIAN_POINT('',(-1.4,-104.6,2.4));
#12595 = DIRECTION('',(0.,0.,-1.));
#12596 = DIRECTION('',(1.,0.,0.));
#12597 = ADVANCED_FACE('',(#12598),#12625,.F.);
#12598 = FACE_BOUND('',#12599,.F.);
#12599 = EDGE_LOOP('',(#12600,#12601,#12602,#12610,#12618,#12624));
#12600 = ORIENTED_EDGE('',*,*,#12586,.F.);
#12601 = ORIENTED_EDGE('',*,*,#12191,.T.);
#12602 = ORIENTED_EDGE('',*,*,#12603,.T.);
#12603 = EDGE_CURVE('',#12183,#12604,#12606,.T.);
#12604 = VERTEX_POINT('',#12605);
#12605 = CARTESIAN_POINT('',(1.4,-1.484523257867,5.1));
#12606 = LINE('',#12607,#12608);
#12607 = CARTESIAN_POINT('',(1.4,-2.,5.1));
#12608 = VECTOR('',#12609,1.);
#12609 = DIRECTION('',(0.,1.,0.));
#12610 = ORIENTED_EDGE('',*,*,#12611,.T.);
#12611 = EDGE_CURVE('',#12604,#12612,#12614,.T.);
#12612 = VERTEX_POINT('',#12613);
#12613 = CARTESIAN_POINT('',(1.4,1.084523257867,5.1));
#12614 = LINE('',#12615,#12616);
#12615 = CARTESIAN_POINT('',(1.4,-2.,5.1));
#12616 = VECTOR('',#12617,1.);
#12617 = DIRECTION('',(0.,1.,0.));
#12618 = ORIENTED_EDGE('',*,*,#12619,.T.);
#12619 = EDGE_CURVE('',#12612,#12123,#12620,.T.);
#12620 = LINE('',#12621,#12622);
#12621 = CARTESIAN_POINT('',(1.4,-2.,5.1));
#12622 = VECTOR('',#12623,1.);
#12623 = DIRECTION('',(0.,1.,0.));
#12624 = ORIENTED_EDGE('',*,*,#12122,.F.);
#12625 = PLANE('',#12626);
#12626 = AXIS2_PLACEMENT_3D('',#12627,#12628,#12629);
#12627 = CARTESIAN_POINT('',(1.4,-2.,2.4));
#12628 = DIRECTION('',(-1.,0.,0.));
#12629 = DIRECTION('',(0.,1.,0.));
#12630 = ADVANCED_FACE('',(#12631),#12650,.T.);
#12631 = FACE_BOUND('',#12632,.T.);
#12632 = EDGE_LOOP('',(#12633,#12642,#12648,#12649));
#12633 = ORIENTED_EDGE('',*,*,#12634,.F.);
#12634 = EDGE_CURVE('',#12635,#12604,#12637,.T.);
#12635 = VERTEX_POINT('',#12636);
#12636 = CARTESIAN_POINT('',(0.60827625303,-2.,5.1));
#12637 = CIRCLE('',#12638,1.9);
#12638 = AXIS2_PLACEMENT_3D('',#12639,#12640,#12641);
#12639 = CARTESIAN_POINT('',(0.,-0.2,5.1));
#12640 = DIRECTION('',(0.,0.,1.));
#12641 = DIRECTION('',(1.,0.,-0.));
#12642 = ORIENTED_EDGE('',*,*,#12643,.T.);
#12643 = EDGE_CURVE('',#12635,#12174,#12644,.T.);
#12644 = LINE('',#12645,#12646);
#12645 = CARTESIAN_POINT('',(-1.4,-2.,5.1));
#12646 = VECTOR('',#12647,1.);
#12647 = DIRECTION('',(1.,0.,0.));
#12648 = ORIENTED_EDGE('',*,*,#12182,.T.);
#12649 = ORIENTED_EDGE('',*,*,#12603,.T.);
#12650 = PLANE('',#12651);
#12651 = AXIS2_PLACEMENT_3D('',#12652,#12653,#12654);
#12652 = CARTESIAN_POINT('',(0.,0.,5.1));
#12653 = DIRECTION('',(0.,0.,1.));
#12654 = DIRECTION('',(1.,0.,-0.));
#12655 = ADVANCED_FACE('',(#12656),#12682,.T.);
#12656 = FACE_BOUND('',#12657,.T.);
#12657 = EDGE_LOOP('',(#12658,#12669,#12675,#12676));
#12658 = ORIENTED_EDGE('',*,*,#12659,.F.);
#12659 = EDGE_CURVE('',#12660,#12662,#12664,.T.);
#12660 = VERTEX_POINT('',#12661);
#12661 = CARTESIAN_POINT('',(-1.4,-1.484523257866,5.1));
#12662 = VERTEX_POINT('',#12663);
#12663 = CARTESIAN_POINT('',(-0.60827625303,-2.,5.1));
#12664 = CIRCLE('',#12665,1.9);
#12665 = AXIS2_PLACEMENT_3D('',#12666,#12667,#12668);
#12666 = CARTESIAN_POINT('',(0.,-0.2,5.1));
#12667 = DIRECTION('',(0.,0.,1.));
#12668 = DIRECTION('',(1.,0.,-0.));
#12669 = ORIENTED_EDGE('',*,*,#12670,.T.);
#12670 = EDGE_CURVE('',#12660,#12157,#12671,.T.);
#12671 = LINE('',#12672,#12673);
#12672 = CARTESIAN_POINT('',(-1.4,2.,5.1));
#12673 = VECTOR('',#12674,1.);
#12674 = DIRECTION('',(0.,-1.,0.));
#12675 = ORIENTED_EDGE('',*,*,#12164,.T.);
#12676 = ORIENTED_EDGE('',*,*,#12677,.T.);
#12677 = EDGE_CURVE('',#12165,#12662,#12678,.T.);
#12678 = LINE('',#12679,#12680);
#12679 = CARTESIAN_POINT('',(-1.4,-2.,5.1));
#12680 = VECTOR('',#12681,1.);
#12681 = DIRECTION('',(1.,0.,0.));
#12682 = PLANE('',#12683);
#12683 = AXIS2_PLACEMENT_3D('',#12684,#12685,#12686);
#12684 = CARTESIAN_POINT('',(0.,0.,5.1));
#12685 = DIRECTION('',(0.,0.,1.));
#12686 = DIRECTION('',(1.,0.,-0.));
#12687 = ADVANCED_FACE('',(#12688),#12713,.F.);
#12688 = FACE_BOUND('',#12689,.F.);
#12689 = EDGE_LOOP('',(#12690,#12691,#12699,#12705,#12706,#12707));
#12690 = ORIENTED_EDGE('',*,*,#12139,.T.);
#12691 = ORIENTED_EDGE('',*,*,#12692,.T.);
#12692 = EDGE_CURVE('',#12131,#12693,#12695,.T.);
#12693 = VERTEX_POINT('',#12694);
#12694 = CARTESIAN_POINT('',(-1.4,1.084523257866,5.1));
#12695 = LINE('',#12696,#12697);
#12696 = CARTESIAN_POINT('',(-1.4,2.,5.1));
#12697 = VECTOR('',#12698,1.);
#12698 = DIRECTION('',(0.,-1.,0.));
#12699 = ORIENTED_EDGE('',*,*,#12700,.T.);
#12700 = EDGE_CURVE('',#12693,#12660,#12701,.T.);
#12701 = LINE('',#12702,#12703);
#12702 = CARTESIAN_POINT('',(-1.4,2.,5.1));
#12703 = VECTOR('',#12704,1.);
#12704 = DIRECTION('',(0.,-1.,0.));
#12705 = ORIENTED_EDGE('',*,*,#12670,.T.);
#12706 = ORIENTED_EDGE('',*,*,#12156,.F.);
#12707 = ORIENTED_EDGE('',*,*,#12708,.F.);
#12708 = EDGE_CURVE('',#12140,#12148,#12709,.T.);
#12709 = LINE('',#12710,#12711);
#12710 = CARTESIAN_POINT('',(-1.4,2.,2.4));
#12711 = VECTOR('',#12712,1.);
#12712 = DIRECTION('',(0.,-1.,0.));
#12713 = PLANE('',#12714);
#12714 = AXIS2_PLACEMENT_3D('',#12715,#12716,#12717);
#12715 = CARTESIAN_POINT('',(-1.4,2.,2.4));
#12716 = DIRECTION('',(1.,0.,-0.));
#12717 = DIRECTION('',(0.,-1.,0.));
#12718 = ADVANCED_FACE('',(#12719),#12723,.F.);
#12719 = FACE_BOUND('',#12720,.F.);
#12720 = EDGE_LOOP('',(#12721,#12722));
#12721 = ORIENTED_EDGE('',*,*,#12708,.T.);
#12722 = ORIENTED_EDGE('',*,*,#12147,.F.);
#12723 = PLANE('',#12724);
#12724 = AXIS2_PLACEMENT_3D('',#12725,#12726,#12727);
#12725 = CARTESIAN_POINT('',(-1.4,-104.6,2.4));
#12726 = DIRECTION('',(0.,0.,-1.));
#12727 = DIRECTION('',(1.,0.,0.));
#12728 = ADVANCED_FACE('',(#12729),#12741,.T.);
#12729 = FACE_BOUND('',#12730,.T.);
#12730 = EDGE_LOOP('',(#12731,#12732,#12733,#12740));
#12731 = ORIENTED_EDGE('',*,*,#12130,.T.);
#12732 = ORIENTED_EDGE('',*,*,#12692,.T.);
#12733 = ORIENTED_EDGE('',*,*,#12734,.F.);
#12734 = EDGE_CURVE('',#12612,#12693,#12735,.T.);
#12735 = CIRCLE('',#12736,1.9);
#12736 = AXIS2_PLACEMENT_3D('',#12737,#12738,#12739);
#12737 = CARTESIAN_POINT('',(0.,-0.2,5.1));
#12738 = DIRECTION('',(0.,0.,1.));
#12739 = DIRECTION('',(1.,0.,-0.));
#12740 = ORIENTED_EDGE('',*,*,#12619,.T.);
#12741 = PLANE('',#12742);
#12742 = AXIS2_PLACEMENT_3D('',#12743,#12744,#12745);
#12743 = CARTESIAN_POINT('',(0.,0.,5.1));
#12744 = DIRECTION('',(0.,0.,1.));
#12745 = DIRECTION('',(1.,0.,-0.));
#12746 = ADVANCED_FACE('',(#12747,#12762),#12796,.F.);
#12747 = FACE_BOUND('',#12748,.F.);
#12748 = EDGE_LOOP('',(#12749,#12750,#12751,#12752,#12758,#12759,#12760,
    #12761));
#12749 = ORIENTED_EDGE('',*,*,#12279,.T.);
#12750 = ORIENTED_EDGE('',*,*,#12303,.T.);
#12751 = ORIENTED_EDGE('',*,*,#12512,.T.);
#12752 = ORIENTED_EDGE('',*,*,#12753,.T.);
#12753 = EDGE_CURVE('',#12497,#12470,#12754,.T.);
#12754 = LINE('',#12755,#12756);
#12755 = CARTESIAN_POINT('',(3.6,-2.,5.1));
#12756 = VECTOR('',#12757,1.);
#12757 = DIRECTION('',(1.,0.,0.));
#12758 = ORIENTED_EDGE('',*,*,#12478,.T.);
#12759 = ORIENTED_EDGE('',*,*,#12296,.T.);
#12760 = ORIENTED_EDGE('',*,*,#12255,.F.);
#12761 = ORIENTED_EDGE('',*,*,#12231,.F.);
#12762 = FACE_BOUND('',#12763,.F.);
#12763 = EDGE_LOOP('',(#12764,#12774,#12782,#12790));
#12764 = ORIENTED_EDGE('',*,*,#12765,.T.);
#12765 = EDGE_CURVE('',#12766,#12768,#12770,.T.);
#12766 = VERTEX_POINT('',#12767);
#12767 = CARTESIAN_POINT('',(3.75,-2.,5.));
#12768 = VERTEX_POINT('',#12769);
#12769 = CARTESIAN_POINT('',(3.75,-2.,2.5));
#12770 = LINE('',#12771,#12772);
#12771 = CARTESIAN_POINT('',(3.75,-2.,5.));
#12772 = VECTOR('',#12773,1.);
#12773 = DIRECTION('',(0.,0.,-1.));
#12774 = ORIENTED_EDGE('',*,*,#12775,.T.);
#12775 = EDGE_CURVE('',#12768,#12776,#12778,.T.);
#12776 = VERTEX_POINT('',#12777);
#12777 = CARTESIAN_POINT('',(6.25,-2.,2.5));
#12778 = LINE('',#12779,#12780);
#12779 = CARTESIAN_POINT('',(3.75,-2.,2.5));
#12780 = VECTOR('',#12781,1.);
#12781 = DIRECTION('',(1.,0.,0.));
#12782 = ORIENTED_EDGE('',*,*,#12783,.T.);
#12783 = EDGE_CURVE('',#12776,#12784,#12786,.T.);
#12784 = VERTEX_POINT('',#12785);
#12785 = CARTESIAN_POINT('',(6.25,-2.,5.));
#12786 = LINE('',#12787,#12788);
#12787 = CARTESIAN_POINT('',(6.25,-2.,2.5));
#12788 = VECTOR('',#12789,1.);
#12789 = DIRECTION('',(0.,0.,1.));
#12790 = ORIENTED_EDGE('',*,*,#12791,.T.);
#12791 = EDGE_CURVE('',#12784,#12766,#12792,.T.);
#12792 = LINE('',#12793,#12794);
#12793 = CARTESIAN_POINT('',(6.25,-2.,5.));
#12794 = VECTOR('',#12795,1.);
#12795 = DIRECTION('',(-1.,0.,0.));
#12796 = PLANE('',#12797);
#12797 = AXIS2_PLACEMENT_3D('',#12798,#12799,#12800);
#12798 = CARTESIAN_POINT('',(3.6,-2.,2.4));
#12799 = DIRECTION('',(0.,1.,0.));
#12800 = DIRECTION('',(1.,0.,0.));
#12801 = ADVANCED_FACE('',(#12802,#12817),#12851,.F.);
#12802 = FACE_BOUND('',#12803,.F.);
#12803 = EDGE_LOOP('',(#12804,#12805,#12806,#12807,#12813,#12814,#12815,
    #12816));
#12804 = ORIENTED_EDGE('',*,*,#12382,.T.);
#12805 = ORIENTED_EDGE('',*,*,#12406,.T.);
#12806 = ORIENTED_EDGE('',*,*,#12677,.T.);
#12807 = ORIENTED_EDGE('',*,*,#12808,.T.);
#12808 = EDGE_CURVE('',#12662,#12635,#12809,.T.);
#12809 = LINE('',#12810,#12811);
#12810 = CARTESIAN_POINT('',(-1.4,-2.,5.1));
#12811 = VECTOR('',#12812,1.);
#12812 = DIRECTION('',(1.,0.,0.));
#12813 = ORIENTED_EDGE('',*,*,#12643,.T.);
#12814 = ORIENTED_EDGE('',*,*,#12399,.T.);
#12815 = ORIENTED_EDGE('',*,*,#12358,.F.);
#12816 = ORIENTED_EDGE('',*,*,#12334,.F.);
#12817 = FACE_BOUND('',#12818,.F.);
#12818 = EDGE_LOOP('',(#12819,#12829,#12837,#12845));
#12819 = ORIENTED_EDGE('',*,*,#12820,.T.);
#12820 = EDGE_CURVE('',#12821,#12823,#12825,.T.);
#12821 = VERTEX_POINT('',#12822);
#12822 = CARTESIAN_POINT('',(-1.25,-2.,5.));
#12823 = VERTEX_POINT('',#12824);
#12824 = CARTESIAN_POINT('',(-1.25,-2.,2.5));
#12825 = LINE('',#12826,#12827);
#12826 = CARTESIAN_POINT('',(-1.25,-2.,5.));
#12827 = VECTOR('',#12828,1.);
#12828 = DIRECTION('',(0.,0.,-1.));
#12829 = ORIENTED_EDGE('',*,*,#12830,.T.);
#12830 = EDGE_CURVE('',#12823,#12831,#12833,.T.);
#12831 = VERTEX_POINT('',#12832);
#12832 = CARTESIAN_POINT('',(1.25,-2.,2.5));
#12833 = LINE('',#12834,#12835);
#12834 = CARTESIAN_POINT('',(-1.25,-2.,2.5));
#12835 = VECTOR('',#12836,1.);
#12836 = DIRECTION('',(1.,0.,0.));
#12837 = ORIENTED_EDGE('',*,*,#12838,.T.);
#12838 = EDGE_CURVE('',#12831,#12839,#12841,.T.);
#12839 = VERTEX_POINT('',#12840);
#12840 = CARTESIAN_POINT('',(1.25,-2.,5.));
#12841 = LINE('',#12842,#12843);
#12842 = CARTESIAN_POINT('',(1.25,-2.,2.5));
#12843 = VECTOR('',#12844,1.);
#12844 = DIRECTION('',(0.,0.,1.));
#12845 = ORIENTED_EDGE('',*,*,#12846,.T.);
#12846 = EDGE_CURVE('',#12839,#12821,#12847,.T.);
#12847 = LINE('',#12848,#12849);
#12848 = CARTESIAN_POINT('',(1.25,-2.,5.));
#12849 = VECTOR('',#12850,1.);
#12850 = DIRECTION('',(-1.,0.,0.));
#12851 = PLANE('',#12852);
#12852 = AXIS2_PLACEMENT_3D('',#12853,#12854,#12855);
#12853 = CARTESIAN_POINT('',(-1.4,-2.,2.4));
#12854 = DIRECTION('',(0.,1.,0.));
#12855 = DIRECTION('',(1.,0.,0.));
#12856 = ADVANCED_FACE('',(#12857),#12876,.F.);
#12857 = FACE_BOUND('',#12858,.F.);
#12858 = EDGE_LOOP('',(#12859,#12868,#12875));
#12859 = ORIENTED_EDGE('',*,*,#12860,.T.);
#12860 = EDGE_CURVE('',#12439,#12861,#12863,.T.);
#12861 = VERTEX_POINT('',#12862);
#12862 = CARTESIAN_POINT('',(6.9,-0.2,5.1));
#12863 = CIRCLE('',#12864,1.9);
#12864 = AXIS2_PLACEMENT_3D('',#12865,#12866,#12867);
#12865 = CARTESIAN_POINT('',(5.,-0.2,5.1));
#12866 = DIRECTION('',(0.,0.,1.));
#12867 = DIRECTION('',(1.,0.,-0.));
#12868 = ORIENTED_EDGE('',*,*,#12869,.T.);
#12869 = EDGE_CURVE('',#12861,#12447,#12870,.T.);
#12870 = CIRCLE('',#12871,1.9);
#12871 = AXIS2_PLACEMENT_3D('',#12872,#12873,#12874);
#12872 = CARTESIAN_POINT('',(5.,-0.2,5.1));
#12873 = DIRECTION('',(0.,0.,1.));
#12874 = DIRECTION('',(1.,0.,-0.));
#12875 = ORIENTED_EDGE('',*,*,#12446,.F.);
#12876 = PLANE('',#12877);
#12877 = AXIS2_PLACEMENT_3D('',#12878,#12879,#12880);
#12878 = CARTESIAN_POINT('',(5.,-0.2,5.1));
#12879 = DIRECTION('',(0.,0.,1.));
#12880 = DIRECTION('',(1.,0.,-0.));
#12881 = ADVANCED_FACE('',(#12882),#12987,.T.);
#12882 = FACE_BOUND('',#12883,.T.);
#12883 = EDGE_LOOP('',(#12884,#12895,#12903,#12912,#12920,#12929,#12937,
    #12946,#12954,#12961,#12967,#12968,#12969,#12976,#12977,#12984,
    #12985,#12986));
#12884 = ORIENTED_EDGE('',*,*,#12885,.F.);
#12885 = EDGE_CURVE('',#12886,#12888,#12890,.T.);
#12886 = VERTEX_POINT('',#12887);
#12887 = CARTESIAN_POINT('',(5.35,-2.067484939698,13.6));
#12888 = VERTEX_POINT('',#12889);
#12889 = CARTESIAN_POINT('',(6.9,-0.2,13.6));
#12890 = CIRCLE('',#12891,1.9);
#12891 = AXIS2_PLACEMENT_3D('',#12892,#12893,#12894);
#12892 = CARTESIAN_POINT('',(5.,-0.2,13.6));
#12893 = DIRECTION('',(0.,0.,1.));
#12894 = DIRECTION('',(1.,0.,-0.));
#12895 = ORIENTED_EDGE('',*,*,#12896,.T.);
#12896 = EDGE_CURVE('',#12886,#12897,#12899,.T.);
#12897 = VERTEX_POINT('',#12898);
#12898 = CARTESIAN_POINT('',(5.35,-2.067484939698,12.9));
#12899 = LINE('',#12900,#12901);
#12900 = CARTESIAN_POINT('',(5.35,-2.067484939698,5.1));
#12901 = VECTOR('',#12902,1.);
#12902 = DIRECTION('',(-0.,-0.,-1.));
#12903 = ORIENTED_EDGE('',*,*,#12904,.T.);
#12904 = EDGE_CURVE('',#12897,#12905,#12907,.T.);
#12905 = VERTEX_POINT('',#12906);
#12906 = CARTESIAN_POINT('',(4.65,-2.067484939698,12.9));
#12907 = CIRCLE('',#12908,1.9);
#12908 = AXIS2_PLACEMENT_3D('',#12909,#12910,#12911);
#12909 = CARTESIAN_POINT('',(5.,-0.2,12.9));
#12910 = DIRECTION('',(0.,0.,-1.));
#12911 = DIRECTION('',(1.,0.,0.));
#12912 = ORIENTED_EDGE('',*,*,#12913,.F.);
#12913 = EDGE_CURVE('',#12914,#12905,#12916,.T.);
#12914 = VERTEX_POINT('',#12915);
#12915 = CARTESIAN_POINT('',(4.65,-2.067484939698,13.6));
#12916 = LINE('',#12917,#12918);
#12917 = CARTESIAN_POINT('',(4.65,-2.067484939698,5.1));
#12918 = VECTOR('',#12919,1.);
#12919 = DIRECTION('',(-0.,-0.,-1.));
#12920 = ORIENTED_EDGE('',*,*,#12921,.F.);
#12921 = EDGE_CURVE('',#12922,#12914,#12924,.T.);
#12922 = VERTEX_POINT('',#12923);
#12923 = CARTESIAN_POINT('',(4.65,1.667484939698,13.6));
#12924 = CIRCLE('',#12925,1.9);
#12925 = AXIS2_PLACEMENT_3D('',#12926,#12927,#12928);
#12926 = CARTESIAN_POINT('',(5.,-0.2,13.6));
#12927 = DIRECTION('',(0.,0.,1.));
#12928 = DIRECTION('',(1.,0.,-0.));
#12929 = ORIENTED_EDGE('',*,*,#12930,.T.);
#12930 = EDGE_CURVE('',#12922,#12931,#12933,.T.);
#12931 = VERTEX_POINT('',#12932);
#12932 = CARTESIAN_POINT('',(4.65,1.667484939698,12.9));
#12933 = LINE('',#12934,#12935);
#12934 = CARTESIAN_POINT('',(4.65,1.667484939698,5.1));
#12935 = VECTOR('',#12936,1.);
#12936 = DIRECTION('',(-0.,-0.,-1.));
#12937 = ORIENTED_EDGE('',*,*,#12938,.T.);
#12938 = EDGE_CURVE('',#12931,#12939,#12941,.T.);
#12939 = VERTEX_POINT('',#12940);
#12940 = CARTESIAN_POINT('',(5.35,1.667484939698,12.9));
#12941 = CIRCLE('',#12942,1.9);
#12942 = AXIS2_PLACEMENT_3D('',#12943,#12944,#12945);
#12943 = CARTESIAN_POINT('',(5.,-0.2,12.9));
#12944 = DIRECTION('',(0.,0.,-1.));
#12945 = DIRECTION('',(1.,0.,0.));
#12946 = ORIENTED_EDGE('',*,*,#12947,.F.);
#12947 = EDGE_CURVE('',#12948,#12939,#12950,.T.);
#12948 = VERTEX_POINT('',#12949);
#12949 = CARTESIAN_POINT('',(5.35,1.667484939698,13.6));
#12950 = LINE('',#12951,#12952);
#12951 = CARTESIAN_POINT('',(5.35,1.667484939698,5.1));
#12952 = VECTOR('',#12953,1.);
#12953 = DIRECTION('',(-0.,-0.,-1.));
#12954 = ORIENTED_EDGE('',*,*,#12955,.F.);
#12955 = EDGE_CURVE('',#12888,#12948,#12956,.T.);
#12956 = CIRCLE('',#12957,1.9);
#12957 = AXIS2_PLACEMENT_3D('',#12958,#12959,#12960);
#12958 = CARTESIAN_POINT('',(5.,-0.2,13.6));
#12959 = DIRECTION('',(0.,0.,1.));
#12960 = DIRECTION('',(1.,0.,-0.));
#12961 = ORIENTED_EDGE('',*,*,#12962,.F.);
#12962 = EDGE_CURVE('',#12861,#12888,#12963,.T.);
#12963 = LINE('',#12964,#12965);
#12964 = CARTESIAN_POINT('',(6.9,-0.2,5.1));
#12965 = VECTOR('',#12966,1.);
#12966 = DIRECTION('',(0.,0.,1.));
#12967 = ORIENTED_EDGE('',*,*,#12869,.T.);
#12968 = ORIENTED_EDGE('',*,*,#12569,.T.);
#12969 = ORIENTED_EDGE('',*,*,#12970,.T.);
#12970 = EDGE_CURVE('',#12528,#12495,#12971,.T.);
#12971 = CIRCLE('',#12972,1.9);
#12972 = AXIS2_PLACEMENT_3D('',#12973,#12974,#12975);
#12973 = CARTESIAN_POINT('',(5.,-0.2,5.1));
#12974 = DIRECTION('',(0.,0.,1.));
#12975 = DIRECTION('',(1.,0.,-0.));
#12976 = ORIENTED_EDGE('',*,*,#12494,.T.);
#12977 = ORIENTED_EDGE('',*,*,#12978,.T.);
#12978 = EDGE_CURVE('',#12497,#12470,#12979,.T.);
#12979 = CIRCLE('',#12980,1.9);
#12980 = AXIS2_PLACEMENT_3D('',#12981,#12982,#12983);
#12981 = CARTESIAN_POINT('',(5.,-0.2,5.1));
#12982 = DIRECTION('',(0.,0.,1.));
#12983 = DIRECTION('',(1.,0.,-0.));
#12984 = ORIENTED_EDGE('',*,*,#12469,.T.);
#12985 = ORIENTED_EDGE('',*,*,#12860,.T.);
#12986 = ORIENTED_EDGE('',*,*,#12962,.T.);
#12987 = CYLINDRICAL_SURFACE('',#12988,1.9);
#12988 = AXIS2_PLACEMENT_3D('',#12989,#12990,#12991);
#12989 = CARTESIAN_POINT('',(5.,-0.2,5.1));
#12990 = DIRECTION('',(-0.,-0.,-1.));
#12991 = DIRECTION('',(1.,0.,0.));
#12992 = ADVANCED_FACE('',(#12993),#12997,.F.);
#12993 = FACE_BOUND('',#12994,.F.);
#12994 = EDGE_LOOP('',(#12995,#12996));
#12995 = ORIENTED_EDGE('',*,*,#12535,.F.);
#12996 = ORIENTED_EDGE('',*,*,#12970,.T.);
#12997 = PLANE('',#12998);
#12998 = AXIS2_PLACEMENT_3D('',#12999,#13000,#13001);
#12999 = CARTESIAN_POINT('',(5.,-0.2,5.1));
#13000 = DIRECTION('',(0.,0.,1.));
#13001 = DIRECTION('',(1.,0.,-0.));
#13002 = ADVANCED_FACE('',(#13003),#13022,.F.);
#13003 = FACE_BOUND('',#13004,.F.);
#13004 = EDGE_LOOP('',(#13005,#13014,#13021));
#13005 = ORIENTED_EDGE('',*,*,#13006,.T.);
#13006 = EDGE_CURVE('',#12604,#13007,#13009,.T.);
#13007 = VERTEX_POINT('',#13008);
#13008 = CARTESIAN_POINT('',(1.9,-0.2,5.1));
#13009 = CIRCLE('',#13010,1.9);
#13010 = AXIS2_PLACEMENT_3D('',#13011,#13012,#13013);
#13011 = CARTESIAN_POINT('',(0.,-0.2,5.1));
#13012 = DIRECTION('',(0.,0.,1.));
#13013 = DIRECTION('',(1.,0.,-0.));
#13014 = ORIENTED_EDGE('',*,*,#13015,.T.);
#13015 = EDGE_CURVE('',#13007,#12612,#13016,.T.);
#13016 = CIRCLE('',#13017,1.9);
#13017 = AXIS2_PLACEMENT_3D('',#13018,#13019,#13020);
#13018 = CARTESIAN_POINT('',(0.,-0.2,5.1));
#13019 = DIRECTION('',(0.,0.,1.));
#13020 = DIRECTION('',(1.,0.,-0.));
#13021 = ORIENTED_EDGE('',*,*,#12611,.F.);
#13022 = PLANE('',#13023);
#13023 = AXIS2_PLACEMENT_3D('',#13024,#13025,#13026);
#13024 = CARTESIAN_POINT('',(-1.799263332289E-16,-0.2,5.1));
#13025 = DIRECTION('',(0.,0.,1.));
#13026 = DIRECTION('',(1.,0.,-0.));
#13027 = ADVANCED_FACE('',(#13028),#13133,.T.);
#13028 = FACE_BOUND('',#13029,.T.);
#13029 = EDGE_LOOP('',(#13030,#13041,#13049,#13058,#13066,#13075,#13083,
    #13092,#13100,#13107,#13113,#13114,#13115,#13122,#13123,#13130,
    #13131,#13132));
#13030 = ORIENTED_EDGE('',*,*,#13031,.F.);
#13031 = EDGE_CURVE('',#13032,#13034,#13036,.T.);
#13032 = VERTEX_POINT('',#13033);
#13033 = CARTESIAN_POINT('',(0.35,-2.067484939698,13.6));
#13034 = VERTEX_POINT('',#13035);
#13035 = CARTESIAN_POINT('',(1.9,-0.2,13.6));
#13036 = CIRCLE('',#13037,1.9);
#13037 = AXIS2_PLACEMENT_3D('',#13038,#13039,#13040);
#13038 = CARTESIAN_POINT('',(0.,-0.2,13.6));
#13039 = DIRECTION('',(0.,0.,1.));
#13040 = DIRECTION('',(1.,0.,-0.));
#13041 = ORIENTED_EDGE('',*,*,#13042,.T.);
#13042 = EDGE_CURVE('',#13032,#13043,#13045,.T.);
#13043 = VERTEX_POINT('',#13044);
#13044 = CARTESIAN_POINT('',(0.35,-2.067484939698,12.9));
#13045 = LINE('',#13046,#13047);
#13046 = CARTESIAN_POINT('',(0.35,-2.067484939698,5.1));
#13047 = VECTOR('',#13048,1.);
#13048 = DIRECTION('',(-0.,-0.,-1.));
#13049 = ORIENTED_EDGE('',*,*,#13050,.T.);
#13050 = EDGE_CURVE('',#13043,#13051,#13053,.T.);
#13051 = VERTEX_POINT('',#13052);
#13052 = CARTESIAN_POINT('',(-0.35,-2.067484939698,12.9));
#13053 = CIRCLE('',#13054,1.9);
#13054 = AXIS2_PLACEMENT_3D('',#13055,#13056,#13057);
#13055 = CARTESIAN_POINT('',(0.,-0.2,12.9));
#13056 = DIRECTION('',(0.,0.,-1.));
#13057 = DIRECTION('',(1.,0.,0.));
#13058 = ORIENTED_EDGE('',*,*,#13059,.F.);
#13059 = EDGE_CURVE('',#13060,#13051,#13062,.T.);
#13060 = VERTEX_POINT('',#13061);
#13061 = CARTESIAN_POINT('',(-0.35,-2.067484939698,13.6));
#13062 = LINE('',#13063,#13064);
#13063 = CARTESIAN_POINT('',(-0.35,-2.067484939698,5.1));
#13064 = VECTOR('',#13065,1.);
#13065 = DIRECTION('',(-0.,-0.,-1.));
#13066 = ORIENTED_EDGE('',*,*,#13067,.F.);
#13067 = EDGE_CURVE('',#13068,#13060,#13070,.T.);
#13068 = VERTEX_POINT('',#13069);
#13069 = CARTESIAN_POINT('',(-0.35,1.667484939698,13.6));
#13070 = CIRCLE('',#13071,1.9);
#13071 = AXIS2_PLACEMENT_3D('',#13072,#13073,#13074);
#13072 = CARTESIAN_POINT('',(0.,-0.2,13.6));
#13073 = DIRECTION('',(0.,0.,1.));
#13074 = DIRECTION('',(1.,0.,-0.));
#13075 = ORIENTED_EDGE('',*,*,#13076,.T.);
#13076 = EDGE_CURVE('',#13068,#13077,#13079,.T.);
#13077 = VERTEX_POINT('',#13078);
#13078 = CARTESIAN_POINT('',(-0.35,1.667484939698,12.9));
#13079 = LINE('',#13080,#13081);
#13080 = CARTESIAN_POINT('',(-0.35,1.667484939698,5.1));
#13081 = VECTOR('',#13082,1.);
#13082 = DIRECTION('',(-0.,-0.,-1.));
#13083 = ORIENTED_EDGE('',*,*,#13084,.T.);
#13084 = EDGE_CURVE('',#13077,#13085,#13087,.T.);
#13085 = VERTEX_POINT('',#13086);
#13086 = CARTESIAN_POINT('',(0.35,1.667484939698,12.9));
#13087 = CIRCLE('',#13088,1.9);
#13088 = AXIS2_PLACEMENT_3D('',#13089,#13090,#13091);
#13089 = CARTESIAN_POINT('',(0.,-0.2,12.9));
#13090 = DIRECTION('',(0.,0.,-1.));
#13091 = DIRECTION('',(1.,0.,0.));
#13092 = ORIENTED_EDGE('',*,*,#13093,.F.);
#13093 = EDGE_CURVE('',#13094,#13085,#13096,.T.);
#13094 = VERTEX_POINT('',#13095);
#13095 = CARTESIAN_POINT('',(0.35,1.667484939698,13.6));
#13096 = LINE('',#13097,#13098);
#13097 = CARTESIAN_POINT('',(0.35,1.667484939698,5.1));
#13098 = VECTOR('',#13099,1.);
#13099 = DIRECTION('',(-0.,-0.,-1.));
#13100 = ORIENTED_EDGE('',*,*,#13101,.F.);
#13101 = EDGE_CURVE('',#13034,#13094,#13102,.T.);
#13102 = CIRCLE('',#13103,1.9);
#13103 = AXIS2_PLACEMENT_3D('',#13104,#13105,#13106);
#13104 = CARTESIAN_POINT('',(0.,-0.2,13.6));
#13105 = DIRECTION('',(0.,0.,1.));
#13106 = DIRECTION('',(1.,0.,-0.));
#13107 = ORIENTED_EDGE('',*,*,#13108,.F.);
#13108 = EDGE_CURVE('',#13007,#13034,#13109,.T.);
#13109 = LINE('',#13110,#13111);
#13110 = CARTESIAN_POINT('',(1.9,-0.2,5.1));
#13111 = VECTOR('',#13112,1.);
#13112 = DIRECTION('',(0.,0.,1.));
#13113 = ORIENTED_EDGE('',*,*,#13015,.T.);
#13114 = ORIENTED_EDGE('',*,*,#12734,.T.);
#13115 = ORIENTED_EDGE('',*,*,#13116,.T.);
#13116 = EDGE_CURVE('',#12693,#12660,#13117,.T.);
#13117 = CIRCLE('',#13118,1.9);
#13118 = AXIS2_PLACEMENT_3D('',#13119,#13120,#13121);
#13119 = CARTESIAN_POINT('',(0.,-0.2,5.1));
#13120 = DIRECTION('',(0.,0.,1.));
#13121 = DIRECTION('',(1.,0.,-0.));
#13122 = ORIENTED_EDGE('',*,*,#12659,.T.);
#13123 = ORIENTED_EDGE('',*,*,#13124,.T.);
#13124 = EDGE_CURVE('',#12662,#12635,#13125,.T.);
#13125 = CIRCLE('',#13126,1.9);
#13126 = AXIS2_PLACEMENT_3D('',#13127,#13128,#13129);
#13127 = CARTESIAN_POINT('',(0.,-0.2,5.1));
#13128 = DIRECTION('',(0.,0.,1.));
#13129 = DIRECTION('',(1.,0.,-0.));
#13130 = ORIENTED_EDGE('',*,*,#12634,.T.);
#13131 = ORIENTED_EDGE('',*,*,#13006,.T.);
#13132 = ORIENTED_EDGE('',*,*,#13108,.T.);
#13133 = CYLINDRICAL_SURFACE('',#13134,1.9);
#13134 = AXIS2_PLACEMENT_3D('',#13135,#13136,#13137);
#13135 = CARTESIAN_POINT('',(0.,-0.2,5.1));
#13136 = DIRECTION('',(-0.,-0.,-1.));
#13137 = DIRECTION('',(1.,0.,0.));
#13138 = ADVANCED_FACE('',(#13139),#13143,.F.);
#13139 = FACE_BOUND('',#13140,.F.);
#13140 = EDGE_LOOP('',(#13141,#13142));
#13141 = ORIENTED_EDGE('',*,*,#12700,.F.);
#13142 = ORIENTED_EDGE('',*,*,#13116,.T.);
#13143 = PLANE('',#13144);
#13144 = AXIS2_PLACEMENT_3D('',#13145,#13146,#13147);
#13145 = CARTESIAN_POINT('',(-1.799263332289E-16,-0.2,5.1));
#13146 = DIRECTION('',(0.,0.,1.));
#13147 = DIRECTION('',(1.,0.,-0.));
#13148 = ADVANCED_FACE('',(#13149),#13153,.F.);
#13149 = FACE_BOUND('',#13150,.F.);
#13150 = EDGE_LOOP('',(#13151,#13152));
#13151 = ORIENTED_EDGE('',*,*,#12978,.T.);
#13152 = ORIENTED_EDGE('',*,*,#12753,.F.);
#13153 = PLANE('',#13154);
#13154 = AXIS2_PLACEMENT_3D('',#13155,#13156,#13157);
#13155 = CARTESIAN_POINT('',(5.,-0.2,5.1));
#13156 = DIRECTION('',(0.,0.,1.));
#13157 = DIRECTION('',(1.,0.,-0.));
#13158 = ADVANCED_FACE('',(#13159),#13184,.T.);
#13159 = FACE_BOUND('',#13160,.T.);
#13160 = EDGE_LOOP('',(#13161,#13169,#13170,#13178));
#13161 = ORIENTED_EDGE('',*,*,#13162,.T.);
#13162 = EDGE_CURVE('',#13163,#12766,#13165,.T.);
#13163 = VERTEX_POINT('',#13164);
#13164 = CARTESIAN_POINT('',(3.75,2.,5.));
#13165 = LINE('',#13166,#13167);
#13166 = CARTESIAN_POINT('',(3.75,2.,5.));
#13167 = VECTOR('',#13168,1.);
#13168 = DIRECTION('',(0.,-1.,0.));
#13169 = ORIENTED_EDGE('',*,*,#12765,.T.);
#13170 = ORIENTED_EDGE('',*,*,#13171,.F.);
#13171 = EDGE_CURVE('',#13172,#12768,#13174,.T.);
#13172 = VERTEX_POINT('',#13173);
#13173 = CARTESIAN_POINT('',(3.75,2.,2.5));
#13174 = LINE('',#13175,#13176);
#13175 = CARTESIAN_POINT('',(3.75,2.,2.5));
#13176 = VECTOR('',#13177,1.);
#13177 = DIRECTION('',(0.,-1.,0.));
#13178 = ORIENTED_EDGE('',*,*,#13179,.F.);
#13179 = EDGE_CURVE('',#13163,#13172,#13180,.T.);
#13180 = LINE('',#13181,#13182);
#13181 = CARTESIAN_POINT('',(3.75,2.,5.));
#13182 = VECTOR('',#13183,1.);
#13183 = DIRECTION('',(0.,0.,-1.));
#13184 = PLANE('',#13185);
#13185 = AXIS2_PLACEMENT_3D('',#13186,#13187,#13188);
#13186 = CARTESIAN_POINT('',(3.75,2.,5.));
#13187 = DIRECTION('',(1.,0.,0.));
#13188 = DIRECTION('',(0.,0.,-1.));
#13189 = ADVANCED_FACE('',(#13190),#13208,.T.);
#13190 = FACE_BOUND('',#13191,.T.);
#13191 = EDGE_LOOP('',(#13192,#13200,#13201,#13202));
#13192 = ORIENTED_EDGE('',*,*,#13193,.T.);
#13193 = EDGE_CURVE('',#13194,#12784,#13196,.T.);
#13194 = VERTEX_POINT('',#13195);
#13195 = CARTESIAN_POINT('',(6.25,2.,5.));
#13196 = LINE('',#13197,#13198);
#13197 = CARTESIAN_POINT('',(6.25,2.,5.));
#13198 = VECTOR('',#13199,1.);
#13199 = DIRECTION('',(0.,-1.,0.));
#13200 = ORIENTED_EDGE('',*,*,#12791,.T.);
#13201 = ORIENTED_EDGE('',*,*,#13162,.F.);
#13202 = ORIENTED_EDGE('',*,*,#13203,.F.);
#13203 = EDGE_CURVE('',#13194,#13163,#13204,.T.);
#13204 = LINE('',#13205,#13206);
#13205 = CARTESIAN_POINT('',(6.25,2.,5.));
#13206 = VECTOR('',#13207,1.);
#13207 = DIRECTION('',(-1.,0.,0.));
#13208 = PLANE('',#13209);
#13209 = AXIS2_PLACEMENT_3D('',#13210,#13211,#13212);
#13210 = CARTESIAN_POINT('',(6.25,2.,5.));
#13211 = DIRECTION('',(-0.,-0.,-1.));
#13212 = DIRECTION('',(-1.,0.,0.));
#13213 = ADVANCED_FACE('',(#13214),#13232,.T.);
#13214 = FACE_BOUND('',#13215,.T.);
#13215 = EDGE_LOOP('',(#13216,#13224,#13225,#13226));
#13216 = ORIENTED_EDGE('',*,*,#13217,.T.);
#13217 = EDGE_CURVE('',#13218,#12776,#13220,.T.);
#13218 = VERTEX_POINT('',#13219);
#13219 = CARTESIAN_POINT('',(6.25,2.,2.5));
#13220 = LINE('',#13221,#13222);
#13221 = CARTESIAN_POINT('',(6.25,2.,2.5));
#13222 = VECTOR('',#13223,1.);
#13223 = DIRECTION('',(0.,-1.,0.));
#13224 = ORIENTED_EDGE('',*,*,#12783,.T.);
#13225 = ORIENTED_EDGE('',*,*,#13193,.F.);
#13226 = ORIENTED_EDGE('',*,*,#13227,.F.);
#13227 = EDGE_CURVE('',#13218,#13194,#13228,.T.);
#13228 = LINE('',#13229,#13230);
#13229 = CARTESIAN_POINT('',(6.25,2.,2.5));
#13230 = VECTOR('',#13231,1.);
#13231 = DIRECTION('',(0.,0.,1.));
#13232 = PLANE('',#13233);
#13233 = AXIS2_PLACEMENT_3D('',#13234,#13235,#13236);
#13234 = CARTESIAN_POINT('',(6.25,2.,2.5));
#13235 = DIRECTION('',(-1.,0.,0.));
#13236 = DIRECTION('',(0.,0.,1.));
#13237 = ADVANCED_FACE('',(#13238),#13249,.T.);
#13238 = FACE_BOUND('',#13239,.T.);
#13239 = EDGE_LOOP('',(#13240,#13241,#13242,#13243));
#13240 = ORIENTED_EDGE('',*,*,#13171,.T.);
#13241 = ORIENTED_EDGE('',*,*,#12775,.T.);
#13242 = ORIENTED_EDGE('',*,*,#13217,.F.);
#13243 = ORIENTED_EDGE('',*,*,#13244,.F.);
#13244 = EDGE_CURVE('',#13172,#13218,#13245,.T.);
#13245 = LINE('',#13246,#13247);
#13246 = CARTESIAN_POINT('',(3.75,2.,2.5));
#13247 = VECTOR('',#13248,1.);
#13248 = DIRECTION('',(1.,0.,0.));
#13249 = PLANE('',#13250);
#13250 = AXIS2_PLACEMENT_3D('',#13251,#13252,#13253);
#13251 = CARTESIAN_POINT('',(3.75,2.,2.5));
#13252 = DIRECTION('',(-0.,0.,1.));
#13253 = DIRECTION('',(1.,0.,0.));
#13254 = ADVANCED_FACE('',(#13255),#13259,.F.);
#13255 = FACE_BOUND('',#13256,.F.);
#13256 = EDGE_LOOP('',(#13257,#13258));
#13257 = ORIENTED_EDGE('',*,*,#13124,.T.);
#13258 = ORIENTED_EDGE('',*,*,#12808,.F.);
#13259 = PLANE('',#13260);
#13260 = AXIS2_PLACEMENT_3D('',#13261,#13262,#13263);
#13261 = CARTESIAN_POINT('',(-1.799263332289E-16,-0.2,5.1));
#13262 = DIRECTION('',(0.,0.,1.));
#13263 = DIRECTION('',(1.,0.,-0.));
#13264 = ADVANCED_FACE('',(#13265),#13290,.T.);
#13265 = FACE_BOUND('',#13266,.T.);
#13266 = EDGE_LOOP('',(#13267,#13275,#13276,#13284));
#13267 = ORIENTED_EDGE('',*,*,#13268,.T.);
#13268 = EDGE_CURVE('',#13269,#12821,#13271,.T.);
#13269 = VERTEX_POINT('',#13270);
#13270 = CARTESIAN_POINT('',(-1.25,2.,5.));
#13271 = LINE('',#13272,#13273);
#13272 = CARTESIAN_POINT('',(-1.25,2.,5.));
#13273 = VECTOR('',#13274,1.);
#13274 = DIRECTION('',(0.,-1.,0.));
#13275 = ORIENTED_EDGE('',*,*,#12820,.T.);
#13276 = ORIENTED_EDGE('',*,*,#13277,.F.);
#13277 = EDGE_CURVE('',#13278,#12823,#13280,.T.);
#13278 = VERTEX_POINT('',#13279);
#13279 = CARTESIAN_POINT('',(-1.25,2.,2.5));
#13280 = LINE('',#13281,#13282);
#13281 = CARTESIAN_POINT('',(-1.25,2.,2.5));
#13282 = VECTOR('',#13283,1.);
#13283 = DIRECTION('',(0.,-1.,0.));
#13284 = ORIENTED_EDGE('',*,*,#13285,.F.);
#13285 = EDGE_CURVE('',#13269,#13278,#13286,.T.);
#13286 = LINE('',#13287,#13288);
#13287 = CARTESIAN_POINT('',(-1.25,2.,5.));
#13288 = VECTOR('',#13289,1.);
#13289 = DIRECTION('',(0.,0.,-1.));
#13290 = PLANE('',#13291);
#13291 = AXIS2_PLACEMENT_3D('',#13292,#13293,#13294);
#13292 = CARTESIAN_POINT('',(-1.25,2.,5.));
#13293 = DIRECTION('',(1.,0.,0.));
#13294 = DIRECTION('',(0.,0.,-1.));
#13295 = ADVANCED_FACE('',(#13296),#13314,.T.);
#13296 = FACE_BOUND('',#13297,.T.);
#13297 = EDGE_LOOP('',(#13298,#13306,#13307,#13308));
#13298 = ORIENTED_EDGE('',*,*,#13299,.T.);
#13299 = EDGE_CURVE('',#13300,#12839,#13302,.T.);
#13300 = VERTEX_POINT('',#13301);
#13301 = CARTESIAN_POINT('',(1.25,2.,5.));
#13302 = LINE('',#13303,#13304);
#13303 = CARTESIAN_POINT('',(1.25,2.,5.));
#13304 = VECTOR('',#13305,1.);
#13305 = DIRECTION('',(0.,-1.,0.));
#13306 = ORIENTED_EDGE('',*,*,#12846,.T.);
#13307 = ORIENTED_EDGE('',*,*,#13268,.F.);
#13308 = ORIENTED_EDGE('',*,*,#13309,.F.);
#13309 = EDGE_CURVE('',#13300,#13269,#13310,.T.);
#13310 = LINE('',#13311,#13312);
#13311 = CARTESIAN_POINT('',(1.25,2.,5.));
#13312 = VECTOR('',#13313,1.);
#13313 = DIRECTION('',(-1.,0.,0.));
#13314 = PLANE('',#13315);
#13315 = AXIS2_PLACEMENT_3D('',#13316,#13317,#13318);
#13316 = CARTESIAN_POINT('',(1.25,2.,5.));
#13317 = DIRECTION('',(-0.,-0.,-1.));
#13318 = DIRECTION('',(-1.,0.,0.));
#13319 = ADVANCED_FACE('',(#13320),#13338,.T.);
#13320 = FACE_BOUND('',#13321,.T.);
#13321 = EDGE_LOOP('',(#13322,#13330,#13331,#13332));
#13322 = ORIENTED_EDGE('',*,*,#13323,.T.);
#13323 = EDGE_CURVE('',#13324,#12831,#13326,.T.);
#13324 = VERTEX_POINT('',#13325);
#13325 = CARTESIAN_POINT('',(1.25,2.,2.5));
#13326 = LINE('',#13327,#13328);
#13327 = CARTESIAN_POINT('',(1.25,2.,2.5));
#13328 = VECTOR('',#13329,1.);
#13329 = DIRECTION('',(0.,-1.,0.));
#13330 = ORIENTED_EDGE('',*,*,#12838,.T.);
#13331 = ORIENTED_EDGE('',*,*,#13299,.F.);
#13332 = ORIENTED_EDGE('',*,*,#13333,.F.);
#13333 = EDGE_CURVE('',#13324,#13300,#13334,.T.);
#13334 = LINE('',#13335,#13336);
#13335 = CARTESIAN_POINT('',(1.25,2.,2.5));
#13336 = VECTOR('',#13337,1.);
#13337 = DIRECTION('',(0.,0.,1.));
#13338 = PLANE('',#13339);
#13339 = AXIS2_PLACEMENT_3D('',#13340,#13341,#13342);
#13340 = CARTESIAN_POINT('',(1.25,2.,2.5));
#13341 = DIRECTION('',(-1.,0.,0.));
#13342 = DIRECTION('',(0.,0.,1.));
#13343 = ADVANCED_FACE('',(#13344),#13355,.T.);
#13344 = FACE_BOUND('',#13345,.T.);
#13345 = EDGE_LOOP('',(#13346,#13347,#13348,#13349));
#13346 = ORIENTED_EDGE('',*,*,#13277,.T.);
#13347 = ORIENTED_EDGE('',*,*,#12830,.T.);
#13348 = ORIENTED_EDGE('',*,*,#13323,.F.);
#13349 = ORIENTED_EDGE('',*,*,#13350,.F.);
#13350 = EDGE_CURVE('',#13278,#13324,#13351,.T.);
#13351 = LINE('',#13352,#13353);
#13352 = CARTESIAN_POINT('',(-1.25,2.,2.5));
#13353 = VECTOR('',#13354,1.);
#13354 = DIRECTION('',(1.,0.,0.));
#13355 = PLANE('',#13356);
#13356 = AXIS2_PLACEMENT_3D('',#13357,#13358,#13359);
#13357 = CARTESIAN_POINT('',(-1.25,2.,2.5));
#13358 = DIRECTION('',(-0.,0.,1.));
#13359 = DIRECTION('',(1.,0.,0.));
#13360 = ADVANCED_FACE('',(#13361),#13371,.T.);
#13361 = FACE_BOUND('',#13362,.T.);
#13362 = EDGE_LOOP('',(#13363,#13364,#13365));
#13363 = ORIENTED_EDGE('',*,*,#12885,.T.);
#13364 = ORIENTED_EDGE('',*,*,#12955,.T.);
#13365 = ORIENTED_EDGE('',*,*,#13366,.F.);
#13366 = EDGE_CURVE('',#12886,#12948,#13367,.T.);
#13367 = LINE('',#13368,#13369);
#13368 = CARTESIAN_POINT('',(5.35,-2.2,13.6));
#13369 = VECTOR('',#13370,1.);
#13370 = DIRECTION('',(0.,1.,0.));
#13371 = PLANE('',#13372);
#13372 = AXIS2_PLACEMENT_3D('',#13373,#13374,#13375);
#13373 = CARTESIAN_POINT('',(5.,-0.2,13.6));
#13374 = DIRECTION('',(0.,0.,1.));
#13375 = DIRECTION('',(1.,0.,-0.));
#13376 = ADVANCED_FACE('',(#13377),#13388,.F.);
#13377 = FACE_BOUND('',#13378,.F.);
#13378 = EDGE_LOOP('',(#13379,#13380,#13381,#13387));
#13379 = ORIENTED_EDGE('',*,*,#13366,.F.);
#13380 = ORIENTED_EDGE('',*,*,#12896,.T.);
#13381 = ORIENTED_EDGE('',*,*,#13382,.T.);
#13382 = EDGE_CURVE('',#12897,#12939,#13383,.T.);
#13383 = LINE('',#13384,#13385);
#13384 = CARTESIAN_POINT('',(5.35,-2.2,12.9));
#13385 = VECTOR('',#13386,1.);
#13386 = DIRECTION('',(0.,1.,0.));
#13387 = ORIENTED_EDGE('',*,*,#12947,.F.);
#13388 = PLANE('',#13389);
#13389 = AXIS2_PLACEMENT_3D('',#13390,#13391,#13392);
#13390 = CARTESIAN_POINT('',(5.35,-2.2,13.6));
#13391 = DIRECTION('',(1.,0.,0.));
#13392 = DIRECTION('',(-0.,1.,0.));
#13393 = ADVANCED_FACE('',(#13394),#13405,.T.);
#13394 = FACE_BOUND('',#13395,.T.);
#13395 = EDGE_LOOP('',(#13396,#13402,#13403,#13404));
#13396 = ORIENTED_EDGE('',*,*,#13397,.T.);
#13397 = EDGE_CURVE('',#12931,#12905,#13398,.T.);
#13398 = LINE('',#13399,#13400);
#13399 = CARTESIAN_POINT('',(4.65,1.8,12.9));
#13400 = VECTOR('',#13401,1.);
#13401 = DIRECTION('',(0.,-1.,0.));
#13402 = ORIENTED_EDGE('',*,*,#12904,.F.);
#13403 = ORIENTED_EDGE('',*,*,#13382,.T.);
#13404 = ORIENTED_EDGE('',*,*,#12938,.F.);
#13405 = PLANE('',#13406);
#13406 = AXIS2_PLACEMENT_3D('',#13407,#13408,#13409);
#13407 = CARTESIAN_POINT('',(5.,-0.2,12.9));
#13408 = DIRECTION('',(0.,0.,1.));
#13409 = DIRECTION('',(1.,0.,-0.));
#13410 = ADVANCED_FACE('',(#13411),#13422,.F.);
#13411 = FACE_BOUND('',#13412,.F.);
#13412 = EDGE_LOOP('',(#13413,#13419,#13420,#13421));
#13413 = ORIENTED_EDGE('',*,*,#13414,.F.);
#13414 = EDGE_CURVE('',#12922,#12914,#13415,.T.);
#13415 = LINE('',#13416,#13417);
#13416 = CARTESIAN_POINT('',(4.65,1.8,13.6));
#13417 = VECTOR('',#13418,1.);
#13418 = DIRECTION('',(0.,-1.,0.));
#13419 = ORIENTED_EDGE('',*,*,#12930,.T.);
#13420 = ORIENTED_EDGE('',*,*,#13397,.T.);
#13421 = ORIENTED_EDGE('',*,*,#12913,.F.);
#13422 = PLANE('',#13423);
#13423 = AXIS2_PLACEMENT_3D('',#13424,#13425,#13426);
#13424 = CARTESIAN_POINT('',(4.65,1.8,13.6));
#13425 = DIRECTION('',(-1.,0.,0.));
#13426 = DIRECTION('',(0.,-1.,0.));
#13427 = ADVANCED_FACE('',(#13428),#13432,.T.);
#13428 = FACE_BOUND('',#13429,.T.);
#13429 = EDGE_LOOP('',(#13430,#13431));
#13430 = ORIENTED_EDGE('',*,*,#13414,.F.);
#13431 = ORIENTED_EDGE('',*,*,#12921,.T.);
#13432 = PLANE('',#13433);
#13433 = AXIS2_PLACEMENT_3D('',#13434,#13435,#13436);
#13434 = CARTESIAN_POINT('',(5.,-0.2,13.6));
#13435 = DIRECTION('',(0.,0.,1.));
#13436 = DIRECTION('',(1.,0.,-0.));
#13437 = ADVANCED_FACE('',(#13438),#13448,.T.);
#13438 = FACE_BOUND('',#13439,.T.);
#13439 = EDGE_LOOP('',(#13440,#13441,#13442));
#13440 = ORIENTED_EDGE('',*,*,#13031,.T.);
#13441 = ORIENTED_EDGE('',*,*,#13101,.T.);
#13442 = ORIENTED_EDGE('',*,*,#13443,.F.);
#13443 = EDGE_CURVE('',#13032,#13094,#13444,.T.);
#13444 = LINE('',#13445,#13446);
#13445 = CARTESIAN_POINT('',(0.35,-2.2,13.6));
#13446 = VECTOR('',#13447,1.);
#13447 = DIRECTION('',(0.,1.,0.));
#13448 = PLANE('',#13449);
#13449 = AXIS2_PLACEMENT_3D('',#13450,#13451,#13452);
#13450 = CARTESIAN_POINT('',(-1.799263332289E-16,-0.2,13.6));
#13451 = DIRECTION('',(0.,0.,1.));
#13452 = DIRECTION('',(1.,0.,-0.));
#13453 = ADVANCED_FACE('',(#13454),#13465,.F.);
#13454 = FACE_BOUND('',#13455,.F.);
#13455 = EDGE_LOOP('',(#13456,#13457,#13458,#13464));
#13456 = ORIENTED_EDGE('',*,*,#13443,.F.);
#13457 = ORIENTED_EDGE('',*,*,#13042,.T.);
#13458 = ORIENTED_EDGE('',*,*,#13459,.T.);
#13459 = EDGE_CURVE('',#13043,#13085,#13460,.T.);
#13460 = LINE('',#13461,#13462);
#13461 = CARTESIAN_POINT('',(0.35,-2.2,12.9));
#13462 = VECTOR('',#13463,1.);
#13463 = DIRECTION('',(0.,1.,0.));
#13464 = ORIENTED_EDGE('',*,*,#13093,.F.);
#13465 = PLANE('',#13466);
#13466 = AXIS2_PLACEMENT_3D('',#13467,#13468,#13469);
#13467 = CARTESIAN_POINT('',(0.35,-2.2,13.6));
#13468 = DIRECTION('',(1.,0.,0.));
#13469 = DIRECTION('',(-0.,1.,0.));
#13470 = ADVANCED_FACE('',(#13471),#13482,.T.);
#13471 = FACE_BOUND('',#13472,.T.);
#13472 = EDGE_LOOP('',(#13473,#13479,#13480,#13481));
#13473 = ORIENTED_EDGE('',*,*,#13474,.T.);
#13474 = EDGE_CURVE('',#13077,#13051,#13475,.T.);
#13475 = LINE('',#13476,#13477);
#13476 = CARTESIAN_POINT('',(-0.35,1.8,12.9));
#13477 = VECTOR('',#13478,1.);
#13478 = DIRECTION('',(0.,-1.,0.));
#13479 = ORIENTED_EDGE('',*,*,#13050,.F.);
#13480 = ORIENTED_EDGE('',*,*,#13459,.T.);
#13481 = ORIENTED_EDGE('',*,*,#13084,.F.);
#13482 = PLANE('',#13483);
#13483 = AXIS2_PLACEMENT_3D('',#13484,#13485,#13486);
#13484 = CARTESIAN_POINT('',(0.,-0.2,12.9));
#13485 = DIRECTION('',(0.,0.,1.));
#13486 = DIRECTION('',(1.,0.,-0.));
#13487 = ADVANCED_FACE('',(#13488),#13499,.F.);
#13488 = FACE_BOUND('',#13489,.F.);
#13489 = EDGE_LOOP('',(#13490,#13496,#13497,#13498));
#13490 = ORIENTED_EDGE('',*,*,#13491,.F.);
#13491 = EDGE_CURVE('',#13068,#13060,#13492,.T.);
#13492 = LINE('',#13493,#13494);
#13493 = CARTESIAN_POINT('',(-0.35,1.8,13.6));
#13494 = VECTOR('',#13495,1.);
#13495 = DIRECTION('',(0.,-1.,0.));
#13496 = ORIENTED_EDGE('',*,*,#13076,.T.);
#13497 = ORIENTED_EDGE('',*,*,#13474,.T.);
#13498 = ORIENTED_EDGE('',*,*,#13059,.F.);
#13499 = PLANE('',#13500);
#13500 = AXIS2_PLACEMENT_3D('',#13501,#13502,#13503);
#13501 = CARTESIAN_POINT('',(-0.35,1.8,13.6));
#13502 = DIRECTION('',(-1.,0.,0.));
#13503 = DIRECTION('',(0.,-1.,0.));
#13504 = ADVANCED_FACE('',(#13505),#13509,.T.);
#13505 = FACE_BOUND('',#13506,.T.);
#13506 = EDGE_LOOP('',(#13507,#13508));
#13507 = ORIENTED_EDGE('',*,*,#13491,.F.);
#13508 = ORIENTED_EDGE('',*,*,#13067,.T.);
#13509 = PLANE('',#13510);
#13510 = AXIS2_PLACEMENT_3D('',#13511,#13512,#13513);
#13511 = CARTESIAN_POINT('',(-1.799263332289E-16,-0.2,13.6));
#13512 = DIRECTION('',(0.,0.,1.));
#13513 = DIRECTION('',(1.,0.,-0.));
#13514 = ADVANCED_FACE('',(#13515),#13521,.T.);
#13515 = FACE_BOUND('',#13516,.T.);
#13516 = EDGE_LOOP('',(#13517,#13518,#13519,#13520));
#13517 = ORIENTED_EDGE('',*,*,#13203,.T.);
#13518 = ORIENTED_EDGE('',*,*,#13179,.T.);
#13519 = ORIENTED_EDGE('',*,*,#13244,.T.);
#13520 = ORIENTED_EDGE('',*,*,#13227,.T.);
#13521 = PLANE('',#13522);
#13522 = AXIS2_PLACEMENT_3D('',#13523,#13524,#13525);
#13523 = CARTESIAN_POINT('',(5.,2.,3.75));
#13524 = DIRECTION('',(-0.,-1.,-0.));
#13525 = DIRECTION('',(0.,0.,-1.));
#13526 = ADVANCED_FACE('',(#13527),#13533,.T.);
#13527 = FACE_BOUND('',#13528,.T.);
#13528 = EDGE_LOOP('',(#13529,#13530,#13531,#13532));
#13529 = ORIENTED_EDGE('',*,*,#13309,.T.);
#13530 = ORIENTED_EDGE('',*,*,#13285,.T.);
#13531 = ORIENTED_EDGE('',*,*,#13350,.T.);
#13532 = ORIENTED_EDGE('',*,*,#13333,.T.);
#13533 = PLANE('',#13534);
#13534 = AXIS2_PLACEMENT_3D('',#13535,#13536,#13537);
#13535 = CARTESIAN_POINT('',(4.440892098501E-16,2.,3.75));
#13536 = DIRECTION('',(-0.,-1.,-0.));
#13537 = DIRECTION('',(0.,0.,-1.));
#13538 = ( GEOMETRIC_REPRESENTATION_CONTEXT(3) 
GLOBAL_UNCERTAINTY_ASSIGNED_CONTEXT((#13542)) 
GLOBAL_UNIT_ASSIGNED_CONTEXT((#13539,#13540,#13541)) 
REPRESENTATION_CONTEXT('Context #1',
  '3D Context with UNIT and UNCERTAINTY') );
#13539 = ( LENGTH_UNIT() NAMED_UNIT(*) SI_UNIT(.MILLI.,.METRE.) );
#13540 = ( NAMED_UNIT(*) PLANE_ANGLE_UNIT() SI_UNIT($,.RADIAN.) );
#13541 = ( NAMED_UNIT(*) SI_UNIT($,.STERADIAN.) SOLID_ANGLE_UNIT() );
#13542 = UNCERTAINTY_MEASURE_WITH_UNIT(LENGTH_MEASURE(1.E-07),#13539,
  'distance_accuracy_value','confusion accuracy');
#13543 = CONTEXT_DEPENDENT_SHAPE_REPRESENTATION(#13544,#13546);
#13544 = ( REPRESENTATION_RELATIONSHIP('','',#10916,#10893) 
REPRESENTATION_RELATIONSHIP_WITH_TRANSFORMATION(#13545) 
SHAPE_REPRESENTATION_RELATIONSHIP() );
#13545 = ITEM_DEFINED_TRANSFORMATION('','',#11,#10894);
#13546 = PRODUCT_DEFINITION_SHAPE('Placement','Placement of an item',
  #13547);
#13547 = NEXT_ASSEMBLY_USAGE_OCCURRENCE('36','=>[0:1:1:11]','',#10888,
  #10911,$);
#13548 = PRODUCT_RELATED_PRODUCT_CATEGORY('part',$,(#10913));
#13549 = SHAPE_DEFINITION_REPRESENTATION(#13550,#13556);
#13550 = PRODUCT_DEFINITION_SHAPE('','',#13551);
#13551 = PRODUCT_DEFINITION('design','',#13552,#13555);
#13552 = PRODUCT_DEFINITION_FORMATION('','',#13553);
#13553 = PRODUCT('LED_D3.0mm','LED_D3.0mm','',(#13554));
#13554 = PRODUCT_CONTEXT('',#2,'mechanical');
#13555 = PRODUCT_DEFINITION_CONTEXT('part definition',#2,'design');
#13556 = SHAPE_REPRESENTATION('',(#11,#13557),#13561);
#13557 = AXIS2_PLACEMENT_3D('',#13558,#13559,#13560);
#13558 = CARTESIAN_POINT('',(0.,0.,0.));
#13559 = DIRECTION('',(0.,0.,1.));
#13560 = DIRECTION('',(1.,0.,-0.));
#13561 = ( GEOMETRIC_REPRESENTATION_CONTEXT(3) 
GLOBAL_UNCERTAINTY_ASSIGNED_CONTEXT((#13565)) 
GLOBAL_UNIT_ASSIGNED_CONTEXT((#13562,#13563,#13564)) 
REPRESENTATION_CONTEXT('Context #1',
  '3D Context with UNIT and UNCERTAINTY') );
#13562 = ( LENGTH_UNIT() NAMED_UNIT(*) SI_UNIT(.MILLI.,.METRE.) );
#13563 = ( NAMED_UNIT(*) PLANE_ANGLE_UNIT() SI_UNIT($,.RADIAN.) );
#13564 = ( NAMED_UNIT(*) SI_UNIT($,.STERADIAN.) SOLID_ANGLE_UNIT() );
#13565 = UNCERTAINTY_MEASURE_WITH_UNIT(LENGTH_MEASURE(1.E-07),#13562,
  'distance_accuracy_value','confusion accuracy');
#13566 = CONTEXT_DEPENDENT_SHAPE_REPRESENTATION(#13567,#13569);
#13567 = ( REPRESENTATION_RELATIONSHIP('','',#13556,#10) 
REPRESENTATION_RELATIONSHIP_WITH_TRANSFORMATION(#13568) 
SHAPE_REPRESENTATION_RELATIONSHIP() );
#13568 = ITEM_DEFINED_TRANSFORMATION('','',#11,#143);
#13569 = PRODUCT_DEFINITION_SHAPE('Placement','Placement of an item',
  #13570);
#13570 = NEXT_ASSEMBLY_USAGE_OCCURRENCE('39','D1','',#5,#13551,$);
#13571 = PRODUCT_RELATED_PRODUCT_CATEGORY('part',$,(#13553));
#13572 = SHAPE_DEFINITION_REPRESENTATION(#13573,#13579);
#13573 = PRODUCT_DEFINITION_SHAPE('','',#13574);
#13574 = PRODUCT_DEFINITION('design','',#13575,#13578);
#13575 = PRODUCT_DEFINITION_FORMATION('','',#13576);
#13576 = PRODUCT('LED_D3.0mm','LED_D3.0mm','',(#13577));
#13577 = PRODUCT_CONTEXT('',#2,'mechanical');
#13578 = PRODUCT_DEFINITION_CONTEXT('part definition',#2,'design');
#13579 = ADVANCED_BREP_SHAPE_REPRESENTATION('',(#11,#13580),#14043);
#13580 = MANIFOLD_SOLID_BREP('',#13581);
#13581 = CLOSED_SHELL('',(#13582,#13609,#13654,#13698,#13730,#13749,
    #13827,#13858,#13882,#13906,#13923,#13954,#13978,#14002,#14019,
    #14031));
#13582 = ADVANCED_FACE('',(#13583),#13604,.T.);
#13583 = FACE_BOUND('',#13584,.T.);
#13584 = EDGE_LOOP('',(#13585,#13596,#13597));
#13585 = ORIENTED_EDGE('',*,*,#13586,.T.);
#13586 = EDGE_CURVE('',#13587,#13589,#13591,.T.);
#13587 = VERTEX_POINT('',#13588);
#13588 = CARTESIAN_POINT('',(2.77,-1.50990331349E-15,6.8));
#13589 = VERTEX_POINT('',#13590);
#13590 = CARTESIAN_POINT('',(1.27,-1.842970220878E-15,8.3));
#13591 = CIRCLE('',#13592,1.5);
#13592 = AXIS2_PLACEMENT_3D('',#13593,#13594,#13595);
#13593 = CARTESIAN_POINT('',(1.27,-1.50990331349E-15,6.8));
#13594 = DIRECTION('',(0.,-1.,-2.22044604925E-16));
#13595 = DIRECTION('',(1.,0.,0.));
#13596 = ORIENTED_EDGE('',*,*,#13586,.F.);
#13597 = ORIENTED_EDGE('',*,*,#13598,.F.);
#13598 = EDGE_CURVE('',#13587,#13587,#13599,.T.);
#13599 = CIRCLE('',#13600,1.5);
#13600 = AXIS2_PLACEMENT_3D('',#13601,#13602,#13603);
#13601 = CARTESIAN_POINT('',(1.27,-1.50990331349E-15,6.8));
#13602 = DIRECTION('',(0.,2.22044604925E-16,-1.));
#13603 = DIRECTION('',(1.,0.,0.));
#13604 = SPHERICAL_SURFACE('',#13605,1.5);
#13605 = AXIS2_PLACEMENT_3D('',#13606,#13607,#13608);
#13606 = CARTESIAN_POINT('',(1.27,-1.50990331349E-15,6.8));
#13607 = DIRECTION('',(0.,-2.22044604925E-16,1.));
#13608 = DIRECTION('',(1.,0.,0.));
#13609 = ADVANCED_FACE('',(#13610),#13649,.T.);
#13610 = FACE_BOUND('',#13611,.T.);
#13611 = EDGE_LOOP('',(#13612,#13620,#13621,#13622,#13631,#13640));
#13612 = ORIENTED_EDGE('',*,*,#13613,.F.);
#13613 = EDGE_CURVE('',#13587,#13614,#13616,.T.);
#13614 = VERTEX_POINT('',#13615);
#13615 = CARTESIAN_POINT('',(2.77,-8.881784197001E-16,4.));
#13616 = LINE('',#13617,#13618);
#13617 = CARTESIAN_POINT('',(2.77,-1.50990331349E-15,6.8));
#13618 = VECTOR('',#13619,1.);
#13619 = DIRECTION('',(0.,2.22044604925E-16,-1.));
#13620 = ORIENTED_EDGE('',*,*,#13598,.T.);
#13621 = ORIENTED_EDGE('',*,*,#13613,.T.);
#13622 = ORIENTED_EDGE('',*,*,#13623,.F.);
#13623 = EDGE_CURVE('',#13624,#13614,#13626,.T.);
#13624 = VERTEX_POINT('',#13625);
#13625 = CARTESIAN_POINT('',(-0.23,-1.091049232099E-15,4.));
#13626 = CIRCLE('',#13627,1.5);
#13627 = AXIS2_PLACEMENT_3D('',#13628,#13629,#13630);
#13628 = CARTESIAN_POINT('',(1.27,-8.881784197001E-16,4.));
#13629 = DIRECTION('',(0.,2.22044604925E-16,-1.));
#13630 = DIRECTION('',(1.,0.,0.));
#13631 = ORIENTED_EDGE('',*,*,#13632,.F.);
#13632 = EDGE_CURVE('',#13633,#13624,#13635,.T.);
#13633 = VERTEX_POINT('',#13634);
#13634 = CARTESIAN_POINT('',(-0.23,-7.823615514024E-09,4.));
#13635 = CIRCLE('',#13636,1.5);
#13636 = AXIS2_PLACEMENT_3D('',#13637,#13638,#13639);
#13637 = CARTESIAN_POINT('',(1.27,-8.881784197001E-16,4.));
#13638 = DIRECTION('',(0.,2.22044604925E-16,-1.));
#13639 = DIRECTION('',(1.,0.,0.));
#13640 = ORIENTED_EDGE('',*,*,#13641,.F.);
#13641 = EDGE_CURVE('',#13614,#13642,#13644,.T.);
#13642 = VERTEX_POINT('',#13643);
#13643 = CARTESIAN_POINT('',(-0.23,-7.823615514024E-09,4.));
#13644 = CIRCLE('',#13645,1.5);
#13645 = AXIS2_PLACEMENT_3D('',#13646,#13647,#13648);
#13646 = CARTESIAN_POINT('',(1.27,-8.881784197001E-16,4.));
#13647 = DIRECTION('',(0.,2.22044604925E-16,-1.));
#13648 = DIRECTION('',(1.,0.,0.));
#13649 = CYLINDRICAL_SURFACE('',#13650,1.5);
#13650 = AXIS2_PLACEMENT_3D('',#13651,#13652,#13653);
#13651 = CARTESIAN_POINT('',(1.27,-1.50990331349E-15,6.8));
#13652 = DIRECTION('',(0.,2.22044604925E-16,-1.));
#13653 = DIRECTION('',(1.,0.,0.));
#13654 = ADVANCED_FACE('',(#13655,#13688),#13693,.F.);
#13655 = FACE_BOUND('',#13656,.F.);
#13656 = EDGE_LOOP('',(#13657,#13668,#13674,#13682));
#13657 = ORIENTED_EDGE('',*,*,#13658,.F.);
#13658 = EDGE_CURVE('',#13659,#13661,#13663,.T.);
#13659 = VERTEX_POINT('',#13660);
#13660 = CARTESIAN_POINT('',(-0.23,-1.16619037897,4.));
#13661 = VERTEX_POINT('',#13662);
#13662 = CARTESIAN_POINT('',(-0.23,1.16619037897,4.));
#13663 = CIRCLE('',#13664,1.9);
#13664 = AXIS2_PLACEMENT_3D('',#13665,#13666,#13667);
#13665 = CARTESIAN_POINT('',(1.27,0.,4.));
#13666 = DIRECTION('',(0.,0.,1.));
#13667 = DIRECTION('',(1.,0.,-0.));
#13668 = ORIENTED_EDGE('',*,*,#13669,.T.);
#13669 = EDGE_CURVE('',#13659,#13633,#13670,.T.);
#13670 = LINE('',#13671,#13672);
#13671 = CARTESIAN_POINT('',(-0.23,-1.16619037897,4.));
#13672 = VECTOR('',#13673,1.);
#13673 = DIRECTION('',(0.,1.,0.));
#13674 = ORIENTED_EDGE('',*,*,#13675,.T.);
#13675 = EDGE_CURVE('',#13633,#13676,#13678,.T.);
#13676 = VERTEX_POINT('',#13677);
#13677 = CARTESIAN_POINT('',(-0.23,-1.091049232099E-15,4.));
#13678 = LINE('',#13679,#13680);
#13679 = CARTESIAN_POINT('',(-0.23,-1.16619037897,4.));
#13680 = VECTOR('',#13681,1.);
#13681 = DIRECTION('',(0.,1.,0.));
#13682 = ORIENTED_EDGE('',*,*,#13683,.T.);
#13683 = EDGE_CURVE('',#13676,#13661,#13684,.T.);
#13684 = LINE('',#13685,#13686);
#13685 = CARTESIAN_POINT('',(-0.23,-1.16619037897,4.));
#13686 = VECTOR('',#13687,1.);
#13687 = DIRECTION('',(0.,1.,0.));
#13688 = FACE_BOUND('',#13689,.F.);
#13689 = EDGE_LOOP('',(#13690,#13691,#13692));
#13690 = ORIENTED_EDGE('',*,*,#13623,.F.);
#13691 = ORIENTED_EDGE('',*,*,#13632,.F.);
#13692 = ORIENTED_EDGE('',*,*,#13641,.F.);
#13693 = PLANE('',#13694);
#13694 = AXIS2_PLACEMENT_3D('',#13695,#13696,#13697);
#13695 = CARTESIAN_POINT('',(-0.23,-1.166190378969,4.));
#13696 = DIRECTION('',(0.,0.,-1.));
#13697 = DIRECTION('',(-1.,0.,0.));
#13698 = ADVANCED_FACE('',(#13699),#13725,.T.);
#13699 = FACE_BOUND('',#13700,.T.);
#13700 = EDGE_LOOP('',(#13701,#13712,#13718,#13719));
#13701 = ORIENTED_EDGE('',*,*,#13702,.T.);
#13702 = EDGE_CURVE('',#13703,#13705,#13707,.T.);
#13703 = VERTEX_POINT('',#13704);
#13704 = CARTESIAN_POINT('',(-0.23,-1.16619037897,3.));
#13705 = VERTEX_POINT('',#13706);
#13706 = CARTESIAN_POINT('',(-0.23,1.16619037897,3.));
#13707 = CIRCLE('',#13708,1.9);
#13708 = AXIS2_PLACEMENT_3D('',#13709,#13710,#13711);
#13709 = CARTESIAN_POINT('',(1.27,0.,3.));
#13710 = DIRECTION('',(0.,0.,1.));
#13711 = DIRECTION('',(1.,0.,-0.));
#13712 = ORIENTED_EDGE('',*,*,#13713,.T.);
#13713 = EDGE_CURVE('',#13705,#13661,#13714,.T.);
#13714 = LINE('',#13715,#13716);
#13715 = CARTESIAN_POINT('',(-0.23,1.16619037897,3.));
#13716 = VECTOR('',#13717,1.);
#13717 = DIRECTION('',(0.,0.,1.));
#13718 = ORIENTED_EDGE('',*,*,#13658,.F.);
#13719 = ORIENTED_EDGE('',*,*,#13720,.F.);
#13720 = EDGE_CURVE('',#13703,#13659,#13721,.T.);
#13721 = LINE('',#13722,#13723);
#13722 = CARTESIAN_POINT('',(-0.23,-1.16619037897,3.));
#13723 = VECTOR('',#13724,1.);
#13724 = DIRECTION('',(0.,0.,1.));
#13725 = CYLINDRICAL_SURFACE('',#13726,1.9);
#13726 = AXIS2_PLACEMENT_3D('',#13727,#13728,#13729);
#13727 = CARTESIAN_POINT('',(1.27,0.,3.));
#13728 = DIRECTION('',(-0.,-0.,-1.));
#13729 = DIRECTION('',(1.,0.,0.));
#13730 = ADVANCED_FACE('',(#13731),#13744,.T.);
#13731 = FACE_BOUND('',#13732,.T.);
#13732 = EDGE_LOOP('',(#13733,#13734,#13735,#13736,#13737,#13738));
#13733 = ORIENTED_EDGE('',*,*,#13720,.T.);
#13734 = ORIENTED_EDGE('',*,*,#13669,.T.);
#13735 = ORIENTED_EDGE('',*,*,#13675,.T.);
#13736 = ORIENTED_EDGE('',*,*,#13683,.T.);
#13737 = ORIENTED_EDGE('',*,*,#13713,.F.);
#13738 = ORIENTED_EDGE('',*,*,#13739,.F.);
#13739 = EDGE_CURVE('',#13703,#13705,#13740,.T.);
#13740 = LINE('',#13741,#13742);
#13741 = CARTESIAN_POINT('',(-0.23,-1.16619037897,3.));
#13742 = VECTOR('',#13743,1.);
#13743 = DIRECTION('',(0.,1.,0.));
#13744 = PLANE('',#13745);
#13745 = AXIS2_PLACEMENT_3D('',#13746,#13747,#13748);
#13746 = CARTESIAN_POINT('',(-0.23,-1.16619037897,3.));
#13747 = DIRECTION('',(-1.,0.,0.));
#13748 = DIRECTION('',(0.,1.,0.));
#13749 = ADVANCED_FACE('',(#13750,#13754,#13788),#13822,.T.);
#13750 = FACE_BOUND('',#13751,.T.);
#13751 = EDGE_LOOP('',(#13752,#13753));
#13752 = ORIENTED_EDGE('',*,*,#13702,.F.);
#13753 = ORIENTED_EDGE('',*,*,#13739,.T.);
#13754 = FACE_BOUND('',#13755,.T.);
#13755 = EDGE_LOOP('',(#13756,#13766,#13774,#13782));
#13756 = ORIENTED_EDGE('',*,*,#13757,.T.);
#13757 = EDGE_CURVE('',#13758,#13760,#13762,.T.);
#13758 = VERTEX_POINT('',#13759);
#13759 = CARTESIAN_POINT('',(0.2,-0.2,3.));
#13760 = VERTEX_POINT('',#13761);
#13761 = CARTESIAN_POINT('',(0.2,0.2,3.));
#13762 = LINE('',#13763,#13764);
#13763 = CARTESIAN_POINT('',(0.2,-0.483095189485,3.));
#13764 = VECTOR('',#13765,1.);
#13765 = DIRECTION('',(0.,1.,0.));
#13766 = ORIENTED_EDGE('',*,*,#13767,.T.);
#13767 = EDGE_CURVE('',#13760,#13768,#13770,.T.);
#13768 = VERTEX_POINT('',#13769);
#13769 = CARTESIAN_POINT('',(-0.2,0.2,3.));
#13770 = LINE('',#13771,#13772);
#13771 = CARTESIAN_POINT('',(-0.215,0.2,3.));
#13772 = VECTOR('',#13773,1.);
#13773 = DIRECTION('',(-1.,-0.,-0.));
#13774 = ORIENTED_EDGE('',*,*,#13775,.T.);
#13775 = EDGE_CURVE('',#13768,#13776,#13778,.T.);
#13776 = VERTEX_POINT('',#13777);
#13777 = CARTESIAN_POINT('',(-0.2,-0.2,3.));
#13778 = LINE('',#13779,#13780);
#13779 = CARTESIAN_POINT('',(-0.2,-0.683095189485,3.));
#13780 = VECTOR('',#13781,1.);
#13781 = DIRECTION('',(0.,-1.,0.));
#13782 = ORIENTED_EDGE('',*,*,#13783,.T.);
#13783 = EDGE_CURVE('',#13776,#13758,#13784,.T.);
#13784 = LINE('',#13785,#13786);
#13785 = CARTESIAN_POINT('',(-1.499999999986E-02,-0.2,3.));
#13786 = VECTOR('',#13787,1.);
#13787 = DIRECTION('',(1.,0.,0.));
#13788 = FACE_BOUND('',#13789,.T.);
#13789 = EDGE_LOOP('',(#13790,#13800,#13808,#13816));
#13790 = ORIENTED_EDGE('',*,*,#13791,.T.);
#13791 = EDGE_CURVE('',#13792,#13794,#13796,.T.);
#13792 = VERTEX_POINT('',#13793);
#13793 = CARTESIAN_POINT('',(2.74,0.2,3.));
#13794 = VERTEX_POINT('',#13795);
#13795 = CARTESIAN_POINT('',(2.34,0.2,3.));
#13796 = LINE('',#13797,#13798);
#13797 = CARTESIAN_POINT('',(1.055,0.2,3.));
#13798 = VECTOR('',#13799,1.);
#13799 = DIRECTION('',(-1.,-0.,-0.));
#13800 = ORIENTED_EDGE('',*,*,#13801,.T.);
#13801 = EDGE_CURVE('',#13794,#13802,#13804,.T.);
#13802 = VERTEX_POINT('',#13803);
#13803 = CARTESIAN_POINT('',(2.34,-0.2,3.));
#13804 = LINE('',#13805,#13806);
#13805 = CARTESIAN_POINT('',(2.34,-0.683095189485,3.));
#13806 = VECTOR('',#13807,1.);
#13807 = DIRECTION('',(0.,-1.,0.));
#13808 = ORIENTED_EDGE('',*,*,#13809,.T.);
#13809 = EDGE_CURVE('',#13802,#13810,#13812,.T.);
#13810 = VERTEX_POINT('',#13811);
#13811 = CARTESIAN_POINT('',(2.74,-0.2,3.));
#13812 = LINE('',#13813,#13814);
#13813 = CARTESIAN_POINT('',(1.255,-0.2,3.));
#13814 = VECTOR('',#13815,1.);
#13815 = DIRECTION('',(1.,0.,0.));
#13816 = ORIENTED_EDGE('',*,*,#13817,.T.);
#13817 = EDGE_CURVE('',#13810,#13792,#13818,.T.);
#13818 = LINE('',#13819,#13820);
#13819 = CARTESIAN_POINT('',(2.74,-0.483095189485,3.));
#13820 = VECTOR('',#13821,1.);
#13821 = DIRECTION('',(0.,1.,0.));
#13822 = PLANE('',#13823);
#13823 = AXIS2_PLACEMENT_3D('',#13824,#13825,#13826);
#13824 = CARTESIAN_POINT('',(-0.23,-1.166190378969,3.));
#13825 = DIRECTION('',(0.,0.,-1.));
#13826 = DIRECTION('',(-1.,0.,0.));
#13827 = ADVANCED_FACE('',(#13828),#13853,.F.);
#13828 = FACE_BOUND('',#13829,.F.);
#13829 = EDGE_LOOP('',(#13830,#13831,#13839,#13847));
#13830 = ORIENTED_EDGE('',*,*,#13757,.T.);
#13831 = ORIENTED_EDGE('',*,*,#13832,.T.);
#13832 = EDGE_CURVE('',#13760,#13833,#13835,.T.);
#13833 = VERTEX_POINT('',#13834);
#13834 = CARTESIAN_POINT('',(0.2,0.2,-2.5));
#13835 = LINE('',#13836,#13837);
#13836 = CARTESIAN_POINT('',(0.2,0.2,3.5));
#13837 = VECTOR('',#13838,1.);
#13838 = DIRECTION('',(-0.,-0.,-1.));
#13839 = ORIENTED_EDGE('',*,*,#13840,.T.);
#13840 = EDGE_CURVE('',#13833,#13841,#13843,.T.);
#13841 = VERTEX_POINT('',#13842);
#13842 = CARTESIAN_POINT('',(0.2,-0.2,-2.5));
#13843 = LINE('',#13844,#13845);
#13844 = CARTESIAN_POINT('',(0.2,0.2,-2.5));
#13845 = VECTOR('',#13846,1.);
#13846 = DIRECTION('',(0.,-1.,0.));
#13847 = ORIENTED_EDGE('',*,*,#13848,.F.);
#13848 = EDGE_CURVE('',#13758,#13841,#13849,.T.);
#13849 = LINE('',#13850,#13851);
#13850 = CARTESIAN_POINT('',(0.2,-0.2,3.5));
#13851 = VECTOR('',#13852,1.);
#13852 = DIRECTION('',(-0.,-0.,-1.));
#13853 = PLANE('',#13854);
#13854 = AXIS2_PLACEMENT_3D('',#13855,#13856,#13857);
#13855 = CARTESIAN_POINT('',(0.2,0.2,3.5));
#13856 = DIRECTION('',(-1.,0.,0.));
#13857 = DIRECTION('',(0.,-1.,0.));
#13858 = ADVANCED_FACE('',(#13859),#13877,.F.);
#13859 = FACE_BOUND('',#13860,.F.);
#13860 = EDGE_LOOP('',(#13861,#13862,#13863,#13871));
#13861 = ORIENTED_EDGE('',*,*,#13783,.T.);
#13862 = ORIENTED_EDGE('',*,*,#13848,.T.);
#13863 = ORIENTED_EDGE('',*,*,#13864,.T.);
#13864 = EDGE_CURVE('',#13841,#13865,#13867,.T.);
#13865 = VERTEX_POINT('',#13866);
#13866 = CARTESIAN_POINT('',(-0.2,-0.2,-2.5));
#13867 = LINE('',#13868,#13869);
#13868 = CARTESIAN_POINT('',(0.2,-0.2,-2.5));
#13869 = VECTOR('',#13870,1.);
#13870 = DIRECTION('',(-1.,0.,0.));
#13871 = ORIENTED_EDGE('',*,*,#13872,.F.);
#13872 = EDGE_CURVE('',#13776,#13865,#13873,.T.);
#13873 = LINE('',#13874,#13875);
#13874 = CARTESIAN_POINT('',(-0.2,-0.2,3.5));
#13875 = VECTOR('',#13876,1.);
#13876 = DIRECTION('',(-0.,-0.,-1.));
#13877 = PLANE('',#13878);
#13878 = AXIS2_PLACEMENT_3D('',#13879,#13880,#13881);
#13879 = CARTESIAN_POINT('',(0.2,-0.2,3.5));
#13880 = DIRECTION('',(0.,1.,0.));
#13881 = DIRECTION('',(-1.,0.,0.));
#13882 = ADVANCED_FACE('',(#13883),#13901,.F.);
#13883 = FACE_BOUND('',#13884,.F.);
#13884 = EDGE_LOOP('',(#13885,#13886,#13887,#13895));
#13885 = ORIENTED_EDGE('',*,*,#13775,.T.);
#13886 = ORIENTED_EDGE('',*,*,#13872,.T.);
#13887 = ORIENTED_EDGE('',*,*,#13888,.T.);
#13888 = EDGE_CURVE('',#13865,#13889,#13891,.T.);
#13889 = VERTEX_POINT('',#13890);
#13890 = CARTESIAN_POINT('',(-0.2,0.2,-2.5));
#13891 = LINE('',#13892,#13893);
#13892 = CARTESIAN_POINT('',(-0.2,-0.2,-2.5));
#13893 = VECTOR('',#13894,1.);
#13894 = DIRECTION('',(0.,1.,0.));
#13895 = ORIENTED_EDGE('',*,*,#13896,.F.);
#13896 = EDGE_CURVE('',#13768,#13889,#13897,.T.);
#13897 = LINE('',#13898,#13899);
#13898 = CARTESIAN_POINT('',(-0.2,0.2,3.5));
#13899 = VECTOR('',#13900,1.);
#13900 = DIRECTION('',(-0.,-0.,-1.));
#13901 = PLANE('',#13902);
#13902 = AXIS2_PLACEMENT_3D('',#13903,#13904,#13905);
#13903 = CARTESIAN_POINT('',(-0.2,-0.2,3.5));
#13904 = DIRECTION('',(1.,0.,0.));
#13905 = DIRECTION('',(-0.,1.,0.));
#13906 = ADVANCED_FACE('',(#13907),#13918,.F.);
#13907 = FACE_BOUND('',#13908,.F.);
#13908 = EDGE_LOOP('',(#13909,#13910,#13911,#13917));
#13909 = ORIENTED_EDGE('',*,*,#13767,.T.);
#13910 = ORIENTED_EDGE('',*,*,#13896,.T.);
#13911 = ORIENTED_EDGE('',*,*,#13912,.T.);
#13912 = EDGE_CURVE('',#13889,#13833,#13913,.T.);
#13913 = LINE('',#13914,#13915);
#13914 = CARTESIAN_POINT('',(-0.2,0.2,-2.5));
#13915 = VECTOR('',#13916,1.);
#13916 = DIRECTION('',(1.,0.,0.));
#13917 = ORIENTED_EDGE('',*,*,#13832,.F.);
#13918 = PLANE('',#13919);
#13919 = AXIS2_PLACEMENT_3D('',#13920,#13921,#13922);
#13920 = CARTESIAN_POINT('',(-0.2,0.2,3.5));
#13921 = DIRECTION('',(0.,-1.,0.));
#13922 = DIRECTION('',(1.,0.,0.));
#13923 = ADVANCED_FACE('',(#13924),#13949,.F.);
#13924 = FACE_BOUND('',#13925,.F.);
#13925 = EDGE_LOOP('',(#13926,#13927,#13935,#13943));
#13926 = ORIENTED_EDGE('',*,*,#13791,.T.);
#13927 = ORIENTED_EDGE('',*,*,#13928,.T.);
#13928 = EDGE_CURVE('',#13794,#13929,#13931,.T.);
#13929 = VERTEX_POINT('',#13930);
#13930 = CARTESIAN_POINT('',(2.34,0.2,-2.5));
#13931 = LINE('',#13932,#13933);
#13932 = CARTESIAN_POINT('',(2.34,0.2,3.5));
#13933 = VECTOR('',#13934,1.);
#13934 = DIRECTION('',(-0.,-0.,-1.));
#13935 = ORIENTED_EDGE('',*,*,#13936,.T.);
#13936 = EDGE_CURVE('',#13929,#13937,#13939,.T.);
#13937 = VERTEX_POINT('',#13938);
#13938 = CARTESIAN_POINT('',(2.74,0.2,-2.5));
#13939 = LINE('',#13940,#13941);
#13940 = CARTESIAN_POINT('',(2.34,0.2,-2.5));
#13941 = VECTOR('',#13942,1.);
#13942 = DIRECTION('',(1.,0.,0.));
#13943 = ORIENTED_EDGE('',*,*,#13944,.F.);
#13944 = EDGE_CURVE('',#13792,#13937,#13945,.T.);
#13945 = LINE('',#13946,#13947);
#13946 = CARTESIAN_POINT('',(2.74,0.2,3.5));
#13947 = VECTOR('',#13948,1.);
#13948 = DIRECTION('',(-0.,-0.,-1.));
#13949 = PLANE('',#13950);
#13950 = AXIS2_PLACEMENT_3D('',#13951,#13952,#13953);
#13951 = CARTESIAN_POINT('',(2.34,0.2,3.5));
#13952 = DIRECTION('',(0.,-1.,0.));
#13953 = DIRECTION('',(1.,0.,0.));
#13954 = ADVANCED_FACE('',(#13955),#13973,.F.);
#13955 = FACE_BOUND('',#13956,.F.);
#13956 = EDGE_LOOP('',(#13957,#13958,#13959,#13967));
#13957 = ORIENTED_EDGE('',*,*,#13817,.T.);
#13958 = ORIENTED_EDGE('',*,*,#13944,.T.);
#13959 = ORIENTED_EDGE('',*,*,#13960,.T.);
#13960 = EDGE_CURVE('',#13937,#13961,#13963,.T.);
#13961 = VERTEX_POINT('',#13962);
#13962 = CARTESIAN_POINT('',(2.74,-0.2,-2.5));
#13963 = LINE('',#13964,#13965);
#13964 = CARTESIAN_POINT('',(2.74,0.2,-2.5));
#13965 = VECTOR('',#13966,1.);
#13966 = DIRECTION('',(0.,-1.,0.));
#13967 = ORIENTED_EDGE('',*,*,#13968,.F.);
#13968 = EDGE_CURVE('',#13810,#13961,#13969,.T.);
#13969 = LINE('',#13970,#13971);
#13970 = CARTESIAN_POINT('',(2.74,-0.2,3.5));
#13971 = VECTOR('',#13972,1.);
#13972 = DIRECTION('',(-0.,-0.,-1.));
#13973 = PLANE('',#13974);
#13974 = AXIS2_PLACEMENT_3D('',#13975,#13976,#13977);
#13975 = CARTESIAN_POINT('',(2.74,0.2,3.5));
#13976 = DIRECTION('',(-1.,0.,0.));
#13977 = DIRECTION('',(0.,-1.,0.));
#13978 = ADVANCED_FACE('',(#13979),#13997,.F.);
#13979 = FACE_BOUND('',#13980,.F.);
#13980 = EDGE_LOOP('',(#13981,#13982,#13983,#13991));
#13981 = ORIENTED_EDGE('',*,*,#13809,.T.);
#13982 = ORIENTED_EDGE('',*,*,#13968,.T.);
#13983 = ORIENTED_EDGE('',*,*,#13984,.T.);
#13984 = EDGE_CURVE('',#13961,#13985,#13987,.T.);
#13985 = VERTEX_POINT('',#13986);
#13986 = CARTESIAN_POINT('',(2.34,-0.2,-2.5));
#13987 = LINE('',#13988,#13989);
#13988 = CARTESIAN_POINT('',(2.74,-0.2,-2.5));
#13989 = VECTOR('',#13990,1.);
#13990 = DIRECTION('',(-1.,0.,0.));
#13991 = ORIENTED_EDGE('',*,*,#13992,.F.);
#13992 = EDGE_CURVE('',#13802,#13985,#13993,.T.);
#13993 = LINE('',#13994,#13995);
#13994 = CARTESIAN_POINT('',(2.34,-0.2,3.5));
#13995 = VECTOR('',#13996,1.);
#13996 = DIRECTION('',(-0.,-0.,-1.));
#13997 = PLANE('',#13998);
#13998 = AXIS2_PLACEMENT_3D('',#13999,#14000,#14001);
#13999 = CARTESIAN_POINT('',(2.74,-0.2,3.5));
#14000 = DIRECTION('',(0.,1.,0.));
#14001 = DIRECTION('',(-1.,0.,0.));
#14002 = ADVANCED_FACE('',(#14003),#14014,.F.);
#14003 = FACE_BOUND('',#14004,.F.);
#14004 = EDGE_LOOP('',(#14005,#14006,#14007,#14013));
#14005 = ORIENTED_EDGE('',*,*,#13801,.T.);
#14006 = ORIENTED_EDGE('',*,*,#13992,.T.);
#14007 = ORIENTED_EDGE('',*,*,#14008,.T.);
#14008 = EDGE_CURVE('',#13985,#13929,#14009,.T.);
#14009 = LINE('',#14010,#14011);
#14010 = CARTESIAN_POINT('',(2.34,-0.2,-2.5));
#14011 = VECTOR('',#14012,1.);
#14012 = DIRECTION('',(0.,1.,0.));
#14013 = ORIENTED_EDGE('',*,*,#13928,.F.);
#14014 = PLANE('',#14015);
#14015 = AXIS2_PLACEMENT_3D('',#14016,#14017,#14018);
#14016 = CARTESIAN_POINT('',(2.34,-0.2,3.5));
#14017 = DIRECTION('',(1.,0.,0.));
#14018 = DIRECTION('',(-0.,1.,0.));
#14019 = ADVANCED_FACE('',(#14020),#14026,.F.);
#14020 = FACE_BOUND('',#14021,.T.);
#14021 = EDGE_LOOP('',(#14022,#14023,#14024,#14025));
#14022 = ORIENTED_EDGE('',*,*,#13912,.T.);
#14023 = ORIENTED_EDGE('',*,*,#13840,.T.);
#14024 = ORIENTED_EDGE('',*,*,#13864,.T.);
#14025 = ORIENTED_EDGE('',*,*,#13888,.T.);
#14026 = PLANE('',#14027);
#14027 = AXIS2_PLACEMENT_3D('',#14028,#14029,#14030);
#14028 = CARTESIAN_POINT('',(-0.2,0.2,-2.5));
#14029 = DIRECTION('',(0.,0.,1.));
#14030 = DIRECTION('',(1.,0.,-0.));
#14031 = ADVANCED_FACE('',(#14032),#14038,.F.);
#14032 = FACE_BOUND('',#14033,.T.);
#14033 = EDGE_LOOP('',(#14034,#14035,#14036,#14037));
#14034 = ORIENTED_EDGE('',*,*,#13936,.T.);
#14035 = ORIENTED_EDGE('',*,*,#13960,.T.);
#14036 = ORIENTED_EDGE('',*,*,#13984,.T.);
#14037 = ORIENTED_EDGE('',*,*,#14008,.T.);
#14038 = PLANE('',#14039);
#14039 = AXIS2_PLACEMENT_3D('',#14040,#14041,#14042);
#14040 = CARTESIAN_POINT('',(2.34,0.2,-2.5));
#14041 = DIRECTION('',(0.,0.,1.));
#14042 = DIRECTION('',(1.,0.,-0.));
#14043 = ( GEOMETRIC_REPRESENTATION_CONTEXT(3) 
GLOBAL_UNCERTAINTY_ASSIGNED_CONTEXT((#14047)) 
GLOBAL_UNIT_ASSIGNED_CONTEXT((#14044,#14045,#14046)) 
REPRESENTATION_CONTEXT('Context #1',
  '3D Context with UNIT and UNCERTAINTY') );
#14044 = ( LENGTH_UNIT() NAMED_UNIT(*) SI_UNIT(.MILLI.,.METRE.) );
#14045 = ( NAMED_UNIT(*) PLANE_ANGLE_UNIT() SI_UNIT($,.RADIAN.) );
#14046 = ( NAMED_UNIT(*) SI_UNIT($,.STERADIAN.) SOLID_ANGLE_UNIT() );
#14047 = UNCERTAINTY_MEASURE_WITH_UNIT(LENGTH_MEASURE(1.E-07),#14044,
  'distance_accuracy_value','confusion accuracy');
#14048 = CONTEXT_DEPENDENT_SHAPE_REPRESENTATION(#14049,#14051);
#14049 = ( REPRESENTATION_RELATIONSHIP('','',#13579,#13556) 
REPRESENTATION_RELATIONSHIP_WITH_TRANSFORMATION(#14050) 
SHAPE_REPRESENTATION_RELATIONSHIP() );
#14050 = ITEM_DEFINED_TRANSFORMATION('','',#11,#13557);
#14051 = PRODUCT_DEFINITION_SHAPE('Placement','Placement of an item',
  #14052);
#14052 = NEXT_ASSEMBLY_USAGE_OCCURRENCE('38','=>[0:1:1:13]','',#13551,
  #13574,$);
#14053 = PRODUCT_RELATED_PRODUCT_CATEGORY('part',$,(#13576));
#14054 = SHAPE_DEFINITION_REPRESENTATION(#14055,#14061);
#14055 = PRODUCT_DEFINITION_SHAPE('','',#14056);
#14056 = PRODUCT_DEFINITION('design','',#14057,#14060);
#14057 = PRODUCT_DEFINITION_FORMATION('','',#14058);
#14058 = PRODUCT('VENDING MACHINE PCB_PCB','VENDING MACHINE PCB_PCB','',
  (#14059));
#14059 = PRODUCT_CONTEXT('',#2,'mechanical');
#14060 = PRODUCT_DEFINITION_CONTEXT('part definition',#2,'design');
#14061 = ADVANCED_BREP_SHAPE_REPRESENTATION('',(#11,#14062),#16318);
#14062 = MANIFOLD_SOLID_BREP('',#14063);
#14063 = CLOSED_SHELL('',(#14064,#14104,#14135,#14166,#14777,#15388,
    #15400,#15417,#15434,#15451,#15468,#15485,#15502,#15519,#15536,
    #15553,#15570,#15587,#15604,#15621,#15638,#15655,#15672,#15689,
    #15706,#15723,#15740,#15757,#15774,#15791,#15808,#15825,#15842,
    #15859,#15876,#15893,#15910,#15927,#15944,#15961,#15978,#15995,
    #16012,#16029,#16046,#16063,#16080,#16097,#16114,#16131,#16148,
    #16165,#16182,#16199,#16216,#16233,#16250,#16267,#16284,#16301));
#14064 = ADVANCED_FACE('',(#14065),#14099,.T.);
#14065 = FACE_BOUND('',#14066,.T.);
#14066 = EDGE_LOOP('',(#14067,#14077,#14085,#14093));
#14067 = ORIENTED_EDGE('',*,*,#14068,.T.);
#14068 = EDGE_CURVE('',#14069,#14071,#14073,.T.);
#14069 = VERTEX_POINT('',#14070);
#14070 = CARTESIAN_POINT('',(193.225,-97.175,0.));
#14071 = VERTEX_POINT('',#14072);
#14072 = CARTESIAN_POINT('',(193.225,-97.175,1.51));
#14073 = LINE('',#14074,#14075);
#14074 = CARTESIAN_POINT('',(193.225,-97.175,0.));
#14075 = VECTOR('',#14076,1.);
#14076 = DIRECTION('',(0.,0.,1.));
#14077 = ORIENTED_EDGE('',*,*,#14078,.T.);
#14078 = EDGE_CURVE('',#14071,#14079,#14081,.T.);
#14079 = VERTEX_POINT('',#14080);
#14080 = CARTESIAN_POINT('',(141.825,-97.175,1.51));
#14081 = LINE('',#14082,#14083);
#14082 = CARTESIAN_POINT('',(193.225,-97.175,1.51));
#14083 = VECTOR('',#14084,1.);
#14084 = DIRECTION('',(-1.,0.,0.));
#14085 = ORIENTED_EDGE('',*,*,#14086,.F.);
#14086 = EDGE_CURVE('',#14087,#14079,#14089,.T.);
#14087 = VERTEX_POINT('',#14088);
#14088 = CARTESIAN_POINT('',(141.825,-97.175,0.));
#14089 = LINE('',#14090,#14091);
#14090 = CARTESIAN_POINT('',(141.825,-97.175,0.));
#14091 = VECTOR('',#14092,1.);
#14092 = DIRECTION('',(0.,0.,1.));
#14093 = ORIENTED_EDGE('',*,*,#14094,.F.);
#14094 = EDGE_CURVE('',#14069,#14087,#14095,.T.);
#14095 = LINE('',#14096,#14097);
#14096 = CARTESIAN_POINT('',(193.225,-97.175,0.));
#14097 = VECTOR('',#14098,1.);
#14098 = DIRECTION('',(-1.,0.,0.));
#14099 = PLANE('',#14100);
#14100 = AXIS2_PLACEMENT_3D('',#14101,#14102,#14103);
#14101 = CARTESIAN_POINT('',(193.225,-97.175,0.));
#14102 = DIRECTION('',(0.,-1.,0.));
#14103 = DIRECTION('',(-1.,0.,0.));
#14104 = ADVANCED_FACE('',(#14105),#14130,.T.);
#14105 = FACE_BOUND('',#14106,.T.);
#14106 = EDGE_LOOP('',(#14107,#14117,#14123,#14124));
#14107 = ORIENTED_EDGE('',*,*,#14108,.T.);
#14108 = EDGE_CURVE('',#14109,#14111,#14113,.T.);
#14109 = VERTEX_POINT('',#14110);
#14110 = CARTESIAN_POINT('',(193.225,-48.55,0.));
#14111 = VERTEX_POINT('',#14112);
#14112 = CARTESIAN_POINT('',(193.225,-48.55,1.51));
#14113 = LINE('',#14114,#14115);
#14114 = CARTESIAN_POINT('',(193.225,-48.55,0.));
#14115 = VECTOR('',#14116,1.);
#14116 = DIRECTION('',(0.,0.,1.));
#14117 = ORIENTED_EDGE('',*,*,#14118,.T.);
#14118 = EDGE_CURVE('',#14111,#14071,#14119,.T.);
#14119 = LINE('',#14120,#14121);
#14120 = CARTESIAN_POINT('',(193.225,-48.55,1.51));
#14121 = VECTOR('',#14122,1.);
#14122 = DIRECTION('',(0.,-1.,0.));
#14123 = ORIENTED_EDGE('',*,*,#14068,.F.);
#14124 = ORIENTED_EDGE('',*,*,#14125,.F.);
#14125 = EDGE_CURVE('',#14109,#14069,#14126,.T.);
#14126 = LINE('',#14127,#14128);
#14127 = CARTESIAN_POINT('',(193.225,-48.55,0.));
#14128 = VECTOR('',#14129,1.);
#14129 = DIRECTION('',(0.,-1.,0.));
#14130 = PLANE('',#14131);
#14131 = AXIS2_PLACEMENT_3D('',#14132,#14133,#14134);
#14132 = CARTESIAN_POINT('',(193.225,-48.55,0.));
#14133 = DIRECTION('',(1.,0.,-0.));
#14134 = DIRECTION('',(0.,-1.,0.));
#14135 = ADVANCED_FACE('',(#14136),#14161,.T.);
#14136 = FACE_BOUND('',#14137,.T.);
#14137 = EDGE_LOOP('',(#14138,#14139,#14147,#14155));
#14138 = ORIENTED_EDGE('',*,*,#14086,.T.);
#14139 = ORIENTED_EDGE('',*,*,#14140,.T.);
#14140 = EDGE_CURVE('',#14079,#14141,#14143,.T.);
#14141 = VERTEX_POINT('',#14142);
#14142 = CARTESIAN_POINT('',(141.825,-48.55,1.51));
#14143 = LINE('',#14144,#14145);
#14144 = CARTESIAN_POINT('',(141.825,-97.175,1.51));
#14145 = VECTOR('',#14146,1.);
#14146 = DIRECTION('',(0.,1.,0.));
#14147 = ORIENTED_EDGE('',*,*,#14148,.F.);
#14148 = EDGE_CURVE('',#14149,#14141,#14151,.T.);
#14149 = VERTEX_POINT('',#14150);
#14150 = CARTESIAN_POINT('',(141.825,-48.55,0.));
#14151 = LINE('',#14152,#14153);
#14152 = CARTESIAN_POINT('',(141.825,-48.55,0.));
#14153 = VECTOR('',#14154,1.);
#14154 = DIRECTION('',(0.,0.,1.));
#14155 = ORIENTED_EDGE('',*,*,#14156,.F.);
#14156 = EDGE_CURVE('',#14087,#14149,#14157,.T.);
#14157 = LINE('',#14158,#14159);
#14158 = CARTESIAN_POINT('',(141.825,-97.175,0.));
#14159 = VECTOR('',#14160,1.);
#14160 = DIRECTION('',(0.,1.,0.));
#14161 = PLANE('',#14162);
#14162 = AXIS2_PLACEMENT_3D('',#14163,#14164,#14165);
#14163 = CARTESIAN_POINT('',(141.825,-97.175,0.));
#14164 = DIRECTION('',(-1.,0.,0.));
#14165 = DIRECTION('',(0.,1.,0.));
#14166 = ADVANCED_FACE('',(#14167,#14178,#14189,#14200,#14211,#14222,
    #14233,#14244,#14255,#14266,#14277,#14288,#14299,#14310,#14321,
    #14332,#14343,#14354,#14365,#14376,#14387,#14398,#14409,#14420,
    #14431,#14442,#14453,#14464,#14475,#14486,#14497,#14508,#14519,
    #14530,#14541,#14552,#14563,#14574,#14585,#14596,#14607,#14618,
    #14629,#14640,#14651,#14662,#14673,#14684,#14695,#14706,#14717,
    #14728,#14739,#14750,#14761),#14772,.F.);
#14167 = FACE_BOUND('',#14168,.F.);
#14168 = EDGE_LOOP('',(#14169,#14170,#14171,#14177));
#14169 = ORIENTED_EDGE('',*,*,#14094,.F.);
#14170 = ORIENTED_EDGE('',*,*,#14125,.F.);
#14171 = ORIENTED_EDGE('',*,*,#14172,.F.);
#14172 = EDGE_CURVE('',#14149,#14109,#14173,.T.);
#14173 = LINE('',#14174,#14175);
#14174 = CARTESIAN_POINT('',(141.825,-48.55,0.));
#14175 = VECTOR('',#14176,1.);
#14176 = DIRECTION('',(1.,0.,0.));
#14177 = ORIENTED_EDGE('',*,*,#14156,.F.);
#14178 = FACE_BOUND('',#14179,.F.);
#14179 = EDGE_LOOP('',(#14180));
#14180 = ORIENTED_EDGE('',*,*,#14181,.T.);
#14181 = EDGE_CURVE('',#14182,#14182,#14184,.T.);
#14182 = VERTEX_POINT('',#14183);
#14183 = CARTESIAN_POINT('',(143.825,-91.805,0.));
#14184 = CIRCLE('',#14185,0.35);
#14185 = AXIS2_PLACEMENT_3D('',#14186,#14187,#14188);
#14186 = CARTESIAN_POINT('',(143.825,-91.455,0.));
#14187 = DIRECTION('',(-0.,0.,-1.));
#14188 = DIRECTION('',(-0.,-1.,0.));
#14189 = FACE_BOUND('',#14190,.F.);
#14190 = EDGE_LOOP('',(#14191));
#14191 = ORIENTED_EDGE('',*,*,#14192,.T.);
#14192 = EDGE_CURVE('',#14193,#14193,#14195,.T.);
#14193 = VERTEX_POINT('',#14194);
#14194 = CARTESIAN_POINT('',(143.825,-86.725,0.));
#14195 = CIRCLE('',#14196,0.35);
#14196 = AXIS2_PLACEMENT_3D('',#14197,#14198,#14199);
#14197 = CARTESIAN_POINT('',(143.825,-86.375,0.));
#14198 = DIRECTION('',(-0.,0.,-1.));
#14199 = DIRECTION('',(-0.,-1.,0.));
#14200 = FACE_BOUND('',#14201,.F.);
#14201 = EDGE_LOOP('',(#14202));
#14202 = ORIENTED_EDGE('',*,*,#14203,.T.);
#14203 = EDGE_CURVE('',#14204,#14204,#14206,.T.);
#14204 = VERTEX_POINT('',#14205);
#14205 = CARTESIAN_POINT('',(161.2,-91.9,0.));
#14206 = CIRCLE('',#14207,0.35);
#14207 = AXIS2_PLACEMENT_3D('',#14208,#14209,#14210);
#14208 = CARTESIAN_POINT('',(161.2,-91.55,0.));
#14209 = DIRECTION('',(-0.,0.,-1.));
#14210 = DIRECTION('',(-0.,-1.,0.));
#14211 = FACE_BOUND('',#14212,.F.);
#14212 = EDGE_LOOP('',(#14213));
#14213 = ORIENTED_EDGE('',*,*,#14214,.T.);
#14214 = EDGE_CURVE('',#14215,#14215,#14217,.T.);
#14215 = VERTEX_POINT('',#14216);
#14216 = CARTESIAN_POINT('',(161.2,-86.82,0.));
#14217 = CIRCLE('',#14218,0.35);
#14218 = AXIS2_PLACEMENT_3D('',#14219,#14220,#14221);
#14219 = CARTESIAN_POINT('',(161.2,-86.47,0.));
#14220 = DIRECTION('',(-0.,0.,-1.));
#14221 = DIRECTION('',(-0.,-1.,0.));
#14222 = FACE_BOUND('',#14223,.F.);
#14223 = EDGE_LOOP('',(#14224));
#14224 = ORIENTED_EDGE('',*,*,#14225,.T.);
#14225 = EDGE_CURVE('',#14226,#14226,#14228,.T.);
#14226 = VERTEX_POINT('',#14227);
#14227 = CARTESIAN_POINT('',(143.825,-84.605,0.));
#14228 = CIRCLE('',#14229,0.35);
#14229 = AXIS2_PLACEMENT_3D('',#14230,#14231,#14232);
#14230 = CARTESIAN_POINT('',(143.825,-84.255,0.));
#14231 = DIRECTION('',(-0.,0.,-1.));
#14232 = DIRECTION('',(-0.,-1.,0.));
#14233 = FACE_BOUND('',#14234,.F.);
#14234 = EDGE_LOOP('',(#14235));
#14235 = ORIENTED_EDGE('',*,*,#14236,.T.);
#14236 = EDGE_CURVE('',#14237,#14237,#14239,.T.);
#14237 = VERTEX_POINT('',#14238);
#14238 = CARTESIAN_POINT('',(143.825,-79.525,0.));
#14239 = CIRCLE('',#14240,0.35);
#14240 = AXIS2_PLACEMENT_3D('',#14241,#14242,#14243);
#14241 = CARTESIAN_POINT('',(143.825,-79.175,0.));
#14242 = DIRECTION('',(-0.,0.,-1.));
#14243 = DIRECTION('',(-0.,-1.,0.));
#14244 = FACE_BOUND('',#14245,.F.);
#14245 = EDGE_LOOP('',(#14246));
#14246 = ORIENTED_EDGE('',*,*,#14247,.T.);
#14247 = EDGE_CURVE('',#14248,#14248,#14250,.T.);
#14248 = VERTEX_POINT('',#14249);
#14249 = CARTESIAN_POINT('',(143.825,-77.38,0.));
#14250 = CIRCLE('',#14251,0.35);
#14251 = AXIS2_PLACEMENT_3D('',#14252,#14253,#14254);
#14252 = CARTESIAN_POINT('',(143.825,-77.03,0.));
#14253 = DIRECTION('',(-0.,0.,-1.));
#14254 = DIRECTION('',(-0.,-1.,0.));
#14255 = FACE_BOUND('',#14256,.F.);
#14256 = EDGE_LOOP('',(#14257));
#14257 = ORIENTED_EDGE('',*,*,#14258,.T.);
#14258 = EDGE_CURVE('',#14259,#14259,#14261,.T.);
#14259 = VERTEX_POINT('',#14260);
#14260 = CARTESIAN_POINT('',(161.2,-84.825,0.));
#14261 = CIRCLE('',#14262,0.35);
#14262 = AXIS2_PLACEMENT_3D('',#14263,#14264,#14265);
#14263 = CARTESIAN_POINT('',(161.2,-84.475,0.));
#14264 = DIRECTION('',(-0.,0.,-1.));
#14265 = DIRECTION('',(-0.,-1.,0.));
#14266 = FACE_BOUND('',#14267,.F.);
#14267 = EDGE_LOOP('',(#14268));
#14268 = ORIENTED_EDGE('',*,*,#14269,.T.);
#14269 = EDGE_CURVE('',#14270,#14270,#14272,.T.);
#14270 = VERTEX_POINT('',#14271);
#14271 = CARTESIAN_POINT('',(161.2,-79.745,0.));
#14272 = CIRCLE('',#14273,0.35);
#14273 = AXIS2_PLACEMENT_3D('',#14274,#14275,#14276);
#14274 = CARTESIAN_POINT('',(161.2,-79.395,0.));
#14275 = DIRECTION('',(-0.,0.,-1.));
#14276 = DIRECTION('',(-0.,-1.,0.));
#14277 = FACE_BOUND('',#14278,.F.);
#14278 = EDGE_LOOP('',(#14279));
#14279 = ORIENTED_EDGE('',*,*,#14280,.T.);
#14280 = EDGE_CURVE('',#14281,#14281,#14283,.T.);
#14281 = VERTEX_POINT('',#14282);
#14282 = CARTESIAN_POINT('',(161.15,-77.525,0.));
#14283 = CIRCLE('',#14284,0.35);
#14284 = AXIS2_PLACEMENT_3D('',#14285,#14286,#14287);
#14285 = CARTESIAN_POINT('',(161.15,-77.175,0.));
#14286 = DIRECTION('',(-0.,0.,-1.));
#14287 = DIRECTION('',(-0.,-1.,0.));
#14288 = FACE_BOUND('',#14289,.F.);
#14289 = EDGE_LOOP('',(#14290));
#14290 = ORIENTED_EDGE('',*,*,#14291,.T.);
#14291 = EDGE_CURVE('',#14292,#14292,#14294,.T.);
#14292 = VERTEX_POINT('',#14293);
#14293 = CARTESIAN_POINT('',(178.525,-91.815,0.));
#14294 = CIRCLE('',#14295,0.35);
#14295 = AXIS2_PLACEMENT_3D('',#14296,#14297,#14298);
#14296 = CARTESIAN_POINT('',(178.525,-91.465,0.));
#14297 = DIRECTION('',(-0.,0.,-1.));
#14298 = DIRECTION('',(-0.,-1.,0.));
#14299 = FACE_BOUND('',#14300,.F.);
#14300 = EDGE_LOOP('',(#14301));
#14301 = ORIENTED_EDGE('',*,*,#14302,.T.);
#14302 = EDGE_CURVE('',#14303,#14303,#14305,.T.);
#14303 = VERTEX_POINT('',#14304);
#14304 = CARTESIAN_POINT('',(189.,-96.625,0.));
#14305 = CIRCLE('',#14306,1.05);
#14306 = AXIS2_PLACEMENT_3D('',#14307,#14308,#14309);
#14307 = CARTESIAN_POINT('',(189.,-95.575,0.));
#14308 = DIRECTION('',(-0.,0.,-1.));
#14309 = DIRECTION('',(-0.,-1.,0.));
#14310 = FACE_BOUND('',#14311,.F.);
#14311 = EDGE_LOOP('',(#14312));
#14312 = ORIENTED_EDGE('',*,*,#14313,.T.);
#14313 = EDGE_CURVE('',#14314,#14314,#14316,.T.);
#14314 = VERTEX_POINT('',#14315);
#14315 = CARTESIAN_POINT('',(178.525,-86.735,0.));
#14316 = CIRCLE('',#14317,0.35);
#14317 = AXIS2_PLACEMENT_3D('',#14318,#14319,#14320);
#14318 = CARTESIAN_POINT('',(178.525,-86.385,0.));
#14319 = DIRECTION('',(-0.,0.,-1.));
#14320 = DIRECTION('',(-0.,-1.,0.));
#14321 = FACE_BOUND('',#14322,.F.);
#14322 = EDGE_LOOP('',(#14323));
#14323 = ORIENTED_EDGE('',*,*,#14324,.T.);
#14324 = EDGE_CURVE('',#14325,#14325,#14327,.T.);
#14325 = VERTEX_POINT('',#14326);
#14326 = CARTESIAN_POINT('',(178.55,-84.73,0.));
#14327 = CIRCLE('',#14328,0.35);
#14328 = AXIS2_PLACEMENT_3D('',#14329,#14330,#14331);
#14329 = CARTESIAN_POINT('',(178.55,-84.38,0.));
#14330 = DIRECTION('',(-0.,0.,-1.));
#14331 = DIRECTION('',(-0.,-1.,0.));
#14332 = FACE_BOUND('',#14333,.F.);
#14333 = EDGE_LOOP('',(#14334));
#14334 = ORIENTED_EDGE('',*,*,#14335,.T.);
#14335 = EDGE_CURVE('',#14336,#14336,#14338,.T.);
#14336 = VERTEX_POINT('',#14337);
#14337 = CARTESIAN_POINT('',(178.55,-79.65,0.));
#14338 = CIRCLE('',#14339,0.35);
#14339 = AXIS2_PLACEMENT_3D('',#14340,#14341,#14342);
#14340 = CARTESIAN_POINT('',(178.55,-79.3,0.));
#14341 = DIRECTION('',(-0.,0.,-1.));
#14342 = DIRECTION('',(-0.,-1.,0.));
#14343 = FACE_BOUND('',#14344,.F.);
#14344 = EDGE_LOOP('',(#14345));
#14345 = ORIENTED_EDGE('',*,*,#14346,.T.);
#14346 = EDGE_CURVE('',#14347,#14347,#14349,.T.);
#14347 = VERTEX_POINT('',#14348);
#14348 = CARTESIAN_POINT('',(178.575,-77.655,0.));
#14349 = CIRCLE('',#14350,0.35);
#14350 = AXIS2_PLACEMENT_3D('',#14351,#14352,#14353);
#14351 = CARTESIAN_POINT('',(178.575,-77.305,0.));
#14352 = DIRECTION('',(-0.,0.,-1.));
#14353 = DIRECTION('',(-0.,-1.,0.));
#14354 = FACE_BOUND('',#14355,.F.);
#14355 = EDGE_LOOP('',(#14356));
#14356 = ORIENTED_EDGE('',*,*,#14357,.T.);
#14357 = EDGE_CURVE('',#14358,#14358,#14360,.T.);
#14358 = VERTEX_POINT('',#14359);
#14359 = CARTESIAN_POINT('',(143.825,-72.3,0.));
#14360 = CIRCLE('',#14361,0.35);
#14361 = AXIS2_PLACEMENT_3D('',#14362,#14363,#14364);
#14362 = CARTESIAN_POINT('',(143.825,-71.95,0.));
#14363 = DIRECTION('',(-0.,0.,-1.));
#14364 = DIRECTION('',(-0.,-1.,0.));
#14365 = FACE_BOUND('',#14366,.F.);
#14366 = EDGE_LOOP('',(#14367));
#14367 = ORIENTED_EDGE('',*,*,#14368,.T.);
#14368 = EDGE_CURVE('',#14369,#14369,#14371,.T.);
#14369 = VERTEX_POINT('',#14370);
#14370 = CARTESIAN_POINT('',(143.825,-70.035,0.));
#14371 = CIRCLE('',#14372,0.35);
#14372 = AXIS2_PLACEMENT_3D('',#14373,#14374,#14375);
#14373 = CARTESIAN_POINT('',(143.825,-69.685,0.));
#14374 = DIRECTION('',(-0.,0.,-1.));
#14375 = DIRECTION('',(-0.,-1.,0.));
#14376 = FACE_BOUND('',#14377,.F.);
#14377 = EDGE_LOOP('',(#14378));
#14378 = ORIENTED_EDGE('',*,*,#14379,.T.);
#14379 = EDGE_CURVE('',#14380,#14380,#14382,.T.);
#14380 = VERTEX_POINT('',#14381);
#14381 = CARTESIAN_POINT('',(143.825,-64.955,0.));
#14382 = CIRCLE('',#14383,0.35);
#14383 = AXIS2_PLACEMENT_3D('',#14384,#14385,#14386);
#14384 = CARTESIAN_POINT('',(143.825,-64.605,0.));
#14385 = DIRECTION('',(-0.,0.,-1.));
#14386 = DIRECTION('',(-0.,-1.,0.));
#14387 = FACE_BOUND('',#14388,.F.);
#14388 = EDGE_LOOP('',(#14389));
#14389 = ORIENTED_EDGE('',*,*,#14390,.T.);
#14390 = EDGE_CURVE('',#14391,#14391,#14393,.T.);
#14391 = VERTEX_POINT('',#14392);
#14392 = CARTESIAN_POINT('',(161.15,-72.445,0.));
#14393 = CIRCLE('',#14394,0.35);
#14394 = AXIS2_PLACEMENT_3D('',#14395,#14396,#14397);
#14395 = CARTESIAN_POINT('',(161.15,-72.095,0.));
#14396 = DIRECTION('',(-0.,0.,-1.));
#14397 = DIRECTION('',(-0.,-1.,0.));
#14398 = FACE_BOUND('',#14399,.F.);
#14399 = EDGE_LOOP('',(#14400));
#14400 = ORIENTED_EDGE('',*,*,#14401,.T.);
#14401 = EDGE_CURVE('',#14402,#14402,#14404,.T.);
#14402 = VERTEX_POINT('',#14403);
#14403 = CARTESIAN_POINT('',(161.125,-70.3,0.));
#14404 = CIRCLE('',#14405,0.35);
#14405 = AXIS2_PLACEMENT_3D('',#14406,#14407,#14408);
#14406 = CARTESIAN_POINT('',(161.125,-69.95,0.));
#14407 = DIRECTION('',(-0.,0.,-1.));
#14408 = DIRECTION('',(-0.,-1.,0.));
#14409 = FACE_BOUND('',#14410,.F.);
#14410 = EDGE_LOOP('',(#14411));
#14411 = ORIENTED_EDGE('',*,*,#14412,.T.);
#14412 = EDGE_CURVE('',#14413,#14413,#14415,.T.);
#14413 = VERTEX_POINT('',#14414);
#14414 = CARTESIAN_POINT('',(161.125,-65.22,0.));
#14415 = CIRCLE('',#14416,0.35);
#14416 = AXIS2_PLACEMENT_3D('',#14417,#14418,#14419);
#14417 = CARTESIAN_POINT('',(161.125,-64.87,0.));
#14418 = DIRECTION('',(-0.,0.,-1.));
#14419 = DIRECTION('',(-0.,-1.,0.));
#14420 = FACE_BOUND('',#14421,.F.);
#14421 = EDGE_LOOP('',(#14422));
#14422 = ORIENTED_EDGE('',*,*,#14423,.T.);
#14423 = EDGE_CURVE('',#14424,#14424,#14426,.T.);
#14424 = VERTEX_POINT('',#14425);
#14425 = CARTESIAN_POINT('',(149.34,-62.2,0.));
#14426 = CIRCLE('',#14427,0.35);
#14427 = AXIS2_PLACEMENT_3D('',#14428,#14429,#14430);
#14428 = CARTESIAN_POINT('',(149.34,-61.85,0.));
#14429 = DIRECTION('',(-0.,0.,-1.));
#14430 = DIRECTION('',(-0.,-1.,0.));
#14431 = FACE_BOUND('',#14432,.F.);
#14432 = EDGE_LOOP('',(#14433));
#14433 = ORIENTED_EDGE('',*,*,#14434,.T.);
#14434 = EDGE_CURVE('',#14435,#14435,#14437,.T.);
#14435 = VERTEX_POINT('',#14436);
#14436 = CARTESIAN_POINT('',(150.61,-62.2,0.));
#14437 = CIRCLE('',#14438,0.35);
#14438 = AXIS2_PLACEMENT_3D('',#14439,#14440,#14441);
#14439 = CARTESIAN_POINT('',(150.61,-61.85,0.));
#14440 = DIRECTION('',(-0.,0.,-1.));
#14441 = DIRECTION('',(-0.,-1.,0.));
#14442 = FACE_BOUND('',#14443,.F.);
#14443 = EDGE_LOOP('',(#14444));
#14444 = ORIENTED_EDGE('',*,*,#14445,.T.);
#14445 = EDGE_CURVE('',#14446,#14446,#14448,.T.);
#14446 = VERTEX_POINT('',#14447);
#14447 = CARTESIAN_POINT('',(151.88,-62.2,0.));
#14448 = CIRCLE('',#14449,0.35);
#14449 = AXIS2_PLACEMENT_3D('',#14450,#14451,#14452);
#14450 = CARTESIAN_POINT('',(151.88,-61.85,0.));
#14451 = DIRECTION('',(-0.,0.,-1.));
#14452 = DIRECTION('',(-0.,-1.,0.));
#14453 = FACE_BOUND('',#14454,.F.);
#14454 = EDGE_LOOP('',(#14455));
#14455 = ORIENTED_EDGE('',*,*,#14456,.T.);
#14456 = EDGE_CURVE('',#14457,#14457,#14459,.T.);
#14457 = VERTEX_POINT('',#14458);
#14458 = CARTESIAN_POINT('',(153.15,-62.2,0.));
#14459 = CIRCLE('',#14460,0.35);
#14460 = AXIS2_PLACEMENT_3D('',#14461,#14462,#14463);
#14461 = CARTESIAN_POINT('',(153.15,-61.85,0.));
#14462 = DIRECTION('',(-0.,0.,-1.));
#14463 = DIRECTION('',(-0.,-1.,0.));
#14464 = FACE_BOUND('',#14465,.F.);
#14465 = EDGE_LOOP('',(#14466));
#14466 = ORIENTED_EDGE('',*,*,#14467,.T.);
#14467 = EDGE_CURVE('',#14468,#14468,#14470,.T.);
#14468 = VERTEX_POINT('',#14469);
#14469 = CARTESIAN_POINT('',(147.8,-54.7,0.));
#14470 = CIRCLE('',#14471,1.05);
#14471 = AXIS2_PLACEMENT_3D('',#14472,#14473,#14474);
#14472 = CARTESIAN_POINT('',(147.8,-53.65,0.));
#14473 = DIRECTION('',(-0.,0.,-1.));
#14474 = DIRECTION('',(-0.,-1.,0.));
#14475 = FACE_BOUND('',#14476,.F.);
#14476 = EDGE_LOOP('',(#14477));
#14477 = ORIENTED_EDGE('',*,*,#14478,.T.);
#14478 = EDGE_CURVE('',#14479,#14479,#14481,.T.);
#14479 = VERTEX_POINT('',#14480);
#14480 = CARTESIAN_POINT('',(166.715,-62.35,0.));
#14481 = CIRCLE('',#14482,0.35);
#14482 = AXIS2_PLACEMENT_3D('',#14483,#14484,#14485);
#14483 = CARTESIAN_POINT('',(166.715,-62.,0.));
#14484 = DIRECTION('',(-0.,0.,-1.));
#14485 = DIRECTION('',(-0.,-1.,0.));
#14486 = FACE_BOUND('',#14487,.F.);
#14487 = EDGE_LOOP('',(#14488));
#14488 = ORIENTED_EDGE('',*,*,#14489,.T.);
#14489 = EDGE_CURVE('',#14490,#14490,#14492,.T.);
#14490 = VERTEX_POINT('',#14491);
#14491 = CARTESIAN_POINT('',(178.575,-72.575,0.));
#14492 = CIRCLE('',#14493,0.35);
#14493 = AXIS2_PLACEMENT_3D('',#14494,#14495,#14496);
#14494 = CARTESIAN_POINT('',(178.575,-72.225,0.));
#14495 = DIRECTION('',(-0.,0.,-1.));
#14496 = DIRECTION('',(-0.,-1.,0.));
#14497 = FACE_BOUND('',#14498,.F.);
#14498 = EDGE_LOOP('',(#14499));
#14499 = ORIENTED_EDGE('',*,*,#14500,.T.);
#14500 = EDGE_CURVE('',#14501,#14501,#14503,.T.);
#14501 = VERTEX_POINT('',#14502);
#14502 = CARTESIAN_POINT('',(178.575,-70.605,0.));
#14503 = CIRCLE('',#14504,0.35);
#14504 = AXIS2_PLACEMENT_3D('',#14505,#14506,#14507);
#14505 = CARTESIAN_POINT('',(178.575,-70.255,0.));
#14506 = DIRECTION('',(-0.,0.,-1.));
#14507 = DIRECTION('',(-0.,-1.,0.));
#14508 = FACE_BOUND('',#14509,.F.);
#14509 = EDGE_LOOP('',(#14510));
#14510 = ORIENTED_EDGE('',*,*,#14511,.T.);
#14511 = EDGE_CURVE('',#14512,#14512,#14514,.T.);
#14512 = VERTEX_POINT('',#14513);
#14513 = CARTESIAN_POINT('',(178.575,-65.525,0.));
#14514 = CIRCLE('',#14515,0.35);
#14515 = AXIS2_PLACEMENT_3D('',#14516,#14517,#14518);
#14516 = CARTESIAN_POINT('',(178.575,-65.175,0.));
#14517 = DIRECTION('',(-0.,0.,-1.));
#14518 = DIRECTION('',(-0.,-1.,0.));
#14519 = FACE_BOUND('',#14520,.F.);
#14520 = EDGE_LOOP('',(#14521));
#14521 = ORIENTED_EDGE('',*,*,#14522,.T.);
#14522 = EDGE_CURVE('',#14523,#14523,#14525,.T.);
#14523 = VERTEX_POINT('',#14524);
#14524 = CARTESIAN_POINT('',(167.985,-62.35,0.));
#14525 = CIRCLE('',#14526,0.35);
#14526 = AXIS2_PLACEMENT_3D('',#14527,#14528,#14529);
#14527 = CARTESIAN_POINT('',(167.985,-62.,0.));
#14528 = DIRECTION('',(-0.,0.,-1.));
#14529 = DIRECTION('',(-0.,-1.,0.));
#14530 = FACE_BOUND('',#14531,.F.);
#14531 = EDGE_LOOP('',(#14532));
#14532 = ORIENTED_EDGE('',*,*,#14533,.T.);
#14533 = EDGE_CURVE('',#14534,#14534,#14536,.T.);
#14534 = VERTEX_POINT('',#14535);
#14535 = CARTESIAN_POINT('',(169.255,-62.35,0.));
#14536 = CIRCLE('',#14537,0.35);
#14537 = AXIS2_PLACEMENT_3D('',#14538,#14539,#14540);
#14538 = CARTESIAN_POINT('',(169.255,-62.,0.));
#14539 = DIRECTION('',(-0.,0.,-1.));
#14540 = DIRECTION('',(-0.,-1.,0.));
#14541 = FACE_BOUND('',#14542,.F.);
#14542 = EDGE_LOOP('',(#14543));
#14543 = ORIENTED_EDGE('',*,*,#14544,.T.);
#14544 = EDGE_CURVE('',#14545,#14545,#14547,.T.);
#14545 = VERTEX_POINT('',#14546);
#14546 = CARTESIAN_POINT('',(170.525,-62.35,0.));
#14547 = CIRCLE('',#14548,0.35);
#14548 = AXIS2_PLACEMENT_3D('',#14549,#14550,#14551);
#14549 = CARTESIAN_POINT('',(170.525,-62.,0.));
#14550 = DIRECTION('',(-0.,0.,-1.));
#14551 = DIRECTION('',(-0.,-1.,0.));
#14552 = FACE_BOUND('',#14553,.F.);
#14553 = EDGE_LOOP('',(#14554));
#14554 = ORIENTED_EDGE('',*,*,#14555,.T.);
#14555 = EDGE_CURVE('',#14556,#14556,#14558,.T.);
#14556 = VERTEX_POINT('',#14557);
#14557 = CARTESIAN_POINT('',(166.775,-58.5,0.));
#14558 = CIRCLE('',#14559,0.35);
#14559 = AXIS2_PLACEMENT_3D('',#14560,#14561,#14562);
#14560 = CARTESIAN_POINT('',(166.775,-58.15,0.));
#14561 = DIRECTION('',(-0.,0.,-1.));
#14562 = DIRECTION('',(-0.,-1.,0.));
#14563 = FACE_BOUND('',#14564,.F.);
#14564 = EDGE_LOOP('',(#14565));
#14565 = ORIENTED_EDGE('',*,*,#14566,.T.);
#14566 = EDGE_CURVE('',#14567,#14567,#14569,.T.);
#14567 = VERTEX_POINT('',#14568);
#14568 = CARTESIAN_POINT('',(168.045,-58.5,0.));
#14569 = CIRCLE('',#14570,0.35);
#14570 = AXIS2_PLACEMENT_3D('',#14571,#14572,#14573);
#14571 = CARTESIAN_POINT('',(168.045,-58.15,0.));
#14572 = DIRECTION('',(-0.,0.,-1.));
#14573 = DIRECTION('',(-8.120488408687E-14,-1.,0.));
#14574 = FACE_BOUND('',#14575,.F.);
#14575 = EDGE_LOOP('',(#14576));
#14576 = ORIENTED_EDGE('',*,*,#14577,.T.);
#14577 = EDGE_CURVE('',#14578,#14578,#14580,.T.);
#14578 = VERTEX_POINT('',#14579);
#14579 = CARTESIAN_POINT('',(169.315,-58.5,0.));
#14580 = CIRCLE('',#14581,0.35);
#14581 = AXIS2_PLACEMENT_3D('',#14582,#14583,#14584);
#14582 = CARTESIAN_POINT('',(169.315,-58.15,0.));
#14583 = DIRECTION('',(-0.,0.,-1.));
#14584 = DIRECTION('',(-0.,-1.,0.));
#14585 = FACE_BOUND('',#14586,.F.);
#14586 = EDGE_LOOP('',(#14587));
#14587 = ORIENTED_EDGE('',*,*,#14588,.T.);
#14588 = EDGE_CURVE('',#14589,#14589,#14591,.T.);
#14589 = VERTEX_POINT('',#14590);
#14590 = CARTESIAN_POINT('',(170.585,-58.5,0.));
#14591 = CIRCLE('',#14592,0.35);
#14592 = AXIS2_PLACEMENT_3D('',#14593,#14594,#14595);
#14593 = CARTESIAN_POINT('',(170.585,-58.15,0.));
#14594 = DIRECTION('',(-0.,0.,-1.));
#14595 = DIRECTION('',(-0.,-1.,0.));
#14596 = FACE_BOUND('',#14597,.F.);
#14597 = EDGE_LOOP('',(#14598));
#14598 = ORIENTED_EDGE('',*,*,#14599,.T.);
#14599 = EDGE_CURVE('',#14600,#14600,#14602,.T.);
#14600 = VERTEX_POINT('',#14601);
#14601 = CARTESIAN_POINT('',(174.175,-62.88,0.));
#14602 = CIRCLE('',#14603,0.35);
#14603 = AXIS2_PLACEMENT_3D('',#14604,#14605,#14606);
#14604 = CARTESIAN_POINT('',(174.175,-62.53,0.));
#14605 = DIRECTION('',(-0.,0.,-1.));
#14606 = DIRECTION('',(-0.,-1.,0.));
#14607 = FACE_BOUND('',#14608,.F.);
#14608 = EDGE_LOOP('',(#14609));
#14609 = ORIENTED_EDGE('',*,*,#14610,.T.);
#14610 = EDGE_CURVE('',#14611,#14611,#14613,.T.);
#14611 = VERTEX_POINT('',#14612);
#14612 = CARTESIAN_POINT('',(174.175,-57.8,0.));
#14613 = CIRCLE('',#14614,0.35);
#14614 = AXIS2_PLACEMENT_3D('',#14615,#14616,#14617);
#14615 = CARTESIAN_POINT('',(174.175,-57.45,0.));
#14616 = DIRECTION('',(-0.,0.,-1.));
#14617 = DIRECTION('',(-0.,-1.,0.));
#14618 = FACE_BOUND('',#14619,.F.);
#14619 = EDGE_LOOP('',(#14620));
#14620 = ORIENTED_EDGE('',*,*,#14621,.T.);
#14621 = EDGE_CURVE('',#14622,#14622,#14624,.T.);
#14622 = VERTEX_POINT('',#14623);
#14623 = CARTESIAN_POINT('',(166.765,-54.8,0.));
#14624 = CIRCLE('',#14625,0.35);
#14625 = AXIS2_PLACEMENT_3D('',#14626,#14627,#14628);
#14626 = CARTESIAN_POINT('',(166.765,-54.45,0.));
#14627 = DIRECTION('',(-0.,0.,-1.));
#14628 = DIRECTION('',(-0.,-1.,0.));
#14629 = FACE_BOUND('',#14630,.F.);
#14630 = EDGE_LOOP('',(#14631));
#14631 = ORIENTED_EDGE('',*,*,#14632,.T.);
#14632 = EDGE_CURVE('',#14633,#14633,#14635,.T.);
#14633 = VERTEX_POINT('',#14634);
#14634 = CARTESIAN_POINT('',(168.035,-54.8,0.));
#14635 = CIRCLE('',#14636,0.35);
#14636 = AXIS2_PLACEMENT_3D('',#14637,#14638,#14639);
#14637 = CARTESIAN_POINT('',(168.035,-54.45,0.));
#14638 = DIRECTION('',(-0.,0.,-1.));
#14639 = DIRECTION('',(-0.,-1.,0.));
#14640 = FACE_BOUND('',#14641,.F.);
#14641 = EDGE_LOOP('',(#14642));
#14642 = ORIENTED_EDGE('',*,*,#14643,.T.);
#14643 = EDGE_CURVE('',#14644,#14644,#14646,.T.);
#14644 = VERTEX_POINT('',#14645);
#14645 = CARTESIAN_POINT('',(169.305,-54.8,0.));
#14646 = CIRCLE('',#14647,0.35);
#14647 = AXIS2_PLACEMENT_3D('',#14648,#14649,#14650);
#14648 = CARTESIAN_POINT('',(169.305,-54.45,0.));
#14649 = DIRECTION('',(-0.,0.,-1.));
#14650 = DIRECTION('',(-0.,-1.,0.));
#14651 = FACE_BOUND('',#14652,.F.);
#14652 = EDGE_LOOP('',(#14653));
#14653 = ORIENTED_EDGE('',*,*,#14654,.T.);
#14654 = EDGE_CURVE('',#14655,#14655,#14657,.T.);
#14655 = VERTEX_POINT('',#14656);
#14656 = CARTESIAN_POINT('',(170.575,-54.8,0.));
#14657 = CIRCLE('',#14658,0.35);
#14658 = AXIS2_PLACEMENT_3D('',#14659,#14660,#14661);
#14659 = CARTESIAN_POINT('',(170.575,-54.45,0.));
#14660 = DIRECTION('',(-0.,0.,-1.));
#14661 = DIRECTION('',(-0.,-1.,0.));
#14662 = FACE_BOUND('',#14663,.F.);
#14663 = EDGE_LOOP('',(#14664));
#14664 = ORIENTED_EDGE('',*,*,#14665,.T.);
#14665 = EDGE_CURVE('',#14666,#14666,#14668,.T.);
#14666 = VERTEX_POINT('',#14667);
#14667 = CARTESIAN_POINT('',(174.175,-55.34,0.));
#14668 = CIRCLE('',#14669,0.45);
#14669 = AXIS2_PLACEMENT_3D('',#14670,#14671,#14672);
#14670 = CARTESIAN_POINT('',(174.175,-54.89,0.));
#14671 = DIRECTION('',(-0.,0.,-1.));
#14672 = DIRECTION('',(-0.,-1.,0.));
#14673 = FACE_BOUND('',#14674,.F.);
#14674 = EDGE_LOOP('',(#14675));
#14675 = ORIENTED_EDGE('',*,*,#14676,.T.);
#14676 = EDGE_CURVE('',#14677,#14677,#14679,.T.);
#14677 = VERTEX_POINT('',#14678);
#14678 = CARTESIAN_POINT('',(174.175,-52.8,0.));
#14679 = CIRCLE('',#14680,0.45);
#14680 = AXIS2_PLACEMENT_3D('',#14681,#14682,#14683);
#14681 = CARTESIAN_POINT('',(174.175,-52.35,0.));
#14682 = DIRECTION('',(-0.,0.,-1.));
#14683 = DIRECTION('',(-0.,-1.,0.));
#14684 = FACE_BOUND('',#14685,.F.);
#14685 = EDGE_LOOP('',(#14686));
#14686 = ORIENTED_EDGE('',*,*,#14687,.T.);
#14687 = EDGE_CURVE('',#14688,#14688,#14690,.T.);
#14688 = VERTEX_POINT('',#14689);
#14689 = CARTESIAN_POINT('',(184.48,-62.625,0.));
#14690 = CIRCLE('',#14691,0.35);
#14691 = AXIS2_PLACEMENT_3D('',#14692,#14693,#14694);
#14692 = CARTESIAN_POINT('',(184.48,-62.275,0.));
#14693 = DIRECTION('',(-0.,0.,-1.));
#14694 = DIRECTION('',(-8.120488408687E-14,-1.,0.));
#14695 = FACE_BOUND('',#14696,.F.);
#14696 = EDGE_LOOP('',(#14697));
#14697 = ORIENTED_EDGE('',*,*,#14698,.T.);
#14698 = EDGE_CURVE('',#14699,#14699,#14701,.T.);
#14699 = VERTEX_POINT('',#14700);
#14700 = CARTESIAN_POINT('',(185.75,-62.625,0.));
#14701 = CIRCLE('',#14702,0.35);
#14702 = AXIS2_PLACEMENT_3D('',#14703,#14704,#14705);
#14703 = CARTESIAN_POINT('',(185.75,-62.275,0.));
#14704 = DIRECTION('',(-0.,0.,-1.));
#14705 = DIRECTION('',(-0.,-1.,0.));
#14706 = FACE_BOUND('',#14707,.F.);
#14707 = EDGE_LOOP('',(#14708));
#14708 = ORIENTED_EDGE('',*,*,#14709,.T.);
#14709 = EDGE_CURVE('',#14710,#14710,#14712,.T.);
#14710 = VERTEX_POINT('',#14711);
#14711 = CARTESIAN_POINT('',(187.02,-62.625,0.));
#14712 = CIRCLE('',#14713,0.35);
#14713 = AXIS2_PLACEMENT_3D('',#14714,#14715,#14716);
#14714 = CARTESIAN_POINT('',(187.02,-62.275,0.));
#14715 = DIRECTION('',(-0.,0.,-1.));
#14716 = DIRECTION('',(8.120488408687E-14,-1.,-0.));
#14717 = FACE_BOUND('',#14718,.F.);
#14718 = EDGE_LOOP('',(#14719));
#14719 = ORIENTED_EDGE('',*,*,#14720,.T.);
#14720 = EDGE_CURVE('',#14721,#14721,#14723,.T.);
#14721 = VERTEX_POINT('',#14722);
#14722 = CARTESIAN_POINT('',(188.29,-62.625,0.));
#14723 = CIRCLE('',#14724,0.35);
#14724 = AXIS2_PLACEMENT_3D('',#14725,#14726,#14727);
#14725 = CARTESIAN_POINT('',(188.29,-62.275,0.));
#14726 = DIRECTION('',(-0.,0.,-1.));
#14727 = DIRECTION('',(-0.,-1.,0.));
#14728 = FACE_BOUND('',#14729,.F.);
#14729 = EDGE_LOOP('',(#14730));
#14730 = ORIENTED_EDGE('',*,*,#14731,.T.);
#14731 = EDGE_CURVE('',#14732,#14732,#14734,.T.);
#14732 = VERTEX_POINT('',#14733);
#14733 = CARTESIAN_POINT('',(178.925,-56.6,0.));
#14734 = CIRCLE('',#14735,0.3);
#14735 = AXIS2_PLACEMENT_3D('',#14736,#14737,#14738);
#14736 = CARTESIAN_POINT('',(178.925,-56.3,0.));
#14737 = DIRECTION('',(-0.,0.,-1.));
#14738 = DIRECTION('',(-0.,-1.,0.));
#14739 = FACE_BOUND('',#14740,.F.);
#14740 = EDGE_LOOP('',(#14741));
#14741 = ORIENTED_EDGE('',*,*,#14742,.T.);
#14742 = EDGE_CURVE('',#14743,#14743,#14745,.T.);
#14743 = VERTEX_POINT('',#14744);
#14744 = CARTESIAN_POINT('',(178.925,-55.1,0.));
#14745 = CIRCLE('',#14746,0.3);
#14746 = AXIS2_PLACEMENT_3D('',#14747,#14748,#14749);
#14747 = CARTESIAN_POINT('',(178.925,-54.8,0.));
#14748 = DIRECTION('',(-0.,0.,-1.));
#14749 = DIRECTION('',(-0.,-1.,0.));
#14750 = FACE_BOUND('',#14751,.F.);
#14751 = EDGE_LOOP('',(#14752));
#14752 = ORIENTED_EDGE('',*,*,#14753,.T.);
#14753 = EDGE_CURVE('',#14754,#14754,#14756,.T.);
#14754 = VERTEX_POINT('',#14755);
#14755 = CARTESIAN_POINT('',(187.05,-57.65,0.));
#14756 = CIRCLE('',#14757,0.65);
#14757 = AXIS2_PLACEMENT_3D('',#14758,#14759,#14760);
#14758 = CARTESIAN_POINT('',(187.05,-57.,0.));
#14759 = DIRECTION('',(-0.,0.,-1.));
#14760 = DIRECTION('',(-0.,-1.,0.));
#14761 = FACE_BOUND('',#14762,.F.);
#14762 = EDGE_LOOP('',(#14763));
#14763 = ORIENTED_EDGE('',*,*,#14764,.T.);
#14764 = EDGE_CURVE('',#14765,#14765,#14767,.T.);
#14765 = VERTEX_POINT('',#14766);
#14766 = CARTESIAN_POINT('',(187.05,-52.65,0.));
#14767 = CIRCLE('',#14768,0.65);
#14768 = AXIS2_PLACEMENT_3D('',#14769,#14770,#14771);
#14769 = CARTESIAN_POINT('',(187.05,-52.,0.));
#14770 = DIRECTION('',(-0.,0.,-1.));
#14771 = DIRECTION('',(-0.,-1.,0.));
#14772 = PLANE('',#14773);
#14773 = AXIS2_PLACEMENT_3D('',#14774,#14775,#14776);
#14774 = CARTESIAN_POINT('',(0.,0.,0.));
#14775 = DIRECTION('',(0.,0.,1.));
#14776 = DIRECTION('',(1.,0.,-0.));
#14777 = ADVANCED_FACE('',(#14778,#14789,#14800,#14811,#14822,#14833,
    #14844,#14855,#14866,#14877,#14888,#14899,#14910,#14921,#14932,
    #14943,#14954,#14965,#14976,#14987,#14998,#15009,#15020,#15031,
    #15042,#15053,#15064,#15075,#15086,#15097,#15108,#15119,#15130,
    #15141,#15152,#15163,#15174,#15185,#15196,#15207,#15218,#15229,
    #15240,#15251,#15262,#15273,#15284,#15295,#15306,#15317,#15328,
    #15339,#15350,#15361,#15372),#15383,.T.);
#14778 = FACE_BOUND('',#14779,.T.);
#14779 = EDGE_LOOP('',(#14780,#14781,#14782,#14788));
#14780 = ORIENTED_EDGE('',*,*,#14078,.F.);
#14781 = ORIENTED_EDGE('',*,*,#14118,.F.);
#14782 = ORIENTED_EDGE('',*,*,#14783,.F.);
#14783 = EDGE_CURVE('',#14141,#14111,#14784,.T.);
#14784 = LINE('',#14785,#14786);
#14785 = CARTESIAN_POINT('',(141.825,-48.55,1.51));
#14786 = VECTOR('',#14787,1.);
#14787 = DIRECTION('',(1.,0.,0.));
#14788 = ORIENTED_EDGE('',*,*,#14140,.F.);
#14789 = FACE_BOUND('',#14790,.T.);
#14790 = EDGE_LOOP('',(#14791));
#14791 = ORIENTED_EDGE('',*,*,#14792,.T.);
#14792 = EDGE_CURVE('',#14793,#14793,#14795,.T.);
#14793 = VERTEX_POINT('',#14794);
#14794 = CARTESIAN_POINT('',(143.825,-91.805,1.51));
#14795 = CIRCLE('',#14796,0.35);
#14796 = AXIS2_PLACEMENT_3D('',#14797,#14798,#14799);
#14797 = CARTESIAN_POINT('',(143.825,-91.455,1.51));
#14798 = DIRECTION('',(-0.,0.,-1.));
#14799 = DIRECTION('',(-0.,-1.,0.));
#14800 = FACE_BOUND('',#14801,.T.);
#14801 = EDGE_LOOP('',(#14802));
#14802 = ORIENTED_EDGE('',*,*,#14803,.T.);
#14803 = EDGE_CURVE('',#14804,#14804,#14806,.T.);
#14804 = VERTEX_POINT('',#14805);
#14805 = CARTESIAN_POINT('',(143.825,-86.725,1.51));
#14806 = CIRCLE('',#14807,0.35);
#14807 = AXIS2_PLACEMENT_3D('',#14808,#14809,#14810);
#14808 = CARTESIAN_POINT('',(143.825,-86.375,1.51));
#14809 = DIRECTION('',(-0.,0.,-1.));
#14810 = DIRECTION('',(-0.,-1.,0.));
#14811 = FACE_BOUND('',#14812,.T.);
#14812 = EDGE_LOOP('',(#14813));
#14813 = ORIENTED_EDGE('',*,*,#14814,.T.);
#14814 = EDGE_CURVE('',#14815,#14815,#14817,.T.);
#14815 = VERTEX_POINT('',#14816);
#14816 = CARTESIAN_POINT('',(161.2,-91.9,1.51));
#14817 = CIRCLE('',#14818,0.35);
#14818 = AXIS2_PLACEMENT_3D('',#14819,#14820,#14821);
#14819 = CARTESIAN_POINT('',(161.2,-91.55,1.51));
#14820 = DIRECTION('',(-0.,0.,-1.));
#14821 = DIRECTION('',(-0.,-1.,0.));
#14822 = FACE_BOUND('',#14823,.T.);
#14823 = EDGE_LOOP('',(#14824));
#14824 = ORIENTED_EDGE('',*,*,#14825,.T.);
#14825 = EDGE_CURVE('',#14826,#14826,#14828,.T.);
#14826 = VERTEX_POINT('',#14827);
#14827 = CARTESIAN_POINT('',(161.2,-86.82,1.51));
#14828 = CIRCLE('',#14829,0.35);
#14829 = AXIS2_PLACEMENT_3D('',#14830,#14831,#14832);
#14830 = CARTESIAN_POINT('',(161.2,-86.47,1.51));
#14831 = DIRECTION('',(-0.,0.,-1.));
#14832 = DIRECTION('',(-0.,-1.,0.));
#14833 = FACE_BOUND('',#14834,.T.);
#14834 = EDGE_LOOP('',(#14835));
#14835 = ORIENTED_EDGE('',*,*,#14836,.T.);
#14836 = EDGE_CURVE('',#14837,#14837,#14839,.T.);
#14837 = VERTEX_POINT('',#14838);
#14838 = CARTESIAN_POINT('',(143.825,-84.605,1.51));
#14839 = CIRCLE('',#14840,0.35);
#14840 = AXIS2_PLACEMENT_3D('',#14841,#14842,#14843);
#14841 = CARTESIAN_POINT('',(143.825,-84.255,1.51));
#14842 = DIRECTION('',(-0.,0.,-1.));
#14843 = DIRECTION('',(-0.,-1.,0.));
#14844 = FACE_BOUND('',#14845,.T.);
#14845 = EDGE_LOOP('',(#14846));
#14846 = ORIENTED_EDGE('',*,*,#14847,.T.);
#14847 = EDGE_CURVE('',#14848,#14848,#14850,.T.);
#14848 = VERTEX_POINT('',#14849);
#14849 = CARTESIAN_POINT('',(143.825,-79.525,1.51));
#14850 = CIRCLE('',#14851,0.35);
#14851 = AXIS2_PLACEMENT_3D('',#14852,#14853,#14854);
#14852 = CARTESIAN_POINT('',(143.825,-79.175,1.51));
#14853 = DIRECTION('',(-0.,0.,-1.));
#14854 = DIRECTION('',(-0.,-1.,0.));
#14855 = FACE_BOUND('',#14856,.T.);
#14856 = EDGE_LOOP('',(#14857));
#14857 = ORIENTED_EDGE('',*,*,#14858,.T.);
#14858 = EDGE_CURVE('',#14859,#14859,#14861,.T.);
#14859 = VERTEX_POINT('',#14860);
#14860 = CARTESIAN_POINT('',(143.825,-77.38,1.51));
#14861 = CIRCLE('',#14862,0.35);
#14862 = AXIS2_PLACEMENT_3D('',#14863,#14864,#14865);
#14863 = CARTESIAN_POINT('',(143.825,-77.03,1.51));
#14864 = DIRECTION('',(-0.,0.,-1.));
#14865 = DIRECTION('',(-0.,-1.,0.));
#14866 = FACE_BOUND('',#14867,.T.);
#14867 = EDGE_LOOP('',(#14868));
#14868 = ORIENTED_EDGE('',*,*,#14869,.T.);
#14869 = EDGE_CURVE('',#14870,#14870,#14872,.T.);
#14870 = VERTEX_POINT('',#14871);
#14871 = CARTESIAN_POINT('',(161.2,-84.825,1.51));
#14872 = CIRCLE('',#14873,0.35);
#14873 = AXIS2_PLACEMENT_3D('',#14874,#14875,#14876);
#14874 = CARTESIAN_POINT('',(161.2,-84.475,1.51));
#14875 = DIRECTION('',(-0.,0.,-1.));
#14876 = DIRECTION('',(-0.,-1.,0.));
#14877 = FACE_BOUND('',#14878,.T.);
#14878 = EDGE_LOOP('',(#14879));
#14879 = ORIENTED_EDGE('',*,*,#14880,.T.);
#14880 = EDGE_CURVE('',#14881,#14881,#14883,.T.);
#14881 = VERTEX_POINT('',#14882);
#14882 = CARTESIAN_POINT('',(161.2,-79.745,1.51));
#14883 = CIRCLE('',#14884,0.35);
#14884 = AXIS2_PLACEMENT_3D('',#14885,#14886,#14887);
#14885 = CARTESIAN_POINT('',(161.2,-79.395,1.51));
#14886 = DIRECTION('',(-0.,0.,-1.));
#14887 = DIRECTION('',(-0.,-1.,0.));
#14888 = FACE_BOUND('',#14889,.T.);
#14889 = EDGE_LOOP('',(#14890));
#14890 = ORIENTED_EDGE('',*,*,#14891,.T.);
#14891 = EDGE_CURVE('',#14892,#14892,#14894,.T.);
#14892 = VERTEX_POINT('',#14893);
#14893 = CARTESIAN_POINT('',(161.15,-77.525,1.51));
#14894 = CIRCLE('',#14895,0.35);
#14895 = AXIS2_PLACEMENT_3D('',#14896,#14897,#14898);
#14896 = CARTESIAN_POINT('',(161.15,-77.175,1.51));
#14897 = DIRECTION('',(-0.,0.,-1.));
#14898 = DIRECTION('',(-0.,-1.,0.));
#14899 = FACE_BOUND('',#14900,.T.);
#14900 = EDGE_LOOP('',(#14901));
#14901 = ORIENTED_EDGE('',*,*,#14902,.T.);
#14902 = EDGE_CURVE('',#14903,#14903,#14905,.T.);
#14903 = VERTEX_POINT('',#14904);
#14904 = CARTESIAN_POINT('',(178.525,-91.815,1.51));
#14905 = CIRCLE('',#14906,0.35);
#14906 = AXIS2_PLACEMENT_3D('',#14907,#14908,#14909);
#14907 = CARTESIAN_POINT('',(178.525,-91.465,1.51));
#14908 = DIRECTION('',(-0.,0.,-1.));
#14909 = DIRECTION('',(-0.,-1.,0.));
#14910 = FACE_BOUND('',#14911,.T.);
#14911 = EDGE_LOOP('',(#14912));
#14912 = ORIENTED_EDGE('',*,*,#14913,.T.);
#14913 = EDGE_CURVE('',#14914,#14914,#14916,.T.);
#14914 = VERTEX_POINT('',#14915);
#14915 = CARTESIAN_POINT('',(189.,-96.625,1.51));
#14916 = CIRCLE('',#14917,1.05);
#14917 = AXIS2_PLACEMENT_3D('',#14918,#14919,#14920);
#14918 = CARTESIAN_POINT('',(189.,-95.575,1.51));
#14919 = DIRECTION('',(-0.,0.,-1.));
#14920 = DIRECTION('',(-0.,-1.,0.));
#14921 = FACE_BOUND('',#14922,.T.);
#14922 = EDGE_LOOP('',(#14923));
#14923 = ORIENTED_EDGE('',*,*,#14924,.T.);
#14924 = EDGE_CURVE('',#14925,#14925,#14927,.T.);
#14925 = VERTEX_POINT('',#14926);
#14926 = CARTESIAN_POINT('',(178.525,-86.735,1.51));
#14927 = CIRCLE('',#14928,0.35);
#14928 = AXIS2_PLACEMENT_3D('',#14929,#14930,#14931);
#14929 = CARTESIAN_POINT('',(178.525,-86.385,1.51));
#14930 = DIRECTION('',(-0.,0.,-1.));
#14931 = DIRECTION('',(-0.,-1.,0.));
#14932 = FACE_BOUND('',#14933,.T.);
#14933 = EDGE_LOOP('',(#14934));
#14934 = ORIENTED_EDGE('',*,*,#14935,.T.);
#14935 = EDGE_CURVE('',#14936,#14936,#14938,.T.);
#14936 = VERTEX_POINT('',#14937);
#14937 = CARTESIAN_POINT('',(178.55,-84.73,1.51));
#14938 = CIRCLE('',#14939,0.35);
#14939 = AXIS2_PLACEMENT_3D('',#14940,#14941,#14942);
#14940 = CARTESIAN_POINT('',(178.55,-84.38,1.51));
#14941 = DIRECTION('',(-0.,0.,-1.));
#14942 = DIRECTION('',(-0.,-1.,0.));
#14943 = FACE_BOUND('',#14944,.T.);
#14944 = EDGE_LOOP('',(#14945));
#14945 = ORIENTED_EDGE('',*,*,#14946,.T.);
#14946 = EDGE_CURVE('',#14947,#14947,#14949,.T.);
#14947 = VERTEX_POINT('',#14948);
#14948 = CARTESIAN_POINT('',(178.55,-79.65,1.51));
#14949 = CIRCLE('',#14950,0.35);
#14950 = AXIS2_PLACEMENT_3D('',#14951,#14952,#14953);
#14951 = CARTESIAN_POINT('',(178.55,-79.3,1.51));
#14952 = DIRECTION('',(-0.,0.,-1.));
#14953 = DIRECTION('',(-0.,-1.,0.));
#14954 = FACE_BOUND('',#14955,.T.);
#14955 = EDGE_LOOP('',(#14956));
#14956 = ORIENTED_EDGE('',*,*,#14957,.T.);
#14957 = EDGE_CURVE('',#14958,#14958,#14960,.T.);
#14958 = VERTEX_POINT('',#14959);
#14959 = CARTESIAN_POINT('',(178.575,-77.655,1.51));
#14960 = CIRCLE('',#14961,0.35);
#14961 = AXIS2_PLACEMENT_3D('',#14962,#14963,#14964);
#14962 = CARTESIAN_POINT('',(178.575,-77.305,1.51));
#14963 = DIRECTION('',(-0.,0.,-1.));
#14964 = DIRECTION('',(-0.,-1.,0.));
#14965 = FACE_BOUND('',#14966,.T.);
#14966 = EDGE_LOOP('',(#14967));
#14967 = ORIENTED_EDGE('',*,*,#14968,.T.);
#14968 = EDGE_CURVE('',#14969,#14969,#14971,.T.);
#14969 = VERTEX_POINT('',#14970);
#14970 = CARTESIAN_POINT('',(143.825,-72.3,1.51));
#14971 = CIRCLE('',#14972,0.35);
#14972 = AXIS2_PLACEMENT_3D('',#14973,#14974,#14975);
#14973 = CARTESIAN_POINT('',(143.825,-71.95,1.51));
#14974 = DIRECTION('',(-0.,0.,-1.));
#14975 = DIRECTION('',(-0.,-1.,0.));
#14976 = FACE_BOUND('',#14977,.T.);
#14977 = EDGE_LOOP('',(#14978));
#14978 = ORIENTED_EDGE('',*,*,#14979,.T.);
#14979 = EDGE_CURVE('',#14980,#14980,#14982,.T.);
#14980 = VERTEX_POINT('',#14981);
#14981 = CARTESIAN_POINT('',(143.825,-70.035,1.51));
#14982 = CIRCLE('',#14983,0.35);
#14983 = AXIS2_PLACEMENT_3D('',#14984,#14985,#14986);
#14984 = CARTESIAN_POINT('',(143.825,-69.685,1.51));
#14985 = DIRECTION('',(-0.,0.,-1.));
#14986 = DIRECTION('',(-0.,-1.,0.));
#14987 = FACE_BOUND('',#14988,.T.);
#14988 = EDGE_LOOP('',(#14989));
#14989 = ORIENTED_EDGE('',*,*,#14990,.T.);
#14990 = EDGE_CURVE('',#14991,#14991,#14993,.T.);
#14991 = VERTEX_POINT('',#14992);
#14992 = CARTESIAN_POINT('',(143.825,-64.955,1.51));
#14993 = CIRCLE('',#14994,0.35);
#14994 = AXIS2_PLACEMENT_3D('',#14995,#14996,#14997);
#14995 = CARTESIAN_POINT('',(143.825,-64.605,1.51));
#14996 = DIRECTION('',(-0.,0.,-1.));
#14997 = DIRECTION('',(-0.,-1.,0.));
#14998 = FACE_BOUND('',#14999,.T.);
#14999 = EDGE_LOOP('',(#15000));
#15000 = ORIENTED_EDGE('',*,*,#15001,.T.);
#15001 = EDGE_CURVE('',#15002,#15002,#15004,.T.);
#15002 = VERTEX_POINT('',#15003);
#15003 = CARTESIAN_POINT('',(161.15,-72.445,1.51));
#15004 = CIRCLE('',#15005,0.35);
#15005 = AXIS2_PLACEMENT_3D('',#15006,#15007,#15008);
#15006 = CARTESIAN_POINT('',(161.15,-72.095,1.51));
#15007 = DIRECTION('',(-0.,0.,-1.));
#15008 = DIRECTION('',(-0.,-1.,0.));
#15009 = FACE_BOUND('',#15010,.T.);
#15010 = EDGE_LOOP('',(#15011));
#15011 = ORIENTED_EDGE('',*,*,#15012,.T.);
#15012 = EDGE_CURVE('',#15013,#15013,#15015,.T.);
#15013 = VERTEX_POINT('',#15014);
#15014 = CARTESIAN_POINT('',(161.125,-70.3,1.51));
#15015 = CIRCLE('',#15016,0.35);
#15016 = AXIS2_PLACEMENT_3D('',#15017,#15018,#15019);
#15017 = CARTESIAN_POINT('',(161.125,-69.95,1.51));
#15018 = DIRECTION('',(-0.,0.,-1.));
#15019 = DIRECTION('',(-0.,-1.,0.));
#15020 = FACE_BOUND('',#15021,.T.);
#15021 = EDGE_LOOP('',(#15022));
#15022 = ORIENTED_EDGE('',*,*,#15023,.T.);
#15023 = EDGE_CURVE('',#15024,#15024,#15026,.T.);
#15024 = VERTEX_POINT('',#15025);
#15025 = CARTESIAN_POINT('',(161.125,-65.22,1.51));
#15026 = CIRCLE('',#15027,0.35);
#15027 = AXIS2_PLACEMENT_3D('',#15028,#15029,#15030);
#15028 = CARTESIAN_POINT('',(161.125,-64.87,1.51));
#15029 = DIRECTION('',(-0.,0.,-1.));
#15030 = DIRECTION('',(-0.,-1.,0.));
#15031 = FACE_BOUND('',#15032,.T.);
#15032 = EDGE_LOOP('',(#15033));
#15033 = ORIENTED_EDGE('',*,*,#15034,.T.);
#15034 = EDGE_CURVE('',#15035,#15035,#15037,.T.);
#15035 = VERTEX_POINT('',#15036);
#15036 = CARTESIAN_POINT('',(149.34,-62.2,1.51));
#15037 = CIRCLE('',#15038,0.35);
#15038 = AXIS2_PLACEMENT_3D('',#15039,#15040,#15041);
#15039 = CARTESIAN_POINT('',(149.34,-61.85,1.51));
#15040 = DIRECTION('',(-0.,0.,-1.));
#15041 = DIRECTION('',(-0.,-1.,0.));
#15042 = FACE_BOUND('',#15043,.T.);
#15043 = EDGE_LOOP('',(#15044));
#15044 = ORIENTED_EDGE('',*,*,#15045,.T.);
#15045 = EDGE_CURVE('',#15046,#15046,#15048,.T.);
#15046 = VERTEX_POINT('',#15047);
#15047 = CARTESIAN_POINT('',(150.61,-62.2,1.51));
#15048 = CIRCLE('',#15049,0.35);
#15049 = AXIS2_PLACEMENT_3D('',#15050,#15051,#15052);
#15050 = CARTESIAN_POINT('',(150.61,-61.85,1.51));
#15051 = DIRECTION('',(-0.,0.,-1.));
#15052 = DIRECTION('',(-0.,-1.,0.));
#15053 = FACE_BOUND('',#15054,.T.);
#15054 = EDGE_LOOP('',(#15055));
#15055 = ORIENTED_EDGE('',*,*,#15056,.T.);
#15056 = EDGE_CURVE('',#15057,#15057,#15059,.T.);
#15057 = VERTEX_POINT('',#15058);
#15058 = CARTESIAN_POINT('',(151.88,-62.2,1.51));
#15059 = CIRCLE('',#15060,0.35);
#15060 = AXIS2_PLACEMENT_3D('',#15061,#15062,#15063);
#15061 = CARTESIAN_POINT('',(151.88,-61.85,1.51));
#15062 = DIRECTION('',(-0.,0.,-1.));
#15063 = DIRECTION('',(-0.,-1.,0.));
#15064 = FACE_BOUND('',#15065,.T.);
#15065 = EDGE_LOOP('',(#15066));
#15066 = ORIENTED_EDGE('',*,*,#15067,.T.);
#15067 = EDGE_CURVE('',#15068,#15068,#15070,.T.);
#15068 = VERTEX_POINT('',#15069);
#15069 = CARTESIAN_POINT('',(153.15,-62.2,1.51));
#15070 = CIRCLE('',#15071,0.35);
#15071 = AXIS2_PLACEMENT_3D('',#15072,#15073,#15074);
#15072 = CARTESIAN_POINT('',(153.15,-61.85,1.51));
#15073 = DIRECTION('',(-0.,0.,-1.));
#15074 = DIRECTION('',(-0.,-1.,0.));
#15075 = FACE_BOUND('',#15076,.T.);
#15076 = EDGE_LOOP('',(#15077));
#15077 = ORIENTED_EDGE('',*,*,#15078,.T.);
#15078 = EDGE_CURVE('',#15079,#15079,#15081,.T.);
#15079 = VERTEX_POINT('',#15080);
#15080 = CARTESIAN_POINT('',(147.8,-54.7,1.51));
#15081 = CIRCLE('',#15082,1.05);
#15082 = AXIS2_PLACEMENT_3D('',#15083,#15084,#15085);
#15083 = CARTESIAN_POINT('',(147.8,-53.65,1.51));
#15084 = DIRECTION('',(-0.,0.,-1.));
#15085 = DIRECTION('',(-0.,-1.,0.));
#15086 = FACE_BOUND('',#15087,.T.);
#15087 = EDGE_LOOP('',(#15088));
#15088 = ORIENTED_EDGE('',*,*,#15089,.T.);
#15089 = EDGE_CURVE('',#15090,#15090,#15092,.T.);
#15090 = VERTEX_POINT('',#15091);
#15091 = CARTESIAN_POINT('',(166.715,-62.35,1.51));
#15092 = CIRCLE('',#15093,0.35);
#15093 = AXIS2_PLACEMENT_3D('',#15094,#15095,#15096);
#15094 = CARTESIAN_POINT('',(166.715,-62.,1.51));
#15095 = DIRECTION('',(-0.,0.,-1.));
#15096 = DIRECTION('',(-0.,-1.,0.));
#15097 = FACE_BOUND('',#15098,.T.);
#15098 = EDGE_LOOP('',(#15099));
#15099 = ORIENTED_EDGE('',*,*,#15100,.T.);
#15100 = EDGE_CURVE('',#15101,#15101,#15103,.T.);
#15101 = VERTEX_POINT('',#15102);
#15102 = CARTESIAN_POINT('',(178.575,-72.575,1.51));
#15103 = CIRCLE('',#15104,0.35);
#15104 = AXIS2_PLACEMENT_3D('',#15105,#15106,#15107);
#15105 = CARTESIAN_POINT('',(178.575,-72.225,1.51));
#15106 = DIRECTION('',(-0.,0.,-1.));
#15107 = DIRECTION('',(-0.,-1.,0.));
#15108 = FACE_BOUND('',#15109,.T.);
#15109 = EDGE_LOOP('',(#15110));
#15110 = ORIENTED_EDGE('',*,*,#15111,.T.);
#15111 = EDGE_CURVE('',#15112,#15112,#15114,.T.);
#15112 = VERTEX_POINT('',#15113);
#15113 = CARTESIAN_POINT('',(178.575,-70.605,1.51));
#15114 = CIRCLE('',#15115,0.35);
#15115 = AXIS2_PLACEMENT_3D('',#15116,#15117,#15118);
#15116 = CARTESIAN_POINT('',(178.575,-70.255,1.51));
#15117 = DIRECTION('',(-0.,0.,-1.));
#15118 = DIRECTION('',(-0.,-1.,0.));
#15119 = FACE_BOUND('',#15120,.T.);
#15120 = EDGE_LOOP('',(#15121));
#15121 = ORIENTED_EDGE('',*,*,#15122,.T.);
#15122 = EDGE_CURVE('',#15123,#15123,#15125,.T.);
#15123 = VERTEX_POINT('',#15124);
#15124 = CARTESIAN_POINT('',(178.575,-65.525,1.51));
#15125 = CIRCLE('',#15126,0.35);
#15126 = AXIS2_PLACEMENT_3D('',#15127,#15128,#15129);
#15127 = CARTESIAN_POINT('',(178.575,-65.175,1.51));
#15128 = DIRECTION('',(-0.,0.,-1.));
#15129 = DIRECTION('',(-0.,-1.,0.));
#15130 = FACE_BOUND('',#15131,.T.);
#15131 = EDGE_LOOP('',(#15132));
#15132 = ORIENTED_EDGE('',*,*,#15133,.T.);
#15133 = EDGE_CURVE('',#15134,#15134,#15136,.T.);
#15134 = VERTEX_POINT('',#15135);
#15135 = CARTESIAN_POINT('',(167.985,-62.35,1.51));
#15136 = CIRCLE('',#15137,0.35);
#15137 = AXIS2_PLACEMENT_3D('',#15138,#15139,#15140);
#15138 = CARTESIAN_POINT('',(167.985,-62.,1.51));
#15139 = DIRECTION('',(-0.,0.,-1.));
#15140 = DIRECTION('',(-0.,-1.,0.));
#15141 = FACE_BOUND('',#15142,.T.);
#15142 = EDGE_LOOP('',(#15143));
#15143 = ORIENTED_EDGE('',*,*,#15144,.T.);
#15144 = EDGE_CURVE('',#15145,#15145,#15147,.T.);
#15145 = VERTEX_POINT('',#15146);
#15146 = CARTESIAN_POINT('',(169.255,-62.35,1.51));
#15147 = CIRCLE('',#15148,0.35);
#15148 = AXIS2_PLACEMENT_3D('',#15149,#15150,#15151);
#15149 = CARTESIAN_POINT('',(169.255,-62.,1.51));
#15150 = DIRECTION('',(-0.,0.,-1.));
#15151 = DIRECTION('',(-0.,-1.,0.));
#15152 = FACE_BOUND('',#15153,.T.);
#15153 = EDGE_LOOP('',(#15154));
#15154 = ORIENTED_EDGE('',*,*,#15155,.T.);
#15155 = EDGE_CURVE('',#15156,#15156,#15158,.T.);
#15156 = VERTEX_POINT('',#15157);
#15157 = CARTESIAN_POINT('',(170.525,-62.35,1.51));
#15158 = CIRCLE('',#15159,0.35);
#15159 = AXIS2_PLACEMENT_3D('',#15160,#15161,#15162);
#15160 = CARTESIAN_POINT('',(170.525,-62.,1.51));
#15161 = DIRECTION('',(-0.,0.,-1.));
#15162 = DIRECTION('',(-0.,-1.,0.));
#15163 = FACE_BOUND('',#15164,.T.);
#15164 = EDGE_LOOP('',(#15165));
#15165 = ORIENTED_EDGE('',*,*,#15166,.T.);
#15166 = EDGE_CURVE('',#15167,#15167,#15169,.T.);
#15167 = VERTEX_POINT('',#15168);
#15168 = CARTESIAN_POINT('',(166.775,-58.5,1.51));
#15169 = CIRCLE('',#15170,0.35);
#15170 = AXIS2_PLACEMENT_3D('',#15171,#15172,#15173);
#15171 = CARTESIAN_POINT('',(166.775,-58.15,1.51));
#15172 = DIRECTION('',(-0.,0.,-1.));
#15173 = DIRECTION('',(-0.,-1.,0.));
#15174 = FACE_BOUND('',#15175,.T.);
#15175 = EDGE_LOOP('',(#15176));
#15176 = ORIENTED_EDGE('',*,*,#15177,.T.);
#15177 = EDGE_CURVE('',#15178,#15178,#15180,.T.);
#15178 = VERTEX_POINT('',#15179);
#15179 = CARTESIAN_POINT('',(168.045,-58.5,1.51));
#15180 = CIRCLE('',#15181,0.35);
#15181 = AXIS2_PLACEMENT_3D('',#15182,#15183,#15184);
#15182 = CARTESIAN_POINT('',(168.045,-58.15,1.51));
#15183 = DIRECTION('',(-0.,0.,-1.));
#15184 = DIRECTION('',(-8.120488408687E-14,-1.,0.));
#15185 = FACE_BOUND('',#15186,.T.);
#15186 = EDGE_LOOP('',(#15187));
#15187 = ORIENTED_EDGE('',*,*,#15188,.T.);
#15188 = EDGE_CURVE('',#15189,#15189,#15191,.T.);
#15189 = VERTEX_POINT('',#15190);
#15190 = CARTESIAN_POINT('',(169.315,-58.5,1.51));
#15191 = CIRCLE('',#15192,0.35);
#15192 = AXIS2_PLACEMENT_3D('',#15193,#15194,#15195);
#15193 = CARTESIAN_POINT('',(169.315,-58.15,1.51));
#15194 = DIRECTION('',(-0.,0.,-1.));
#15195 = DIRECTION('',(-0.,-1.,0.));
#15196 = FACE_BOUND('',#15197,.T.);
#15197 = EDGE_LOOP('',(#15198));
#15198 = ORIENTED_EDGE('',*,*,#15199,.T.);
#15199 = EDGE_CURVE('',#15200,#15200,#15202,.T.);
#15200 = VERTEX_POINT('',#15201);
#15201 = CARTESIAN_POINT('',(170.585,-58.5,1.51));
#15202 = CIRCLE('',#15203,0.35);
#15203 = AXIS2_PLACEMENT_3D('',#15204,#15205,#15206);
#15204 = CARTESIAN_POINT('',(170.585,-58.15,1.51));
#15205 = DIRECTION('',(-0.,0.,-1.));
#15206 = DIRECTION('',(-0.,-1.,0.));
#15207 = FACE_BOUND('',#15208,.T.);
#15208 = EDGE_LOOP('',(#15209));
#15209 = ORIENTED_EDGE('',*,*,#15210,.T.);
#15210 = EDGE_CURVE('',#15211,#15211,#15213,.T.);
#15211 = VERTEX_POINT('',#15212);
#15212 = CARTESIAN_POINT('',(174.175,-62.88,1.51));
#15213 = CIRCLE('',#15214,0.35);
#15214 = AXIS2_PLACEMENT_3D('',#15215,#15216,#15217);
#15215 = CARTESIAN_POINT('',(174.175,-62.53,1.51));
#15216 = DIRECTION('',(-0.,0.,-1.));
#15217 = DIRECTION('',(-0.,-1.,0.));
#15218 = FACE_BOUND('',#15219,.T.);
#15219 = EDGE_LOOP('',(#15220));
#15220 = ORIENTED_EDGE('',*,*,#15221,.T.);
#15221 = EDGE_CURVE('',#15222,#15222,#15224,.T.);
#15222 = VERTEX_POINT('',#15223);
#15223 = CARTESIAN_POINT('',(174.175,-57.8,1.51));
#15224 = CIRCLE('',#15225,0.35);
#15225 = AXIS2_PLACEMENT_3D('',#15226,#15227,#15228);
#15226 = CARTESIAN_POINT('',(174.175,-57.45,1.51));
#15227 = DIRECTION('',(-0.,0.,-1.));
#15228 = DIRECTION('',(-0.,-1.,0.));
#15229 = FACE_BOUND('',#15230,.T.);
#15230 = EDGE_LOOP('',(#15231));
#15231 = ORIENTED_EDGE('',*,*,#15232,.T.);
#15232 = EDGE_CURVE('',#15233,#15233,#15235,.T.);
#15233 = VERTEX_POINT('',#15234);
#15234 = CARTESIAN_POINT('',(166.765,-54.8,1.51));
#15235 = CIRCLE('',#15236,0.35);
#15236 = AXIS2_PLACEMENT_3D('',#15237,#15238,#15239);
#15237 = CARTESIAN_POINT('',(166.765,-54.45,1.51));
#15238 = DIRECTION('',(-0.,0.,-1.));
#15239 = DIRECTION('',(-0.,-1.,0.));
#15240 = FACE_BOUND('',#15241,.T.);
#15241 = EDGE_LOOP('',(#15242));
#15242 = ORIENTED_EDGE('',*,*,#15243,.T.);
#15243 = EDGE_CURVE('',#15244,#15244,#15246,.T.);
#15244 = VERTEX_POINT('',#15245);
#15245 = CARTESIAN_POINT('',(168.035,-54.8,1.51));
#15246 = CIRCLE('',#15247,0.35);
#15247 = AXIS2_PLACEMENT_3D('',#15248,#15249,#15250);
#15248 = CARTESIAN_POINT('',(168.035,-54.45,1.51));
#15249 = DIRECTION('',(-0.,0.,-1.));
#15250 = DIRECTION('',(-0.,-1.,0.));
#15251 = FACE_BOUND('',#15252,.T.);
#15252 = EDGE_LOOP('',(#15253));
#15253 = ORIENTED_EDGE('',*,*,#15254,.T.);
#15254 = EDGE_CURVE('',#15255,#15255,#15257,.T.);
#15255 = VERTEX_POINT('',#15256);
#15256 = CARTESIAN_POINT('',(169.305,-54.8,1.51));
#15257 = CIRCLE('',#15258,0.35);
#15258 = AXIS2_PLACEMENT_3D('',#15259,#15260,#15261);
#15259 = CARTESIAN_POINT('',(169.305,-54.45,1.51));
#15260 = DIRECTION('',(-0.,0.,-1.));
#15261 = DIRECTION('',(-0.,-1.,0.));
#15262 = FACE_BOUND('',#15263,.T.);
#15263 = EDGE_LOOP('',(#15264));
#15264 = ORIENTED_EDGE('',*,*,#15265,.T.);
#15265 = EDGE_CURVE('',#15266,#15266,#15268,.T.);
#15266 = VERTEX_POINT('',#15267);
#15267 = CARTESIAN_POINT('',(170.575,-54.8,1.51));
#15268 = CIRCLE('',#15269,0.35);
#15269 = AXIS2_PLACEMENT_3D('',#15270,#15271,#15272);
#15270 = CARTESIAN_POINT('',(170.575,-54.45,1.51));
#15271 = DIRECTION('',(-0.,0.,-1.));
#15272 = DIRECTION('',(-0.,-1.,0.));
#15273 = FACE_BOUND('',#15274,.T.);
#15274 = EDGE_LOOP('',(#15275));
#15275 = ORIENTED_EDGE('',*,*,#15276,.T.);
#15276 = EDGE_CURVE('',#15277,#15277,#15279,.T.);
#15277 = VERTEX_POINT('',#15278);
#15278 = CARTESIAN_POINT('',(174.175,-55.34,1.51));
#15279 = CIRCLE('',#15280,0.45);
#15280 = AXIS2_PLACEMENT_3D('',#15281,#15282,#15283);
#15281 = CARTESIAN_POINT('',(174.175,-54.89,1.51));
#15282 = DIRECTION('',(-0.,0.,-1.));
#15283 = DIRECTION('',(-0.,-1.,0.));
#15284 = FACE_BOUND('',#15285,.T.);
#15285 = EDGE_LOOP('',(#15286));
#15286 = ORIENTED_EDGE('',*,*,#15287,.T.);
#15287 = EDGE_CURVE('',#15288,#15288,#15290,.T.);
#15288 = VERTEX_POINT('',#15289);
#15289 = CARTESIAN_POINT('',(174.175,-52.8,1.51));
#15290 = CIRCLE('',#15291,0.45);
#15291 = AXIS2_PLACEMENT_3D('',#15292,#15293,#15294);
#15292 = CARTESIAN_POINT('',(174.175,-52.35,1.51));
#15293 = DIRECTION('',(-0.,0.,-1.));
#15294 = DIRECTION('',(-0.,-1.,0.));
#15295 = FACE_BOUND('',#15296,.T.);
#15296 = EDGE_LOOP('',(#15297));
#15297 = ORIENTED_EDGE('',*,*,#15298,.T.);
#15298 = EDGE_CURVE('',#15299,#15299,#15301,.T.);
#15299 = VERTEX_POINT('',#15300);
#15300 = CARTESIAN_POINT('',(184.48,-62.625,1.51));
#15301 = CIRCLE('',#15302,0.35);
#15302 = AXIS2_PLACEMENT_3D('',#15303,#15304,#15305);
#15303 = CARTESIAN_POINT('',(184.48,-62.275,1.51));
#15304 = DIRECTION('',(-0.,0.,-1.));
#15305 = DIRECTION('',(-8.120488408687E-14,-1.,0.));
#15306 = FACE_BOUND('',#15307,.T.);
#15307 = EDGE_LOOP('',(#15308));
#15308 = ORIENTED_EDGE('',*,*,#15309,.T.);
#15309 = EDGE_CURVE('',#15310,#15310,#15312,.T.);
#15310 = VERTEX_POINT('',#15311);
#15311 = CARTESIAN_POINT('',(185.75,-62.625,1.51));
#15312 = CIRCLE('',#15313,0.35);
#15313 = AXIS2_PLACEMENT_3D('',#15314,#15315,#15316);
#15314 = CARTESIAN_POINT('',(185.75,-62.275,1.51));
#15315 = DIRECTION('',(-0.,0.,-1.));
#15316 = DIRECTION('',(-0.,-1.,0.));
#15317 = FACE_BOUND('',#15318,.T.);
#15318 = EDGE_LOOP('',(#15319));
#15319 = ORIENTED_EDGE('',*,*,#15320,.T.);
#15320 = EDGE_CURVE('',#15321,#15321,#15323,.T.);
#15321 = VERTEX_POINT('',#15322);
#15322 = CARTESIAN_POINT('',(187.02,-62.625,1.51));
#15323 = CIRCLE('',#15324,0.35);
#15324 = AXIS2_PLACEMENT_3D('',#15325,#15326,#15327);
#15325 = CARTESIAN_POINT('',(187.02,-62.275,1.51));
#15326 = DIRECTION('',(-0.,0.,-1.));
#15327 = DIRECTION('',(8.120488408687E-14,-1.,-0.));
#15328 = FACE_BOUND('',#15329,.T.);
#15329 = EDGE_LOOP('',(#15330));
#15330 = ORIENTED_EDGE('',*,*,#15331,.T.);
#15331 = EDGE_CURVE('',#15332,#15332,#15334,.T.);
#15332 = VERTEX_POINT('',#15333);
#15333 = CARTESIAN_POINT('',(188.29,-62.625,1.51));
#15334 = CIRCLE('',#15335,0.35);
#15335 = AXIS2_PLACEMENT_3D('',#15336,#15337,#15338);
#15336 = CARTESIAN_POINT('',(188.29,-62.275,1.51));
#15337 = DIRECTION('',(-0.,0.,-1.));
#15338 = DIRECTION('',(-0.,-1.,0.));
#15339 = FACE_BOUND('',#15340,.T.);
#15340 = EDGE_LOOP('',(#15341));
#15341 = ORIENTED_EDGE('',*,*,#15342,.T.);
#15342 = EDGE_CURVE('',#15343,#15343,#15345,.T.);
#15343 = VERTEX_POINT('',#15344);
#15344 = CARTESIAN_POINT('',(178.925,-56.6,1.51));
#15345 = CIRCLE('',#15346,0.3);
#15346 = AXIS2_PLACEMENT_3D('',#15347,#15348,#15349);
#15347 = CARTESIAN_POINT('',(178.925,-56.3,1.51));
#15348 = DIRECTION('',(-0.,0.,-1.));
#15349 = DIRECTION('',(-0.,-1.,0.));
#15350 = FACE_BOUND('',#15351,.T.);
#15351 = EDGE_LOOP('',(#15352));
#15352 = ORIENTED_EDGE('',*,*,#15353,.T.);
#15353 = EDGE_CURVE('',#15354,#15354,#15356,.T.);
#15354 = VERTEX_POINT('',#15355);
#15355 = CARTESIAN_POINT('',(178.925,-55.1,1.51));
#15356 = CIRCLE('',#15357,0.3);
#15357 = AXIS2_PLACEMENT_3D('',#15358,#15359,#15360);
#15358 = CARTESIAN_POINT('',(178.925,-54.8,1.51));
#15359 = DIRECTION('',(-0.,0.,-1.));
#15360 = DIRECTION('',(-0.,-1.,0.));
#15361 = FACE_BOUND('',#15362,.T.);
#15362 = EDGE_LOOP('',(#15363));
#15363 = ORIENTED_EDGE('',*,*,#15364,.T.);
#15364 = EDGE_CURVE('',#15365,#15365,#15367,.T.);
#15365 = VERTEX_POINT('',#15366);
#15366 = CARTESIAN_POINT('',(187.05,-57.65,1.51));
#15367 = CIRCLE('',#15368,0.65);
#15368 = AXIS2_PLACEMENT_3D('',#15369,#15370,#15371);
#15369 = CARTESIAN_POINT('',(187.05,-57.,1.51));
#15370 = DIRECTION('',(-0.,0.,-1.));
#15371 = DIRECTION('',(-0.,-1.,0.));
#15372 = FACE_BOUND('',#15373,.T.);
#15373 = EDGE_LOOP('',(#15374));
#15374 = ORIENTED_EDGE('',*,*,#15375,.T.);
#15375 = EDGE_CURVE('',#15376,#15376,#15378,.T.);
#15376 = VERTEX_POINT('',#15377);
#15377 = CARTESIAN_POINT('',(187.05,-52.65,1.51));
#15378 = CIRCLE('',#15379,0.65);
#15379 = AXIS2_PLACEMENT_3D('',#15380,#15381,#15382);
#15380 = CARTESIAN_POINT('',(187.05,-52.,1.51));
#15381 = DIRECTION('',(-0.,0.,-1.));
#15382 = DIRECTION('',(-0.,-1.,0.));
#15383 = PLANE('',#15384);
#15384 = AXIS2_PLACEMENT_3D('',#15385,#15386,#15387);
#15385 = CARTESIAN_POINT('',(0.,0.,1.51));
#15386 = DIRECTION('',(0.,0.,1.));
#15387 = DIRECTION('',(1.,0.,-0.));
#15388 = ADVANCED_FACE('',(#15389),#15395,.T.);
#15389 = FACE_BOUND('',#15390,.T.);
#15390 = EDGE_LOOP('',(#15391,#15392,#15393,#15394));
#15391 = ORIENTED_EDGE('',*,*,#14148,.T.);
#15392 = ORIENTED_EDGE('',*,*,#14783,.T.);
#15393 = ORIENTED_EDGE('',*,*,#14108,.F.);
#15394 = ORIENTED_EDGE('',*,*,#14172,.F.);
#15395 = PLANE('',#15396);
#15396 = AXIS2_PLACEMENT_3D('',#15397,#15398,#15399);
#15397 = CARTESIAN_POINT('',(141.825,-48.55,0.));
#15398 = DIRECTION('',(0.,1.,0.));
#15399 = DIRECTION('',(1.,0.,0.));
#15400 = ADVANCED_FACE('',(#15401),#15412,.F.);
#15401 = FACE_BOUND('',#15402,.T.);
#15402 = EDGE_LOOP('',(#15403,#15404,#15410,#15411));
#15403 = ORIENTED_EDGE('',*,*,#14181,.T.);
#15404 = ORIENTED_EDGE('',*,*,#15405,.T.);
#15405 = EDGE_CURVE('',#14182,#14793,#15406,.T.);
#15406 = LINE('',#15407,#15408);
#15407 = CARTESIAN_POINT('',(143.825,-91.805,-4.6E-02));
#15408 = VECTOR('',#15409,1.);
#15409 = DIRECTION('',(0.,0.,1.));
#15410 = ORIENTED_EDGE('',*,*,#14792,.F.);
#15411 = ORIENTED_EDGE('',*,*,#15405,.F.);
#15412 = CYLINDRICAL_SURFACE('',#15413,0.35);
#15413 = AXIS2_PLACEMENT_3D('',#15414,#15415,#15416);
#15414 = CARTESIAN_POINT('',(143.825,-91.455,-4.6E-02));
#15415 = DIRECTION('',(-0.,-0.,-1.));
#15416 = DIRECTION('',(-0.,-1.,0.));
#15417 = ADVANCED_FACE('',(#15418),#15429,.F.);
#15418 = FACE_BOUND('',#15419,.T.);
#15419 = EDGE_LOOP('',(#15420,#15421,#15427,#15428));
#15420 = ORIENTED_EDGE('',*,*,#14192,.T.);
#15421 = ORIENTED_EDGE('',*,*,#15422,.T.);
#15422 = EDGE_CURVE('',#14193,#14804,#15423,.T.);
#15423 = LINE('',#15424,#15425);
#15424 = CARTESIAN_POINT('',(143.825,-86.725,-4.6E-02));
#15425 = VECTOR('',#15426,1.);
#15426 = DIRECTION('',(0.,0.,1.));
#15427 = ORIENTED_EDGE('',*,*,#14803,.F.);
#15428 = ORIENTED_EDGE('',*,*,#15422,.F.);
#15429 = CYLINDRICAL_SURFACE('',#15430,0.35);
#15430 = AXIS2_PLACEMENT_3D('',#15431,#15432,#15433);
#15431 = CARTESIAN_POINT('',(143.825,-86.375,-4.6E-02));
#15432 = DIRECTION('',(-0.,-0.,-1.));
#15433 = DIRECTION('',(-0.,-1.,0.));
#15434 = ADVANCED_FACE('',(#15435),#15446,.F.);
#15435 = FACE_BOUND('',#15436,.T.);
#15436 = EDGE_LOOP('',(#15437,#15438,#15444,#15445));
#15437 = ORIENTED_EDGE('',*,*,#14203,.T.);
#15438 = ORIENTED_EDGE('',*,*,#15439,.T.);
#15439 = EDGE_CURVE('',#14204,#14815,#15440,.T.);
#15440 = LINE('',#15441,#15442);
#15441 = CARTESIAN_POINT('',(161.2,-91.9,-4.6E-02));
#15442 = VECTOR('',#15443,1.);
#15443 = DIRECTION('',(0.,0.,1.));
#15444 = ORIENTED_EDGE('',*,*,#14814,.F.);
#15445 = ORIENTED_EDGE('',*,*,#15439,.F.);
#15446 = CYLINDRICAL_SURFACE('',#15447,0.35);
#15447 = AXIS2_PLACEMENT_3D('',#15448,#15449,#15450);
#15448 = CARTESIAN_POINT('',(161.2,-91.55,-4.6E-02));
#15449 = DIRECTION('',(-0.,-0.,-1.));
#15450 = DIRECTION('',(-0.,-1.,0.));
#15451 = ADVANCED_FACE('',(#15452),#15463,.F.);
#15452 = FACE_BOUND('',#15453,.T.);
#15453 = EDGE_LOOP('',(#15454,#15455,#15461,#15462));
#15454 = ORIENTED_EDGE('',*,*,#14214,.T.);
#15455 = ORIENTED_EDGE('',*,*,#15456,.T.);
#15456 = EDGE_CURVE('',#14215,#14826,#15457,.T.);
#15457 = LINE('',#15458,#15459);
#15458 = CARTESIAN_POINT('',(161.2,-86.82,-4.6E-02));
#15459 = VECTOR('',#15460,1.);
#15460 = DIRECTION('',(0.,0.,1.));
#15461 = ORIENTED_EDGE('',*,*,#14825,.F.);
#15462 = ORIENTED_EDGE('',*,*,#15456,.F.);
#15463 = CYLINDRICAL_SURFACE('',#15464,0.35);
#15464 = AXIS2_PLACEMENT_3D('',#15465,#15466,#15467);
#15465 = CARTESIAN_POINT('',(161.2,-86.47,-4.6E-02));
#15466 = DIRECTION('',(-0.,-0.,-1.));
#15467 = DIRECTION('',(-0.,-1.,0.));
#15468 = ADVANCED_FACE('',(#15469),#15480,.F.);
#15469 = FACE_BOUND('',#15470,.T.);
#15470 = EDGE_LOOP('',(#15471,#15472,#15478,#15479));
#15471 = ORIENTED_EDGE('',*,*,#14225,.T.);
#15472 = ORIENTED_EDGE('',*,*,#15473,.T.);
#15473 = EDGE_CURVE('',#14226,#14837,#15474,.T.);
#15474 = LINE('',#15475,#15476);
#15475 = CARTESIAN_POINT('',(143.825,-84.605,-4.6E-02));
#15476 = VECTOR('',#15477,1.);
#15477 = DIRECTION('',(0.,0.,1.));
#15478 = ORIENTED_EDGE('',*,*,#14836,.F.);
#15479 = ORIENTED_EDGE('',*,*,#15473,.F.);
#15480 = CYLINDRICAL_SURFACE('',#15481,0.35);
#15481 = AXIS2_PLACEMENT_3D('',#15482,#15483,#15484);
#15482 = CARTESIAN_POINT('',(143.825,-84.255,-4.6E-02));
#15483 = DIRECTION('',(-0.,-0.,-1.));
#15484 = DIRECTION('',(-0.,-1.,0.));
#15485 = ADVANCED_FACE('',(#15486),#15497,.F.);
#15486 = FACE_BOUND('',#15487,.T.);
#15487 = EDGE_LOOP('',(#15488,#15489,#15495,#15496));
#15488 = ORIENTED_EDGE('',*,*,#14236,.T.);
#15489 = ORIENTED_EDGE('',*,*,#15490,.T.);
#15490 = EDGE_CURVE('',#14237,#14848,#15491,.T.);
#15491 = LINE('',#15492,#15493);
#15492 = CARTESIAN_POINT('',(143.825,-79.525,-4.6E-02));
#15493 = VECTOR('',#15494,1.);
#15494 = DIRECTION('',(0.,0.,1.));
#15495 = ORIENTED_EDGE('',*,*,#14847,.F.);
#15496 = ORIENTED_EDGE('',*,*,#15490,.F.);
#15497 = CYLINDRICAL_SURFACE('',#15498,0.35);
#15498 = AXIS2_PLACEMENT_3D('',#15499,#15500,#15501);
#15499 = CARTESIAN_POINT('',(143.825,-79.175,-4.6E-02));
#15500 = DIRECTION('',(-0.,-0.,-1.));
#15501 = DIRECTION('',(-0.,-1.,0.));
#15502 = ADVANCED_FACE('',(#15503),#15514,.F.);
#15503 = FACE_BOUND('',#15504,.T.);
#15504 = EDGE_LOOP('',(#15505,#15506,#15512,#15513));
#15505 = ORIENTED_EDGE('',*,*,#14247,.T.);
#15506 = ORIENTED_EDGE('',*,*,#15507,.T.);
#15507 = EDGE_CURVE('',#14248,#14859,#15508,.T.);
#15508 = LINE('',#15509,#15510);
#15509 = CARTESIAN_POINT('',(143.825,-77.38,-4.6E-02));
#15510 = VECTOR('',#15511,1.);
#15511 = DIRECTION('',(0.,0.,1.));
#15512 = ORIENTED_EDGE('',*,*,#14858,.F.);
#15513 = ORIENTED_EDGE('',*,*,#15507,.F.);
#15514 = CYLINDRICAL_SURFACE('',#15515,0.35);
#15515 = AXIS2_PLACEMENT_3D('',#15516,#15517,#15518);
#15516 = CARTESIAN_POINT('',(143.825,-77.03,-4.6E-02));
#15517 = DIRECTION('',(-0.,-0.,-1.));
#15518 = DIRECTION('',(-0.,-1.,0.));
#15519 = ADVANCED_FACE('',(#15520),#15531,.F.);
#15520 = FACE_BOUND('',#15521,.T.);
#15521 = EDGE_LOOP('',(#15522,#15523,#15529,#15530));
#15522 = ORIENTED_EDGE('',*,*,#14258,.T.);
#15523 = ORIENTED_EDGE('',*,*,#15524,.T.);
#15524 = EDGE_CURVE('',#14259,#14870,#15525,.T.);
#15525 = LINE('',#15526,#15527);
#15526 = CARTESIAN_POINT('',(161.2,-84.825,-4.6E-02));
#15527 = VECTOR('',#15528,1.);
#15528 = DIRECTION('',(0.,0.,1.));
#15529 = ORIENTED_EDGE('',*,*,#14869,.F.);
#15530 = ORIENTED_EDGE('',*,*,#15524,.F.);
#15531 = CYLINDRICAL_SURFACE('',#15532,0.35);
#15532 = AXIS2_PLACEMENT_3D('',#15533,#15534,#15535);
#15533 = CARTESIAN_POINT('',(161.2,-84.475,-4.6E-02));
#15534 = DIRECTION('',(-0.,-0.,-1.));
#15535 = DIRECTION('',(-0.,-1.,0.));
#15536 = ADVANCED_FACE('',(#15537),#15548,.F.);
#15537 = FACE_BOUND('',#15538,.T.);
#15538 = EDGE_LOOP('',(#15539,#15540,#15546,#15547));
#15539 = ORIENTED_EDGE('',*,*,#14269,.T.);
#15540 = ORIENTED_EDGE('',*,*,#15541,.T.);
#15541 = EDGE_CURVE('',#14270,#14881,#15542,.T.);
#15542 = LINE('',#15543,#15544);
#15543 = CARTESIAN_POINT('',(161.2,-79.745,-4.6E-02));
#15544 = VECTOR('',#15545,1.);
#15545 = DIRECTION('',(0.,0.,1.));
#15546 = ORIENTED_EDGE('',*,*,#14880,.F.);
#15547 = ORIENTED_EDGE('',*,*,#15541,.F.);
#15548 = CYLINDRICAL_SURFACE('',#15549,0.35);
#15549 = AXIS2_PLACEMENT_3D('',#15550,#15551,#15552);
#15550 = CARTESIAN_POINT('',(161.2,-79.395,-4.6E-02));
#15551 = DIRECTION('',(-0.,-0.,-1.));
#15552 = DIRECTION('',(-0.,-1.,0.));
#15553 = ADVANCED_FACE('',(#15554),#15565,.F.);
#15554 = FACE_BOUND('',#15555,.T.);
#15555 = EDGE_LOOP('',(#15556,#15557,#15563,#15564));
#15556 = ORIENTED_EDGE('',*,*,#14280,.T.);
#15557 = ORIENTED_EDGE('',*,*,#15558,.T.);
#15558 = EDGE_CURVE('',#14281,#14892,#15559,.T.);
#15559 = LINE('',#15560,#15561);
#15560 = CARTESIAN_POINT('',(161.15,-77.525,-4.6E-02));
#15561 = VECTOR('',#15562,1.);
#15562 = DIRECTION('',(0.,0.,1.));
#15563 = ORIENTED_EDGE('',*,*,#14891,.F.);
#15564 = ORIENTED_EDGE('',*,*,#15558,.F.);
#15565 = CYLINDRICAL_SURFACE('',#15566,0.35);
#15566 = AXIS2_PLACEMENT_3D('',#15567,#15568,#15569);
#15567 = CARTESIAN_POINT('',(161.15,-77.175,-4.6E-02));
#15568 = DIRECTION('',(-0.,-0.,-1.));
#15569 = DIRECTION('',(-0.,-1.,0.));
#15570 = ADVANCED_FACE('',(#15571),#15582,.F.);
#15571 = FACE_BOUND('',#15572,.T.);
#15572 = EDGE_LOOP('',(#15573,#15574,#15580,#15581));
#15573 = ORIENTED_EDGE('',*,*,#14291,.T.);
#15574 = ORIENTED_EDGE('',*,*,#15575,.T.);
#15575 = EDGE_CURVE('',#14292,#14903,#15576,.T.);
#15576 = LINE('',#15577,#15578);
#15577 = CARTESIAN_POINT('',(178.525,-91.815,-4.6E-02));
#15578 = VECTOR('',#15579,1.);
#15579 = DIRECTION('',(0.,0.,1.));
#15580 = ORIENTED_EDGE('',*,*,#14902,.F.);
#15581 = ORIENTED_EDGE('',*,*,#15575,.F.);
#15582 = CYLINDRICAL_SURFACE('',#15583,0.35);
#15583 = AXIS2_PLACEMENT_3D('',#15584,#15585,#15586);
#15584 = CARTESIAN_POINT('',(178.525,-91.465,-4.6E-02));
#15585 = DIRECTION('',(-0.,-0.,-1.));
#15586 = DIRECTION('',(-0.,-1.,0.));
#15587 = ADVANCED_FACE('',(#15588),#15599,.F.);
#15588 = FACE_BOUND('',#15589,.T.);
#15589 = EDGE_LOOP('',(#15590,#15591,#15597,#15598));
#15590 = ORIENTED_EDGE('',*,*,#14302,.T.);
#15591 = ORIENTED_EDGE('',*,*,#15592,.T.);
#15592 = EDGE_CURVE('',#14303,#14914,#15593,.T.);
#15593 = LINE('',#15594,#15595);
#15594 = CARTESIAN_POINT('',(189.,-96.625,-4.6E-02));
#15595 = VECTOR('',#15596,1.);
#15596 = DIRECTION('',(0.,0.,1.));
#15597 = ORIENTED_EDGE('',*,*,#14913,.F.);
#15598 = ORIENTED_EDGE('',*,*,#15592,.F.);
#15599 = CYLINDRICAL_SURFACE('',#15600,1.05);
#15600 = AXIS2_PLACEMENT_3D('',#15601,#15602,#15603);
#15601 = CARTESIAN_POINT('',(189.,-95.575,-4.6E-02));
#15602 = DIRECTION('',(-0.,-0.,-1.));
#15603 = DIRECTION('',(-0.,-1.,0.));
#15604 = ADVANCED_FACE('',(#15605),#15616,.F.);
#15605 = FACE_BOUND('',#15606,.T.);
#15606 = EDGE_LOOP('',(#15607,#15608,#15614,#15615));
#15607 = ORIENTED_EDGE('',*,*,#14313,.T.);
#15608 = ORIENTED_EDGE('',*,*,#15609,.T.);
#15609 = EDGE_CURVE('',#14314,#14925,#15610,.T.);
#15610 = LINE('',#15611,#15612);
#15611 = CARTESIAN_POINT('',(178.525,-86.735,-4.6E-02));
#15612 = VECTOR('',#15613,1.);
#15613 = DIRECTION('',(0.,0.,1.));
#15614 = ORIENTED_EDGE('',*,*,#14924,.F.);
#15615 = ORIENTED_EDGE('',*,*,#15609,.F.);
#15616 = CYLINDRICAL_SURFACE('',#15617,0.35);
#15617 = AXIS2_PLACEMENT_3D('',#15618,#15619,#15620);
#15618 = CARTESIAN_POINT('',(178.525,-86.385,-4.6E-02));
#15619 = DIRECTION('',(-0.,-0.,-1.));
#15620 = DIRECTION('',(-0.,-1.,0.));
#15621 = ADVANCED_FACE('',(#15622),#15633,.F.);
#15622 = FACE_BOUND('',#15623,.T.);
#15623 = EDGE_LOOP('',(#15624,#15625,#15631,#15632));
#15624 = ORIENTED_EDGE('',*,*,#14324,.T.);
#15625 = ORIENTED_EDGE('',*,*,#15626,.T.);
#15626 = EDGE_CURVE('',#14325,#14936,#15627,.T.);
#15627 = LINE('',#15628,#15629);
#15628 = CARTESIAN_POINT('',(178.55,-84.73,-4.6E-02));
#15629 = VECTOR('',#15630,1.);
#15630 = DIRECTION('',(0.,0.,1.));
#15631 = ORIENTED_EDGE('',*,*,#14935,.F.);
#15632 = ORIENTED_EDGE('',*,*,#15626,.F.);
#15633 = CYLINDRICAL_SURFACE('',#15634,0.35);
#15634 = AXIS2_PLACEMENT_3D('',#15635,#15636,#15637);
#15635 = CARTESIAN_POINT('',(178.55,-84.38,-4.6E-02));
#15636 = DIRECTION('',(-0.,-0.,-1.));
#15637 = DIRECTION('',(-0.,-1.,0.));
#15638 = ADVANCED_FACE('',(#15639),#15650,.F.);
#15639 = FACE_BOUND('',#15640,.T.);
#15640 = EDGE_LOOP('',(#15641,#15642,#15648,#15649));
#15641 = ORIENTED_EDGE('',*,*,#14335,.T.);
#15642 = ORIENTED_EDGE('',*,*,#15643,.T.);
#15643 = EDGE_CURVE('',#14336,#14947,#15644,.T.);
#15644 = LINE('',#15645,#15646);
#15645 = CARTESIAN_POINT('',(178.55,-79.65,-4.6E-02));
#15646 = VECTOR('',#15647,1.);
#15647 = DIRECTION('',(0.,0.,1.));
#15648 = ORIENTED_EDGE('',*,*,#14946,.F.);
#15649 = ORIENTED_EDGE('',*,*,#15643,.F.);
#15650 = CYLINDRICAL_SURFACE('',#15651,0.35);
#15651 = AXIS2_PLACEMENT_3D('',#15652,#15653,#15654);
#15652 = CARTESIAN_POINT('',(178.55,-79.3,-4.6E-02));
#15653 = DIRECTION('',(-0.,-0.,-1.));
#15654 = DIRECTION('',(-0.,-1.,0.));
#15655 = ADVANCED_FACE('',(#15656),#15667,.F.);
#15656 = FACE_BOUND('',#15657,.T.);
#15657 = EDGE_LOOP('',(#15658,#15659,#15665,#15666));
#15658 = ORIENTED_EDGE('',*,*,#14346,.T.);
#15659 = ORIENTED_EDGE('',*,*,#15660,.T.);
#15660 = EDGE_CURVE('',#14347,#14958,#15661,.T.);
#15661 = LINE('',#15662,#15663);
#15662 = CARTESIAN_POINT('',(178.575,-77.655,-4.6E-02));
#15663 = VECTOR('',#15664,1.);
#15664 = DIRECTION('',(0.,0.,1.));
#15665 = ORIENTED_EDGE('',*,*,#14957,.F.);
#15666 = ORIENTED_EDGE('',*,*,#15660,.F.);
#15667 = CYLINDRICAL_SURFACE('',#15668,0.35);
#15668 = AXIS2_PLACEMENT_3D('',#15669,#15670,#15671);
#15669 = CARTESIAN_POINT('',(178.575,-77.305,-4.6E-02));
#15670 = DIRECTION('',(-0.,-0.,-1.));
#15671 = DIRECTION('',(-0.,-1.,0.));
#15672 = ADVANCED_FACE('',(#15673),#15684,.F.);
#15673 = FACE_BOUND('',#15674,.T.);
#15674 = EDGE_LOOP('',(#15675,#15676,#15682,#15683));
#15675 = ORIENTED_EDGE('',*,*,#14357,.T.);
#15676 = ORIENTED_EDGE('',*,*,#15677,.T.);
#15677 = EDGE_CURVE('',#14358,#14969,#15678,.T.);
#15678 = LINE('',#15679,#15680);
#15679 = CARTESIAN_POINT('',(143.825,-72.3,-4.6E-02));
#15680 = VECTOR('',#15681,1.);
#15681 = DIRECTION('',(0.,0.,1.));
#15682 = ORIENTED_EDGE('',*,*,#14968,.F.);
#15683 = ORIENTED_EDGE('',*,*,#15677,.F.);
#15684 = CYLINDRICAL_SURFACE('',#15685,0.35);
#15685 = AXIS2_PLACEMENT_3D('',#15686,#15687,#15688);
#15686 = CARTESIAN_POINT('',(143.825,-71.95,-4.6E-02));
#15687 = DIRECTION('',(-0.,-0.,-1.));
#15688 = DIRECTION('',(-0.,-1.,0.));
#15689 = ADVANCED_FACE('',(#15690),#15701,.F.);
#15690 = FACE_BOUND('',#15691,.T.);
#15691 = EDGE_LOOP('',(#15692,#15693,#15699,#15700));
#15692 = ORIENTED_EDGE('',*,*,#14368,.T.);
#15693 = ORIENTED_EDGE('',*,*,#15694,.T.);
#15694 = EDGE_CURVE('',#14369,#14980,#15695,.T.);
#15695 = LINE('',#15696,#15697);
#15696 = CARTESIAN_POINT('',(143.825,-70.035,-4.6E-02));
#15697 = VECTOR('',#15698,1.);
#15698 = DIRECTION('',(0.,0.,1.));
#15699 = ORIENTED_EDGE('',*,*,#14979,.F.);
#15700 = ORIENTED_EDGE('',*,*,#15694,.F.);
#15701 = CYLINDRICAL_SURFACE('',#15702,0.35);
#15702 = AXIS2_PLACEMENT_3D('',#15703,#15704,#15705);
#15703 = CARTESIAN_POINT('',(143.825,-69.685,-4.6E-02));
#15704 = DIRECTION('',(-0.,-0.,-1.));
#15705 = DIRECTION('',(-0.,-1.,0.));
#15706 = ADVANCED_FACE('',(#15707),#15718,.F.);
#15707 = FACE_BOUND('',#15708,.T.);
#15708 = EDGE_LOOP('',(#15709,#15710,#15716,#15717));
#15709 = ORIENTED_EDGE('',*,*,#14379,.T.);
#15710 = ORIENTED_EDGE('',*,*,#15711,.T.);
#15711 = EDGE_CURVE('',#14380,#14991,#15712,.T.);
#15712 = LINE('',#15713,#15714);
#15713 = CARTESIAN_POINT('',(143.825,-64.955,-4.6E-02));
#15714 = VECTOR('',#15715,1.);
#15715 = DIRECTION('',(0.,0.,1.));
#15716 = ORIENTED_EDGE('',*,*,#14990,.F.);
#15717 = ORIENTED_EDGE('',*,*,#15711,.F.);
#15718 = CYLINDRICAL_SURFACE('',#15719,0.35);
#15719 = AXIS2_PLACEMENT_3D('',#15720,#15721,#15722);
#15720 = CARTESIAN_POINT('',(143.825,-64.605,-4.6E-02));
#15721 = DIRECTION('',(-0.,-0.,-1.));
#15722 = DIRECTION('',(-0.,-1.,0.));
#15723 = ADVANCED_FACE('',(#15724),#15735,.F.);
#15724 = FACE_BOUND('',#15725,.T.);
#15725 = EDGE_LOOP('',(#15726,#15727,#15733,#15734));
#15726 = ORIENTED_EDGE('',*,*,#14390,.T.);
#15727 = ORIENTED_EDGE('',*,*,#15728,.T.);
#15728 = EDGE_CURVE('',#14391,#15002,#15729,.T.);
#15729 = LINE('',#15730,#15731);
#15730 = CARTESIAN_POINT('',(161.15,-72.445,-4.6E-02));
#15731 = VECTOR('',#15732,1.);
#15732 = DIRECTION('',(0.,0.,1.));
#15733 = ORIENTED_EDGE('',*,*,#15001,.F.);
#15734 = ORIENTED_EDGE('',*,*,#15728,.F.);
#15735 = CYLINDRICAL_SURFACE('',#15736,0.35);
#15736 = AXIS2_PLACEMENT_3D('',#15737,#15738,#15739);
#15737 = CARTESIAN_POINT('',(161.15,-72.095,-4.6E-02));
#15738 = DIRECTION('',(-0.,-0.,-1.));
#15739 = DIRECTION('',(-0.,-1.,0.));
#15740 = ADVANCED_FACE('',(#15741),#15752,.F.);
#15741 = FACE_BOUND('',#15742,.T.);
#15742 = EDGE_LOOP('',(#15743,#15744,#15750,#15751));
#15743 = ORIENTED_EDGE('',*,*,#14401,.T.);
#15744 = ORIENTED_EDGE('',*,*,#15745,.T.);
#15745 = EDGE_CURVE('',#14402,#15013,#15746,.T.);
#15746 = LINE('',#15747,#15748);
#15747 = CARTESIAN_POINT('',(161.125,-70.3,-4.6E-02));
#15748 = VECTOR('',#15749,1.);
#15749 = DIRECTION('',(0.,0.,1.));
#15750 = ORIENTED_EDGE('',*,*,#15012,.F.);
#15751 = ORIENTED_EDGE('',*,*,#15745,.F.);
#15752 = CYLINDRICAL_SURFACE('',#15753,0.35);
#15753 = AXIS2_PLACEMENT_3D('',#15754,#15755,#15756);
#15754 = CARTESIAN_POINT('',(161.125,-69.95,-4.6E-02));
#15755 = DIRECTION('',(-0.,-0.,-1.));
#15756 = DIRECTION('',(-0.,-1.,0.));
#15757 = ADVANCED_FACE('',(#15758),#15769,.F.);
#15758 = FACE_BOUND('',#15759,.T.);
#15759 = EDGE_LOOP('',(#15760,#15761,#15767,#15768));
#15760 = ORIENTED_EDGE('',*,*,#14412,.T.);
#15761 = ORIENTED_EDGE('',*,*,#15762,.T.);
#15762 = EDGE_CURVE('',#14413,#15024,#15763,.T.);
#15763 = LINE('',#15764,#15765);
#15764 = CARTESIAN_POINT('',(161.125,-65.22,-4.6E-02));
#15765 = VECTOR('',#15766,1.);
#15766 = DIRECTION('',(0.,0.,1.));
#15767 = ORIENTED_EDGE('',*,*,#15023,.F.);
#15768 = ORIENTED_EDGE('',*,*,#15762,.F.);
#15769 = CYLINDRICAL_SURFACE('',#15770,0.35);
#15770 = AXIS2_PLACEMENT_3D('',#15771,#15772,#15773);
#15771 = CARTESIAN_POINT('',(161.125,-64.87,-4.6E-02));
#15772 = DIRECTION('',(-0.,-0.,-1.));
#15773 = DIRECTION('',(-0.,-1.,0.));
#15774 = ADVANCED_FACE('',(#15775),#15786,.F.);
#15775 = FACE_BOUND('',#15776,.T.);
#15776 = EDGE_LOOP('',(#15777,#15778,#15784,#15785));
#15777 = ORIENTED_EDGE('',*,*,#14423,.T.);
#15778 = ORIENTED_EDGE('',*,*,#15779,.T.);
#15779 = EDGE_CURVE('',#14424,#15035,#15780,.T.);
#15780 = LINE('',#15781,#15782);
#15781 = CARTESIAN_POINT('',(149.34,-62.2,-4.6E-02));
#15782 = VECTOR('',#15783,1.);
#15783 = DIRECTION('',(0.,0.,1.));
#15784 = ORIENTED_EDGE('',*,*,#15034,.F.);
#15785 = ORIENTED_EDGE('',*,*,#15779,.F.);
#15786 = CYLINDRICAL_SURFACE('',#15787,0.35);
#15787 = AXIS2_PLACEMENT_3D('',#15788,#15789,#15790);
#15788 = CARTESIAN_POINT('',(149.34,-61.85,-4.6E-02));
#15789 = DIRECTION('',(-0.,-0.,-1.));
#15790 = DIRECTION('',(-0.,-1.,0.));
#15791 = ADVANCED_FACE('',(#15792),#15803,.F.);
#15792 = FACE_BOUND('',#15793,.T.);
#15793 = EDGE_LOOP('',(#15794,#15795,#15801,#15802));
#15794 = ORIENTED_EDGE('',*,*,#14434,.T.);
#15795 = ORIENTED_EDGE('',*,*,#15796,.T.);
#15796 = EDGE_CURVE('',#14435,#15046,#15797,.T.);
#15797 = LINE('',#15798,#15799);
#15798 = CARTESIAN_POINT('',(150.61,-62.2,-4.6E-02));
#15799 = VECTOR('',#15800,1.);
#15800 = DIRECTION('',(0.,0.,1.));
#15801 = ORIENTED_EDGE('',*,*,#15045,.F.);
#15802 = ORIENTED_EDGE('',*,*,#15796,.F.);
#15803 = CYLINDRICAL_SURFACE('',#15804,0.35);
#15804 = AXIS2_PLACEMENT_3D('',#15805,#15806,#15807);
#15805 = CARTESIAN_POINT('',(150.61,-61.85,-4.6E-02));
#15806 = DIRECTION('',(-0.,-0.,-1.));
#15807 = DIRECTION('',(-0.,-1.,0.));
#15808 = ADVANCED_FACE('',(#15809),#15820,.F.);
#15809 = FACE_BOUND('',#15810,.T.);
#15810 = EDGE_LOOP('',(#15811,#15812,#15818,#15819));
#15811 = ORIENTED_EDGE('',*,*,#14445,.T.);
#15812 = ORIENTED_EDGE('',*,*,#15813,.T.);
#15813 = EDGE_CURVE('',#14446,#15057,#15814,.T.);
#15814 = LINE('',#15815,#15816);
#15815 = CARTESIAN_POINT('',(151.88,-62.2,-4.6E-02));
#15816 = VECTOR('',#15817,1.);
#15817 = DIRECTION('',(0.,0.,1.));
#15818 = ORIENTED_EDGE('',*,*,#15056,.F.);
#15819 = ORIENTED_EDGE('',*,*,#15813,.F.);
#15820 = CYLINDRICAL_SURFACE('',#15821,0.35);
#15821 = AXIS2_PLACEMENT_3D('',#15822,#15823,#15824);
#15822 = CARTESIAN_POINT('',(151.88,-61.85,-4.6E-02));
#15823 = DIRECTION('',(-0.,-0.,-1.));
#15824 = DIRECTION('',(-0.,-1.,0.));
#15825 = ADVANCED_FACE('',(#15826),#15837,.F.);
#15826 = FACE_BOUND('',#15827,.T.);
#15827 = EDGE_LOOP('',(#15828,#15829,#15835,#15836));
#15828 = ORIENTED_EDGE('',*,*,#14456,.T.);
#15829 = ORIENTED_EDGE('',*,*,#15830,.T.);
#15830 = EDGE_CURVE('',#14457,#15068,#15831,.T.);
#15831 = LINE('',#15832,#15833);
#15832 = CARTESIAN_POINT('',(153.15,-62.2,-4.6E-02));
#15833 = VECTOR('',#15834,1.);
#15834 = DIRECTION('',(0.,0.,1.));
#15835 = ORIENTED_EDGE('',*,*,#15067,.F.);
#15836 = ORIENTED_EDGE('',*,*,#15830,.F.);
#15837 = CYLINDRICAL_SURFACE('',#15838,0.35);
#15838 = AXIS2_PLACEMENT_3D('',#15839,#15840,#15841);
#15839 = CARTESIAN_POINT('',(153.15,-61.85,-4.6E-02));
#15840 = DIRECTION('',(-0.,-0.,-1.));
#15841 = DIRECTION('',(-0.,-1.,0.));
#15842 = ADVANCED_FACE('',(#15843),#15854,.F.);
#15843 = FACE_BOUND('',#15844,.T.);
#15844 = EDGE_LOOP('',(#15845,#15846,#15852,#15853));
#15845 = ORIENTED_EDGE('',*,*,#14467,.T.);
#15846 = ORIENTED_EDGE('',*,*,#15847,.T.);
#15847 = EDGE_CURVE('',#14468,#15079,#15848,.T.);
#15848 = LINE('',#15849,#15850);
#15849 = CARTESIAN_POINT('',(147.8,-54.7,-4.6E-02));
#15850 = VECTOR('',#15851,1.);
#15851 = DIRECTION('',(0.,0.,1.));
#15852 = ORIENTED_EDGE('',*,*,#15078,.F.);
#15853 = ORIENTED_EDGE('',*,*,#15847,.F.);
#15854 = CYLINDRICAL_SURFACE('',#15855,1.05);
#15855 = AXIS2_PLACEMENT_3D('',#15856,#15857,#15858);
#15856 = CARTESIAN_POINT('',(147.8,-53.65,-4.6E-02));
#15857 = DIRECTION('',(-0.,-0.,-1.));
#15858 = DIRECTION('',(-0.,-1.,0.));
#15859 = ADVANCED_FACE('',(#15860),#15871,.F.);
#15860 = FACE_BOUND('',#15861,.T.);
#15861 = EDGE_LOOP('',(#15862,#15863,#15869,#15870));
#15862 = ORIENTED_EDGE('',*,*,#14478,.T.);
#15863 = ORIENTED_EDGE('',*,*,#15864,.T.);
#15864 = EDGE_CURVE('',#14479,#15090,#15865,.T.);
#15865 = LINE('',#15866,#15867);
#15866 = CARTESIAN_POINT('',(166.715,-62.35,-4.6E-02));
#15867 = VECTOR('',#15868,1.);
#15868 = DIRECTION('',(0.,0.,1.));
#15869 = ORIENTED_EDGE('',*,*,#15089,.F.);
#15870 = ORIENTED_EDGE('',*,*,#15864,.F.);
#15871 = CYLINDRICAL_SURFACE('',#15872,0.35);
#15872 = AXIS2_PLACEMENT_3D('',#15873,#15874,#15875);
#15873 = CARTESIAN_POINT('',(166.715,-62.,-4.6E-02));
#15874 = DIRECTION('',(-0.,-0.,-1.));
#15875 = DIRECTION('',(-0.,-1.,0.));
#15876 = ADVANCED_FACE('',(#15877),#15888,.F.);
#15877 = FACE_BOUND('',#15878,.T.);
#15878 = EDGE_LOOP('',(#15879,#15880,#15886,#15887));
#15879 = ORIENTED_EDGE('',*,*,#14489,.T.);
#15880 = ORIENTED_EDGE('',*,*,#15881,.T.);
#15881 = EDGE_CURVE('',#14490,#15101,#15882,.T.);
#15882 = LINE('',#15883,#15884);
#15883 = CARTESIAN_POINT('',(178.575,-72.575,-4.6E-02));
#15884 = VECTOR('',#15885,1.);
#15885 = DIRECTION('',(0.,0.,1.));
#15886 = ORIENTED_EDGE('',*,*,#15100,.F.);
#15887 = ORIENTED_EDGE('',*,*,#15881,.F.);
#15888 = CYLINDRICAL_SURFACE('',#15889,0.35);
#15889 = AXIS2_PLACEMENT_3D('',#15890,#15891,#15892);
#15890 = CARTESIAN_POINT('',(178.575,-72.225,-4.6E-02));
#15891 = DIRECTION('',(-0.,-0.,-1.));
#15892 = DIRECTION('',(-0.,-1.,0.));
#15893 = ADVANCED_FACE('',(#15894),#15905,.F.);
#15894 = FACE_BOUND('',#15895,.T.);
#15895 = EDGE_LOOP('',(#15896,#15897,#15903,#15904));
#15896 = ORIENTED_EDGE('',*,*,#14500,.T.);
#15897 = ORIENTED_EDGE('',*,*,#15898,.T.);
#15898 = EDGE_CURVE('',#14501,#15112,#15899,.T.);
#15899 = LINE('',#15900,#15901);
#15900 = CARTESIAN_POINT('',(178.575,-70.605,-4.6E-02));
#15901 = VECTOR('',#15902,1.);
#15902 = DIRECTION('',(0.,0.,1.));
#15903 = ORIENTED_EDGE('',*,*,#15111,.F.);
#15904 = ORIENTED_EDGE('',*,*,#15898,.F.);
#15905 = CYLINDRICAL_SURFACE('',#15906,0.35);
#15906 = AXIS2_PLACEMENT_3D('',#15907,#15908,#15909);
#15907 = CARTESIAN_POINT('',(178.575,-70.255,-4.6E-02));
#15908 = DIRECTION('',(-0.,-0.,-1.));
#15909 = DIRECTION('',(-0.,-1.,0.));
#15910 = ADVANCED_FACE('',(#15911),#15922,.F.);
#15911 = FACE_BOUND('',#15912,.T.);
#15912 = EDGE_LOOP('',(#15913,#15914,#15920,#15921));
#15913 = ORIENTED_EDGE('',*,*,#14511,.T.);
#15914 = ORIENTED_EDGE('',*,*,#15915,.T.);
#15915 = EDGE_CURVE('',#14512,#15123,#15916,.T.);
#15916 = LINE('',#15917,#15918);
#15917 = CARTESIAN_POINT('',(178.575,-65.525,-4.6E-02));
#15918 = VECTOR('',#15919,1.);
#15919 = DIRECTION('',(0.,0.,1.));
#15920 = ORIENTED_EDGE('',*,*,#15122,.F.);
#15921 = ORIENTED_EDGE('',*,*,#15915,.F.);
#15922 = CYLINDRICAL_SURFACE('',#15923,0.35);
#15923 = AXIS2_PLACEMENT_3D('',#15924,#15925,#15926);
#15924 = CARTESIAN_POINT('',(178.575,-65.175,-4.6E-02));
#15925 = DIRECTION('',(-0.,-0.,-1.));
#15926 = DIRECTION('',(-0.,-1.,0.));
#15927 = ADVANCED_FACE('',(#15928),#15939,.F.);
#15928 = FACE_BOUND('',#15929,.T.);
#15929 = EDGE_LOOP('',(#15930,#15931,#15937,#15938));
#15930 = ORIENTED_EDGE('',*,*,#14522,.T.);
#15931 = ORIENTED_EDGE('',*,*,#15932,.T.);
#15932 = EDGE_CURVE('',#14523,#15134,#15933,.T.);
#15933 = LINE('',#15934,#15935);
#15934 = CARTESIAN_POINT('',(167.985,-62.35,-4.6E-02));
#15935 = VECTOR('',#15936,1.);
#15936 = DIRECTION('',(0.,0.,1.));
#15937 = ORIENTED_EDGE('',*,*,#15133,.F.);
#15938 = ORIENTED_EDGE('',*,*,#15932,.F.);
#15939 = CYLINDRICAL_SURFACE('',#15940,0.35);
#15940 = AXIS2_PLACEMENT_3D('',#15941,#15942,#15943);
#15941 = CARTESIAN_POINT('',(167.985,-62.,-4.6E-02));
#15942 = DIRECTION('',(-0.,-0.,-1.));
#15943 = DIRECTION('',(-0.,-1.,0.));
#15944 = ADVANCED_FACE('',(#15945),#15956,.F.);
#15945 = FACE_BOUND('',#15946,.T.);
#15946 = EDGE_LOOP('',(#15947,#15948,#15954,#15955));
#15947 = ORIENTED_EDGE('',*,*,#14533,.T.);
#15948 = ORIENTED_EDGE('',*,*,#15949,.T.);
#15949 = EDGE_CURVE('',#14534,#15145,#15950,.T.);
#15950 = LINE('',#15951,#15952);
#15951 = CARTESIAN_POINT('',(169.255,-62.35,-4.6E-02));
#15952 = VECTOR('',#15953,1.);
#15953 = DIRECTION('',(0.,0.,1.));
#15954 = ORIENTED_EDGE('',*,*,#15144,.F.);
#15955 = ORIENTED_EDGE('',*,*,#15949,.F.);
#15956 = CYLINDRICAL_SURFACE('',#15957,0.35);
#15957 = AXIS2_PLACEMENT_3D('',#15958,#15959,#15960);
#15958 = CARTESIAN_POINT('',(169.255,-62.,-4.6E-02));
#15959 = DIRECTION('',(-0.,-0.,-1.));
#15960 = DIRECTION('',(-0.,-1.,0.));
#15961 = ADVANCED_FACE('',(#15962),#15973,.F.);
#15962 = FACE_BOUND('',#15963,.T.);
#15963 = EDGE_LOOP('',(#15964,#15965,#15971,#15972));
#15964 = ORIENTED_EDGE('',*,*,#14544,.T.);
#15965 = ORIENTED_EDGE('',*,*,#15966,.T.);
#15966 = EDGE_CURVE('',#14545,#15156,#15967,.T.);
#15967 = LINE('',#15968,#15969);
#15968 = CARTESIAN_POINT('',(170.525,-62.35,-4.6E-02));
#15969 = VECTOR('',#15970,1.);
#15970 = DIRECTION('',(0.,0.,1.));
#15971 = ORIENTED_EDGE('',*,*,#15155,.F.);
#15972 = ORIENTED_EDGE('',*,*,#15966,.F.);
#15973 = CYLINDRICAL_SURFACE('',#15974,0.35);
#15974 = AXIS2_PLACEMENT_3D('',#15975,#15976,#15977);
#15975 = CARTESIAN_POINT('',(170.525,-62.,-4.6E-02));
#15976 = DIRECTION('',(-0.,-0.,-1.));
#15977 = DIRECTION('',(-0.,-1.,0.));
#15978 = ADVANCED_FACE('',(#15979),#15990,.F.);
#15979 = FACE_BOUND('',#15980,.T.);
#15980 = EDGE_LOOP('',(#15981,#15982,#15988,#15989));
#15981 = ORIENTED_EDGE('',*,*,#14555,.T.);
#15982 = ORIENTED_EDGE('',*,*,#15983,.T.);
#15983 = EDGE_CURVE('',#14556,#15167,#15984,.T.);
#15984 = LINE('',#15985,#15986);
#15985 = CARTESIAN_POINT('',(166.775,-58.5,-4.6E-02));
#15986 = VECTOR('',#15987,1.);
#15987 = DIRECTION('',(0.,0.,1.));
#15988 = ORIENTED_EDGE('',*,*,#15166,.F.);
#15989 = ORIENTED_EDGE('',*,*,#15983,.F.);
#15990 = CYLINDRICAL_SURFACE('',#15991,0.35);
#15991 = AXIS2_PLACEMENT_3D('',#15992,#15993,#15994);
#15992 = CARTESIAN_POINT('',(166.775,-58.15,-4.6E-02));
#15993 = DIRECTION('',(-0.,-0.,-1.));
#15994 = DIRECTION('',(-0.,-1.,0.));
#15995 = ADVANCED_FACE('',(#15996),#16007,.F.);
#15996 = FACE_BOUND('',#15997,.T.);
#15997 = EDGE_LOOP('',(#15998,#15999,#16005,#16006));
#15998 = ORIENTED_EDGE('',*,*,#14566,.T.);
#15999 = ORIENTED_EDGE('',*,*,#16000,.T.);
#16000 = EDGE_CURVE('',#14567,#15178,#16001,.T.);
#16001 = LINE('',#16002,#16003);
#16002 = CARTESIAN_POINT('',(168.045,-58.5,-4.6E-02));
#16003 = VECTOR('',#16004,1.);
#16004 = DIRECTION('',(0.,0.,1.));
#16005 = ORIENTED_EDGE('',*,*,#15177,.F.);
#16006 = ORIENTED_EDGE('',*,*,#16000,.F.);
#16007 = CYLINDRICAL_SURFACE('',#16008,0.35);
#16008 = AXIS2_PLACEMENT_3D('',#16009,#16010,#16011);
#16009 = CARTESIAN_POINT('',(168.045,-58.15,-4.6E-02));
#16010 = DIRECTION('',(-0.,-0.,-1.));
#16011 = DIRECTION('',(-8.120488408687E-14,-1.,0.));
#16012 = ADVANCED_FACE('',(#16013),#16024,.F.);
#16013 = FACE_BOUND('',#16014,.T.);
#16014 = EDGE_LOOP('',(#16015,#16016,#16022,#16023));
#16015 = ORIENTED_EDGE('',*,*,#14577,.T.);
#16016 = ORIENTED_EDGE('',*,*,#16017,.T.);
#16017 = EDGE_CURVE('',#14578,#15189,#16018,.T.);
#16018 = LINE('',#16019,#16020);
#16019 = CARTESIAN_POINT('',(169.315,-58.5,-4.6E-02));
#16020 = VECTOR('',#16021,1.);
#16021 = DIRECTION('',(0.,0.,1.));
#16022 = ORIENTED_EDGE('',*,*,#15188,.F.);
#16023 = ORIENTED_EDGE('',*,*,#16017,.F.);
#16024 = CYLINDRICAL_SURFACE('',#16025,0.35);
#16025 = AXIS2_PLACEMENT_3D('',#16026,#16027,#16028);
#16026 = CARTESIAN_POINT('',(169.315,-58.15,-4.6E-02));
#16027 = DIRECTION('',(-0.,-0.,-1.));
#16028 = DIRECTION('',(-0.,-1.,0.));
#16029 = ADVANCED_FACE('',(#16030),#16041,.F.);
#16030 = FACE_BOUND('',#16031,.T.);
#16031 = EDGE_LOOP('',(#16032,#16033,#16039,#16040));
#16032 = ORIENTED_EDGE('',*,*,#14588,.T.);
#16033 = ORIENTED_EDGE('',*,*,#16034,.T.);
#16034 = EDGE_CURVE('',#14589,#15200,#16035,.T.);
#16035 = LINE('',#16036,#16037);
#16036 = CARTESIAN_POINT('',(170.585,-58.5,-4.6E-02));
#16037 = VECTOR('',#16038,1.);
#16038 = DIRECTION('',(0.,0.,1.));
#16039 = ORIENTED_EDGE('',*,*,#15199,.F.);
#16040 = ORIENTED_EDGE('',*,*,#16034,.F.);
#16041 = CYLINDRICAL_SURFACE('',#16042,0.35);
#16042 = AXIS2_PLACEMENT_3D('',#16043,#16044,#16045);
#16043 = CARTESIAN_POINT('',(170.585,-58.15,-4.6E-02));
#16044 = DIRECTION('',(-0.,-0.,-1.));
#16045 = DIRECTION('',(-0.,-1.,0.));
#16046 = ADVANCED_FACE('',(#16047),#16058,.F.);
#16047 = FACE_BOUND('',#16048,.T.);
#16048 = EDGE_LOOP('',(#16049,#16050,#16056,#16057));
#16049 = ORIENTED_EDGE('',*,*,#14599,.T.);
#16050 = ORIENTED_EDGE('',*,*,#16051,.T.);
#16051 = EDGE_CURVE('',#14600,#15211,#16052,.T.);
#16052 = LINE('',#16053,#16054);
#16053 = CARTESIAN_POINT('',(174.175,-62.88,-4.6E-02));
#16054 = VECTOR('',#16055,1.);
#16055 = DIRECTION('',(0.,0.,1.));
#16056 = ORIENTED_EDGE('',*,*,#15210,.F.);
#16057 = ORIENTED_EDGE('',*,*,#16051,.F.);
#16058 = CYLINDRICAL_SURFACE('',#16059,0.35);
#16059 = AXIS2_PLACEMENT_3D('',#16060,#16061,#16062);
#16060 = CARTESIAN_POINT('',(174.175,-62.53,-4.6E-02));
#16061 = DIRECTION('',(-0.,-0.,-1.));
#16062 = DIRECTION('',(-0.,-1.,0.));
#16063 = ADVANCED_FACE('',(#16064),#16075,.F.);
#16064 = FACE_BOUND('',#16065,.T.);
#16065 = EDGE_LOOP('',(#16066,#16067,#16073,#16074));
#16066 = ORIENTED_EDGE('',*,*,#14610,.T.);
#16067 = ORIENTED_EDGE('',*,*,#16068,.T.);
#16068 = EDGE_CURVE('',#14611,#15222,#16069,.T.);
#16069 = LINE('',#16070,#16071);
#16070 = CARTESIAN_POINT('',(174.175,-57.8,-4.6E-02));
#16071 = VECTOR('',#16072,1.);
#16072 = DIRECTION('',(0.,0.,1.));
#16073 = ORIENTED_EDGE('',*,*,#15221,.F.);
#16074 = ORIENTED_EDGE('',*,*,#16068,.F.);
#16075 = CYLINDRICAL_SURFACE('',#16076,0.35);
#16076 = AXIS2_PLACEMENT_3D('',#16077,#16078,#16079);
#16077 = CARTESIAN_POINT('',(174.175,-57.45,-4.6E-02));
#16078 = DIRECTION('',(-0.,-0.,-1.));
#16079 = DIRECTION('',(-0.,-1.,0.));
#16080 = ADVANCED_FACE('',(#16081),#16092,.F.);
#16081 = FACE_BOUND('',#16082,.T.);
#16082 = EDGE_LOOP('',(#16083,#16084,#16090,#16091));
#16083 = ORIENTED_EDGE('',*,*,#14621,.T.);
#16084 = ORIENTED_EDGE('',*,*,#16085,.T.);
#16085 = EDGE_CURVE('',#14622,#15233,#16086,.T.);
#16086 = LINE('',#16087,#16088);
#16087 = CARTESIAN_POINT('',(166.765,-54.8,-4.6E-02));
#16088 = VECTOR('',#16089,1.);
#16089 = DIRECTION('',(0.,0.,1.));
#16090 = ORIENTED_EDGE('',*,*,#15232,.F.);
#16091 = ORIENTED_EDGE('',*,*,#16085,.F.);
#16092 = CYLINDRICAL_SURFACE('',#16093,0.35);
#16093 = AXIS2_PLACEMENT_3D('',#16094,#16095,#16096);
#16094 = CARTESIAN_POINT('',(166.765,-54.45,-4.6E-02));
#16095 = DIRECTION('',(-0.,-0.,-1.));
#16096 = DIRECTION('',(-0.,-1.,0.));
#16097 = ADVANCED_FACE('',(#16098),#16109,.F.);
#16098 = FACE_BOUND('',#16099,.T.);
#16099 = EDGE_LOOP('',(#16100,#16101,#16107,#16108));
#16100 = ORIENTED_EDGE('',*,*,#14632,.T.);
#16101 = ORIENTED_EDGE('',*,*,#16102,.T.);
#16102 = EDGE_CURVE('',#14633,#15244,#16103,.T.);
#16103 = LINE('',#16104,#16105);
#16104 = CARTESIAN_POINT('',(168.035,-54.8,-4.6E-02));
#16105 = VECTOR('',#16106,1.);
#16106 = DIRECTION('',(0.,0.,1.));
#16107 = ORIENTED_EDGE('',*,*,#15243,.F.);
#16108 = ORIENTED_EDGE('',*,*,#16102,.F.);
#16109 = CYLINDRICAL_SURFACE('',#16110,0.35);
#16110 = AXIS2_PLACEMENT_3D('',#16111,#16112,#16113);
#16111 = CARTESIAN_POINT('',(168.035,-54.45,-4.6E-02));
#16112 = DIRECTION('',(-0.,-0.,-1.));
#16113 = DIRECTION('',(-0.,-1.,0.));
#16114 = ADVANCED_FACE('',(#16115),#16126,.F.);
#16115 = FACE_BOUND('',#16116,.T.);
#16116 = EDGE_LOOP('',(#16117,#16118,#16124,#16125));
#16117 = ORIENTED_EDGE('',*,*,#14643,.T.);
#16118 = ORIENTED_EDGE('',*,*,#16119,.T.);
#16119 = EDGE_CURVE('',#14644,#15255,#16120,.T.);
#16120 = LINE('',#16121,#16122);
#16121 = CARTESIAN_POINT('',(169.305,-54.8,-4.6E-02));
#16122 = VECTOR('',#16123,1.);
#16123 = DIRECTION('',(0.,0.,1.));
#16124 = ORIENTED_EDGE('',*,*,#15254,.F.);
#16125 = ORIENTED_EDGE('',*,*,#16119,.F.);
#16126 = CYLINDRICAL_SURFACE('',#16127,0.35);
#16127 = AXIS2_PLACEMENT_3D('',#16128,#16129,#16130);
#16128 = CARTESIAN_POINT('',(169.305,-54.45,-4.6E-02));
#16129 = DIRECTION('',(-0.,-0.,-1.));
#16130 = DIRECTION('',(-0.,-1.,0.));
#16131 = ADVANCED_FACE('',(#16132),#16143,.F.);
#16132 = FACE_BOUND('',#16133,.T.);
#16133 = EDGE_LOOP('',(#16134,#16135,#16141,#16142));
#16134 = ORIENTED_EDGE('',*,*,#14654,.T.);
#16135 = ORIENTED_EDGE('',*,*,#16136,.T.);
#16136 = EDGE_CURVE('',#14655,#15266,#16137,.T.);
#16137 = LINE('',#16138,#16139);
#16138 = CARTESIAN_POINT('',(170.575,-54.8,-4.6E-02));
#16139 = VECTOR('',#16140,1.);
#16140 = DIRECTION('',(0.,0.,1.));
#16141 = ORIENTED_EDGE('',*,*,#15265,.F.);
#16142 = ORIENTED_EDGE('',*,*,#16136,.F.);
#16143 = CYLINDRICAL_SURFACE('',#16144,0.35);
#16144 = AXIS2_PLACEMENT_3D('',#16145,#16146,#16147);
#16145 = CARTESIAN_POINT('',(170.575,-54.45,-4.6E-02));
#16146 = DIRECTION('',(-0.,-0.,-1.));
#16147 = DIRECTION('',(-0.,-1.,0.));
#16148 = ADVANCED_FACE('',(#16149),#16160,.F.);
#16149 = FACE_BOUND('',#16150,.T.);
#16150 = EDGE_LOOP('',(#16151,#16152,#16158,#16159));
#16151 = ORIENTED_EDGE('',*,*,#14665,.T.);
#16152 = ORIENTED_EDGE('',*,*,#16153,.T.);
#16153 = EDGE_CURVE('',#14666,#15277,#16154,.T.);
#16154 = LINE('',#16155,#16156);
#16155 = CARTESIAN_POINT('',(174.175,-55.34,-4.6E-02));
#16156 = VECTOR('',#16157,1.);
#16157 = DIRECTION('',(0.,0.,1.));
#16158 = ORIENTED_EDGE('',*,*,#15276,.F.);
#16159 = ORIENTED_EDGE('',*,*,#16153,.F.);
#16160 = CYLINDRICAL_SURFACE('',#16161,0.45);
#16161 = AXIS2_PLACEMENT_3D('',#16162,#16163,#16164);
#16162 = CARTESIAN_POINT('',(174.175,-54.89,-4.6E-02));
#16163 = DIRECTION('',(-0.,-0.,-1.));
#16164 = DIRECTION('',(-0.,-1.,0.));
#16165 = ADVANCED_FACE('',(#16166),#16177,.F.);
#16166 = FACE_BOUND('',#16167,.T.);
#16167 = EDGE_LOOP('',(#16168,#16169,#16175,#16176));
#16168 = ORIENTED_EDGE('',*,*,#14676,.T.);
#16169 = ORIENTED_EDGE('',*,*,#16170,.T.);
#16170 = EDGE_CURVE('',#14677,#15288,#16171,.T.);
#16171 = LINE('',#16172,#16173);
#16172 = CARTESIAN_POINT('',(174.175,-52.8,-4.6E-02));
#16173 = VECTOR('',#16174,1.);
#16174 = DIRECTION('',(0.,0.,1.));
#16175 = ORIENTED_EDGE('',*,*,#15287,.F.);
#16176 = ORIENTED_EDGE('',*,*,#16170,.F.);
#16177 = CYLINDRICAL_SURFACE('',#16178,0.45);
#16178 = AXIS2_PLACEMENT_3D('',#16179,#16180,#16181);
#16179 = CARTESIAN_POINT('',(174.175,-52.35,-4.6E-02));
#16180 = DIRECTION('',(-0.,-0.,-1.));
#16181 = DIRECTION('',(-0.,-1.,0.));
#16182 = ADVANCED_FACE('',(#16183),#16194,.F.);
#16183 = FACE_BOUND('',#16184,.T.);
#16184 = EDGE_LOOP('',(#16185,#16186,#16192,#16193));
#16185 = ORIENTED_EDGE('',*,*,#14687,.T.);
#16186 = ORIENTED_EDGE('',*,*,#16187,.T.);
#16187 = EDGE_CURVE('',#14688,#15299,#16188,.T.);
#16188 = LINE('',#16189,#16190);
#16189 = CARTESIAN_POINT('',(184.48,-62.625,-4.6E-02));
#16190 = VECTOR('',#16191,1.);
#16191 = DIRECTION('',(0.,0.,1.));
#16192 = ORIENTED_EDGE('',*,*,#15298,.F.);
#16193 = ORIENTED_EDGE('',*,*,#16187,.F.);
#16194 = CYLINDRICAL_SURFACE('',#16195,0.35);
#16195 = AXIS2_PLACEMENT_3D('',#16196,#16197,#16198);
#16196 = CARTESIAN_POINT('',(184.48,-62.275,-4.6E-02));
#16197 = DIRECTION('',(-0.,-0.,-1.));
#16198 = DIRECTION('',(-8.120488408687E-14,-1.,0.));
#16199 = ADVANCED_FACE('',(#16200),#16211,.F.);
#16200 = FACE_BOUND('',#16201,.T.);
#16201 = EDGE_LOOP('',(#16202,#16203,#16209,#16210));
#16202 = ORIENTED_EDGE('',*,*,#14698,.T.);
#16203 = ORIENTED_EDGE('',*,*,#16204,.T.);
#16204 = EDGE_CURVE('',#14699,#15310,#16205,.T.);
#16205 = LINE('',#16206,#16207);
#16206 = CARTESIAN_POINT('',(185.75,-62.625,-4.6E-02));
#16207 = VECTOR('',#16208,1.);
#16208 = DIRECTION('',(0.,0.,1.));
#16209 = ORIENTED_EDGE('',*,*,#15309,.F.);
#16210 = ORIENTED_EDGE('',*,*,#16204,.F.);
#16211 = CYLINDRICAL_SURFACE('',#16212,0.35);
#16212 = AXIS2_PLACEMENT_3D('',#16213,#16214,#16215);
#16213 = CARTESIAN_POINT('',(185.75,-62.275,-4.6E-02));
#16214 = DIRECTION('',(-0.,-0.,-1.));
#16215 = DIRECTION('',(-0.,-1.,0.));
#16216 = ADVANCED_FACE('',(#16217),#16228,.F.);
#16217 = FACE_BOUND('',#16218,.T.);
#16218 = EDGE_LOOP('',(#16219,#16220,#16226,#16227));
#16219 = ORIENTED_EDGE('',*,*,#14709,.T.);
#16220 = ORIENTED_EDGE('',*,*,#16221,.T.);
#16221 = EDGE_CURVE('',#14710,#15321,#16222,.T.);
#16222 = LINE('',#16223,#16224);
#16223 = CARTESIAN_POINT('',(187.02,-62.625,-4.6E-02));
#16224 = VECTOR('',#16225,1.);
#16225 = DIRECTION('',(0.,0.,1.));
#16226 = ORIENTED_EDGE('',*,*,#15320,.F.);
#16227 = ORIENTED_EDGE('',*,*,#16221,.F.);
#16228 = CYLINDRICAL_SURFACE('',#16229,0.35);
#16229 = AXIS2_PLACEMENT_3D('',#16230,#16231,#16232);
#16230 = CARTESIAN_POINT('',(187.02,-62.275,-4.6E-02));
#16231 = DIRECTION('',(-0.,0.,-1.));
#16232 = DIRECTION('',(8.120488408687E-14,-1.,-0.));
#16233 = ADVANCED_FACE('',(#16234),#16245,.F.);
#16234 = FACE_BOUND('',#16235,.T.);
#16235 = EDGE_LOOP('',(#16236,#16237,#16243,#16244));
#16236 = ORIENTED_EDGE('',*,*,#14720,.T.);
#16237 = ORIENTED_EDGE('',*,*,#16238,.T.);
#16238 = EDGE_CURVE('',#14721,#15332,#16239,.T.);
#16239 = LINE('',#16240,#16241);
#16240 = CARTESIAN_POINT('',(188.29,-62.625,-4.6E-02));
#16241 = VECTOR('',#16242,1.);
#16242 = DIRECTION('',(0.,0.,1.));
#16243 = ORIENTED_EDGE('',*,*,#15331,.F.);
#16244 = ORIENTED_EDGE('',*,*,#16238,.F.);
#16245 = CYLINDRICAL_SURFACE('',#16246,0.35);
#16246 = AXIS2_PLACEMENT_3D('',#16247,#16248,#16249);
#16247 = CARTESIAN_POINT('',(188.29,-62.275,-4.6E-02));
#16248 = DIRECTION('',(-0.,-0.,-1.));
#16249 = DIRECTION('',(-0.,-1.,0.));
#16250 = ADVANCED_FACE('',(#16251),#16262,.F.);
#16251 = FACE_BOUND('',#16252,.T.);
#16252 = EDGE_LOOP('',(#16253,#16254,#16260,#16261));
#16253 = ORIENTED_EDGE('',*,*,#14731,.T.);
#16254 = ORIENTED_EDGE('',*,*,#16255,.T.);
#16255 = EDGE_CURVE('',#14732,#15343,#16256,.T.);
#16256 = LINE('',#16257,#16258);
#16257 = CARTESIAN_POINT('',(178.925,-56.6,-4.6E-02));
#16258 = VECTOR('',#16259,1.);
#16259 = DIRECTION('',(0.,0.,1.));
#16260 = ORIENTED_EDGE('',*,*,#15342,.F.);
#16261 = ORIENTED_EDGE('',*,*,#16255,.F.);
#16262 = CYLINDRICAL_SURFACE('',#16263,0.3);
#16263 = AXIS2_PLACEMENT_3D('',#16264,#16265,#16266);
#16264 = CARTESIAN_POINT('',(178.925,-56.3,-4.6E-02));
#16265 = DIRECTION('',(-0.,-0.,-1.));
#16266 = DIRECTION('',(-0.,-1.,0.));
#16267 = ADVANCED_FACE('',(#16268),#16279,.F.);
#16268 = FACE_BOUND('',#16269,.T.);
#16269 = EDGE_LOOP('',(#16270,#16271,#16277,#16278));
#16270 = ORIENTED_EDGE('',*,*,#14742,.T.);
#16271 = ORIENTED_EDGE('',*,*,#16272,.T.);
#16272 = EDGE_CURVE('',#14743,#15354,#16273,.T.);
#16273 = LINE('',#16274,#16275);
#16274 = CARTESIAN_POINT('',(178.925,-55.1,-4.6E-02));
#16275 = VECTOR('',#16276,1.);
#16276 = DIRECTION('',(0.,0.,1.));
#16277 = ORIENTED_EDGE('',*,*,#15353,.F.);
#16278 = ORIENTED_EDGE('',*,*,#16272,.F.);
#16279 = CYLINDRICAL_SURFACE('',#16280,0.3);
#16280 = AXIS2_PLACEMENT_3D('',#16281,#16282,#16283);
#16281 = CARTESIAN_POINT('',(178.925,-54.8,-4.6E-02));
#16282 = DIRECTION('',(-0.,-0.,-1.));
#16283 = DIRECTION('',(-0.,-1.,0.));
#16284 = ADVANCED_FACE('',(#16285),#16296,.F.);
#16285 = FACE_BOUND('',#16286,.T.);
#16286 = EDGE_LOOP('',(#16287,#16288,#16294,#16295));
#16287 = ORIENTED_EDGE('',*,*,#14753,.T.);
#16288 = ORIENTED_EDGE('',*,*,#16289,.T.);
#16289 = EDGE_CURVE('',#14754,#15365,#16290,.T.);
#16290 = LINE('',#16291,#16292);
#16291 = CARTESIAN_POINT('',(187.05,-57.65,-4.6E-02));
#16292 = VECTOR('',#16293,1.);
#16293 = DIRECTION('',(0.,0.,1.));
#16294 = ORIENTED_EDGE('',*,*,#15364,.F.);
#16295 = ORIENTED_EDGE('',*,*,#16289,.F.);
#16296 = CYLINDRICAL_SURFACE('',#16297,0.65);
#16297 = AXIS2_PLACEMENT_3D('',#16298,#16299,#16300);
#16298 = CARTESIAN_POINT('',(187.05,-57.,-4.6E-02));
#16299 = DIRECTION('',(-0.,-0.,-1.));
#16300 = DIRECTION('',(-0.,-1.,0.));
#16301 = ADVANCED_FACE('',(#16302),#16313,.F.);
#16302 = FACE_BOUND('',#16303,.T.);
#16303 = EDGE_LOOP('',(#16304,#16305,#16311,#16312));
#16304 = ORIENTED_EDGE('',*,*,#14764,.T.);
#16305 = ORIENTED_EDGE('',*,*,#16306,.T.);
#16306 = EDGE_CURVE('',#14765,#15376,#16307,.T.);
#16307 = LINE('',#16308,#16309);
#16308 = CARTESIAN_POINT('',(187.05,-52.65,-4.6E-02));
#16309 = VECTOR('',#16310,1.);
#16310 = DIRECTION('',(0.,0.,1.));
#16311 = ORIENTED_EDGE('',*,*,#15375,.F.);
#16312 = ORIENTED_EDGE('',*,*,#16306,.F.);
#16313 = CYLINDRICAL_SURFACE('',#16314,0.65);
#16314 = AXIS2_PLACEMENT_3D('',#16315,#16316,#16317);
#16315 = CARTESIAN_POINT('',(187.05,-52.,-4.6E-02));
#16316 = DIRECTION('',(-0.,-0.,-1.));
#16317 = DIRECTION('',(-0.,-1.,0.));
#16318 = ( GEOMETRIC_REPRESENTATION_CONTEXT(3) 
GLOBAL_UNCERTAINTY_ASSIGNED_CONTEXT((#16322)) 
GLOBAL_UNIT_ASSIGNED_CONTEXT((#16319,#16320,#16321)) 
REPRESENTATION_CONTEXT('Context #1',
  '3D Context with UNIT and UNCERTAINTY') );
#16319 = ( LENGTH_UNIT() NAMED_UNIT(*) SI_UNIT(.MILLI.,.METRE.) );
#16320 = ( NAMED_UNIT(*) PLANE_ANGLE_UNIT() SI_UNIT($,.RADIAN.) );
#16321 = ( NAMED_UNIT(*) SI_UNIT($,.STERADIAN.) SOLID_ANGLE_UNIT() );
#16322 = UNCERTAINTY_MEASURE_WITH_UNIT(LENGTH_MEASURE(1.E-07),#16319,
  'distance_accuracy_value','confusion accuracy');
#16323 = CONTEXT_DEPENDENT_SHAPE_REPRESENTATION(#16324,#16326);
#16324 = ( REPRESENTATION_RELATIONSHIP('','',#14061,#10) 
REPRESENTATION_RELATIONSHIP_WITH_TRANSFORMATION(#16325) 
SHAPE_REPRESENTATION_RELATIONSHIP() );
#16325 = ITEM_DEFINED_TRANSFORMATION('','',#11,#147);
#16326 = PRODUCT_DEFINITION_SHAPE('Placement','Placement of an item',
  #16327);
#16327 = NEXT_ASSEMBLY_USAGE_OCCURRENCE('40','=>[0:1:1:14]','',#5,#14056
  ,$);
#16328 = PRODUCT_RELATED_PRODUCT_CATEGORY('part',$,(#14058));
#16329 = MECHANICAL_DESIGN_GEOMETRIC_PRESENTATION_REPRESENTATION('',(
    #16330,#16338,#16345,#16352,#16359,#16366,#16374,#16381,#16388,
    #16395,#16402,#16409,#16416,#16423,#16430),#719);
#16330 = STYLED_ITEM('color',(#16331),#190);
#16331 = PRESENTATION_STYLE_ASSIGNMENT((#16332));
#16332 = SURFACE_STYLE_USAGE(.BOTH.,#16333);
#16333 = SURFACE_SIDE_STYLE('',(#16334));
#16334 = SURFACE_STYLE_FILL_AREA(#16335);
#16335 = FILL_AREA_STYLE('',(#16336));
#16336 = FILL_AREA_STYLE_COLOUR('',#16337);
#16337 = COLOUR_RGB('',0.883000012551,0.711000022565,0.492000011028);
#16338 = STYLED_ITEM('color',(#16339),#223);
#16339 = PRESENTATION_STYLE_ASSIGNMENT((#16340));
#16340 = SURFACE_STYLE_USAGE(.BOTH.,#16341);
#16341 = SURFACE_SIDE_STYLE('',(#16342));
#16342 = SURFACE_STYLE_FILL_AREA(#16343);
#16343 = FILL_AREA_STYLE('',(#16344));
#16344 = FILL_AREA_STYLE_COLOUR('',#16337);
#16345 = STYLED_ITEM('color',(#16346),#249);
#16346 = PRESENTATION_STYLE_ASSIGNMENT((#16347));
#16347 = SURFACE_STYLE_USAGE(.BOTH.,#16348);
#16348 = SURFACE_SIDE_STYLE('',(#16349));
#16349 = SURFACE_STYLE_FILL_AREA(#16350);
#16350 = FILL_AREA_STYLE('',(#16351));
#16351 = FILL_AREA_STYLE_COLOUR('',#16337);
#16352 = STYLED_ITEM('color',(#16353),#269);
#16353 = PRESENTATION_STYLE_ASSIGNMENT((#16354));
#16354 = SURFACE_STYLE_USAGE(.BOTH.,#16355);
#16355 = SURFACE_SIDE_STYLE('',(#16356));
#16356 = SURFACE_STYLE_FILL_AREA(#16357);
#16357 = FILL_AREA_STYLE('',(#16358));
#16358 = FILL_AREA_STYLE_COLOUR('',#16337);
#16359 = STYLED_ITEM('color',(#16360),#386);
#16360 = PRESENTATION_STYLE_ASSIGNMENT((#16361));
#16361 = SURFACE_STYLE_USAGE(.BOTH.,#16362);
#16362 = SURFACE_SIDE_STYLE('',(#16363));
#16363 = SURFACE_STYLE_FILL_AREA(#16364);
#16364 = FILL_AREA_STYLE('',(#16365));
#16365 = FILL_AREA_STYLE_COLOUR('',#16337);
#16366 = STYLED_ITEM('color',(#16367),#411);
#16367 = PRESENTATION_STYLE_ASSIGNMENT((#16368));
#16368 = SURFACE_STYLE_USAGE(.BOTH.,#16369);
#16369 = SURFACE_SIDE_STYLE('',(#16370));
#16370 = SURFACE_STYLE_FILL_AREA(#16371);
#16371 = FILL_AREA_STYLE('',(#16372));
#16372 = FILL_AREA_STYLE_COLOUR('',#16373);
#16373 = COLOUR_RGB('',0.823999987314,0.819999987296,0.781000009244);
#16374 = STYLED_ITEM('color',(#16375),#437);
#16375 = PRESENTATION_STYLE_ASSIGNMENT((#16376));
#16376 = SURFACE_STYLE_USAGE(.BOTH.,#16377);
#16377 = SURFACE_SIDE_STYLE('',(#16378));
#16378 = SURFACE_STYLE_FILL_AREA(#16379);
#16379 = FILL_AREA_STYLE('',(#16380));
#16380 = FILL_AREA_STYLE_COLOUR('',#16337);
#16381 = STYLED_ITEM('color',(#16382),#457);
#16382 = PRESENTATION_STYLE_ASSIGNMENT((#16383));
#16383 = SURFACE_STYLE_USAGE(.BOTH.,#16384);
#16384 = SURFACE_SIDE_STYLE('',(#16385));
#16385 = SURFACE_STYLE_FILL_AREA(#16386);
#16386 = FILL_AREA_STYLE('',(#16387));
#16387 = FILL_AREA_STYLE_COLOUR('',#16373);
#16388 = STYLED_ITEM('color',(#16389),#482);
#16389 = PRESENTATION_STYLE_ASSIGNMENT((#16390));
#16390 = SURFACE_STYLE_USAGE(.BOTH.,#16391);
#16391 = SURFACE_SIDE_STYLE('',(#16392));
#16392 = SURFACE_STYLE_FILL_AREA(#16393);
#16393 = FILL_AREA_STYLE('',(#16394));
#16394 = FILL_AREA_STYLE_COLOUR('',#16337);
#16395 = STYLED_ITEM('color',(#16396),#507);
#16396 = PRESENTATION_STYLE_ASSIGNMENT((#16397));
#16397 = SURFACE_STYLE_USAGE(.BOTH.,#16398);
#16398 = SURFACE_SIDE_STYLE('',(#16399));
#16399 = SURFACE_STYLE_FILL_AREA(#16400);
#16400 = FILL_AREA_STYLE('',(#16401));
#16401 = FILL_AREA_STYLE_COLOUR('',#16373);
#16402 = STYLED_ITEM('color',(#16403),#516);
#16403 = PRESENTATION_STYLE_ASSIGNMENT((#16404));
#16404 = SURFACE_STYLE_USAGE(.BOTH.,#16405);
#16405 = SURFACE_SIDE_STYLE('',(#16406));
#16406 = SURFACE_STYLE_FILL_AREA(#16407);
#16407 = FILL_AREA_STYLE('',(#16408));
#16408 = FILL_AREA_STYLE_COLOUR('',#16337);
#16409 = STYLED_ITEM('color',(#16410),#542);
#16410 = PRESENTATION_STYLE_ASSIGNMENT((#16411));
#16411 = SURFACE_STYLE_USAGE(.BOTH.,#16412);
#16412 = SURFACE_SIDE_STYLE('',(#16413));
#16413 = SURFACE_STYLE_FILL_AREA(#16414);
#16414 = FILL_AREA_STYLE('',(#16415));
#16415 = FILL_AREA_STYLE_COLOUR('',#16337);
#16416 = STYLED_ITEM('color',(#16417),#659);
#16417 = PRESENTATION_STYLE_ASSIGNMENT((#16418));
#16418 = SURFACE_STYLE_USAGE(.BOTH.,#16419);
#16419 = SURFACE_SIDE_STYLE('',(#16420));
#16420 = SURFACE_STYLE_FILL_AREA(#16421);
#16421 = FILL_AREA_STYLE('',(#16422));
#16422 = FILL_AREA_STYLE_COLOUR('',#16373);
#16423 = STYLED_ITEM('color',(#16424),#685);
#16424 = PRESENTATION_STYLE_ASSIGNMENT((#16425));
#16425 = SURFACE_STYLE_USAGE(.BOTH.,#16426);
#16426 = SURFACE_SIDE_STYLE('',(#16427));
#16427 = SURFACE_STYLE_FILL_AREA(#16428);
#16428 = FILL_AREA_STYLE('',(#16429));
#16429 = FILL_AREA_STYLE_COLOUR('',#16373);
#16430 = STYLED_ITEM('color',(#16431),#710);
#16431 = PRESENTATION_STYLE_ASSIGNMENT((#16432));
#16432 = SURFACE_STYLE_USAGE(.BOTH.,#16433);
#16433 = SURFACE_SIDE_STYLE('',(#16434));
#16434 = SURFACE_STYLE_FILL_AREA(#16435);
#16435 = FILL_AREA_STYLE('',(#16436));
#16436 = FILL_AREA_STYLE_COLOUR('',#16373);
#16437 = MECHANICAL_DESIGN_GEOMETRIC_PRESENTATION_REPRESENTATION('',(
    #16438,#16448,#16457,#16466,#16475,#16484,#16493,#16502,#16511,
    #16521,#16530,#16539,#16548,#16557,#16566,#16575,#16584,#16593,
    #16602,#16611,#16620,#16629,#16638,#16647,#16656,#16665,#16674,
    #16683,#16692,#16701,#16710,#16719,#16728,#16737,#16746,#16755,
    #16764,#16773,#16782,#16791,#16800,#16809,#16818,#16827,#16836,
    #16845,#16854,#16863,#16872,#16881,#16890,#16899,#16908,#16917,
    #16926,#16935,#16944,#16953,#16962,#16971,#16980,#16989,#16998,
    #17007,#17016,#17025,#17034,#17043,#17052,#17061,#17070,#17079,
    #17088,#17097,#17106,#17115,#17124,#17133,#17142,#17151,#17160,
    #17169,#17178,#17187,#17196,#17205,#17214,#17223,#17232,#17241,
    #17250,#17259,#17268,#17277,#17286,#17295,#17304,#17313,#17322,
    #17331,#17340,#17349,#17358,#17367,#17376,#17385,#17394,#17403,
    #17412,#17421,#17430,#17439,#17448,#17457,#17466,#17475,#17484,
    #17493,#17502,#17511,#17520,#17529,#17538,#17547,#17556,#17565,
    #17574,#17583,#17592,#17601,#17610,#17619,#17628,#17637,#17646,
    #17655,#17664,#17673,#17682,#17691,#17700,#17709,#17718,#17727,
    #17736,#17745),#4147);
#16438 = STYLED_ITEM('color',(#16439),#763);
#16439 = PRESENTATION_STYLE_ASSIGNMENT((#16440,#16446));
#16440 = SURFACE_STYLE_USAGE(.BOTH.,#16441);
#16441 = SURFACE_SIDE_STYLE('',(#16442));
#16442 = SURFACE_STYLE_FILL_AREA(#16443);
#16443 = FILL_AREA_STYLE('',(#16444));
#16444 = FILL_AREA_STYLE_COLOUR('',#16445);
#16445 = COLOUR_RGB('',0.147999998088,0.145000001626,0.145000001626);
#16446 = CURVE_STYLE('',#16447,POSITIVE_LENGTH_MEASURE(0.1),#16445);
#16447 = DRAUGHTING_PRE_DEFINED_CURVE_FONT('continuous');
#16448 = STYLED_ITEM('color',(#16449),#803);
#16449 = PRESENTATION_STYLE_ASSIGNMENT((#16450,#16455));
#16450 = SURFACE_STYLE_USAGE(.BOTH.,#16451);
#16451 = SURFACE_SIDE_STYLE('',(#16452));
#16452 = SURFACE_STYLE_FILL_AREA(#16453);
#16453 = FILL_AREA_STYLE('',(#16454));
#16454 = FILL_AREA_STYLE_COLOUR('',#16445);
#16455 = CURVE_STYLE('',#16456,POSITIVE_LENGTH_MEASURE(0.1),#16445);
#16456 = DRAUGHTING_PRE_DEFINED_CURVE_FONT('continuous');
#16457 = STYLED_ITEM('color',(#16458),#866);
#16458 = PRESENTATION_STYLE_ASSIGNMENT((#16459,#16464));
#16459 = SURFACE_STYLE_USAGE(.BOTH.,#16460);
#16460 = SURFACE_SIDE_STYLE('',(#16461));
#16461 = SURFACE_STYLE_FILL_AREA(#16462);
#16462 = FILL_AREA_STYLE('',(#16463));
#16463 = FILL_AREA_STYLE_COLOUR('',#16445);
#16464 = CURVE_STYLE('',#16465,POSITIVE_LENGTH_MEASURE(0.1),#16445);
#16465 = DRAUGHTING_PRE_DEFINED_CURVE_FONT('continuous');
#16466 = STYLED_ITEM('color',(#16467),#929);
#16467 = PRESENTATION_STYLE_ASSIGNMENT((#16468,#16473));
#16468 = SURFACE_STYLE_USAGE(.BOTH.,#16469);
#16469 = SURFACE_SIDE_STYLE('',(#16470));
#16470 = SURFACE_STYLE_FILL_AREA(#16471);
#16471 = FILL_AREA_STYLE('',(#16472));
#16472 = FILL_AREA_STYLE_COLOUR('',#16445);
#16473 = CURVE_STYLE('',#16474,POSITIVE_LENGTH_MEASURE(0.1),#16445);
#16474 = DRAUGHTING_PRE_DEFINED_CURVE_FONT('continuous');
#16475 = STYLED_ITEM('color',(#16476),#946);
#16476 = PRESENTATION_STYLE_ASSIGNMENT((#16477,#16482));
#16477 = SURFACE_STYLE_USAGE(.BOTH.,#16478);
#16478 = SURFACE_SIDE_STYLE('',(#16479));
#16479 = SURFACE_STYLE_FILL_AREA(#16480);
#16480 = FILL_AREA_STYLE('',(#16481));
#16481 = FILL_AREA_STYLE_COLOUR('',#16445);
#16482 = CURVE_STYLE('',#16483,POSITIVE_LENGTH_MEASURE(0.1),#16445);
#16483 = DRAUGHTING_PRE_DEFINED_CURVE_FONT('continuous');
#16484 = STYLED_ITEM('color',(#16485),#1099);
#16485 = PRESENTATION_STYLE_ASSIGNMENT((#16486,#16491));
#16486 = SURFACE_STYLE_USAGE(.BOTH.,#16487);
#16487 = SURFACE_SIDE_STYLE('',(#16488));
#16488 = SURFACE_STYLE_FILL_AREA(#16489);
#16489 = FILL_AREA_STYLE('',(#16490));
#16490 = FILL_AREA_STYLE_COLOUR('',#16445);
#16491 = CURVE_STYLE('',#16492,POSITIVE_LENGTH_MEASURE(0.1),#16445);
#16492 = DRAUGHTING_PRE_DEFINED_CURVE_FONT('continuous');
#16493 = STYLED_ITEM('color',(#16494),#1121);
#16494 = PRESENTATION_STYLE_ASSIGNMENT((#16495,#16500));
#16495 = SURFACE_STYLE_USAGE(.BOTH.,#16496);
#16496 = SURFACE_SIDE_STYLE('',(#16497));
#16497 = SURFACE_STYLE_FILL_AREA(#16498);
#16498 = FILL_AREA_STYLE('',(#16499));
#16499 = FILL_AREA_STYLE_COLOUR('',#16445);
#16500 = CURVE_STYLE('',#16501,POSITIVE_LENGTH_MEASURE(0.1),#16445);
#16501 = DRAUGHTING_PRE_DEFINED_CURVE_FONT('continuous');
#16502 = STYLED_ITEM('color',(#16503),#1138);
#16503 = PRESENTATION_STYLE_ASSIGNMENT((#16504,#16509));
#16504 = SURFACE_STYLE_USAGE(.BOTH.,#16505);
#16505 = SURFACE_SIDE_STYLE('',(#16506));
#16506 = SURFACE_STYLE_FILL_AREA(#16507);
#16507 = FILL_AREA_STYLE('',(#16508));
#16508 = FILL_AREA_STYLE_COLOUR('',#16445);
#16509 = CURVE_STYLE('',#16510,POSITIVE_LENGTH_MEASURE(0.1),#16445);
#16510 = DRAUGHTING_PRE_DEFINED_CURVE_FONT('continuous');
#16511 = OVER_RIDING_STYLED_ITEM('overriding color',(#16512),#1171,
  #16502);
#16512 = PRESENTATION_STYLE_ASSIGNMENT((#16513,#16519));
#16513 = SURFACE_STYLE_USAGE(.BOTH.,#16514);
#16514 = SURFACE_SIDE_STYLE('',(#16515));
#16515 = SURFACE_STYLE_FILL_AREA(#16516);
#16516 = FILL_AREA_STYLE('',(#16517));
#16517 = FILL_AREA_STYLE_COLOUR('',#16518);
#16518 = COLOUR_RGB('',0.858999988747,0.738000004258,0.496000005009);
#16519 = CURVE_STYLE('',#16520,POSITIVE_LENGTH_MEASURE(0.1),#16518);
#16520 = DRAUGHTING_PRE_DEFINED_CURVE_FONT('continuous');
#16521 = OVER_RIDING_STYLED_ITEM('overriding color',(#16522),#1203,
  #16502);
#16522 = PRESENTATION_STYLE_ASSIGNMENT((#16523,#16528));
#16523 = SURFACE_STYLE_USAGE(.BOTH.,#16524);
#16524 = SURFACE_SIDE_STYLE('',(#16525));
#16525 = SURFACE_STYLE_FILL_AREA(#16526);
#16526 = FILL_AREA_STYLE('',(#16527));
#16527 = FILL_AREA_STYLE_COLOUR('',#16518);
#16528 = CURVE_STYLE('',#16529,POSITIVE_LENGTH_MEASURE(0.1),#16518);
#16529 = DRAUGHTING_PRE_DEFINED_CURVE_FONT('continuous');
#16530 = OVER_RIDING_STYLED_ITEM('overriding color',(#16531),#1237,
  #16502);
#16531 = PRESENTATION_STYLE_ASSIGNMENT((#16532,#16537));
#16532 = SURFACE_STYLE_USAGE(.BOTH.,#16533);
#16533 = SURFACE_SIDE_STYLE('',(#16534));
#16534 = SURFACE_STYLE_FILL_AREA(#16535);
#16535 = FILL_AREA_STYLE('',(#16536));
#16536 = FILL_AREA_STYLE_COLOUR('',#16518);
#16537 = CURVE_STYLE('',#16538,POSITIVE_LENGTH_MEASURE(0.1),#16518);
#16538 = DRAUGHTING_PRE_DEFINED_CURVE_FONT('continuous');
#16539 = OVER_RIDING_STYLED_ITEM('overriding color',(#16540),#1269,
  #16502);
#16540 = PRESENTATION_STYLE_ASSIGNMENT((#16541,#16546));
#16541 = SURFACE_STYLE_USAGE(.BOTH.,#16542);
#16542 = SURFACE_SIDE_STYLE('',(#16543));
#16543 = SURFACE_STYLE_FILL_AREA(#16544);
#16544 = FILL_AREA_STYLE('',(#16545));
#16545 = FILL_AREA_STYLE_COLOUR('',#16518);
#16546 = CURVE_STYLE('',#16547,POSITIVE_LENGTH_MEASURE(0.1),#16518);
#16547 = DRAUGHTING_PRE_DEFINED_CURVE_FONT('continuous');
#16548 = OVER_RIDING_STYLED_ITEM('overriding color',(#16549),#1303,
  #16502);
#16549 = PRESENTATION_STYLE_ASSIGNMENT((#16550,#16555));
#16550 = SURFACE_STYLE_USAGE(.BOTH.,#16551);
#16551 = SURFACE_SIDE_STYLE('',(#16552));
#16552 = SURFACE_STYLE_FILL_AREA(#16553);
#16553 = FILL_AREA_STYLE('',(#16554));
#16554 = FILL_AREA_STYLE_COLOUR('',#16518);
#16555 = CURVE_STYLE('',#16556,POSITIVE_LENGTH_MEASURE(0.1),#16518);
#16556 = DRAUGHTING_PRE_DEFINED_CURVE_FONT('continuous');
#16557 = OVER_RIDING_STYLED_ITEM('overriding color',(#16558),#1335,
  #16502);
#16558 = PRESENTATION_STYLE_ASSIGNMENT((#16559,#16564));
#16559 = SURFACE_STYLE_USAGE(.BOTH.,#16560);
#16560 = SURFACE_SIDE_STYLE('',(#16561));
#16561 = SURFACE_STYLE_FILL_AREA(#16562);
#16562 = FILL_AREA_STYLE('',(#16563));
#16563 = FILL_AREA_STYLE_COLOUR('',#16518);
#16564 = CURVE_STYLE('',#16565,POSITIVE_LENGTH_MEASURE(0.1),#16518);
#16565 = DRAUGHTING_PRE_DEFINED_CURVE_FONT('continuous');
#16566 = OVER_RIDING_STYLED_ITEM('overriding color',(#16567),#1369,
  #16502);
#16567 = PRESENTATION_STYLE_ASSIGNMENT((#16568,#16573));
#16568 = SURFACE_STYLE_USAGE(.BOTH.,#16569);
#16569 = SURFACE_SIDE_STYLE('',(#16570));
#16570 = SURFACE_STYLE_FILL_AREA(#16571);
#16571 = FILL_AREA_STYLE('',(#16572));
#16572 = FILL_AREA_STYLE_COLOUR('',#16518);
#16573 = CURVE_STYLE('',#16574,POSITIVE_LENGTH_MEASURE(0.1),#16518);
#16574 = DRAUGHTING_PRE_DEFINED_CURVE_FONT('continuous');
#16575 = OVER_RIDING_STYLED_ITEM('overriding color',(#16576),#1401,
  #16502);
#16576 = PRESENTATION_STYLE_ASSIGNMENT((#16577,#16582));
#16577 = SURFACE_STYLE_USAGE(.BOTH.,#16578);
#16578 = SURFACE_SIDE_STYLE('',(#16579));
#16579 = SURFACE_STYLE_FILL_AREA(#16580);
#16580 = FILL_AREA_STYLE('',(#16581));
#16581 = FILL_AREA_STYLE_COLOUR('',#16518);
#16582 = CURVE_STYLE('',#16583,POSITIVE_LENGTH_MEASURE(0.1),#16518);
#16583 = DRAUGHTING_PRE_DEFINED_CURVE_FONT('continuous');
#16584 = STYLED_ITEM('color',(#16585),#1419);
#16585 = PRESENTATION_STYLE_ASSIGNMENT((#16586,#16591));
#16586 = SURFACE_STYLE_USAGE(.BOTH.,#16587);
#16587 = SURFACE_SIDE_STYLE('',(#16588));
#16588 = SURFACE_STYLE_FILL_AREA(#16589);
#16589 = FILL_AREA_STYLE('',(#16590));
#16590 = FILL_AREA_STYLE_COLOUR('',#16445);
#16591 = CURVE_STYLE('',#16592,POSITIVE_LENGTH_MEASURE(0.1),#16445);
#16592 = DRAUGHTING_PRE_DEFINED_CURVE_FONT('continuous');
#16593 = STYLED_ITEM('color',(#16594),#1431);
#16594 = PRESENTATION_STYLE_ASSIGNMENT((#16595,#16600));
#16595 = SURFACE_STYLE_USAGE(.BOTH.,#16596);
#16596 = SURFACE_SIDE_STYLE('',(#16597));
#16597 = SURFACE_STYLE_FILL_AREA(#16598);
#16598 = FILL_AREA_STYLE('',(#16599));
#16599 = FILL_AREA_STYLE_COLOUR('',#16445);
#16600 = CURVE_STYLE('',#16601,POSITIVE_LENGTH_MEASURE(0.1),#16445);
#16601 = DRAUGHTING_PRE_DEFINED_CURVE_FONT('continuous');
#16602 = STYLED_ITEM('color',(#16603),#1443);
#16603 = PRESENTATION_STYLE_ASSIGNMENT((#16604,#16609));
#16604 = SURFACE_STYLE_USAGE(.BOTH.,#16605);
#16605 = SURFACE_SIDE_STYLE('',(#16606));
#16606 = SURFACE_STYLE_FILL_AREA(#16607);
#16607 = FILL_AREA_STYLE('',(#16608));
#16608 = FILL_AREA_STYLE_COLOUR('',#16445);
#16609 = CURVE_STYLE('',#16610,POSITIVE_LENGTH_MEASURE(0.1),#16445);
#16610 = DRAUGHTING_PRE_DEFINED_CURVE_FONT('continuous');
#16611 = STYLED_ITEM('color',(#16612),#1474);
#16612 = PRESENTATION_STYLE_ASSIGNMENT((#16613,#16618));
#16613 = SURFACE_STYLE_USAGE(.BOTH.,#16614);
#16614 = SURFACE_SIDE_STYLE('',(#16615));
#16615 = SURFACE_STYLE_FILL_AREA(#16616);
#16616 = FILL_AREA_STYLE('',(#16617));
#16617 = FILL_AREA_STYLE_COLOUR('',#16445);
#16618 = CURVE_STYLE('',#16619,POSITIVE_LENGTH_MEASURE(0.1),#16445);
#16619 = DRAUGHTING_PRE_DEFINED_CURVE_FONT('continuous');
#16620 = STYLED_ITEM('color',(#16621),#1498);
#16621 = PRESENTATION_STYLE_ASSIGNMENT((#16622,#16627));
#16622 = SURFACE_STYLE_USAGE(.BOTH.,#16623);
#16623 = SURFACE_SIDE_STYLE('',(#16624));
#16624 = SURFACE_STYLE_FILL_AREA(#16625);
#16625 = FILL_AREA_STYLE('',(#16626));
#16626 = FILL_AREA_STYLE_COLOUR('',#16445);
#16627 = CURVE_STYLE('',#16628,POSITIVE_LENGTH_MEASURE(0.1),#16445);
#16628 = DRAUGHTING_PRE_DEFINED_CURVE_FONT('continuous');
#16629 = STYLED_ITEM('color',(#16630),#1522);
#16630 = PRESENTATION_STYLE_ASSIGNMENT((#16631,#16636));
#16631 = SURFACE_STYLE_USAGE(.BOTH.,#16632);
#16632 = SURFACE_SIDE_STYLE('',(#16633));
#16633 = SURFACE_STYLE_FILL_AREA(#16634);
#16634 = FILL_AREA_STYLE('',(#16635));
#16635 = FILL_AREA_STYLE_COLOUR('',#16445);
#16636 = CURVE_STYLE('',#16637,POSITIVE_LENGTH_MEASURE(0.1),#16445);
#16637 = DRAUGHTING_PRE_DEFINED_CURVE_FONT('continuous');
#16638 = STYLED_ITEM('color',(#16639),#1539);
#16639 = PRESENTATION_STYLE_ASSIGNMENT((#16640,#16645));
#16640 = SURFACE_STYLE_USAGE(.BOTH.,#16641);
#16641 = SURFACE_SIDE_STYLE('',(#16642));
#16642 = SURFACE_STYLE_FILL_AREA(#16643);
#16643 = FILL_AREA_STYLE('',(#16644));
#16644 = FILL_AREA_STYLE_COLOUR('',#16445);
#16645 = CURVE_STYLE('',#16646,POSITIVE_LENGTH_MEASURE(0.1),#16445);
#16646 = DRAUGHTING_PRE_DEFINED_CURVE_FONT('continuous');
#16647 = STYLED_ITEM('color',(#16648),#1570);
#16648 = PRESENTATION_STYLE_ASSIGNMENT((#16649,#16654));
#16649 = SURFACE_STYLE_USAGE(.BOTH.,#16650);
#16650 = SURFACE_SIDE_STYLE('',(#16651));
#16651 = SURFACE_STYLE_FILL_AREA(#16652);
#16652 = FILL_AREA_STYLE('',(#16653));
#16653 = FILL_AREA_STYLE_COLOUR('',#16445);
#16654 = CURVE_STYLE('',#16655,POSITIVE_LENGTH_MEASURE(0.1),#16445);
#16655 = DRAUGHTING_PRE_DEFINED_CURVE_FONT('continuous');
#16656 = STYLED_ITEM('color',(#16657),#1594);
#16657 = PRESENTATION_STYLE_ASSIGNMENT((#16658,#16663));
#16658 = SURFACE_STYLE_USAGE(.BOTH.,#16659);
#16659 = SURFACE_SIDE_STYLE('',(#16660));
#16660 = SURFACE_STYLE_FILL_AREA(#16661);
#16661 = FILL_AREA_STYLE('',(#16662));
#16662 = FILL_AREA_STYLE_COLOUR('',#16445);
#16663 = CURVE_STYLE('',#16664,POSITIVE_LENGTH_MEASURE(0.1),#16445);
#16664 = DRAUGHTING_PRE_DEFINED_CURVE_FONT('continuous');
#16665 = STYLED_ITEM('color',(#16666),#1618);
#16666 = PRESENTATION_STYLE_ASSIGNMENT((#16667,#16672));
#16667 = SURFACE_STYLE_USAGE(.BOTH.,#16668);
#16668 = SURFACE_SIDE_STYLE('',(#16669));
#16669 = SURFACE_STYLE_FILL_AREA(#16670);
#16670 = FILL_AREA_STYLE('',(#16671));
#16671 = FILL_AREA_STYLE_COLOUR('',#16445);
#16672 = CURVE_STYLE('',#16673,POSITIVE_LENGTH_MEASURE(0.1),#16445);
#16673 = DRAUGHTING_PRE_DEFINED_CURVE_FONT('continuous');
#16674 = STYLED_ITEM('color',(#16675),#1635);
#16675 = PRESENTATION_STYLE_ASSIGNMENT((#16676,#16681));
#16676 = SURFACE_STYLE_USAGE(.BOTH.,#16677);
#16677 = SURFACE_SIDE_STYLE('',(#16678));
#16678 = SURFACE_STYLE_FILL_AREA(#16679);
#16679 = FILL_AREA_STYLE('',(#16680));
#16680 = FILL_AREA_STYLE_COLOUR('',#16445);
#16681 = CURVE_STYLE('',#16682,POSITIVE_LENGTH_MEASURE(0.1),#16445);
#16682 = DRAUGHTING_PRE_DEFINED_CURVE_FONT('continuous');
#16683 = STYLED_ITEM('color',(#16684),#1666);
#16684 = PRESENTATION_STYLE_ASSIGNMENT((#16685,#16690));
#16685 = SURFACE_STYLE_USAGE(.BOTH.,#16686);
#16686 = SURFACE_SIDE_STYLE('',(#16687));
#16687 = SURFACE_STYLE_FILL_AREA(#16688);
#16688 = FILL_AREA_STYLE('',(#16689));
#16689 = FILL_AREA_STYLE_COLOUR('',#16445);
#16690 = CURVE_STYLE('',#16691,POSITIVE_LENGTH_MEASURE(0.1),#16445);
#16691 = DRAUGHTING_PRE_DEFINED_CURVE_FONT('continuous');
#16692 = STYLED_ITEM('color',(#16693),#1690);
#16693 = PRESENTATION_STYLE_ASSIGNMENT((#16694,#16699));
#16694 = SURFACE_STYLE_USAGE(.BOTH.,#16695);
#16695 = SURFACE_SIDE_STYLE('',(#16696));
#16696 = SURFACE_STYLE_FILL_AREA(#16697);
#16697 = FILL_AREA_STYLE('',(#16698));
#16698 = FILL_AREA_STYLE_COLOUR('',#16445);
#16699 = CURVE_STYLE('',#16700,POSITIVE_LENGTH_MEASURE(0.1),#16445);
#16700 = DRAUGHTING_PRE_DEFINED_CURVE_FONT('continuous');
#16701 = STYLED_ITEM('color',(#16702),#1714);
#16702 = PRESENTATION_STYLE_ASSIGNMENT((#16703,#16708));
#16703 = SURFACE_STYLE_USAGE(.BOTH.,#16704);
#16704 = SURFACE_SIDE_STYLE('',(#16705));
#16705 = SURFACE_STYLE_FILL_AREA(#16706);
#16706 = FILL_AREA_STYLE('',(#16707));
#16707 = FILL_AREA_STYLE_COLOUR('',#16445);
#16708 = CURVE_STYLE('',#16709,POSITIVE_LENGTH_MEASURE(0.1),#16445);
#16709 = DRAUGHTING_PRE_DEFINED_CURVE_FONT('continuous');
#16710 = STYLED_ITEM('color',(#16711),#1731);
#16711 = PRESENTATION_STYLE_ASSIGNMENT((#16712,#16717));
#16712 = SURFACE_STYLE_USAGE(.BOTH.,#16713);
#16713 = SURFACE_SIDE_STYLE('',(#16714));
#16714 = SURFACE_STYLE_FILL_AREA(#16715);
#16715 = FILL_AREA_STYLE('',(#16716));
#16716 = FILL_AREA_STYLE_COLOUR('',#16445);
#16717 = CURVE_STYLE('',#16718,POSITIVE_LENGTH_MEASURE(0.1),#16445);
#16718 = DRAUGHTING_PRE_DEFINED_CURVE_FONT('continuous');
#16719 = STYLED_ITEM('color',(#16720),#1762);
#16720 = PRESENTATION_STYLE_ASSIGNMENT((#16721,#16726));
#16721 = SURFACE_STYLE_USAGE(.BOTH.,#16722);
#16722 = SURFACE_SIDE_STYLE('',(#16723));
#16723 = SURFACE_STYLE_FILL_AREA(#16724);
#16724 = FILL_AREA_STYLE('',(#16725));
#16725 = FILL_AREA_STYLE_COLOUR('',#16445);
#16726 = CURVE_STYLE('',#16727,POSITIVE_LENGTH_MEASURE(0.1),#16445);
#16727 = DRAUGHTING_PRE_DEFINED_CURVE_FONT('continuous');
#16728 = STYLED_ITEM('color',(#16729),#1786);
#16729 = PRESENTATION_STYLE_ASSIGNMENT((#16730,#16735));
#16730 = SURFACE_STYLE_USAGE(.BOTH.,#16731);
#16731 = SURFACE_SIDE_STYLE('',(#16732));
#16732 = SURFACE_STYLE_FILL_AREA(#16733);
#16733 = FILL_AREA_STYLE('',(#16734));
#16734 = FILL_AREA_STYLE_COLOUR('',#16445);
#16735 = CURVE_STYLE('',#16736,POSITIVE_LENGTH_MEASURE(0.1),#16445);
#16736 = DRAUGHTING_PRE_DEFINED_CURVE_FONT('continuous');
#16737 = STYLED_ITEM('color',(#16738),#1810);
#16738 = PRESENTATION_STYLE_ASSIGNMENT((#16739,#16744));
#16739 = SURFACE_STYLE_USAGE(.BOTH.,#16740);
#16740 = SURFACE_SIDE_STYLE('',(#16741));
#16741 = SURFACE_STYLE_FILL_AREA(#16742);
#16742 = FILL_AREA_STYLE('',(#16743));
#16743 = FILL_AREA_STYLE_COLOUR('',#16445);
#16744 = CURVE_STYLE('',#16745,POSITIVE_LENGTH_MEASURE(0.1),#16445);
#16745 = DRAUGHTING_PRE_DEFINED_CURVE_FONT('continuous');
#16746 = STYLED_ITEM('color',(#16747),#1827);
#16747 = PRESENTATION_STYLE_ASSIGNMENT((#16748,#16753));
#16748 = SURFACE_STYLE_USAGE(.BOTH.,#16749);
#16749 = SURFACE_SIDE_STYLE('',(#16750));
#16750 = SURFACE_STYLE_FILL_AREA(#16751);
#16751 = FILL_AREA_STYLE('',(#16752));
#16752 = FILL_AREA_STYLE_COLOUR('',#16518);
#16753 = CURVE_STYLE('',#16754,POSITIVE_LENGTH_MEASURE(0.1),#16518);
#16754 = DRAUGHTING_PRE_DEFINED_CURVE_FONT('continuous');
#16755 = STYLED_ITEM('color',(#16756),#1844);
#16756 = PRESENTATION_STYLE_ASSIGNMENT((#16757,#16762));
#16757 = SURFACE_STYLE_USAGE(.BOTH.,#16758);
#16758 = SURFACE_SIDE_STYLE('',(#16759));
#16759 = SURFACE_STYLE_FILL_AREA(#16760);
#16760 = FILL_AREA_STYLE('',(#16761));
#16761 = FILL_AREA_STYLE_COLOUR('',#16518);
#16762 = CURVE_STYLE('',#16763,POSITIVE_LENGTH_MEASURE(0.1),#16518);
#16763 = DRAUGHTING_PRE_DEFINED_CURVE_FONT('continuous');
#16764 = STYLED_ITEM('color',(#16765),#1891);
#16765 = PRESENTATION_STYLE_ASSIGNMENT((#16766,#16771));
#16766 = SURFACE_STYLE_USAGE(.BOTH.,#16767);
#16767 = SURFACE_SIDE_STYLE('',(#16768));
#16768 = SURFACE_STYLE_FILL_AREA(#16769);
#16769 = FILL_AREA_STYLE('',(#16770));
#16770 = FILL_AREA_STYLE_COLOUR('',#16518);
#16771 = CURVE_STYLE('',#16772,POSITIVE_LENGTH_MEASURE(0.1),#16518);
#16772 = DRAUGHTING_PRE_DEFINED_CURVE_FONT('continuous');
#16773 = STYLED_ITEM('color',(#16774),#1908);
#16774 = PRESENTATION_STYLE_ASSIGNMENT((#16775,#16780));
#16775 = SURFACE_STYLE_USAGE(.BOTH.,#16776);
#16776 = SURFACE_SIDE_STYLE('',(#16777));
#16777 = SURFACE_STYLE_FILL_AREA(#16778);
#16778 = FILL_AREA_STYLE('',(#16779));
#16779 = FILL_AREA_STYLE_COLOUR('',#16518);
#16780 = CURVE_STYLE('',#16781,POSITIVE_LENGTH_MEASURE(0.1),#16518);
#16781 = DRAUGHTING_PRE_DEFINED_CURVE_FONT('continuous');
#16782 = STYLED_ITEM('color',(#16783),#1955);
#16783 = PRESENTATION_STYLE_ASSIGNMENT((#16784,#16789));
#16784 = SURFACE_STYLE_USAGE(.BOTH.,#16785);
#16785 = SURFACE_SIDE_STYLE('',(#16786));
#16786 = SURFACE_STYLE_FILL_AREA(#16787);
#16787 = FILL_AREA_STYLE('',(#16788));
#16788 = FILL_AREA_STYLE_COLOUR('',#16518);
#16789 = CURVE_STYLE('',#16790,POSITIVE_LENGTH_MEASURE(0.1),#16518);
#16790 = DRAUGHTING_PRE_DEFINED_CURVE_FONT('continuous');
#16791 = STYLED_ITEM('color',(#16792),#1972);
#16792 = PRESENTATION_STYLE_ASSIGNMENT((#16793,#16798));
#16793 = SURFACE_STYLE_USAGE(.BOTH.,#16794);
#16794 = SURFACE_SIDE_STYLE('',(#16795));
#16795 = SURFACE_STYLE_FILL_AREA(#16796);
#16796 = FILL_AREA_STYLE('',(#16797));
#16797 = FILL_AREA_STYLE_COLOUR('',#16518);
#16798 = CURVE_STYLE('',#16799,POSITIVE_LENGTH_MEASURE(0.1),#16518);
#16799 = DRAUGHTING_PRE_DEFINED_CURVE_FONT('continuous');
#16800 = STYLED_ITEM('color',(#16801),#2019);
#16801 = PRESENTATION_STYLE_ASSIGNMENT((#16802,#16807));
#16802 = SURFACE_STYLE_USAGE(.BOTH.,#16803);
#16803 = SURFACE_SIDE_STYLE('',(#16804));
#16804 = SURFACE_STYLE_FILL_AREA(#16805);
#16805 = FILL_AREA_STYLE('',(#16806));
#16806 = FILL_AREA_STYLE_COLOUR('',#16518);
#16807 = CURVE_STYLE('',#16808,POSITIVE_LENGTH_MEASURE(0.1),#16518);
#16808 = DRAUGHTING_PRE_DEFINED_CURVE_FONT('continuous');
#16809 = STYLED_ITEM('color',(#16810),#2036);
#16810 = PRESENTATION_STYLE_ASSIGNMENT((#16811,#16816));
#16811 = SURFACE_STYLE_USAGE(.BOTH.,#16812);
#16812 = SURFACE_SIDE_STYLE('',(#16813));
#16813 = SURFACE_STYLE_FILL_AREA(#16814);
#16814 = FILL_AREA_STYLE('',(#16815));
#16815 = FILL_AREA_STYLE_COLOUR('',#16518);
#16816 = CURVE_STYLE('',#16817,POSITIVE_LENGTH_MEASURE(0.1),#16518);
#16817 = DRAUGHTING_PRE_DEFINED_CURVE_FONT('continuous');
#16818 = STYLED_ITEM('color',(#16819),#2083);
#16819 = PRESENTATION_STYLE_ASSIGNMENT((#16820,#16825));
#16820 = SURFACE_STYLE_USAGE(.BOTH.,#16821);
#16821 = SURFACE_SIDE_STYLE('',(#16822));
#16822 = SURFACE_STYLE_FILL_AREA(#16823);
#16823 = FILL_AREA_STYLE('',(#16824));
#16824 = FILL_AREA_STYLE_COLOUR('',#16518);
#16825 = CURVE_STYLE('',#16826,POSITIVE_LENGTH_MEASURE(0.1),#16518);
#16826 = DRAUGHTING_PRE_DEFINED_CURVE_FONT('continuous');
#16827 = STYLED_ITEM('color',(#16828),#2100);
#16828 = PRESENTATION_STYLE_ASSIGNMENT((#16829,#16834));
#16829 = SURFACE_STYLE_USAGE(.BOTH.,#16830);
#16830 = SURFACE_SIDE_STYLE('',(#16831));
#16831 = SURFACE_STYLE_FILL_AREA(#16832);
#16832 = FILL_AREA_STYLE('',(#16833));
#16833 = FILL_AREA_STYLE_COLOUR('',#16518);
#16834 = CURVE_STYLE('',#16835,POSITIVE_LENGTH_MEASURE(0.1),#16518);
#16835 = DRAUGHTING_PRE_DEFINED_CURVE_FONT('continuous');
#16836 = STYLED_ITEM('color',(#16837),#2147);
#16837 = PRESENTATION_STYLE_ASSIGNMENT((#16838,#16843));
#16838 = SURFACE_STYLE_USAGE(.BOTH.,#16839);
#16839 = SURFACE_SIDE_STYLE('',(#16840));
#16840 = SURFACE_STYLE_FILL_AREA(#16841);
#16841 = FILL_AREA_STYLE('',(#16842));
#16842 = FILL_AREA_STYLE_COLOUR('',#16518);
#16843 = CURVE_STYLE('',#16844,POSITIVE_LENGTH_MEASURE(0.1),#16518);
#16844 = DRAUGHTING_PRE_DEFINED_CURVE_FONT('continuous');
#16845 = STYLED_ITEM('color',(#16846),#2164);
#16846 = PRESENTATION_STYLE_ASSIGNMENT((#16847,#16852));
#16847 = SURFACE_STYLE_USAGE(.BOTH.,#16848);
#16848 = SURFACE_SIDE_STYLE('',(#16849));
#16849 = SURFACE_STYLE_FILL_AREA(#16850);
#16850 = FILL_AREA_STYLE('',(#16851));
#16851 = FILL_AREA_STYLE_COLOUR('',#16518);
#16852 = CURVE_STYLE('',#16853,POSITIVE_LENGTH_MEASURE(0.1),#16518);
#16853 = DRAUGHTING_PRE_DEFINED_CURVE_FONT('continuous');
#16854 = STYLED_ITEM('color',(#16855),#2211);
#16855 = PRESENTATION_STYLE_ASSIGNMENT((#16856,#16861));
#16856 = SURFACE_STYLE_USAGE(.BOTH.,#16857);
#16857 = SURFACE_SIDE_STYLE('',(#16858));
#16858 = SURFACE_STYLE_FILL_AREA(#16859);
#16859 = FILL_AREA_STYLE('',(#16860));
#16860 = FILL_AREA_STYLE_COLOUR('',#16518);
#16861 = CURVE_STYLE('',#16862,POSITIVE_LENGTH_MEASURE(0.1),#16518);
#16862 = DRAUGHTING_PRE_DEFINED_CURVE_FONT('continuous');
#16863 = STYLED_ITEM('color',(#16864),#2228);
#16864 = PRESENTATION_STYLE_ASSIGNMENT((#16865,#16870));
#16865 = SURFACE_STYLE_USAGE(.BOTH.,#16866);
#16866 = SURFACE_SIDE_STYLE('',(#16867));
#16867 = SURFACE_STYLE_FILL_AREA(#16868);
#16868 = FILL_AREA_STYLE('',(#16869));
#16869 = FILL_AREA_STYLE_COLOUR('',#16518);
#16870 = CURVE_STYLE('',#16871,POSITIVE_LENGTH_MEASURE(0.1),#16518);
#16871 = DRAUGHTING_PRE_DEFINED_CURVE_FONT('continuous');
#16872 = STYLED_ITEM('color',(#16873),#2275);
#16873 = PRESENTATION_STYLE_ASSIGNMENT((#16874,#16879));
#16874 = SURFACE_STYLE_USAGE(.BOTH.,#16875);
#16875 = SURFACE_SIDE_STYLE('',(#16876));
#16876 = SURFACE_STYLE_FILL_AREA(#16877);
#16877 = FILL_AREA_STYLE('',(#16878));
#16878 = FILL_AREA_STYLE_COLOUR('',#16518);
#16879 = CURVE_STYLE('',#16880,POSITIVE_LENGTH_MEASURE(0.1),#16518);
#16880 = DRAUGHTING_PRE_DEFINED_CURVE_FONT('continuous');
#16881 = STYLED_ITEM('color',(#16882),#2292);
#16882 = PRESENTATION_STYLE_ASSIGNMENT((#16883,#16888));
#16883 = SURFACE_STYLE_USAGE(.BOTH.,#16884);
#16884 = SURFACE_SIDE_STYLE('',(#16885));
#16885 = SURFACE_STYLE_FILL_AREA(#16886);
#16886 = FILL_AREA_STYLE('',(#16887));
#16887 = FILL_AREA_STYLE_COLOUR('',#16518);
#16888 = CURVE_STYLE('',#16889,POSITIVE_LENGTH_MEASURE(0.1),#16518);
#16889 = DRAUGHTING_PRE_DEFINED_CURVE_FONT('continuous');
#16890 = STYLED_ITEM('color',(#16891),#2339);
#16891 = PRESENTATION_STYLE_ASSIGNMENT((#16892,#16897));
#16892 = SURFACE_STYLE_USAGE(.BOTH.,#16893);
#16893 = SURFACE_SIDE_STYLE('',(#16894));
#16894 = SURFACE_STYLE_FILL_AREA(#16895);
#16895 = FILL_AREA_STYLE('',(#16896));
#16896 = FILL_AREA_STYLE_COLOUR('',#16445);
#16897 = CURVE_STYLE('',#16898,POSITIVE_LENGTH_MEASURE(0.1),#16445);
#16898 = DRAUGHTING_PRE_DEFINED_CURVE_FONT('continuous');
#16899 = STYLED_ITEM('color',(#16900),#2370);
#16900 = PRESENTATION_STYLE_ASSIGNMENT((#16901,#16906));
#16901 = SURFACE_STYLE_USAGE(.BOTH.,#16902);
#16902 = SURFACE_SIDE_STYLE('',(#16903));
#16903 = SURFACE_STYLE_FILL_AREA(#16904);
#16904 = FILL_AREA_STYLE('',(#16905));
#16905 = FILL_AREA_STYLE_COLOUR('',#16445);
#16906 = CURVE_STYLE('',#16907,POSITIVE_LENGTH_MEASURE(0.1),#16445);
#16907 = DRAUGHTING_PRE_DEFINED_CURVE_FONT('continuous');
#16908 = OVER_RIDING_STYLED_ITEM('overriding color',(#16909),#2384,
  #16899);
#16909 = PRESENTATION_STYLE_ASSIGNMENT((#16910,#16915));
#16910 = SURFACE_STYLE_USAGE(.BOTH.,#16911);
#16911 = SURFACE_SIDE_STYLE('',(#16912));
#16912 = SURFACE_STYLE_FILL_AREA(#16913);
#16913 = FILL_AREA_STYLE('',(#16914));
#16914 = FILL_AREA_STYLE_COLOUR('',#16518);
#16915 = CURVE_STYLE('',#16916,POSITIVE_LENGTH_MEASURE(0.1),#16518);
#16916 = DRAUGHTING_PRE_DEFINED_CURVE_FONT('continuous');
#16917 = OVER_RIDING_STYLED_ITEM('overriding color',(#16918),#2400,
  #16899);
#16918 = PRESENTATION_STYLE_ASSIGNMENT((#16919,#16924));
#16919 = SURFACE_STYLE_USAGE(.BOTH.,#16920);
#16920 = SURFACE_SIDE_STYLE('',(#16921));
#16921 = SURFACE_STYLE_FILL_AREA(#16922);
#16922 = FILL_AREA_STYLE('',(#16923));
#16923 = FILL_AREA_STYLE_COLOUR('',#16518);
#16924 = CURVE_STYLE('',#16925,POSITIVE_LENGTH_MEASURE(0.1),#16518);
#16925 = DRAUGHTING_PRE_DEFINED_CURVE_FONT('continuous');
#16926 = STYLED_ITEM('color',(#16927),#2426);
#16927 = PRESENTATION_STYLE_ASSIGNMENT((#16928,#16933));
#16928 = SURFACE_STYLE_USAGE(.BOTH.,#16929);
#16929 = SURFACE_SIDE_STYLE('',(#16930));
#16930 = SURFACE_STYLE_FILL_AREA(#16931);
#16931 = FILL_AREA_STYLE('',(#16932));
#16932 = FILL_AREA_STYLE_COLOUR('',#16445);
#16933 = CURVE_STYLE('',#16934,POSITIVE_LENGTH_MEASURE(0.1),#16445);
#16934 = DRAUGHTING_PRE_DEFINED_CURVE_FONT('continuous');
#16935 = STYLED_ITEM('color',(#16936),#2450);
#16936 = PRESENTATION_STYLE_ASSIGNMENT((#16937,#16942));
#16937 = SURFACE_STYLE_USAGE(.BOTH.,#16938);
#16938 = SURFACE_SIDE_STYLE('',(#16939));
#16939 = SURFACE_STYLE_FILL_AREA(#16940);
#16940 = FILL_AREA_STYLE('',(#16941));
#16941 = FILL_AREA_STYLE_COLOUR('',#16445);
#16942 = CURVE_STYLE('',#16943,POSITIVE_LENGTH_MEASURE(0.1),#16445);
#16943 = DRAUGHTING_PRE_DEFINED_CURVE_FONT('continuous');
#16944 = OVER_RIDING_STYLED_ITEM('overriding color',(#16945),#2464,
  #16935);
#16945 = PRESENTATION_STYLE_ASSIGNMENT((#16946,#16951));
#16946 = SURFACE_STYLE_USAGE(.BOTH.,#16947);
#16947 = SURFACE_SIDE_STYLE('',(#16948));
#16948 = SURFACE_STYLE_FILL_AREA(#16949);
#16949 = FILL_AREA_STYLE('',(#16950));
#16950 = FILL_AREA_STYLE_COLOUR('',#16518);
#16951 = CURVE_STYLE('',#16952,POSITIVE_LENGTH_MEASURE(0.1),#16518);
#16952 = DRAUGHTING_PRE_DEFINED_CURVE_FONT('continuous');
#16953 = OVER_RIDING_STYLED_ITEM('overriding color',(#16954),#2480,
  #16935);
#16954 = PRESENTATION_STYLE_ASSIGNMENT((#16955,#16960));
#16955 = SURFACE_STYLE_USAGE(.BOTH.,#16956);
#16956 = SURFACE_SIDE_STYLE('',(#16957));
#16957 = SURFACE_STYLE_FILL_AREA(#16958);
#16958 = FILL_AREA_STYLE('',(#16959));
#16959 = FILL_AREA_STYLE_COLOUR('',#16518);
#16960 = CURVE_STYLE('',#16961,POSITIVE_LENGTH_MEASURE(0.1),#16518);
#16961 = DRAUGHTING_PRE_DEFINED_CURVE_FONT('continuous');
#16962 = STYLED_ITEM('color',(#16963),#2499);
#16963 = PRESENTATION_STYLE_ASSIGNMENT((#16964,#16969));
#16964 = SURFACE_STYLE_USAGE(.BOTH.,#16965);
#16965 = SURFACE_SIDE_STYLE('',(#16966));
#16966 = SURFACE_STYLE_FILL_AREA(#16967);
#16967 = FILL_AREA_STYLE('',(#16968));
#16968 = FILL_AREA_STYLE_COLOUR('',#16445);
#16969 = CURVE_STYLE('',#16970,POSITIVE_LENGTH_MEASURE(0.1),#16445);
#16970 = DRAUGHTING_PRE_DEFINED_CURVE_FONT('continuous');
#16971 = STYLED_ITEM('color',(#16972),#2530);
#16972 = PRESENTATION_STYLE_ASSIGNMENT((#16973,#16978));
#16973 = SURFACE_STYLE_USAGE(.BOTH.,#16974);
#16974 = SURFACE_SIDE_STYLE('',(#16975));
#16975 = SURFACE_STYLE_FILL_AREA(#16976);
#16976 = FILL_AREA_STYLE('',(#16977));
#16977 = FILL_AREA_STYLE_COLOUR('',#16445);
#16978 = CURVE_STYLE('',#16979,POSITIVE_LENGTH_MEASURE(0.1),#16445);
#16979 = DRAUGHTING_PRE_DEFINED_CURVE_FONT('continuous');
#16980 = OVER_RIDING_STYLED_ITEM('overriding color',(#16981),#2544,
  #16971);
#16981 = PRESENTATION_STYLE_ASSIGNMENT((#16982,#16987));
#16982 = SURFACE_STYLE_USAGE(.BOTH.,#16983);
#16983 = SURFACE_SIDE_STYLE('',(#16984));
#16984 = SURFACE_STYLE_FILL_AREA(#16985);
#16985 = FILL_AREA_STYLE('',(#16986));
#16986 = FILL_AREA_STYLE_COLOUR('',#16518);
#16987 = CURVE_STYLE('',#16988,POSITIVE_LENGTH_MEASURE(0.1),#16518);
#16988 = DRAUGHTING_PRE_DEFINED_CURVE_FONT('continuous');
#16989 = OVER_RIDING_STYLED_ITEM('overriding color',(#16990),#2560,
  #16971);
#16990 = PRESENTATION_STYLE_ASSIGNMENT((#16991,#16996));
#16991 = SURFACE_STYLE_USAGE(.BOTH.,#16992);
#16992 = SURFACE_SIDE_STYLE('',(#16993));
#16993 = SURFACE_STYLE_FILL_AREA(#16994);
#16994 = FILL_AREA_STYLE('',(#16995));
#16995 = FILL_AREA_STYLE_COLOUR('',#16518);
#16996 = CURVE_STYLE('',#16997,POSITIVE_LENGTH_MEASURE(0.1),#16518);
#16997 = DRAUGHTING_PRE_DEFINED_CURVE_FONT('continuous');
#16998 = STYLED_ITEM('color',(#16999),#2586);
#16999 = PRESENTATION_STYLE_ASSIGNMENT((#17000,#17005));
#17000 = SURFACE_STYLE_USAGE(.BOTH.,#17001);
#17001 = SURFACE_SIDE_STYLE('',(#17002));
#17002 = SURFACE_STYLE_FILL_AREA(#17003);
#17003 = FILL_AREA_STYLE('',(#17004));
#17004 = FILL_AREA_STYLE_COLOUR('',#16445);
#17005 = CURVE_STYLE('',#17006,POSITIVE_LENGTH_MEASURE(0.1),#16445);
#17006 = DRAUGHTING_PRE_DEFINED_CURVE_FONT('continuous');
#17007 = STYLED_ITEM('color',(#17008),#2610);
#17008 = PRESENTATION_STYLE_ASSIGNMENT((#17009,#17014));
#17009 = SURFACE_STYLE_USAGE(.BOTH.,#17010);
#17010 = SURFACE_SIDE_STYLE('',(#17011));
#17011 = SURFACE_STYLE_FILL_AREA(#17012);
#17012 = FILL_AREA_STYLE('',(#17013));
#17013 = FILL_AREA_STYLE_COLOUR('',#16445);
#17014 = CURVE_STYLE('',#17015,POSITIVE_LENGTH_MEASURE(0.1),#16445);
#17015 = DRAUGHTING_PRE_DEFINED_CURVE_FONT('continuous');
#17016 = OVER_RIDING_STYLED_ITEM('overriding color',(#17017),#2624,
  #17007);
#17017 = PRESENTATION_STYLE_ASSIGNMENT((#17018,#17023));
#17018 = SURFACE_STYLE_USAGE(.BOTH.,#17019);
#17019 = SURFACE_SIDE_STYLE('',(#17020));
#17020 = SURFACE_STYLE_FILL_AREA(#17021);
#17021 = FILL_AREA_STYLE('',(#17022));
#17022 = FILL_AREA_STYLE_COLOUR('',#16518);
#17023 = CURVE_STYLE('',#17024,POSITIVE_LENGTH_MEASURE(0.1),#16518);
#17024 = DRAUGHTING_PRE_DEFINED_CURVE_FONT('continuous');
#17025 = OVER_RIDING_STYLED_ITEM('overriding color',(#17026),#2640,
  #17007);
#17026 = PRESENTATION_STYLE_ASSIGNMENT((#17027,#17032));
#17027 = SURFACE_STYLE_USAGE(.BOTH.,#17028);
#17028 = SURFACE_SIDE_STYLE('',(#17029));
#17029 = SURFACE_STYLE_FILL_AREA(#17030);
#17030 = FILL_AREA_STYLE('',(#17031));
#17031 = FILL_AREA_STYLE_COLOUR('',#16518);
#17032 = CURVE_STYLE('',#17033,POSITIVE_LENGTH_MEASURE(0.1),#16518);
#17033 = DRAUGHTING_PRE_DEFINED_CURVE_FONT('continuous');
#17034 = STYLED_ITEM('color',(#17035),#2659);
#17035 = PRESENTATION_STYLE_ASSIGNMENT((#17036,#17041));
#17036 = SURFACE_STYLE_USAGE(.BOTH.,#17037);
#17037 = SURFACE_SIDE_STYLE('',(#17038));
#17038 = SURFACE_STYLE_FILL_AREA(#17039);
#17039 = FILL_AREA_STYLE('',(#17040));
#17040 = FILL_AREA_STYLE_COLOUR('',#16445);
#17041 = CURVE_STYLE('',#17042,POSITIVE_LENGTH_MEASURE(0.1),#16445);
#17042 = DRAUGHTING_PRE_DEFINED_CURVE_FONT('continuous');
#17043 = STYLED_ITEM('color',(#17044),#2690);
#17044 = PRESENTATION_STYLE_ASSIGNMENT((#17045,#17050));
#17045 = SURFACE_STYLE_USAGE(.BOTH.,#17046);
#17046 = SURFACE_SIDE_STYLE('',(#17047));
#17047 = SURFACE_STYLE_FILL_AREA(#17048);
#17048 = FILL_AREA_STYLE('',(#17049));
#17049 = FILL_AREA_STYLE_COLOUR('',#16445);
#17050 = CURVE_STYLE('',#17051,POSITIVE_LENGTH_MEASURE(0.1),#16445);
#17051 = DRAUGHTING_PRE_DEFINED_CURVE_FONT('continuous');
#17052 = OVER_RIDING_STYLED_ITEM('overriding color',(#17053),#2704,
  #17043);
#17053 = PRESENTATION_STYLE_ASSIGNMENT((#17054,#17059));
#17054 = SURFACE_STYLE_USAGE(.BOTH.,#17055);
#17055 = SURFACE_SIDE_STYLE('',(#17056));
#17056 = SURFACE_STYLE_FILL_AREA(#17057);
#17057 = FILL_AREA_STYLE('',(#17058));
#17058 = FILL_AREA_STYLE_COLOUR('',#16518);
#17059 = CURVE_STYLE('',#17060,POSITIVE_LENGTH_MEASURE(0.1),#16518);
#17060 = DRAUGHTING_PRE_DEFINED_CURVE_FONT('continuous');
#17061 = OVER_RIDING_STYLED_ITEM('overriding color',(#17062),#2720,
  #17043);
#17062 = PRESENTATION_STYLE_ASSIGNMENT((#17063,#17068));
#17063 = SURFACE_STYLE_USAGE(.BOTH.,#17064);
#17064 = SURFACE_SIDE_STYLE('',(#17065));
#17065 = SURFACE_STYLE_FILL_AREA(#17066);
#17066 = FILL_AREA_STYLE('',(#17067));
#17067 = FILL_AREA_STYLE_COLOUR('',#16518);
#17068 = CURVE_STYLE('',#17069,POSITIVE_LENGTH_MEASURE(0.1),#16518);
#17069 = DRAUGHTING_PRE_DEFINED_CURVE_FONT('continuous');
#17070 = STYLED_ITEM('color',(#17071),#2746);
#17071 = PRESENTATION_STYLE_ASSIGNMENT((#17072,#17077));
#17072 = SURFACE_STYLE_USAGE(.BOTH.,#17073);
#17073 = SURFACE_SIDE_STYLE('',(#17074));
#17074 = SURFACE_STYLE_FILL_AREA(#17075);
#17075 = FILL_AREA_STYLE('',(#17076));
#17076 = FILL_AREA_STYLE_COLOUR('',#16445);
#17077 = CURVE_STYLE('',#17078,POSITIVE_LENGTH_MEASURE(0.1),#16445);
#17078 = DRAUGHTING_PRE_DEFINED_CURVE_FONT('continuous');
#17079 = STYLED_ITEM('color',(#17080),#2770);
#17080 = PRESENTATION_STYLE_ASSIGNMENT((#17081,#17086));
#17081 = SURFACE_STYLE_USAGE(.BOTH.,#17082);
#17082 = SURFACE_SIDE_STYLE('',(#17083));
#17083 = SURFACE_STYLE_FILL_AREA(#17084);
#17084 = FILL_AREA_STYLE('',(#17085));
#17085 = FILL_AREA_STYLE_COLOUR('',#16445);
#17086 = CURVE_STYLE('',#17087,POSITIVE_LENGTH_MEASURE(0.1),#16445);
#17087 = DRAUGHTING_PRE_DEFINED_CURVE_FONT('continuous');
#17088 = OVER_RIDING_STYLED_ITEM('overriding color',(#17089),#2784,
  #17079);
#17089 = PRESENTATION_STYLE_ASSIGNMENT((#17090,#17095));
#17090 = SURFACE_STYLE_USAGE(.BOTH.,#17091);
#17091 = SURFACE_SIDE_STYLE('',(#17092));
#17092 = SURFACE_STYLE_FILL_AREA(#17093);
#17093 = FILL_AREA_STYLE('',(#17094));
#17094 = FILL_AREA_STYLE_COLOUR('',#16518);
#17095 = CURVE_STYLE('',#17096,POSITIVE_LENGTH_MEASURE(0.1),#16518);
#17096 = DRAUGHTING_PRE_DEFINED_CURVE_FONT('continuous');
#17097 = OVER_RIDING_STYLED_ITEM('overriding color',(#17098),#2800,
  #17079);
#17098 = PRESENTATION_STYLE_ASSIGNMENT((#17099,#17104));
#17099 = SURFACE_STYLE_USAGE(.BOTH.,#17100);
#17100 = SURFACE_SIDE_STYLE('',(#17101));
#17101 = SURFACE_STYLE_FILL_AREA(#17102);
#17102 = FILL_AREA_STYLE('',(#17103));
#17103 = FILL_AREA_STYLE_COLOUR('',#16518);
#17104 = CURVE_STYLE('',#17105,POSITIVE_LENGTH_MEASURE(0.1),#16518);
#17105 = DRAUGHTING_PRE_DEFINED_CURVE_FONT('continuous');
#17106 = STYLED_ITEM('color',(#17107),#2819);
#17107 = PRESENTATION_STYLE_ASSIGNMENT((#17108,#17113));
#17108 = SURFACE_STYLE_USAGE(.BOTH.,#17109);
#17109 = SURFACE_SIDE_STYLE('',(#17110));
#17110 = SURFACE_STYLE_FILL_AREA(#17111);
#17111 = FILL_AREA_STYLE('',(#17112));
#17112 = FILL_AREA_STYLE_COLOUR('',#16445);
#17113 = CURVE_STYLE('',#17114,POSITIVE_LENGTH_MEASURE(0.1),#16445);
#17114 = DRAUGHTING_PRE_DEFINED_CURVE_FONT('continuous');
#17115 = STYLED_ITEM('color',(#17116),#2850);
#17116 = PRESENTATION_STYLE_ASSIGNMENT((#17117,#17122));
#17117 = SURFACE_STYLE_USAGE(.BOTH.,#17118);
#17118 = SURFACE_SIDE_STYLE('',(#17119));
#17119 = SURFACE_STYLE_FILL_AREA(#17120);
#17120 = FILL_AREA_STYLE('',(#17121));
#17121 = FILL_AREA_STYLE_COLOUR('',#16445);
#17122 = CURVE_STYLE('',#17123,POSITIVE_LENGTH_MEASURE(0.1),#16445);
#17123 = DRAUGHTING_PRE_DEFINED_CURVE_FONT('continuous');
#17124 = OVER_RIDING_STYLED_ITEM('overriding color',(#17125),#2864,
  #17115);
#17125 = PRESENTATION_STYLE_ASSIGNMENT((#17126,#17131));
#17126 = SURFACE_STYLE_USAGE(.BOTH.,#17127);
#17127 = SURFACE_SIDE_STYLE('',(#17128));
#17128 = SURFACE_STYLE_FILL_AREA(#17129);
#17129 = FILL_AREA_STYLE('',(#17130));
#17130 = FILL_AREA_STYLE_COLOUR('',#16518);
#17131 = CURVE_STYLE('',#17132,POSITIVE_LENGTH_MEASURE(0.1),#16518);
#17132 = DRAUGHTING_PRE_DEFINED_CURVE_FONT('continuous');
#17133 = OVER_RIDING_STYLED_ITEM('overriding color',(#17134),#2880,
  #17115);
#17134 = PRESENTATION_STYLE_ASSIGNMENT((#17135,#17140));
#17135 = SURFACE_STYLE_USAGE(.BOTH.,#17136);
#17136 = SURFACE_SIDE_STYLE('',(#17137));
#17137 = SURFACE_STYLE_FILL_AREA(#17138);
#17138 = FILL_AREA_STYLE('',(#17139));
#17139 = FILL_AREA_STYLE_COLOUR('',#16518);
#17140 = CURVE_STYLE('',#17141,POSITIVE_LENGTH_MEASURE(0.1),#16518);
#17141 = DRAUGHTING_PRE_DEFINED_CURVE_FONT('continuous');
#17142 = STYLED_ITEM('color',(#17143),#2906);
#17143 = PRESENTATION_STYLE_ASSIGNMENT((#17144,#17149));
#17144 = SURFACE_STYLE_USAGE(.BOTH.,#17145);
#17145 = SURFACE_SIDE_STYLE('',(#17146));
#17146 = SURFACE_STYLE_FILL_AREA(#17147);
#17147 = FILL_AREA_STYLE('',(#17148));
#17148 = FILL_AREA_STYLE_COLOUR('',#16445);
#17149 = CURVE_STYLE('',#17150,POSITIVE_LENGTH_MEASURE(0.1),#16445);
#17150 = DRAUGHTING_PRE_DEFINED_CURVE_FONT('continuous');
#17151 = STYLED_ITEM('color',(#17152),#2930);
#17152 = PRESENTATION_STYLE_ASSIGNMENT((#17153,#17158));
#17153 = SURFACE_STYLE_USAGE(.BOTH.,#17154);
#17154 = SURFACE_SIDE_STYLE('',(#17155));
#17155 = SURFACE_STYLE_FILL_AREA(#17156);
#17156 = FILL_AREA_STYLE('',(#17157));
#17157 = FILL_AREA_STYLE_COLOUR('',#16445);
#17158 = CURVE_STYLE('',#17159,POSITIVE_LENGTH_MEASURE(0.1),#16445);
#17159 = DRAUGHTING_PRE_DEFINED_CURVE_FONT('continuous');
#17160 = OVER_RIDING_STYLED_ITEM('overriding color',(#17161),#2944,
  #17151);
#17161 = PRESENTATION_STYLE_ASSIGNMENT((#17162,#17167));
#17162 = SURFACE_STYLE_USAGE(.BOTH.,#17163);
#17163 = SURFACE_SIDE_STYLE('',(#17164));
#17164 = SURFACE_STYLE_FILL_AREA(#17165);
#17165 = FILL_AREA_STYLE('',(#17166));
#17166 = FILL_AREA_STYLE_COLOUR('',#16518);
#17167 = CURVE_STYLE('',#17168,POSITIVE_LENGTH_MEASURE(0.1),#16518);
#17168 = DRAUGHTING_PRE_DEFINED_CURVE_FONT('continuous');
#17169 = OVER_RIDING_STYLED_ITEM('overriding color',(#17170),#2960,
  #17151);
#17170 = PRESENTATION_STYLE_ASSIGNMENT((#17171,#17176));
#17171 = SURFACE_STYLE_USAGE(.BOTH.,#17172);
#17172 = SURFACE_SIDE_STYLE('',(#17173));
#17173 = SURFACE_STYLE_FILL_AREA(#17174);
#17174 = FILL_AREA_STYLE('',(#17175));
#17175 = FILL_AREA_STYLE_COLOUR('',#16518);
#17176 = CURVE_STYLE('',#17177,POSITIVE_LENGTH_MEASURE(0.1),#16518);
#17177 = DRAUGHTING_PRE_DEFINED_CURVE_FONT('continuous');
#17178 = STYLED_ITEM('color',(#17179),#2979);
#17179 = PRESENTATION_STYLE_ASSIGNMENT((#17180,#17185));
#17180 = SURFACE_STYLE_USAGE(.BOTH.,#17181);
#17181 = SURFACE_SIDE_STYLE('',(#17182));
#17182 = SURFACE_STYLE_FILL_AREA(#17183);
#17183 = FILL_AREA_STYLE('',(#17184));
#17184 = FILL_AREA_STYLE_COLOUR('',#16518);
#17185 = CURVE_STYLE('',#17186,POSITIVE_LENGTH_MEASURE(0.1),#16518);
#17186 = DRAUGHTING_PRE_DEFINED_CURVE_FONT('continuous');
#17187 = STYLED_ITEM('color',(#17188),#2996);
#17188 = PRESENTATION_STYLE_ASSIGNMENT((#17189,#17194));
#17189 = SURFACE_STYLE_USAGE(.BOTH.,#17190);
#17190 = SURFACE_SIDE_STYLE('',(#17191));
#17191 = SURFACE_STYLE_FILL_AREA(#17192);
#17192 = FILL_AREA_STYLE('',(#17193));
#17193 = FILL_AREA_STYLE_COLOUR('',#16518);
#17194 = CURVE_STYLE('',#17195,POSITIVE_LENGTH_MEASURE(0.1),#16518);
#17195 = DRAUGHTING_PRE_DEFINED_CURVE_FONT('continuous');
#17196 = STYLED_ITEM('color',(#17197),#3013);
#17197 = PRESENTATION_STYLE_ASSIGNMENT((#17198,#17203));
#17198 = SURFACE_STYLE_USAGE(.BOTH.,#17199);
#17199 = SURFACE_SIDE_STYLE('',(#17200));
#17200 = SURFACE_STYLE_FILL_AREA(#17201);
#17201 = FILL_AREA_STYLE('',(#17202));
#17202 = FILL_AREA_STYLE_COLOUR('',#16518);
#17203 = CURVE_STYLE('',#17204,POSITIVE_LENGTH_MEASURE(0.1),#16518);
#17204 = DRAUGHTING_PRE_DEFINED_CURVE_FONT('continuous');
#17205 = STYLED_ITEM('color',(#17206),#3030);
#17206 = PRESENTATION_STYLE_ASSIGNMENT((#17207,#17212));
#17207 = SURFACE_STYLE_USAGE(.BOTH.,#17208);
#17208 = SURFACE_SIDE_STYLE('',(#17209));
#17209 = SURFACE_STYLE_FILL_AREA(#17210);
#17210 = FILL_AREA_STYLE('',(#17211));
#17211 = FILL_AREA_STYLE_COLOUR('',#16518);
#17212 = CURVE_STYLE('',#17213,POSITIVE_LENGTH_MEASURE(0.1),#16518);
#17213 = DRAUGHTING_PRE_DEFINED_CURVE_FONT('continuous');
#17214 = STYLED_ITEM('color',(#17215),#3047);
#17215 = PRESENTATION_STYLE_ASSIGNMENT((#17216,#17221));
#17216 = SURFACE_STYLE_USAGE(.BOTH.,#17217);
#17217 = SURFACE_SIDE_STYLE('',(#17218));
#17218 = SURFACE_STYLE_FILL_AREA(#17219);
#17219 = FILL_AREA_STYLE('',(#17220));
#17220 = FILL_AREA_STYLE_COLOUR('',#16518);
#17221 = CURVE_STYLE('',#17222,POSITIVE_LENGTH_MEASURE(0.1),#16518);
#17222 = DRAUGHTING_PRE_DEFINED_CURVE_FONT('continuous');
#17223 = STYLED_ITEM('color',(#17224),#3059);
#17224 = PRESENTATION_STYLE_ASSIGNMENT((#17225,#17230));
#17225 = SURFACE_STYLE_USAGE(.BOTH.,#17226);
#17226 = SURFACE_SIDE_STYLE('',(#17227));
#17227 = SURFACE_STYLE_FILL_AREA(#17228);
#17228 = FILL_AREA_STYLE('',(#17229));
#17229 = FILL_AREA_STYLE_COLOUR('',#16518);
#17230 = CURVE_STYLE('',#17231,POSITIVE_LENGTH_MEASURE(0.1),#16518);
#17231 = DRAUGHTING_PRE_DEFINED_CURVE_FONT('continuous');
#17232 = STYLED_ITEM('color',(#17233),#3076);
#17233 = PRESENTATION_STYLE_ASSIGNMENT((#17234,#17239));
#17234 = SURFACE_STYLE_USAGE(.BOTH.,#17235);
#17235 = SURFACE_SIDE_STYLE('',(#17236));
#17236 = SURFACE_STYLE_FILL_AREA(#17237);
#17237 = FILL_AREA_STYLE('',(#17238));
#17238 = FILL_AREA_STYLE_COLOUR('',#16518);
#17239 = CURVE_STYLE('',#17240,POSITIVE_LENGTH_MEASURE(0.1),#16518);
#17240 = DRAUGHTING_PRE_DEFINED_CURVE_FONT('continuous');
#17241 = STYLED_ITEM('color',(#17242),#3093);
#17242 = PRESENTATION_STYLE_ASSIGNMENT((#17243,#17248));
#17243 = SURFACE_STYLE_USAGE(.BOTH.,#17244);
#17244 = SURFACE_SIDE_STYLE('',(#17245));
#17245 = SURFACE_STYLE_FILL_AREA(#17246);
#17246 = FILL_AREA_STYLE('',(#17247));
#17247 = FILL_AREA_STYLE_COLOUR('',#16518);
#17248 = CURVE_STYLE('',#17249,POSITIVE_LENGTH_MEASURE(0.1),#16518);
#17249 = DRAUGHTING_PRE_DEFINED_CURVE_FONT('continuous');
#17250 = STYLED_ITEM('color',(#17251),#3110);
#17251 = PRESENTATION_STYLE_ASSIGNMENT((#17252,#17257));
#17252 = SURFACE_STYLE_USAGE(.BOTH.,#17253);
#17253 = SURFACE_SIDE_STYLE('',(#17254));
#17254 = SURFACE_STYLE_FILL_AREA(#17255);
#17255 = FILL_AREA_STYLE('',(#17256));
#17256 = FILL_AREA_STYLE_COLOUR('',#16518);
#17257 = CURVE_STYLE('',#17258,POSITIVE_LENGTH_MEASURE(0.1),#16518);
#17258 = DRAUGHTING_PRE_DEFINED_CURVE_FONT('continuous');
#17259 = STYLED_ITEM('color',(#17260),#3127);
#17260 = PRESENTATION_STYLE_ASSIGNMENT((#17261,#17266));
#17261 = SURFACE_STYLE_USAGE(.BOTH.,#17262);
#17262 = SURFACE_SIDE_STYLE('',(#17263));
#17263 = SURFACE_STYLE_FILL_AREA(#17264);
#17264 = FILL_AREA_STYLE('',(#17265));
#17265 = FILL_AREA_STYLE_COLOUR('',#16518);
#17266 = CURVE_STYLE('',#17267,POSITIVE_LENGTH_MEASURE(0.1),#16518);
#17267 = DRAUGHTING_PRE_DEFINED_CURVE_FONT('continuous');
#17268 = STYLED_ITEM('color',(#17269),#3139);
#17269 = PRESENTATION_STYLE_ASSIGNMENT((#17270,#17275));
#17270 = SURFACE_STYLE_USAGE(.BOTH.,#17271);
#17271 = SURFACE_SIDE_STYLE('',(#17272));
#17272 = SURFACE_STYLE_FILL_AREA(#17273);
#17273 = FILL_AREA_STYLE('',(#17274));
#17274 = FILL_AREA_STYLE_COLOUR('',#16518);
#17275 = CURVE_STYLE('',#17276,POSITIVE_LENGTH_MEASURE(0.1),#16518);
#17276 = DRAUGHTING_PRE_DEFINED_CURVE_FONT('continuous');
#17277 = STYLED_ITEM('color',(#17278),#3156);
#17278 = PRESENTATION_STYLE_ASSIGNMENT((#17279,#17284));
#17279 = SURFACE_STYLE_USAGE(.BOTH.,#17280);
#17280 = SURFACE_SIDE_STYLE('',(#17281));
#17281 = SURFACE_STYLE_FILL_AREA(#17282);
#17282 = FILL_AREA_STYLE('',(#17283));
#17283 = FILL_AREA_STYLE_COLOUR('',#16518);
#17284 = CURVE_STYLE('',#17285,POSITIVE_LENGTH_MEASURE(0.1),#16518);
#17285 = DRAUGHTING_PRE_DEFINED_CURVE_FONT('continuous');
#17286 = STYLED_ITEM('color',(#17287),#3173);
#17287 = PRESENTATION_STYLE_ASSIGNMENT((#17288,#17293));
#17288 = SURFACE_STYLE_USAGE(.BOTH.,#17289);
#17289 = SURFACE_SIDE_STYLE('',(#17290));
#17290 = SURFACE_STYLE_FILL_AREA(#17291);
#17291 = FILL_AREA_STYLE('',(#17292));
#17292 = FILL_AREA_STYLE_COLOUR('',#16518);
#17293 = CURVE_STYLE('',#17294,POSITIVE_LENGTH_MEASURE(0.1),#16518);
#17294 = DRAUGHTING_PRE_DEFINED_CURVE_FONT('continuous');
#17295 = STYLED_ITEM('color',(#17296),#3190);
#17296 = PRESENTATION_STYLE_ASSIGNMENT((#17297,#17302));
#17297 = SURFACE_STYLE_USAGE(.BOTH.,#17298);
#17298 = SURFACE_SIDE_STYLE('',(#17299));
#17299 = SURFACE_STYLE_FILL_AREA(#17300);
#17300 = FILL_AREA_STYLE('',(#17301));
#17301 = FILL_AREA_STYLE_COLOUR('',#16518);
#17302 = CURVE_STYLE('',#17303,POSITIVE_LENGTH_MEASURE(0.1),#16518);
#17303 = DRAUGHTING_PRE_DEFINED_CURVE_FONT('continuous');
#17304 = STYLED_ITEM('color',(#17305),#3207);
#17305 = PRESENTATION_STYLE_ASSIGNMENT((#17306,#17311));
#17306 = SURFACE_STYLE_USAGE(.BOTH.,#17307);
#17307 = SURFACE_SIDE_STYLE('',(#17308));
#17308 = SURFACE_STYLE_FILL_AREA(#17309);
#17309 = FILL_AREA_STYLE('',(#17310));
#17310 = FILL_AREA_STYLE_COLOUR('',#16518);
#17311 = CURVE_STYLE('',#17312,POSITIVE_LENGTH_MEASURE(0.1),#16518);
#17312 = DRAUGHTING_PRE_DEFINED_CURVE_FONT('continuous');
#17313 = STYLED_ITEM('color',(#17314),#3219);
#17314 = PRESENTATION_STYLE_ASSIGNMENT((#17315,#17320));
#17315 = SURFACE_STYLE_USAGE(.BOTH.,#17316);
#17316 = SURFACE_SIDE_STYLE('',(#17317));
#17317 = SURFACE_STYLE_FILL_AREA(#17318);
#17318 = FILL_AREA_STYLE('',(#17319));
#17319 = FILL_AREA_STYLE_COLOUR('',#16518);
#17320 = CURVE_STYLE('',#17321,POSITIVE_LENGTH_MEASURE(0.1),#16518);
#17321 = DRAUGHTING_PRE_DEFINED_CURVE_FONT('continuous');
#17322 = STYLED_ITEM('color',(#17323),#3236);
#17323 = PRESENTATION_STYLE_ASSIGNMENT((#17324,#17329));
#17324 = SURFACE_STYLE_USAGE(.BOTH.,#17325);
#17325 = SURFACE_SIDE_STYLE('',(#17326));
#17326 = SURFACE_STYLE_FILL_AREA(#17327);
#17327 = FILL_AREA_STYLE('',(#17328));
#17328 = FILL_AREA_STYLE_COLOUR('',#16518);
#17329 = CURVE_STYLE('',#17330,POSITIVE_LENGTH_MEASURE(0.1),#16518);
#17330 = DRAUGHTING_PRE_DEFINED_CURVE_FONT('continuous');
#17331 = STYLED_ITEM('color',(#17332),#3253);
#17332 = PRESENTATION_STYLE_ASSIGNMENT((#17333,#17338));
#17333 = SURFACE_STYLE_USAGE(.BOTH.,#17334);
#17334 = SURFACE_SIDE_STYLE('',(#17335));
#17335 = SURFACE_STYLE_FILL_AREA(#17336);
#17336 = FILL_AREA_STYLE('',(#17337));
#17337 = FILL_AREA_STYLE_COLOUR('',#16518);
#17338 = CURVE_STYLE('',#17339,POSITIVE_LENGTH_MEASURE(0.1),#16518);
#17339 = DRAUGHTING_PRE_DEFINED_CURVE_FONT('continuous');
#17340 = STYLED_ITEM('color',(#17341),#3270);
#17341 = PRESENTATION_STYLE_ASSIGNMENT((#17342,#17347));
#17342 = SURFACE_STYLE_USAGE(.BOTH.,#17343);
#17343 = SURFACE_SIDE_STYLE('',(#17344));
#17344 = SURFACE_STYLE_FILL_AREA(#17345);
#17345 = FILL_AREA_STYLE('',(#17346));
#17346 = FILL_AREA_STYLE_COLOUR('',#16518);
#17347 = CURVE_STYLE('',#17348,POSITIVE_LENGTH_MEASURE(0.1),#16518);
#17348 = DRAUGHTING_PRE_DEFINED_CURVE_FONT('continuous');
#17349 = STYLED_ITEM('color',(#17350),#3287);
#17350 = PRESENTATION_STYLE_ASSIGNMENT((#17351,#17356));
#17351 = SURFACE_STYLE_USAGE(.BOTH.,#17352);
#17352 = SURFACE_SIDE_STYLE('',(#17353));
#17353 = SURFACE_STYLE_FILL_AREA(#17354);
#17354 = FILL_AREA_STYLE('',(#17355));
#17355 = FILL_AREA_STYLE_COLOUR('',#16518);
#17356 = CURVE_STYLE('',#17357,POSITIVE_LENGTH_MEASURE(0.1),#16518);
#17357 = DRAUGHTING_PRE_DEFINED_CURVE_FONT('continuous');
#17358 = STYLED_ITEM('color',(#17359),#3299);
#17359 = PRESENTATION_STYLE_ASSIGNMENT((#17360,#17365));
#17360 = SURFACE_STYLE_USAGE(.BOTH.,#17361);
#17361 = SURFACE_SIDE_STYLE('',(#17362));
#17362 = SURFACE_STYLE_FILL_AREA(#17363);
#17363 = FILL_AREA_STYLE('',(#17364));
#17364 = FILL_AREA_STYLE_COLOUR('',#16445);
#17365 = CURVE_STYLE('',#17366,POSITIVE_LENGTH_MEASURE(0.1),#16445);
#17366 = DRAUGHTING_PRE_DEFINED_CURVE_FONT('continuous');
#17367 = OVER_RIDING_STYLED_ITEM('overriding color',(#17368),#3306,
  #17358);
#17368 = PRESENTATION_STYLE_ASSIGNMENT((#17369,#17374));
#17369 = SURFACE_STYLE_USAGE(.BOTH.,#17370);
#17370 = SURFACE_SIDE_STYLE('',(#17371));
#17371 = SURFACE_STYLE_FILL_AREA(#17372);
#17372 = FILL_AREA_STYLE('',(#17373));
#17373 = FILL_AREA_STYLE_COLOUR('',#16518);
#17374 = CURVE_STYLE('',#17375,POSITIVE_LENGTH_MEASURE(0.1),#16518);
#17375 = DRAUGHTING_PRE_DEFINED_CURVE_FONT('continuous');
#17376 = STYLED_ITEM('color',(#17377),#3316);
#17377 = PRESENTATION_STYLE_ASSIGNMENT((#17378,#17383));
#17378 = SURFACE_STYLE_USAGE(.BOTH.,#17379);
#17379 = SURFACE_SIDE_STYLE('',(#17380));
#17380 = SURFACE_STYLE_FILL_AREA(#17381);
#17381 = FILL_AREA_STYLE('',(#17382));
#17382 = FILL_AREA_STYLE_COLOUR('',#16445);
#17383 = CURVE_STYLE('',#17384,POSITIVE_LENGTH_MEASURE(0.1),#16445);
#17384 = DRAUGHTING_PRE_DEFINED_CURVE_FONT('continuous');
#17385 = OVER_RIDING_STYLED_ITEM('overriding color',(#17386),#3321,
  #17376);
#17386 = PRESENTATION_STYLE_ASSIGNMENT((#17387,#17392));
#17387 = SURFACE_STYLE_USAGE(.BOTH.,#17388);
#17388 = SURFACE_SIDE_STYLE('',(#17389));
#17389 = SURFACE_STYLE_FILL_AREA(#17390);
#17390 = FILL_AREA_STYLE('',(#17391));
#17391 = FILL_AREA_STYLE_COLOUR('',#16518);
#17392 = CURVE_STYLE('',#17393,POSITIVE_LENGTH_MEASURE(0.1),#16518);
#17393 = DRAUGHTING_PRE_DEFINED_CURVE_FONT('continuous');
#17394 = STYLED_ITEM('color',(#17395),#3333);
#17395 = PRESENTATION_STYLE_ASSIGNMENT((#17396,#17401));
#17396 = SURFACE_STYLE_USAGE(.BOTH.,#17397);
#17397 = SURFACE_SIDE_STYLE('',(#17398));
#17398 = SURFACE_STYLE_FILL_AREA(#17399);
#17399 = FILL_AREA_STYLE('',(#17400));
#17400 = FILL_AREA_STYLE_COLOUR('',#16518);
#17401 = CURVE_STYLE('',#17402,POSITIVE_LENGTH_MEASURE(0.1),#16518);
#17402 = DRAUGHTING_PRE_DEFINED_CURVE_FONT('continuous');
#17403 = STYLED_ITEM('color',(#17404),#3382);
#17404 = PRESENTATION_STYLE_ASSIGNMENT((#17405,#17410));
#17405 = SURFACE_STYLE_USAGE(.BOTH.,#17406);
#17406 = SURFACE_SIDE_STYLE('',(#17407));
#17407 = SURFACE_STYLE_FILL_AREA(#17408);
#17408 = FILL_AREA_STYLE('',(#17409));
#17409 = FILL_AREA_STYLE_COLOUR('',#16518);
#17410 = CURVE_STYLE('',#17411,POSITIVE_LENGTH_MEASURE(0.1),#16518);
#17411 = DRAUGHTING_PRE_DEFINED_CURVE_FONT('continuous');
#17412 = STYLED_ITEM('color',(#17413),#3406);
#17413 = PRESENTATION_STYLE_ASSIGNMENT((#17414,#17419));
#17414 = SURFACE_STYLE_USAGE(.BOTH.,#17415);
#17415 = SURFACE_SIDE_STYLE('',(#17416));
#17416 = SURFACE_STYLE_FILL_AREA(#17417);
#17417 = FILL_AREA_STYLE('',(#17418));
#17418 = FILL_AREA_STYLE_COLOUR('',#16518);
#17419 = CURVE_STYLE('',#17420,POSITIVE_LENGTH_MEASURE(0.1),#16518);
#17420 = DRAUGHTING_PRE_DEFINED_CURVE_FONT('continuous');
#17421 = STYLED_ITEM('color',(#17422),#3448);
#17422 = PRESENTATION_STYLE_ASSIGNMENT((#17423,#17428));
#17423 = SURFACE_STYLE_USAGE(.BOTH.,#17424);
#17424 = SURFACE_SIDE_STYLE('',(#17425));
#17425 = SURFACE_STYLE_FILL_AREA(#17426);
#17426 = FILL_AREA_STYLE('',(#17427));
#17427 = FILL_AREA_STYLE_COLOUR('',#16518);
#17428 = CURVE_STYLE('',#17429,POSITIVE_LENGTH_MEASURE(0.1),#16518);
#17429 = DRAUGHTING_PRE_DEFINED_CURVE_FONT('continuous');
#17430 = STYLED_ITEM('color',(#17431),#3465);
#17431 = PRESENTATION_STYLE_ASSIGNMENT((#17432,#17437));
#17432 = SURFACE_STYLE_USAGE(.BOTH.,#17433);
#17433 = SURFACE_SIDE_STYLE('',(#17434));
#17434 = SURFACE_STYLE_FILL_AREA(#17435);
#17435 = FILL_AREA_STYLE('',(#17436));
#17436 = FILL_AREA_STYLE_COLOUR('',#16445);
#17437 = CURVE_STYLE('',#17438,POSITIVE_LENGTH_MEASURE(0.1),#16445);
#17438 = DRAUGHTING_PRE_DEFINED_CURVE_FONT('continuous');
#17439 = OVER_RIDING_STYLED_ITEM('overriding color',(#17440),#3472,
  #17430);
#17440 = PRESENTATION_STYLE_ASSIGNMENT((#17441,#17446));
#17441 = SURFACE_STYLE_USAGE(.BOTH.,#17442);
#17442 = SURFACE_SIDE_STYLE('',(#17443));
#17443 = SURFACE_STYLE_FILL_AREA(#17444);
#17444 = FILL_AREA_STYLE('',(#17445));
#17445 = FILL_AREA_STYLE_COLOUR('',#16518);
#17446 = CURVE_STYLE('',#17447,POSITIVE_LENGTH_MEASURE(0.1),#16518);
#17447 = DRAUGHTING_PRE_DEFINED_CURVE_FONT('continuous');
#17448 = STYLED_ITEM('color',(#17449),#3482);
#17449 = PRESENTATION_STYLE_ASSIGNMENT((#17450,#17455));
#17450 = SURFACE_STYLE_USAGE(.BOTH.,#17451);
#17451 = SURFACE_SIDE_STYLE('',(#17452));
#17452 = SURFACE_STYLE_FILL_AREA(#17453);
#17453 = FILL_AREA_STYLE('',(#17454));
#17454 = FILL_AREA_STYLE_COLOUR('',#16445);
#17455 = CURVE_STYLE('',#17456,POSITIVE_LENGTH_MEASURE(0.1),#16445);
#17456 = DRAUGHTING_PRE_DEFINED_CURVE_FONT('continuous');
#17457 = OVER_RIDING_STYLED_ITEM('overriding color',(#17458),#3487,
  #17448);
#17458 = PRESENTATION_STYLE_ASSIGNMENT((#17459,#17464));
#17459 = SURFACE_STYLE_USAGE(.BOTH.,#17460);
#17460 = SURFACE_SIDE_STYLE('',(#17461));
#17461 = SURFACE_STYLE_FILL_AREA(#17462);
#17462 = FILL_AREA_STYLE('',(#17463));
#17463 = FILL_AREA_STYLE_COLOUR('',#16518);
#17464 = CURVE_STYLE('',#17465,POSITIVE_LENGTH_MEASURE(0.1),#16518);
#17465 = DRAUGHTING_PRE_DEFINED_CURVE_FONT('continuous');
#17466 = STYLED_ITEM('color',(#17467),#3499);
#17467 = PRESENTATION_STYLE_ASSIGNMENT((#17468,#17473));
#17468 = SURFACE_STYLE_USAGE(.BOTH.,#17469);
#17469 = SURFACE_SIDE_STYLE('',(#17470));
#17470 = SURFACE_STYLE_FILL_AREA(#17471);
#17471 = FILL_AREA_STYLE('',(#17472));
#17472 = FILL_AREA_STYLE_COLOUR('',#16518);
#17473 = CURVE_STYLE('',#17474,POSITIVE_LENGTH_MEASURE(0.1),#16518);
#17474 = DRAUGHTING_PRE_DEFINED_CURVE_FONT('continuous');
#17475 = STYLED_ITEM('color',(#17476),#3548);
#17476 = PRESENTATION_STYLE_ASSIGNMENT((#17477,#17482));
#17477 = SURFACE_STYLE_USAGE(.BOTH.,#17478);
#17478 = SURFACE_SIDE_STYLE('',(#17479));
#17479 = SURFACE_STYLE_FILL_AREA(#17480);
#17480 = FILL_AREA_STYLE('',(#17481));
#17481 = FILL_AREA_STYLE_COLOUR('',#16518);
#17482 = CURVE_STYLE('',#17483,POSITIVE_LENGTH_MEASURE(0.1),#16518);
#17483 = DRAUGHTING_PRE_DEFINED_CURVE_FONT('continuous');
#17484 = STYLED_ITEM('color',(#17485),#3572);
#17485 = PRESENTATION_STYLE_ASSIGNMENT((#17486,#17491));
#17486 = SURFACE_STYLE_USAGE(.BOTH.,#17487);
#17487 = SURFACE_SIDE_STYLE('',(#17488));
#17488 = SURFACE_STYLE_FILL_AREA(#17489);
#17489 = FILL_AREA_STYLE('',(#17490));
#17490 = FILL_AREA_STYLE_COLOUR('',#16518);
#17491 = CURVE_STYLE('',#17492,POSITIVE_LENGTH_MEASURE(0.1),#16518);
#17492 = DRAUGHTING_PRE_DEFINED_CURVE_FONT('continuous');
#17493 = STYLED_ITEM('color',(#17494),#3614);
#17494 = PRESENTATION_STYLE_ASSIGNMENT((#17495,#17500));
#17495 = SURFACE_STYLE_USAGE(.BOTH.,#17496);
#17496 = SURFACE_SIDE_STYLE('',(#17497));
#17497 = SURFACE_STYLE_FILL_AREA(#17498);
#17498 = FILL_AREA_STYLE('',(#17499));
#17499 = FILL_AREA_STYLE_COLOUR('',#16518);
#17500 = CURVE_STYLE('',#17501,POSITIVE_LENGTH_MEASURE(0.1),#16518);
#17501 = DRAUGHTING_PRE_DEFINED_CURVE_FONT('continuous');
#17502 = STYLED_ITEM('color',(#17503),#3631);
#17503 = PRESENTATION_STYLE_ASSIGNMENT((#17504,#17509));
#17504 = SURFACE_STYLE_USAGE(.BOTH.,#17505);
#17505 = SURFACE_SIDE_STYLE('',(#17506));
#17506 = SURFACE_STYLE_FILL_AREA(#17507);
#17507 = FILL_AREA_STYLE('',(#17508));
#17508 = FILL_AREA_STYLE_COLOUR('',#16445);
#17509 = CURVE_STYLE('',#17510,POSITIVE_LENGTH_MEASURE(0.1),#16445);
#17510 = DRAUGHTING_PRE_DEFINED_CURVE_FONT('continuous');
#17511 = OVER_RIDING_STYLED_ITEM('overriding color',(#17512),#3638,
  #17502);
#17512 = PRESENTATION_STYLE_ASSIGNMENT((#17513,#17518));
#17513 = SURFACE_STYLE_USAGE(.BOTH.,#17514);
#17514 = SURFACE_SIDE_STYLE('',(#17515));
#17515 = SURFACE_STYLE_FILL_AREA(#17516);
#17516 = FILL_AREA_STYLE('',(#17517));
#17517 = FILL_AREA_STYLE_COLOUR('',#16518);
#17518 = CURVE_STYLE('',#17519,POSITIVE_LENGTH_MEASURE(0.1),#16518);
#17519 = DRAUGHTING_PRE_DEFINED_CURVE_FONT('continuous');
#17520 = STYLED_ITEM('color',(#17521),#3648);
#17521 = PRESENTATION_STYLE_ASSIGNMENT((#17522,#17527));
#17522 = SURFACE_STYLE_USAGE(.BOTH.,#17523);
#17523 = SURFACE_SIDE_STYLE('',(#17524));
#17524 = SURFACE_STYLE_FILL_AREA(#17525);
#17525 = FILL_AREA_STYLE('',(#17526));
#17526 = FILL_AREA_STYLE_COLOUR('',#16445);
#17527 = CURVE_STYLE('',#17528,POSITIVE_LENGTH_MEASURE(0.1),#16445);
#17528 = DRAUGHTING_PRE_DEFINED_CURVE_FONT('continuous');
#17529 = OVER_RIDING_STYLED_ITEM('overriding color',(#17530),#3653,
  #17520);
#17530 = PRESENTATION_STYLE_ASSIGNMENT((#17531,#17536));
#17531 = SURFACE_STYLE_USAGE(.BOTH.,#17532);
#17532 = SURFACE_SIDE_STYLE('',(#17533));
#17533 = SURFACE_STYLE_FILL_AREA(#17534);
#17534 = FILL_AREA_STYLE('',(#17535));
#17535 = FILL_AREA_STYLE_COLOUR('',#16518);
#17536 = CURVE_STYLE('',#17537,POSITIVE_LENGTH_MEASURE(0.1),#16518);
#17537 = DRAUGHTING_PRE_DEFINED_CURVE_FONT('continuous');
#17538 = STYLED_ITEM('color',(#17539),#3665);
#17539 = PRESENTATION_STYLE_ASSIGNMENT((#17540,#17545));
#17540 = SURFACE_STYLE_USAGE(.BOTH.,#17541);
#17541 = SURFACE_SIDE_STYLE('',(#17542));
#17542 = SURFACE_STYLE_FILL_AREA(#17543);
#17543 = FILL_AREA_STYLE('',(#17544));
#17544 = FILL_AREA_STYLE_COLOUR('',#16518);
#17545 = CURVE_STYLE('',#17546,POSITIVE_LENGTH_MEASURE(0.1),#16518);
#17546 = DRAUGHTING_PRE_DEFINED_CURVE_FONT('continuous');
#17547 = STYLED_ITEM('color',(#17548),#3714);
#17548 = PRESENTATION_STYLE_ASSIGNMENT((#17549,#17554));
#17549 = SURFACE_STYLE_USAGE(.BOTH.,#17550);
#17550 = SURFACE_SIDE_STYLE('',(#17551));
#17551 = SURFACE_STYLE_FILL_AREA(#17552);
#17552 = FILL_AREA_STYLE('',(#17553));
#17553 = FILL_AREA_STYLE_COLOUR('',#16518);
#17554 = CURVE_STYLE('',#17555,POSITIVE_LENGTH_MEASURE(0.1),#16518);
#17555 = DRAUGHTING_PRE_DEFINED_CURVE_FONT('continuous');
#17556 = STYLED_ITEM('color',(#17557),#3738);
#17557 = PRESENTATION_STYLE_ASSIGNMENT((#17558,#17563));
#17558 = SURFACE_STYLE_USAGE(.BOTH.,#17559);
#17559 = SURFACE_SIDE_STYLE('',(#17560));
#17560 = SURFACE_STYLE_FILL_AREA(#17561);
#17561 = FILL_AREA_STYLE('',(#17562));
#17562 = FILL_AREA_STYLE_COLOUR('',#16518);
#17563 = CURVE_STYLE('',#17564,POSITIVE_LENGTH_MEASURE(0.1),#16518);
#17564 = DRAUGHTING_PRE_DEFINED_CURVE_FONT('continuous');
#17565 = STYLED_ITEM('color',(#17566),#3780);
#17566 = PRESENTATION_STYLE_ASSIGNMENT((#17567,#17572));
#17567 = SURFACE_STYLE_USAGE(.BOTH.,#17568);
#17568 = SURFACE_SIDE_STYLE('',(#17569));
#17569 = SURFACE_STYLE_FILL_AREA(#17570);
#17570 = FILL_AREA_STYLE('',(#17571));
#17571 = FILL_AREA_STYLE_COLOUR('',#16518);
#17572 = CURVE_STYLE('',#17573,POSITIVE_LENGTH_MEASURE(0.1),#16518);
#17573 = DRAUGHTING_PRE_DEFINED_CURVE_FONT('continuous');
#17574 = STYLED_ITEM('color',(#17575),#3797);
#17575 = PRESENTATION_STYLE_ASSIGNMENT((#17576,#17581));
#17576 = SURFACE_STYLE_USAGE(.BOTH.,#17577);
#17577 = SURFACE_SIDE_STYLE('',(#17578));
#17578 = SURFACE_STYLE_FILL_AREA(#17579);
#17579 = FILL_AREA_STYLE('',(#17580));
#17580 = FILL_AREA_STYLE_COLOUR('',#16445);
#17581 = CURVE_STYLE('',#17582,POSITIVE_LENGTH_MEASURE(0.1),#16445);
#17582 = DRAUGHTING_PRE_DEFINED_CURVE_FONT('continuous');
#17583 = OVER_RIDING_STYLED_ITEM('overriding color',(#17584),#3804,
  #17574);
#17584 = PRESENTATION_STYLE_ASSIGNMENT((#17585,#17590));
#17585 = SURFACE_STYLE_USAGE(.BOTH.,#17586);
#17586 = SURFACE_SIDE_STYLE('',(#17587));
#17587 = SURFACE_STYLE_FILL_AREA(#17588);
#17588 = FILL_AREA_STYLE('',(#17589));
#17589 = FILL_AREA_STYLE_COLOUR('',#16518);
#17590 = CURVE_STYLE('',#17591,POSITIVE_LENGTH_MEASURE(0.1),#16518);
#17591 = DRAUGHTING_PRE_DEFINED_CURVE_FONT('continuous');
#17592 = STYLED_ITEM('color',(#17593),#3814);
#17593 = PRESENTATION_STYLE_ASSIGNMENT((#17594,#17599));
#17594 = SURFACE_STYLE_USAGE(.BOTH.,#17595);
#17595 = SURFACE_SIDE_STYLE('',(#17596));
#17596 = SURFACE_STYLE_FILL_AREA(#17597);
#17597 = FILL_AREA_STYLE('',(#17598));
#17598 = FILL_AREA_STYLE_COLOUR('',#16445);
#17599 = CURVE_STYLE('',#17600,POSITIVE_LENGTH_MEASURE(0.1),#16445);
#17600 = DRAUGHTING_PRE_DEFINED_CURVE_FONT('continuous');
#17601 = OVER_RIDING_STYLED_ITEM('overriding color',(#17602),#3819,
  #17592);
#17602 = PRESENTATION_STYLE_ASSIGNMENT((#17603,#17608));
#17603 = SURFACE_STYLE_USAGE(.BOTH.,#17604);
#17604 = SURFACE_SIDE_STYLE('',(#17605));
#17605 = SURFACE_STYLE_FILL_AREA(#17606);
#17606 = FILL_AREA_STYLE('',(#17607));
#17607 = FILL_AREA_STYLE_COLOUR('',#16518);
#17608 = CURVE_STYLE('',#17609,POSITIVE_LENGTH_MEASURE(0.1),#16518);
#17609 = DRAUGHTING_PRE_DEFINED_CURVE_FONT('continuous');
#17610 = STYLED_ITEM('color',(#17611),#3831);
#17611 = PRESENTATION_STYLE_ASSIGNMENT((#17612,#17617));
#17612 = SURFACE_STYLE_USAGE(.BOTH.,#17613);
#17613 = SURFACE_SIDE_STYLE('',(#17614));
#17614 = SURFACE_STYLE_FILL_AREA(#17615);
#17615 = FILL_AREA_STYLE('',(#17616));
#17616 = FILL_AREA_STYLE_COLOUR('',#16518);
#17617 = CURVE_STYLE('',#17618,POSITIVE_LENGTH_MEASURE(0.1),#16518);
#17618 = DRAUGHTING_PRE_DEFINED_CURVE_FONT('continuous');
#17619 = STYLED_ITEM('color',(#17620),#3880);
#17620 = PRESENTATION_STYLE_ASSIGNMENT((#17621,#17626));
#17621 = SURFACE_STYLE_USAGE(.BOTH.,#17622);
#17622 = SURFACE_SIDE_STYLE('',(#17623));
#17623 = SURFACE_STYLE_FILL_AREA(#17624);
#17624 = FILL_AREA_STYLE('',(#17625));
#17625 = FILL_AREA_STYLE_COLOUR('',#16518);
#17626 = CURVE_STYLE('',#17627,POSITIVE_LENGTH_MEASURE(0.1),#16518);
#17627 = DRAUGHTING_PRE_DEFINED_CURVE_FONT('continuous');
#17628 = STYLED_ITEM('color',(#17629),#3904);
#17629 = PRESENTATION_STYLE_ASSIGNMENT((#17630,#17635));
#17630 = SURFACE_STYLE_USAGE(.BOTH.,#17631);
#17631 = SURFACE_SIDE_STYLE('',(#17632));
#17632 = SURFACE_STYLE_FILL_AREA(#17633);
#17633 = FILL_AREA_STYLE('',(#17634));
#17634 = FILL_AREA_STYLE_COLOUR('',#16518);
#17635 = CURVE_STYLE('',#17636,POSITIVE_LENGTH_MEASURE(0.1),#16518);
#17636 = DRAUGHTING_PRE_DEFINED_CURVE_FONT('continuous');
#17637 = STYLED_ITEM('color',(#17638),#3946);
#17638 = PRESENTATION_STYLE_ASSIGNMENT((#17639,#17644));
#17639 = SURFACE_STYLE_USAGE(.BOTH.,#17640);
#17640 = SURFACE_SIDE_STYLE('',(#17641));
#17641 = SURFACE_STYLE_FILL_AREA(#17642);
#17642 = FILL_AREA_STYLE('',(#17643));
#17643 = FILL_AREA_STYLE_COLOUR('',#16518);
#17644 = CURVE_STYLE('',#17645,POSITIVE_LENGTH_MEASURE(0.1),#16518);
#17645 = DRAUGHTING_PRE_DEFINED_CURVE_FONT('continuous');
#17646 = STYLED_ITEM('color',(#17647),#3963);
#17647 = PRESENTATION_STYLE_ASSIGNMENT((#17648,#17653));
#17648 = SURFACE_STYLE_USAGE(.BOTH.,#17649);
#17649 = SURFACE_SIDE_STYLE('',(#17650));
#17650 = SURFACE_STYLE_FILL_AREA(#17651);
#17651 = FILL_AREA_STYLE('',(#17652));
#17652 = FILL_AREA_STYLE_COLOUR('',#16518);
#17653 = CURVE_STYLE('',#17654,POSITIVE_LENGTH_MEASURE(0.1),#16518);
#17654 = DRAUGHTING_PRE_DEFINED_CURVE_FONT('continuous');
#17655 = STYLED_ITEM('color',(#17656),#3980);
#17656 = PRESENTATION_STYLE_ASSIGNMENT((#17657,#17662));
#17657 = SURFACE_STYLE_USAGE(.BOTH.,#17658);
#17658 = SURFACE_SIDE_STYLE('',(#17659));
#17659 = SURFACE_STYLE_FILL_AREA(#17660);
#17660 = FILL_AREA_STYLE('',(#17661));
#17661 = FILL_AREA_STYLE_COLOUR('',#16518);
#17662 = CURVE_STYLE('',#17663,POSITIVE_LENGTH_MEASURE(0.1),#16518);
#17663 = DRAUGHTING_PRE_DEFINED_CURVE_FONT('continuous');
#17664 = STYLED_ITEM('color',(#17665),#3997);
#17665 = PRESENTATION_STYLE_ASSIGNMENT((#17666,#17671));
#17666 = SURFACE_STYLE_USAGE(.BOTH.,#17667);
#17667 = SURFACE_SIDE_STYLE('',(#17668));
#17668 = SURFACE_STYLE_FILL_AREA(#17669);
#17669 = FILL_AREA_STYLE('',(#17670));
#17670 = FILL_AREA_STYLE_COLOUR('',#16518);
#17671 = CURVE_STYLE('',#17672,POSITIVE_LENGTH_MEASURE(0.1),#16518);
#17672 = DRAUGHTING_PRE_DEFINED_CURVE_FONT('continuous');
#17673 = STYLED_ITEM('color',(#17674),#4009);
#17674 = PRESENTATION_STYLE_ASSIGNMENT((#17675,#17680));
#17675 = SURFACE_STYLE_USAGE(.BOTH.,#17676);
#17676 = SURFACE_SIDE_STYLE('',(#17677));
#17677 = SURFACE_STYLE_FILL_AREA(#17678);
#17678 = FILL_AREA_STYLE('',(#17679));
#17679 = FILL_AREA_STYLE_COLOUR('',#16518);
#17680 = CURVE_STYLE('',#17681,POSITIVE_LENGTH_MEASURE(0.1),#16518);
#17681 = DRAUGHTING_PRE_DEFINED_CURVE_FONT('continuous');
#17682 = STYLED_ITEM('color',(#17683),#4026);
#17683 = PRESENTATION_STYLE_ASSIGNMENT((#17684,#17689));
#17684 = SURFACE_STYLE_USAGE(.BOTH.,#17685);
#17685 = SURFACE_SIDE_STYLE('',(#17686));
#17686 = SURFACE_STYLE_FILL_AREA(#17687);
#17687 = FILL_AREA_STYLE('',(#17688));
#17688 = FILL_AREA_STYLE_COLOUR('',#16518);
#17689 = CURVE_STYLE('',#17690,POSITIVE_LENGTH_MEASURE(0.1),#16518);
#17690 = DRAUGHTING_PRE_DEFINED_CURVE_FONT('continuous');
#17691 = STYLED_ITEM('color',(#17692),#4043);
#17692 = PRESENTATION_STYLE_ASSIGNMENT((#17693,#17698));
#17693 = SURFACE_STYLE_USAGE(.BOTH.,#17694);
#17694 = SURFACE_SIDE_STYLE('',(#17695));
#17695 = SURFACE_STYLE_FILL_AREA(#17696);
#17696 = FILL_AREA_STYLE('',(#17697));
#17697 = FILL_AREA_STYLE_COLOUR('',#16518);
#17698 = CURVE_STYLE('',#17699,POSITIVE_LENGTH_MEASURE(0.1),#16518);
#17699 = DRAUGHTING_PRE_DEFINED_CURVE_FONT('continuous');
#17700 = STYLED_ITEM('color',(#17701),#4055);
#17701 = PRESENTATION_STYLE_ASSIGNMENT((#17702,#17707));
#17702 = SURFACE_STYLE_USAGE(.BOTH.,#17703);
#17703 = SURFACE_SIDE_STYLE('',(#17704));
#17704 = SURFACE_STYLE_FILL_AREA(#17705);
#17705 = FILL_AREA_STYLE('',(#17706));
#17706 = FILL_AREA_STYLE_COLOUR('',#16518);
#17707 = CURVE_STYLE('',#17708,POSITIVE_LENGTH_MEASURE(0.1),#16518);
#17708 = DRAUGHTING_PRE_DEFINED_CURVE_FONT('continuous');
#17709 = STYLED_ITEM('color',(#17710),#4072);
#17710 = PRESENTATION_STYLE_ASSIGNMENT((#17711,#17716));
#17711 = SURFACE_STYLE_USAGE(.BOTH.,#17712);
#17712 = SURFACE_SIDE_STYLE('',(#17713));
#17713 = SURFACE_STYLE_FILL_AREA(#17714);
#17714 = FILL_AREA_STYLE('',(#17715));
#17715 = FILL_AREA_STYLE_COLOUR('',#16518);
#17716 = CURVE_STYLE('',#17717,POSITIVE_LENGTH_MEASURE(0.1),#16518);
#17717 = DRAUGHTING_PRE_DEFINED_CURVE_FONT('continuous');
#17718 = STYLED_ITEM('color',(#17719),#4089);
#17719 = PRESENTATION_STYLE_ASSIGNMENT((#17720,#17725));
#17720 = SURFACE_STYLE_USAGE(.BOTH.,#17721);
#17721 = SURFACE_SIDE_STYLE('',(#17722));
#17722 = SURFACE_STYLE_FILL_AREA(#17723);
#17723 = FILL_AREA_STYLE('',(#17724));
#17724 = FILL_AREA_STYLE_COLOUR('',#16518);
#17725 = CURVE_STYLE('',#17726,POSITIVE_LENGTH_MEASURE(0.1),#16518);
#17726 = DRAUGHTING_PRE_DEFINED_CURVE_FONT('continuous');
#17727 = STYLED_ITEM('color',(#17728),#4101);
#17728 = PRESENTATION_STYLE_ASSIGNMENT((#17729,#17734));
#17729 = SURFACE_STYLE_USAGE(.BOTH.,#17730);
#17730 = SURFACE_SIDE_STYLE('',(#17731));
#17731 = SURFACE_STYLE_FILL_AREA(#17732);
#17732 = FILL_AREA_STYLE('',(#17733));
#17733 = FILL_AREA_STYLE_COLOUR('',#16518);
#17734 = CURVE_STYLE('',#17735,POSITIVE_LENGTH_MEASURE(0.1),#16518);
#17735 = DRAUGHTING_PRE_DEFINED_CURVE_FONT('continuous');
#17736 = STYLED_ITEM('color',(#17737),#4118);
#17737 = PRESENTATION_STYLE_ASSIGNMENT((#17738,#17743));
#17738 = SURFACE_STYLE_USAGE(.BOTH.,#17739);
#17739 = SURFACE_SIDE_STYLE('',(#17740));
#17740 = SURFACE_STYLE_FILL_AREA(#17741);
#17741 = FILL_AREA_STYLE('',(#17742));
#17742 = FILL_AREA_STYLE_COLOUR('',#16518);
#17743 = CURVE_STYLE('',#17744,POSITIVE_LENGTH_MEASURE(0.1),#16518);
#17744 = DRAUGHTING_PRE_DEFINED_CURVE_FONT('continuous');
#17745 = STYLED_ITEM('color',(#17746),#4135);
#17746 = PRESENTATION_STYLE_ASSIGNMENT((#17747,#17752));
#17747 = SURFACE_STYLE_USAGE(.BOTH.,#17748);
#17748 = SURFACE_SIDE_STYLE('',(#17749));
#17749 = SURFACE_STYLE_FILL_AREA(#17750);
#17750 = FILL_AREA_STYLE('',(#17751));
#17751 = FILL_AREA_STYLE_COLOUR('',#16518);
#17752 = CURVE_STYLE('',#17753,POSITIVE_LENGTH_MEASURE(0.1),#16518);
#17753 = DRAUGHTING_PRE_DEFINED_CURVE_FONT('continuous');
#17754 = MECHANICAL_DESIGN_GEOMETRIC_PRESENTATION_REPRESENTATION('',(
    #17755,#17762,#17769,#17777,#17784,#17792,#17799,#17806,#17813,
    #17820,#17827,#17834,#17841,#17848,#17855,#17862,#17869,#17876,
    #17883,#17890,#17897,#17904,#17911,#17918,#17925,#17932,#17939,
    #17946,#17953,#17960,#17967,#17974,#17981,#17988,#17995,#18002,
    #18009,#18016,#18023,#18030,#18037,#18044,#18051,#18058,#18065,
    #18072,#18079,#18086,#18093,#18100,#18107,#18114,#18121,#18128),
  #10870);
#17755 = STYLED_ITEM('color',(#17756),#8640);
#17756 = PRESENTATION_STYLE_ASSIGNMENT((#17757));
#17757 = SURFACE_STYLE_USAGE(.BOTH.,#17758);
#17758 = SURFACE_SIDE_STYLE('',(#17759));
#17759 = SURFACE_STYLE_FILL_AREA(#17760);
#17760 = FILL_AREA_STYLE('',(#17761));
#17761 = FILL_AREA_STYLE_COLOUR('',#16373);
#17762 = STYLED_ITEM('color',(#17763),#8657);
#17763 = PRESENTATION_STYLE_ASSIGNMENT((#17764));
#17764 = SURFACE_STYLE_USAGE(.BOTH.,#17765);
#17765 = SURFACE_SIDE_STYLE('',(#17766));
#17766 = SURFACE_STYLE_FILL_AREA(#17767);
#17767 = FILL_AREA_STYLE('',(#17768));
#17768 = FILL_AREA_STYLE_COLOUR('',#16373);
#17769 = STYLED_ITEM('color',(#17770),#8682);
#17770 = PRESENTATION_STYLE_ASSIGNMENT((#17771));
#17771 = SURFACE_STYLE_USAGE(.BOTH.,#17772);
#17772 = SURFACE_SIDE_STYLE('',(#17773));
#17773 = SURFACE_STYLE_FILL_AREA(#17774);
#17774 = FILL_AREA_STYLE('',(#17775));
#17775 = FILL_AREA_STYLE_COLOUR('',#17776);
#17776 = COLOUR_RGB('',0.137000000793,0.401999991578,0.726999997272);
#17777 = STYLED_ITEM('color',(#17778),#8731);
#17778 = PRESENTATION_STYLE_ASSIGNMENT((#17779));
#17779 = SURFACE_STYLE_USAGE(.BOTH.,#17780);
#17780 = SURFACE_SIDE_STYLE('',(#17781));
#17781 = SURFACE_STYLE_FILL_AREA(#17782);
#17782 = FILL_AREA_STYLE('',(#17783));
#17783 = FILL_AREA_STYLE_COLOUR('',#17776);
#17784 = STYLED_ITEM('color',(#17785),#8764);
#17785 = PRESENTATION_STYLE_ASSIGNMENT((#17786));
#17786 = SURFACE_STYLE_USAGE(.BOTH.,#17787);
#17787 = SURFACE_SIDE_STYLE('',(#17788));
#17788 = SURFACE_STYLE_FILL_AREA(#17789);
#17789 = FILL_AREA_STYLE('',(#17790));
#17790 = FILL_AREA_STYLE_COLOUR('',#17791);
#17791 = COLOUR_RGB('',0.690999977303,0.663999984767,0.597999987832);
#17792 = STYLED_ITEM('color',(#17793),#8782);
#17793 = PRESENTATION_STYLE_ASSIGNMENT((#17794));
#17794 = SURFACE_STYLE_USAGE(.BOTH.,#17795);
#17795 = SURFACE_SIDE_STYLE('',(#17796));
#17796 = SURFACE_STYLE_FILL_AREA(#17797);
#17797 = FILL_AREA_STYLE('',(#17798));
#17798 = FILL_AREA_STYLE_COLOUR('',#16373);
#17799 = STYLED_ITEM('color',(#17800),#8807);
#17800 = PRESENTATION_STYLE_ASSIGNMENT((#17801));
#17801 = SURFACE_STYLE_USAGE(.BOTH.,#17802);
#17802 = SURFACE_SIDE_STYLE('',(#17803));
#17803 = SURFACE_STYLE_FILL_AREA(#17804);
#17804 = FILL_AREA_STYLE('',(#17805));
#17805 = FILL_AREA_STYLE_COLOUR('',#17776);
#17806 = STYLED_ITEM('color',(#17807),#8839);
#17807 = PRESENTATION_STYLE_ASSIGNMENT((#17808));
#17808 = SURFACE_STYLE_USAGE(.BOTH.,#17809);
#17809 = SURFACE_SIDE_STYLE('',(#17810));
#17810 = SURFACE_STYLE_FILL_AREA(#17811);
#17811 = FILL_AREA_STYLE('',(#17812));
#17812 = FILL_AREA_STYLE_COLOUR('',#17791);
#17813 = STYLED_ITEM('color',(#17814),#8857);
#17814 = PRESENTATION_STYLE_ASSIGNMENT((#17815));
#17815 = SURFACE_STYLE_USAGE(.BOTH.,#17816);
#17816 = SURFACE_SIDE_STYLE('',(#17817));
#17817 = SURFACE_STYLE_FILL_AREA(#17818);
#17818 = FILL_AREA_STYLE('',(#17819));
#17819 = FILL_AREA_STYLE_COLOUR('',#16373);
#17820 = STYLED_ITEM('color',(#17821),#8866);
#17821 = PRESENTATION_STYLE_ASSIGNMENT((#17822));
#17822 = SURFACE_STYLE_USAGE(.BOTH.,#17823);
#17823 = SURFACE_SIDE_STYLE('',(#17824));
#17824 = SURFACE_STYLE_FILL_AREA(#17825);
#17825 = FILL_AREA_STYLE('',(#17826));
#17826 = FILL_AREA_STYLE_COLOUR('',#17776);
#17827 = STYLED_ITEM('color',(#17828),#8904);
#17828 = PRESENTATION_STYLE_ASSIGNMENT((#17829));
#17829 = SURFACE_STYLE_USAGE(.BOTH.,#17830);
#17830 = SURFACE_SIDE_STYLE('',(#17831));
#17831 = SURFACE_STYLE_FILL_AREA(#17832);
#17832 = FILL_AREA_STYLE('',(#17833));
#17833 = FILL_AREA_STYLE_COLOUR('',#17791);
#17834 = STYLED_ITEM('color',(#17835),#8926);
#17835 = PRESENTATION_STYLE_ASSIGNMENT((#17836));
#17836 = SURFACE_STYLE_USAGE(.BOTH.,#17837);
#17837 = SURFACE_SIDE_STYLE('',(#17838));
#17838 = SURFACE_STYLE_FILL_AREA(#17839);
#17839 = FILL_AREA_STYLE('',(#17840));
#17840 = FILL_AREA_STYLE_COLOUR('',#17776);
#17841 = STYLED_ITEM('color',(#17842),#8986);
#17842 = PRESENTATION_STYLE_ASSIGNMENT((#17843));
#17843 = SURFACE_STYLE_USAGE(.BOTH.,#17844);
#17844 = SURFACE_SIDE_STYLE('',(#17845));
#17845 = SURFACE_STYLE_FILL_AREA(#17846);
#17846 = FILL_AREA_STYLE('',(#17847));
#17847 = FILL_AREA_STYLE_COLOUR('',#17791);
#17848 = STYLED_ITEM('color',(#17849),#9060);
#17849 = PRESENTATION_STYLE_ASSIGNMENT((#17850));
#17850 = SURFACE_STYLE_USAGE(.BOTH.,#17851);
#17851 = SURFACE_SIDE_STYLE('',(#17852));
#17852 = SURFACE_STYLE_FILL_AREA(#17853);
#17853 = FILL_AREA_STYLE('',(#17854));
#17854 = FILL_AREA_STYLE_COLOUR('',#17776);
#17855 = STYLED_ITEM('color',(#17856),#9226);
#17856 = PRESENTATION_STYLE_ASSIGNMENT((#17857));
#17857 = SURFACE_STYLE_USAGE(.BOTH.,#17858);
#17858 = SURFACE_SIDE_STYLE('',(#17859));
#17859 = SURFACE_STYLE_FILL_AREA(#17860);
#17860 = FILL_AREA_STYLE('',(#17861));
#17861 = FILL_AREA_STYLE_COLOUR('',#17791);
#17862 = STYLED_ITEM('color',(#17863),#9303);
#17863 = PRESENTATION_STYLE_ASSIGNMENT((#17864));
#17864 = SURFACE_STYLE_USAGE(.BOTH.,#17865);
#17865 = SURFACE_SIDE_STYLE('',(#17866));
#17866 = SURFACE_STYLE_FILL_AREA(#17867);
#17867 = FILL_AREA_STYLE('',(#17868));
#17868 = FILL_AREA_STYLE_COLOUR('',#16445);
#17869 = STYLED_ITEM('color',(#17870),#9328);
#17870 = PRESENTATION_STYLE_ASSIGNMENT((#17871));
#17871 = SURFACE_STYLE_USAGE(.BOTH.,#17872);
#17872 = SURFACE_SIDE_STYLE('',(#17873));
#17873 = SURFACE_STYLE_FILL_AREA(#17874);
#17874 = FILL_AREA_STYLE('',(#17875));
#17875 = FILL_AREA_STYLE_COLOUR('',#17791);
#17876 = STYLED_ITEM('color',(#17877),#9405);
#17877 = PRESENTATION_STYLE_ASSIGNMENT((#17878));
#17878 = SURFACE_STYLE_USAGE(.BOTH.,#17879);
#17879 = SURFACE_SIDE_STYLE('',(#17880));
#17880 = SURFACE_STYLE_FILL_AREA(#17881);
#17881 = FILL_AREA_STYLE('',(#17882));
#17882 = FILL_AREA_STYLE_COLOUR('',#17776);
#17883 = STYLED_ITEM('color',(#17884),#9471);
#17884 = PRESENTATION_STYLE_ASSIGNMENT((#17885));
#17885 = SURFACE_STYLE_USAGE(.BOTH.,#17886);
#17886 = SURFACE_SIDE_STYLE('',(#17887));
#17887 = SURFACE_STYLE_FILL_AREA(#17888);
#17888 = FILL_AREA_STYLE('',(#17889));
#17889 = FILL_AREA_STYLE_COLOUR('',#16445);
#17890 = STYLED_ITEM('color',(#17891),#9527);
#17891 = PRESENTATION_STYLE_ASSIGNMENT((#17892));
#17892 = SURFACE_STYLE_USAGE(.BOTH.,#17893);
#17893 = SURFACE_SIDE_STYLE('',(#17894));
#17894 = SURFACE_STYLE_FILL_AREA(#17895);
#17895 = FILL_AREA_STYLE('',(#17896));
#17896 = FILL_AREA_STYLE_COLOUR('',#17791);
#17897 = STYLED_ITEM('color',(#17898),#9578);
#17898 = PRESENTATION_STYLE_ASSIGNMENT((#17899));
#17899 = SURFACE_STYLE_USAGE(.BOTH.,#17900);
#17900 = SURFACE_SIDE_STYLE('',(#17901));
#17901 = SURFACE_STYLE_FILL_AREA(#17902);
#17902 = FILL_AREA_STYLE('',(#17903));
#17903 = FILL_AREA_STYLE_COLOUR('',#17791);
#17904 = STYLED_ITEM('color',(#17905),#9629);
#17905 = PRESENTATION_STYLE_ASSIGNMENT((#17906));
#17906 = SURFACE_STYLE_USAGE(.BOTH.,#17907);
#17907 = SURFACE_SIDE_STYLE('',(#17908));
#17908 = SURFACE_STYLE_FILL_AREA(#17909);
#17909 = FILL_AREA_STYLE('',(#17910));
#17910 = FILL_AREA_STYLE_COLOUR('',#17776);
#17911 = STYLED_ITEM('color',(#17912),#9795);
#17912 = PRESENTATION_STYLE_ASSIGNMENT((#17913));
#17913 = SURFACE_STYLE_USAGE(.BOTH.,#17914);
#17914 = SURFACE_SIDE_STYLE('',(#17915));
#17915 = SURFACE_STYLE_FILL_AREA(#17916);
#17916 = FILL_AREA_STYLE('',(#17917));
#17917 = FILL_AREA_STYLE_COLOUR('',#16445);
#17918 = STYLED_ITEM('color',(#17919),#9824);
#17919 = PRESENTATION_STYLE_ASSIGNMENT((#17920));
#17920 = SURFACE_STYLE_USAGE(.BOTH.,#17921);
#17921 = SURFACE_SIDE_STYLE('',(#17922));
#17922 = SURFACE_STYLE_FILL_AREA(#17923);
#17923 = FILL_AREA_STYLE('',(#17924));
#17924 = FILL_AREA_STYLE_COLOUR('',#17791);
#17925 = STYLED_ITEM('color',(#17926),#9892);
#17926 = PRESENTATION_STYLE_ASSIGNMENT((#17927));
#17927 = SURFACE_STYLE_USAGE(.BOTH.,#17928);
#17928 = SURFACE_SIDE_STYLE('',(#17929));
#17929 = SURFACE_STYLE_FILL_AREA(#17930);
#17930 = FILL_AREA_STYLE('',(#17931));
#17931 = FILL_AREA_STYLE_COLOUR('',#17791);
#17932 = STYLED_ITEM('color',(#17933),#9960);
#17933 = PRESENTATION_STYLE_ASSIGNMENT((#17934));
#17934 = SURFACE_STYLE_USAGE(.BOTH.,#17935);
#17935 = SURFACE_SIDE_STYLE('',(#17936));
#17936 = SURFACE_STYLE_FILL_AREA(#17937);
#17937 = FILL_AREA_STYLE('',(#17938));
#17938 = FILL_AREA_STYLE_COLOUR('',#17776);
#17939 = STYLED_ITEM('color',(#17940),#9992);
#17940 = PRESENTATION_STYLE_ASSIGNMENT((#17941));
#17941 = SURFACE_STYLE_USAGE(.BOTH.,#17942);
#17942 = SURFACE_SIDE_STYLE('',(#17943));
#17943 = SURFACE_STYLE_FILL_AREA(#17944);
#17944 = FILL_AREA_STYLE('',(#17945));
#17945 = FILL_AREA_STYLE_COLOUR('',#16445);
#17946 = STYLED_ITEM('color',(#17947),#10046);
#17947 = PRESENTATION_STYLE_ASSIGNMENT((#17948));
#17948 = SURFACE_STYLE_USAGE(.BOTH.,#17949);
#17949 = SURFACE_SIDE_STYLE('',(#17950));
#17950 = SURFACE_STYLE_FILL_AREA(#17951);
#17951 = FILL_AREA_STYLE('',(#17952));
#17952 = FILL_AREA_STYLE_COLOUR('',#17791);
#17953 = STYLED_ITEM('color',(#17954),#10123);
#17954 = PRESENTATION_STYLE_ASSIGNMENT((#17955));
#17955 = SURFACE_STYLE_USAGE(.BOTH.,#17956);
#17956 = SURFACE_SIDE_STYLE('',(#17957));
#17957 = SURFACE_STYLE_FILL_AREA(#17958);
#17958 = FILL_AREA_STYLE('',(#17959));
#17959 = FILL_AREA_STYLE_COLOUR('',#17776);
#17960 = STYLED_ITEM('color',(#17961),#10157);
#17961 = PRESENTATION_STYLE_ASSIGNMENT((#17962));
#17962 = SURFACE_STYLE_USAGE(.BOTH.,#17963);
#17963 = SURFACE_SIDE_STYLE('',(#17964));
#17964 = SURFACE_STYLE_FILL_AREA(#17965);
#17965 = FILL_AREA_STYLE('',(#17966));
#17966 = FILL_AREA_STYLE_COLOUR('',#16445);
#17967 = STYLED_ITEM('color',(#17968),#10172);
#17968 = PRESENTATION_STYLE_ASSIGNMENT((#17969));
#17969 = SURFACE_STYLE_USAGE(.BOTH.,#17970);
#17970 = SURFACE_SIDE_STYLE('',(#17971));
#17971 = SURFACE_STYLE_FILL_AREA(#17972);
#17972 = FILL_AREA_STYLE('',(#17973));
#17973 = FILL_AREA_STYLE_COLOUR('',#17791);
#17974 = STYLED_ITEM('color',(#17975),#10190);
#17975 = PRESENTATION_STYLE_ASSIGNMENT((#17976));
#17976 = SURFACE_STYLE_USAGE(.BOTH.,#17977);
#17977 = SURFACE_SIDE_STYLE('',(#17978));
#17978 = SURFACE_STYLE_FILL_AREA(#17979);
#17979 = FILL_AREA_STYLE('',(#17980));
#17980 = FILL_AREA_STYLE_COLOUR('',#17776);
#17981 = STYLED_ITEM('color',(#17982),#10222);
#17982 = PRESENTATION_STYLE_ASSIGNMENT((#17983));
#17983 = SURFACE_STYLE_USAGE(.BOTH.,#17984);
#17984 = SURFACE_SIDE_STYLE('',(#17985));
#17985 = SURFACE_STYLE_FILL_AREA(#17986);
#17986 = FILL_AREA_STYLE('',(#17987));
#17987 = FILL_AREA_STYLE_COLOUR('',#17791);
#17988 = STYLED_ITEM('color',(#17989),#10240);
#17989 = PRESENTATION_STYLE_ASSIGNMENT((#17990));
#17990 = SURFACE_STYLE_USAGE(.BOTH.,#17991);
#17991 = SURFACE_SIDE_STYLE('',(#17992));
#17992 = SURFACE_STYLE_FILL_AREA(#17993);
#17993 = FILL_AREA_STYLE('',(#17994));
#17994 = FILL_AREA_STYLE_COLOUR('',#17776);
#17995 = STYLED_ITEM('color',(#17996),#10383);
#17996 = PRESENTATION_STYLE_ASSIGNMENT((#17997));
#17997 = SURFACE_STYLE_USAGE(.BOTH.,#17998);
#17998 = SURFACE_SIDE_STYLE('',(#17999));
#17999 = SURFACE_STYLE_FILL_AREA(#18000);
#18000 = FILL_AREA_STYLE('',(#18001));
#18001 = FILL_AREA_STYLE_COLOUR('',#17791);
#18002 = STYLED_ITEM('color',(#18003),#10435);
#18003 = PRESENTATION_STYLE_ASSIGNMENT((#18004));
#18004 = SURFACE_STYLE_USAGE(.BOTH.,#18005);
#18005 = SURFACE_SIDE_STYLE('',(#18006));
#18006 = SURFACE_STYLE_FILL_AREA(#18007);
#18007 = FILL_AREA_STYLE('',(#18008));
#18008 = FILL_AREA_STYLE_COLOUR('',#16373);
#18009 = STYLED_ITEM('color',(#18010),#10459);
#18010 = PRESENTATION_STYLE_ASSIGNMENT((#18011));
#18011 = SURFACE_STYLE_USAGE(.BOTH.,#18012);
#18012 = SURFACE_SIDE_STYLE('',(#18013));
#18013 = SURFACE_STYLE_FILL_AREA(#18014);
#18014 = FILL_AREA_STYLE('',(#18015));
#18015 = FILL_AREA_STYLE_COLOUR('',#16373);
#18016 = STYLED_ITEM('color',(#18017),#10483);
#18017 = PRESENTATION_STYLE_ASSIGNMENT((#18018));
#18018 = SURFACE_STYLE_USAGE(.BOTH.,#18019);
#18019 = SURFACE_SIDE_STYLE('',(#18020));
#18020 = SURFACE_STYLE_FILL_AREA(#18021);
#18021 = FILL_AREA_STYLE('',(#18022));
#18022 = FILL_AREA_STYLE_COLOUR('',#16373);
#18023 = STYLED_ITEM('color',(#18024),#10507);
#18024 = PRESENTATION_STYLE_ASSIGNMENT((#18025));
#18025 = SURFACE_STYLE_USAGE(.BOTH.,#18026);
#18026 = SURFACE_SIDE_STYLE('',(#18027));
#18027 = SURFACE_STYLE_FILL_AREA(#18028);
#18028 = FILL_AREA_STYLE('',(#18029));
#18029 = FILL_AREA_STYLE_COLOUR('',#16373);
#18030 = STYLED_ITEM('color',(#18031),#10569);
#18031 = PRESENTATION_STYLE_ASSIGNMENT((#18032));
#18032 = SURFACE_STYLE_USAGE(.BOTH.,#18033);
#18033 = SURFACE_SIDE_STYLE('',(#18034));
#18034 = SURFACE_STYLE_FILL_AREA(#18035);
#18035 = FILL_AREA_STYLE('',(#18036));
#18036 = FILL_AREA_STYLE_COLOUR('',#16373);
#18037 = STYLED_ITEM('color',(#18038),#10586);
#18038 = PRESENTATION_STYLE_ASSIGNMENT((#18039));
#18039 = SURFACE_STYLE_USAGE(.BOTH.,#18040);
#18040 = SURFACE_SIDE_STYLE('',(#18041));
#18041 = SURFACE_STYLE_FILL_AREA(#18042);
#18042 = FILL_AREA_STYLE('',(#18043));
#18043 = FILL_AREA_STYLE_COLOUR('',#16373);
#18044 = STYLED_ITEM('color',(#18045),#10610);
#18045 = PRESENTATION_STYLE_ASSIGNMENT((#18046));
#18046 = SURFACE_STYLE_USAGE(.BOTH.,#18047);
#18047 = SURFACE_SIDE_STYLE('',(#18048));
#18048 = SURFACE_STYLE_FILL_AREA(#18049);
#18049 = FILL_AREA_STYLE('',(#18050));
#18050 = FILL_AREA_STYLE_COLOUR('',#16373);
#18051 = STYLED_ITEM('color',(#18052),#10626);
#18052 = PRESENTATION_STYLE_ASSIGNMENT((#18053));
#18053 = SURFACE_STYLE_USAGE(.BOTH.,#18054);
#18054 = SURFACE_SIDE_STYLE('',(#18055));
#18055 = SURFACE_STYLE_FILL_AREA(#18056);
#18056 = FILL_AREA_STYLE('',(#18057));
#18057 = FILL_AREA_STYLE_COLOUR('',#16373);
#18058 = STYLED_ITEM('color',(#18059),#10650);
#18059 = PRESENTATION_STYLE_ASSIGNMENT((#18060));
#18060 = SURFACE_STYLE_USAGE(.BOTH.,#18061);
#18061 = SURFACE_SIDE_STYLE('',(#18062));
#18062 = SURFACE_STYLE_FILL_AREA(#18063);
#18063 = FILL_AREA_STYLE('',(#18064));
#18064 = FILL_AREA_STYLE_COLOUR('',#16373);
#18065 = STYLED_ITEM('color',(#18066),#10662);
#18066 = PRESENTATION_STYLE_ASSIGNMENT((#18067));
#18067 = SURFACE_STYLE_USAGE(.BOTH.,#18068);
#18068 = SURFACE_SIDE_STYLE('',(#18069));
#18069 = SURFACE_STYLE_FILL_AREA(#18070);
#18070 = FILL_AREA_STYLE('',(#18071));
#18071 = FILL_AREA_STYLE_COLOUR('',#16373);
#18072 = STYLED_ITEM('color',(#18073),#10678);
#18073 = PRESENTATION_STYLE_ASSIGNMENT((#18074));
#18074 = SURFACE_STYLE_USAGE(.BOTH.,#18075);
#18075 = SURFACE_SIDE_STYLE('',(#18076));
#18076 = SURFACE_STYLE_FILL_AREA(#18077);
#18077 = FILL_AREA_STYLE('',(#18078));
#18078 = FILL_AREA_STYLE_COLOUR('',#16373);
#18079 = STYLED_ITEM('color',(#18080),#10690);
#18080 = PRESENTATION_STYLE_ASSIGNMENT((#18081));
#18081 = SURFACE_STYLE_USAGE(.BOTH.,#18082);
#18082 = SURFACE_SIDE_STYLE('',(#18083));
#18083 = SURFACE_STYLE_FILL_AREA(#18084);
#18084 = FILL_AREA_STYLE('',(#18085));
#18085 = FILL_AREA_STYLE_COLOUR('',#16373);
#18086 = STYLED_ITEM('color',(#18087),#10702);
#18087 = PRESENTATION_STYLE_ASSIGNMENT((#18088));
#18088 = SURFACE_STYLE_USAGE(.BOTH.,#18089);
#18089 = SURFACE_SIDE_STYLE('',(#18090));
#18090 = SURFACE_STYLE_FILL_AREA(#18091);
#18091 = FILL_AREA_STYLE('',(#18092));
#18092 = FILL_AREA_STYLE_COLOUR('',#16373);
#18093 = STYLED_ITEM('color',(#18094),#10716);
#18094 = PRESENTATION_STYLE_ASSIGNMENT((#18095));
#18095 = SURFACE_STYLE_USAGE(.BOTH.,#18096);
#18096 = SURFACE_SIDE_STYLE('',(#18097));
#18097 = SURFACE_STYLE_FILL_AREA(#18098);
#18098 = FILL_AREA_STYLE('',(#18099));
#18099 = FILL_AREA_STYLE_COLOUR('',#17791);
#18100 = STYLED_ITEM('color',(#18101),#10758);
#18101 = PRESENTATION_STYLE_ASSIGNMENT((#18102));
#18102 = SURFACE_STYLE_USAGE(.BOTH.,#18103);
#18103 = SURFACE_SIDE_STYLE('',(#18104));
#18104 = SURFACE_STYLE_FILL_AREA(#18105);
#18105 = FILL_AREA_STYLE('',(#18106));
#18106 = FILL_AREA_STYLE_COLOUR('',#17776);
#18107 = STYLED_ITEM('color',(#18108),#10789);
#18108 = PRESENTATION_STYLE_ASSIGNMENT((#18109));
#18109 = SURFACE_STYLE_USAGE(.BOTH.,#18110);
#18110 = SURFACE_SIDE_STYLE('',(#18111));
#18111 = SURFACE_STYLE_FILL_AREA(#18112);
#18112 = FILL_AREA_STYLE('',(#18113));
#18113 = FILL_AREA_STYLE_COLOUR('',#17776);
#18114 = STYLED_ITEM('color',(#18115),#10800);
#18115 = PRESENTATION_STYLE_ASSIGNMENT((#18116));
#18116 = SURFACE_STYLE_USAGE(.BOTH.,#18117);
#18117 = SURFACE_SIDE_STYLE('',(#18118));
#18118 = SURFACE_STYLE_FILL_AREA(#18119);
#18119 = FILL_AREA_STYLE('',(#18120));
#18120 = FILL_AREA_STYLE_COLOUR('',#17791);
#18121 = STYLED_ITEM('color',(#18122),#10832);
#18122 = PRESENTATION_STYLE_ASSIGNMENT((#18123));
#18123 = SURFACE_STYLE_USAGE(.BOTH.,#18124);
#18124 = SURFACE_SIDE_STYLE('',(#18125));
#18125 = SURFACE_STYLE_FILL_AREA(#18126);
#18126 = FILL_AREA_STYLE('',(#18127));
#18127 = FILL_AREA_STYLE_COLOUR('',#17776);
#18128 = STYLED_ITEM('color',(#18129),#10859);
#18129 = PRESENTATION_STYLE_ASSIGNMENT((#18130));
#18130 = SURFACE_STYLE_USAGE(.BOTH.,#18131);
#18131 = SURFACE_SIDE_STYLE('',(#18132));
#18132 = SURFACE_STYLE_FILL_AREA(#18133);
#18133 = FILL_AREA_STYLE('',(#18134));
#18134 = FILL_AREA_STYLE_COLOUR('',#16373);
#18135 = MECHANICAL_DESIGN_GEOMETRIC_PRESENTATION_REPRESENTATION('',(
    #18136,#18145,#18154,#18163,#18172,#18181,#18190,#18199,#18208,
    #18217,#18226,#18235,#18244,#18253,#18262,#18271,#18280,#18289,
    #18298,#18307,#18316,#18325,#18334,#18343,#18352,#18362,#18371,
    #18380,#18389,#18398,#18407,#18416,#18425,#18434,#18443,#18452,
    #18461,#18470,#18479,#18488,#18497,#18506,#18515,#18524,#18533,
    #18542,#18551,#18560,#18569,#18578,#18587,#18596,#18605,#18614,
    #18623,#18632,#18641,#18650,#18659,#18668,#18677,#18686,#18695,
    #18704,#18713,#18722,#18731,#18740,#18749,#18758,#18767,#18776,
    #18785,#18794,#18803,#18812,#18821,#18830,#18839,#18848,#18857,
    #18866,#18875,#18884,#18893,#18902,#18911,#18920,#18929,#18938,
    #18947,#18956,#18965,#18974,#18983,#18992,#19001,#19010,#19019,
    #19028,#19037,#19046,#19055,#19064,#19073,#19082,#19091,#19100,
    #19109,#19118,#19127,#19136,#19145,#19154,#19163,#19172,#19181,
    #19190,#19199,#19208,#19217,#19226,#19235,#19244,#19253,#19262,
    #19271,#19280,#19289,#19298,#19307,#19316,#19325,#19334,#19343,
    #19352,#19361,#19370,#19379),#8476);
#18136 = STYLED_ITEM('color',(#18137),#4201);
#18137 = PRESENTATION_STYLE_ASSIGNMENT((#18138,#18143));
#18138 = SURFACE_STYLE_USAGE(.BOTH.,#18139);
#18139 = SURFACE_SIDE_STYLE('',(#18140));
#18140 = SURFACE_STYLE_FILL_AREA(#18141);
#18141 = FILL_AREA_STYLE('',(#18142));
#18142 = FILL_AREA_STYLE_COLOUR('',#16445);
#18143 = CURVE_STYLE('',#18144,POSITIVE_LENGTH_MEASURE(0.1),#16445);
#18144 = DRAUGHTING_PRE_DEFINED_CURVE_FONT('continuous');
#18145 = STYLED_ITEM('color',(#18146),#4289);
#18146 = PRESENTATION_STYLE_ASSIGNMENT((#18147,#18152));
#18147 = SURFACE_STYLE_USAGE(.BOTH.,#18148);
#18148 = SURFACE_SIDE_STYLE('',(#18149));
#18149 = SURFACE_STYLE_FILL_AREA(#18150);
#18150 = FILL_AREA_STYLE('',(#18151));
#18151 = FILL_AREA_STYLE_COLOUR('',#16445);
#18152 = CURVE_STYLE('',#18153,POSITIVE_LENGTH_MEASURE(0.1),#16445);
#18153 = DRAUGHTING_PRE_DEFINED_CURVE_FONT('continuous');
#18154 = STYLED_ITEM('color',(#18155),#4320);
#18155 = PRESENTATION_STYLE_ASSIGNMENT((#18156,#18161));
#18156 = SURFACE_STYLE_USAGE(.BOTH.,#18157);
#18157 = SURFACE_SIDE_STYLE('',(#18158));
#18158 = SURFACE_STYLE_FILL_AREA(#18159);
#18159 = FILL_AREA_STYLE('',(#18160));
#18160 = FILL_AREA_STYLE_COLOUR('',#16445);
#18161 = CURVE_STYLE('',#18162,POSITIVE_LENGTH_MEASURE(0.1),#16445);
#18162 = DRAUGHTING_PRE_DEFINED_CURVE_FONT('continuous');
#18163 = STYLED_ITEM('color',(#18164),#4428);
#18164 = PRESENTATION_STYLE_ASSIGNMENT((#18165,#18170));
#18165 = SURFACE_STYLE_USAGE(.BOTH.,#18166);
#18166 = SURFACE_SIDE_STYLE('',(#18167));
#18167 = SURFACE_STYLE_FILL_AREA(#18168);
#18168 = FILL_AREA_STYLE('',(#18169));
#18169 = FILL_AREA_STYLE_COLOUR('',#17776);
#18170 = CURVE_STYLE('',#18171,POSITIVE_LENGTH_MEASURE(0.1),#17776);
#18171 = DRAUGHTING_PRE_DEFINED_CURVE_FONT('continuous');
#18172 = STYLED_ITEM('color',(#18173),#4498);
#18173 = PRESENTATION_STYLE_ASSIGNMENT((#18174,#18179));
#18174 = SURFACE_STYLE_USAGE(.BOTH.,#18175);
#18175 = SURFACE_SIDE_STYLE('',(#18176));
#18176 = SURFACE_STYLE_FILL_AREA(#18177);
#18177 = FILL_AREA_STYLE('',(#18178));
#18178 = FILL_AREA_STYLE_COLOUR('',#16445);
#18179 = CURVE_STYLE('',#18180,POSITIVE_LENGTH_MEASURE(0.1),#16445);
#18180 = DRAUGHTING_PRE_DEFINED_CURVE_FONT('continuous');
#18181 = STYLED_ITEM('color',(#18182),#4514);
#18182 = PRESENTATION_STYLE_ASSIGNMENT((#18183,#18188));
#18183 = SURFACE_STYLE_USAGE(.BOTH.,#18184);
#18184 = SURFACE_SIDE_STYLE('',(#18185));
#18185 = SURFACE_STYLE_FILL_AREA(#18186);
#18186 = FILL_AREA_STYLE('',(#18187));
#18187 = FILL_AREA_STYLE_COLOUR('',#16445);
#18188 = CURVE_STYLE('',#18189,POSITIVE_LENGTH_MEASURE(0.1),#16445);
#18189 = DRAUGHTING_PRE_DEFINED_CURVE_FONT('continuous');
#18190 = STYLED_ITEM('color',(#18191),#4545);
#18191 = PRESENTATION_STYLE_ASSIGNMENT((#18192,#18197));
#18192 = SURFACE_STYLE_USAGE(.BOTH.,#18193);
#18193 = SURFACE_SIDE_STYLE('',(#18194));
#18194 = SURFACE_STYLE_FILL_AREA(#18195);
#18195 = FILL_AREA_STYLE('',(#18196));
#18196 = FILL_AREA_STYLE_COLOUR('',#16445);
#18197 = CURVE_STYLE('',#18198,POSITIVE_LENGTH_MEASURE(0.1),#16445);
#18198 = DRAUGHTING_PRE_DEFINED_CURVE_FONT('continuous');
#18199 = STYLED_ITEM('color',(#18200),#4569);
#18200 = PRESENTATION_STYLE_ASSIGNMENT((#18201,#18206));
#18201 = SURFACE_STYLE_USAGE(.BOTH.,#18202);
#18202 = SURFACE_SIDE_STYLE('',(#18203));
#18203 = SURFACE_STYLE_FILL_AREA(#18204);
#18204 = FILL_AREA_STYLE('',(#18205));
#18205 = FILL_AREA_STYLE_COLOUR('',#16445);
#18206 = CURVE_STYLE('',#18207,POSITIVE_LENGTH_MEASURE(0.1),#16445);
#18207 = DRAUGHTING_PRE_DEFINED_CURVE_FONT('continuous');
#18208 = STYLED_ITEM('color',(#18209),#4593);
#18209 = PRESENTATION_STYLE_ASSIGNMENT((#18210,#18215));
#18210 = SURFACE_STYLE_USAGE(.BOTH.,#18211);
#18211 = SURFACE_SIDE_STYLE('',(#18212));
#18212 = SURFACE_STYLE_FILL_AREA(#18213);
#18213 = FILL_AREA_STYLE('',(#18214));
#18214 = FILL_AREA_STYLE_COLOUR('',#16445);
#18215 = CURVE_STYLE('',#18216,POSITIVE_LENGTH_MEASURE(0.1),#16445);
#18216 = DRAUGHTING_PRE_DEFINED_CURVE_FONT('continuous');
#18217 = STYLED_ITEM('color',(#18218),#4616);
#18218 = PRESENTATION_STYLE_ASSIGNMENT((#18219,#18224));
#18219 = SURFACE_STYLE_USAGE(.BOTH.,#18220);
#18220 = SURFACE_SIDE_STYLE('',(#18221));
#18221 = SURFACE_STYLE_FILL_AREA(#18222);
#18222 = FILL_AREA_STYLE('',(#18223));
#18223 = FILL_AREA_STYLE_COLOUR('',#16445);
#18224 = CURVE_STYLE('',#18225,POSITIVE_LENGTH_MEASURE(0.1),#16445);
#18225 = DRAUGHTING_PRE_DEFINED_CURVE_FONT('continuous');
#18226 = STYLED_ITEM('color',(#18227),#4717);
#18227 = PRESENTATION_STYLE_ASSIGNMENT((#18228,#18233));
#18228 = SURFACE_STYLE_USAGE(.BOTH.,#18229);
#18229 = SURFACE_SIDE_STYLE('',(#18230));
#18230 = SURFACE_STYLE_FILL_AREA(#18231);
#18231 = FILL_AREA_STYLE('',(#18232));
#18232 = FILL_AREA_STYLE_COLOUR('',#16445);
#18233 = CURVE_STYLE('',#18234,POSITIVE_LENGTH_MEASURE(0.1),#16445);
#18234 = DRAUGHTING_PRE_DEFINED_CURVE_FONT('continuous');
#18235 = STYLED_ITEM('color',(#18236),#4782);
#18236 = PRESENTATION_STYLE_ASSIGNMENT((#18237,#18242));
#18237 = SURFACE_STYLE_USAGE(.BOTH.,#18238);
#18238 = SURFACE_SIDE_STYLE('',(#18239));
#18239 = SURFACE_STYLE_FILL_AREA(#18240);
#18240 = FILL_AREA_STYLE('',(#18241));
#18241 = FILL_AREA_STYLE_COLOUR('',#17776);
#18242 = CURVE_STYLE('',#18243,POSITIVE_LENGTH_MEASURE(0.1),#17776);
#18243 = DRAUGHTING_PRE_DEFINED_CURVE_FONT('continuous');
#18244 = STYLED_ITEM('color',(#18245),#4813);
#18245 = PRESENTATION_STYLE_ASSIGNMENT((#18246,#18251));
#18246 = SURFACE_STYLE_USAGE(.BOTH.,#18247);
#18247 = SURFACE_SIDE_STYLE('',(#18248));
#18248 = SURFACE_STYLE_FILL_AREA(#18249);
#18249 = FILL_AREA_STYLE('',(#18250));
#18250 = FILL_AREA_STYLE_COLOUR('',#16445);
#18251 = CURVE_STYLE('',#18252,POSITIVE_LENGTH_MEASURE(0.1),#16445);
#18252 = DRAUGHTING_PRE_DEFINED_CURVE_FONT('continuous');
#18253 = STYLED_ITEM('color',(#18254),#4829);
#18254 = PRESENTATION_STYLE_ASSIGNMENT((#18255,#18260));
#18255 = SURFACE_STYLE_USAGE(.BOTH.,#18256);
#18256 = SURFACE_SIDE_STYLE('',(#18257));
#18257 = SURFACE_STYLE_FILL_AREA(#18258);
#18258 = FILL_AREA_STYLE('',(#18259));
#18259 = FILL_AREA_STYLE_COLOUR('',#16518);
#18260 = CURVE_STYLE('',#18261,POSITIVE_LENGTH_MEASURE(0.1),#16518);
#18261 = DRAUGHTING_PRE_DEFINED_CURVE_FONT('continuous');
#18262 = STYLED_ITEM('color',(#18263),#4928);
#18263 = PRESENTATION_STYLE_ASSIGNMENT((#18264,#18269));
#18264 = SURFACE_STYLE_USAGE(.BOTH.,#18265);
#18265 = SURFACE_SIDE_STYLE('',(#18266));
#18266 = SURFACE_STYLE_FILL_AREA(#18267);
#18267 = FILL_AREA_STYLE('',(#18268));
#18268 = FILL_AREA_STYLE_COLOUR('',#16518);
#18269 = CURVE_STYLE('',#18270,POSITIVE_LENGTH_MEASURE(0.1),#16518);
#18270 = DRAUGHTING_PRE_DEFINED_CURVE_FONT('continuous');
#18271 = STYLED_ITEM('color',(#18272),#4952);
#18272 = PRESENTATION_STYLE_ASSIGNMENT((#18273,#18278));
#18273 = SURFACE_STYLE_USAGE(.BOTH.,#18274);
#18274 = SURFACE_SIDE_STYLE('',(#18275));
#18275 = SURFACE_STYLE_FILL_AREA(#18276);
#18276 = FILL_AREA_STYLE('',(#18277));
#18277 = FILL_AREA_STYLE_COLOUR('',#16518);
#18278 = CURVE_STYLE('',#18279,POSITIVE_LENGTH_MEASURE(0.1),#16518);
#18279 = DRAUGHTING_PRE_DEFINED_CURVE_FONT('continuous');
#18280 = STYLED_ITEM('color',(#18281),#5044);
#18281 = PRESENTATION_STYLE_ASSIGNMENT((#18282,#18287));
#18282 = SURFACE_STYLE_USAGE(.BOTH.,#18283);
#18283 = SURFACE_SIDE_STYLE('',(#18284));
#18284 = SURFACE_STYLE_FILL_AREA(#18285);
#18285 = FILL_AREA_STYLE('',(#18286));
#18286 = FILL_AREA_STYLE_COLOUR('',#16518);
#18287 = CURVE_STYLE('',#18288,POSITIVE_LENGTH_MEASURE(0.1),#16518);
#18288 = DRAUGHTING_PRE_DEFINED_CURVE_FONT('continuous');
#18289 = STYLED_ITEM('color',(#18290),#5061);
#18290 = PRESENTATION_STYLE_ASSIGNMENT((#18291,#18296));
#18291 = SURFACE_STYLE_USAGE(.BOTH.,#18292);
#18292 = SURFACE_SIDE_STYLE('',(#18293));
#18293 = SURFACE_STYLE_FILL_AREA(#18294);
#18294 = FILL_AREA_STYLE('',(#18295));
#18295 = FILL_AREA_STYLE_COLOUR('',#16518);
#18296 = CURVE_STYLE('',#18297,POSITIVE_LENGTH_MEASURE(0.1),#16518);
#18297 = DRAUGHTING_PRE_DEFINED_CURVE_FONT('continuous');
#18298 = STYLED_ITEM('color',(#18299),#5160);
#18299 = PRESENTATION_STYLE_ASSIGNMENT((#18300,#18305));
#18300 = SURFACE_STYLE_USAGE(.BOTH.,#18301);
#18301 = SURFACE_SIDE_STYLE('',(#18302));
#18302 = SURFACE_STYLE_FILL_AREA(#18303);
#18303 = FILL_AREA_STYLE('',(#18304));
#18304 = FILL_AREA_STYLE_COLOUR('',#16518);
#18305 = CURVE_STYLE('',#18306,POSITIVE_LENGTH_MEASURE(0.1),#16518);
#18306 = DRAUGHTING_PRE_DEFINED_CURVE_FONT('continuous');
#18307 = STYLED_ITEM('color',(#18308),#5184);
#18308 = PRESENTATION_STYLE_ASSIGNMENT((#18309,#18314));
#18309 = SURFACE_STYLE_USAGE(.BOTH.,#18310);
#18310 = SURFACE_SIDE_STYLE('',(#18311));
#18311 = SURFACE_STYLE_FILL_AREA(#18312);
#18312 = FILL_AREA_STYLE('',(#18313));
#18313 = FILL_AREA_STYLE_COLOUR('',#16518);
#18314 = CURVE_STYLE('',#18315,POSITIVE_LENGTH_MEASURE(0.1),#16518);
#18315 = DRAUGHTING_PRE_DEFINED_CURVE_FONT('continuous');
#18316 = STYLED_ITEM('color',(#18317),#5276);
#18317 = PRESENTATION_STYLE_ASSIGNMENT((#18318,#18323));
#18318 = SURFACE_STYLE_USAGE(.BOTH.,#18319);
#18319 = SURFACE_SIDE_STYLE('',(#18320));
#18320 = SURFACE_STYLE_FILL_AREA(#18321);
#18321 = FILL_AREA_STYLE('',(#18322));
#18322 = FILL_AREA_STYLE_COLOUR('',#16518);
#18323 = CURVE_STYLE('',#18324,POSITIVE_LENGTH_MEASURE(0.1),#16518);
#18324 = DRAUGHTING_PRE_DEFINED_CURVE_FONT('continuous');
#18325 = STYLED_ITEM('color',(#18326),#5293);
#18326 = PRESENTATION_STYLE_ASSIGNMENT((#18327,#18332));
#18327 = SURFACE_STYLE_USAGE(.BOTH.,#18328);
#18328 = SURFACE_SIDE_STYLE('',(#18329));
#18329 = SURFACE_STYLE_FILL_AREA(#18330);
#18330 = FILL_AREA_STYLE('',(#18331));
#18331 = FILL_AREA_STYLE_COLOUR('',#16445);
#18332 = CURVE_STYLE('',#18333,POSITIVE_LENGTH_MEASURE(0.1),#16445);
#18333 = DRAUGHTING_PRE_DEFINED_CURVE_FONT('continuous');
#18334 = STYLED_ITEM('color',(#18335),#5326);
#18335 = PRESENTATION_STYLE_ASSIGNMENT((#18336,#18341));
#18336 = SURFACE_STYLE_USAGE(.BOTH.,#18337);
#18337 = SURFACE_SIDE_STYLE('',(#18338));
#18338 = SURFACE_STYLE_FILL_AREA(#18339);
#18339 = FILL_AREA_STYLE('',(#18340));
#18340 = FILL_AREA_STYLE_COLOUR('',#17776);
#18341 = CURVE_STYLE('',#18342,POSITIVE_LENGTH_MEASURE(0.1),#17776);
#18342 = DRAUGHTING_PRE_DEFINED_CURVE_FONT('continuous');
#18343 = STYLED_ITEM('color',(#18344),#5350);
#18344 = PRESENTATION_STYLE_ASSIGNMENT((#18345,#18350));
#18345 = SURFACE_STYLE_USAGE(.BOTH.,#18346);
#18346 = SURFACE_SIDE_STYLE('',(#18347));
#18347 = SURFACE_STYLE_FILL_AREA(#18348);
#18348 = FILL_AREA_STYLE('',(#18349));
#18349 = FILL_AREA_STYLE_COLOUR('',#17776);
#18350 = CURVE_STYLE('',#18351,POSITIVE_LENGTH_MEASURE(0.1),#17776);
#18351 = DRAUGHTING_PRE_DEFINED_CURVE_FONT('continuous');
#18352 = STYLED_ITEM('color',(#18353),#5367);
#18353 = PRESENTATION_STYLE_ASSIGNMENT((#18354,#18360));
#18354 = SURFACE_STYLE_USAGE(.BOTH.,#18355);
#18355 = SURFACE_SIDE_STYLE('',(#18356));
#18356 = SURFACE_STYLE_FILL_AREA(#18357);
#18357 = FILL_AREA_STYLE('',(#18358));
#18358 = FILL_AREA_STYLE_COLOUR('',#18359);
#18359 = COLOUR_RGB('',0.507540004841,0.507540004841,0.507540004841);
#18360 = CURVE_STYLE('',#18361,POSITIVE_LENGTH_MEASURE(0.1),#18359);
#18361 = DRAUGHTING_PRE_DEFINED_CURVE_FONT('continuous');
#18362 = STYLED_ITEM('color',(#18363),#5415);
#18363 = PRESENTATION_STYLE_ASSIGNMENT((#18364,#18369));
#18364 = SURFACE_STYLE_USAGE(.BOTH.,#18365);
#18365 = SURFACE_SIDE_STYLE('',(#18366));
#18366 = SURFACE_STYLE_FILL_AREA(#18367);
#18367 = FILL_AREA_STYLE('',(#18368));
#18368 = FILL_AREA_STYLE_COLOUR('',#18359);
#18369 = CURVE_STYLE('',#18370,POSITIVE_LENGTH_MEASURE(0.1),#18359);
#18370 = DRAUGHTING_PRE_DEFINED_CURVE_FONT('continuous');
#18371 = STYLED_ITEM('color',(#18372),#5446);
#18372 = PRESENTATION_STYLE_ASSIGNMENT((#18373,#18378));
#18373 = SURFACE_STYLE_USAGE(.BOTH.,#18374);
#18374 = SURFACE_SIDE_STYLE('',(#18375));
#18375 = SURFACE_STYLE_FILL_AREA(#18376);
#18376 = FILL_AREA_STYLE('',(#18377));
#18377 = FILL_AREA_STYLE_COLOUR('',#18359);
#18378 = CURVE_STYLE('',#18379,POSITIVE_LENGTH_MEASURE(0.1),#18359);
#18379 = DRAUGHTING_PRE_DEFINED_CURVE_FONT('continuous');
#18380 = STYLED_ITEM('color',(#18381),#5477);
#18381 = PRESENTATION_STYLE_ASSIGNMENT((#18382,#18387));
#18382 = SURFACE_STYLE_USAGE(.BOTH.,#18383);
#18383 = SURFACE_SIDE_STYLE('',(#18384));
#18384 = SURFACE_STYLE_FILL_AREA(#18385);
#18385 = FILL_AREA_STYLE('',(#18386));
#18386 = FILL_AREA_STYLE_COLOUR('',#18359);
#18387 = CURVE_STYLE('',#18388,POSITIVE_LENGTH_MEASURE(0.1),#18359);
#18388 = DRAUGHTING_PRE_DEFINED_CURVE_FONT('continuous');
#18389 = STYLED_ITEM('color',(#18390),#5508);
#18390 = PRESENTATION_STYLE_ASSIGNMENT((#18391,#18396));
#18391 = SURFACE_STYLE_USAGE(.BOTH.,#18392);
#18392 = SURFACE_SIDE_STYLE('',(#18393));
#18393 = SURFACE_STYLE_FILL_AREA(#18394);
#18394 = FILL_AREA_STYLE('',(#18395));
#18395 = FILL_AREA_STYLE_COLOUR('',#18359);
#18396 = CURVE_STYLE('',#18397,POSITIVE_LENGTH_MEASURE(0.1),#18359);
#18397 = DRAUGHTING_PRE_DEFINED_CURVE_FONT('continuous');
#18398 = STYLED_ITEM('color',(#18399),#5556);
#18399 = PRESENTATION_STYLE_ASSIGNMENT((#18400,#18405));
#18400 = SURFACE_STYLE_USAGE(.BOTH.,#18401);
#18401 = SURFACE_SIDE_STYLE('',(#18402));
#18402 = SURFACE_STYLE_FILL_AREA(#18403);
#18403 = FILL_AREA_STYLE('',(#18404));
#18404 = FILL_AREA_STYLE_COLOUR('',#18359);
#18405 = CURVE_STYLE('',#18406,POSITIVE_LENGTH_MEASURE(0.1),#18359);
#18406 = DRAUGHTING_PRE_DEFINED_CURVE_FONT('continuous');
#18407 = STYLED_ITEM('color',(#18408),#5621);
#18408 = PRESENTATION_STYLE_ASSIGNMENT((#18409,#18414));
#18409 = SURFACE_STYLE_USAGE(.BOTH.,#18410);
#18410 = SURFACE_SIDE_STYLE('',(#18411));
#18411 = SURFACE_STYLE_FILL_AREA(#18412);
#18412 = FILL_AREA_STYLE('',(#18413));
#18413 = FILL_AREA_STYLE_COLOUR('',#16445);
#18414 = CURVE_STYLE('',#18415,POSITIVE_LENGTH_MEASURE(0.1),#16445);
#18415 = DRAUGHTING_PRE_DEFINED_CURVE_FONT('continuous');
#18416 = STYLED_ITEM('color',(#18417),#5637);
#18417 = PRESENTATION_STYLE_ASSIGNMENT((#18418,#18423));
#18418 = SURFACE_STYLE_USAGE(.BOTH.,#18419);
#18419 = SURFACE_SIDE_STYLE('',(#18420));
#18420 = SURFACE_STYLE_FILL_AREA(#18421);
#18421 = FILL_AREA_STYLE('',(#18422));
#18422 = FILL_AREA_STYLE_COLOUR('',#17776);
#18423 = CURVE_STYLE('',#18424,POSITIVE_LENGTH_MEASURE(0.1),#17776);
#18424 = DRAUGHTING_PRE_DEFINED_CURVE_FONT('continuous');
#18425 = STYLED_ITEM('color',(#18426),#5661);
#18426 = PRESENTATION_STYLE_ASSIGNMENT((#18427,#18432));
#18427 = SURFACE_STYLE_USAGE(.BOTH.,#18428);
#18428 = SURFACE_SIDE_STYLE('',(#18429));
#18429 = SURFACE_STYLE_FILL_AREA(#18430);
#18430 = FILL_AREA_STYLE('',(#18431));
#18431 = FILL_AREA_STYLE_COLOUR('',#16518);
#18432 = CURVE_STYLE('',#18433,POSITIVE_LENGTH_MEASURE(0.1),#16518);
#18433 = DRAUGHTING_PRE_DEFINED_CURVE_FONT('continuous');
#18434 = STYLED_ITEM('color',(#18435),#5760);
#18435 = PRESENTATION_STYLE_ASSIGNMENT((#18436,#18441));
#18436 = SURFACE_STYLE_USAGE(.BOTH.,#18437);
#18437 = SURFACE_SIDE_STYLE('',(#18438));
#18438 = SURFACE_STYLE_FILL_AREA(#18439);
#18439 = FILL_AREA_STYLE('',(#18440));
#18440 = FILL_AREA_STYLE_COLOUR('',#16518);
#18441 = CURVE_STYLE('',#18442,POSITIVE_LENGTH_MEASURE(0.1),#16518);
#18442 = DRAUGHTING_PRE_DEFINED_CURVE_FONT('continuous');
#18443 = STYLED_ITEM('color',(#18444),#5784);
#18444 = PRESENTATION_STYLE_ASSIGNMENT((#18445,#18450));
#18445 = SURFACE_STYLE_USAGE(.BOTH.,#18446);
#18446 = SURFACE_SIDE_STYLE('',(#18447));
#18447 = SURFACE_STYLE_FILL_AREA(#18448);
#18448 = FILL_AREA_STYLE('',(#18449));
#18449 = FILL_AREA_STYLE_COLOUR('',#16518);
#18450 = CURVE_STYLE('',#18451,POSITIVE_LENGTH_MEASURE(0.1),#16518);
#18451 = DRAUGHTING_PRE_DEFINED_CURVE_FONT('continuous');
#18452 = STYLED_ITEM('color',(#18453),#5876);
#18453 = PRESENTATION_STYLE_ASSIGNMENT((#18454,#18459));
#18454 = SURFACE_STYLE_USAGE(.BOTH.,#18455);
#18455 = SURFACE_SIDE_STYLE('',(#18456));
#18456 = SURFACE_STYLE_FILL_AREA(#18457);
#18457 = FILL_AREA_STYLE('',(#18458));
#18458 = FILL_AREA_STYLE_COLOUR('',#16518);
#18459 = CURVE_STYLE('',#18460,POSITIVE_LENGTH_MEASURE(0.1),#16518);
#18460 = DRAUGHTING_PRE_DEFINED_CURVE_FONT('continuous');
#18461 = STYLED_ITEM('color',(#18462),#5893);
#18462 = PRESENTATION_STYLE_ASSIGNMENT((#18463,#18468));
#18463 = SURFACE_STYLE_USAGE(.BOTH.,#18464);
#18464 = SURFACE_SIDE_STYLE('',(#18465));
#18465 = SURFACE_STYLE_FILL_AREA(#18466);
#18466 = FILL_AREA_STYLE('',(#18467));
#18467 = FILL_AREA_STYLE_COLOUR('',#16518);
#18468 = CURVE_STYLE('',#18469,POSITIVE_LENGTH_MEASURE(0.1),#16518);
#18469 = DRAUGHTING_PRE_DEFINED_CURVE_FONT('continuous');
#18470 = STYLED_ITEM('color',(#18471),#5992);
#18471 = PRESENTATION_STYLE_ASSIGNMENT((#18472,#18477));
#18472 = SURFACE_STYLE_USAGE(.BOTH.,#18473);
#18473 = SURFACE_SIDE_STYLE('',(#18474));
#18474 = SURFACE_STYLE_FILL_AREA(#18475);
#18475 = FILL_AREA_STYLE('',(#18476));
#18476 = FILL_AREA_STYLE_COLOUR('',#16518);
#18477 = CURVE_STYLE('',#18478,POSITIVE_LENGTH_MEASURE(0.1),#16518);
#18478 = DRAUGHTING_PRE_DEFINED_CURVE_FONT('continuous');
#18479 = STYLED_ITEM('color',(#18480),#6016);
#18480 = PRESENTATION_STYLE_ASSIGNMENT((#18481,#18486));
#18481 = SURFACE_STYLE_USAGE(.BOTH.,#18482);
#18482 = SURFACE_SIDE_STYLE('',(#18483));
#18483 = SURFACE_STYLE_FILL_AREA(#18484);
#18484 = FILL_AREA_STYLE('',(#18485));
#18485 = FILL_AREA_STYLE_COLOUR('',#16518);
#18486 = CURVE_STYLE('',#18487,POSITIVE_LENGTH_MEASURE(0.1),#16518);
#18487 = DRAUGHTING_PRE_DEFINED_CURVE_FONT('continuous');
#18488 = STYLED_ITEM('color',(#18489),#6108);
#18489 = PRESENTATION_STYLE_ASSIGNMENT((#18490,#18495));
#18490 = SURFACE_STYLE_USAGE(.BOTH.,#18491);
#18491 = SURFACE_SIDE_STYLE('',(#18492));
#18492 = SURFACE_STYLE_FILL_AREA(#18493);
#18493 = FILL_AREA_STYLE('',(#18494));
#18494 = FILL_AREA_STYLE_COLOUR('',#16518);
#18495 = CURVE_STYLE('',#18496,POSITIVE_LENGTH_MEASURE(0.1),#16518);
#18496 = DRAUGHTING_PRE_DEFINED_CURVE_FONT('continuous');
#18497 = STYLED_ITEM('color',(#18498),#6125);
#18498 = PRESENTATION_STYLE_ASSIGNMENT((#18499,#18504));
#18499 = SURFACE_STYLE_USAGE(.BOTH.,#18500);
#18500 = SURFACE_SIDE_STYLE('',(#18501));
#18501 = SURFACE_STYLE_FILL_AREA(#18502);
#18502 = FILL_AREA_STYLE('',(#18503));
#18503 = FILL_AREA_STYLE_COLOUR('',#17776);
#18504 = CURVE_STYLE('',#18505,POSITIVE_LENGTH_MEASURE(0.1),#17776);
#18505 = DRAUGHTING_PRE_DEFINED_CURVE_FONT('continuous');
#18506 = STYLED_ITEM('color',(#18507),#6195);
#18507 = PRESENTATION_STYLE_ASSIGNMENT((#18508,#18513));
#18508 = SURFACE_STYLE_USAGE(.BOTH.,#18509);
#18509 = SURFACE_SIDE_STYLE('',(#18510));
#18510 = SURFACE_STYLE_FILL_AREA(#18511);
#18511 = FILL_AREA_STYLE('',(#18512));
#18512 = FILL_AREA_STYLE_COLOUR('',#16445);
#18513 = CURVE_STYLE('',#18514,POSITIVE_LENGTH_MEASURE(0.1),#16445);
#18514 = DRAUGHTING_PRE_DEFINED_CURVE_FONT('continuous');
#18515 = STYLED_ITEM('color',(#18516),#6226);
#18516 = PRESENTATION_STYLE_ASSIGNMENT((#18517,#18522));
#18517 = SURFACE_STYLE_USAGE(.BOTH.,#18518);
#18518 = SURFACE_SIDE_STYLE('',(#18519));
#18519 = SURFACE_STYLE_FILL_AREA(#18520);
#18520 = FILL_AREA_STYLE('',(#18521));
#18521 = FILL_AREA_STYLE_COLOUR('',#16445);
#18522 = CURVE_STYLE('',#18523,POSITIVE_LENGTH_MEASURE(0.1),#16445);
#18523 = DRAUGHTING_PRE_DEFINED_CURVE_FONT('continuous');
#18524 = STYLED_ITEM('color',(#18525),#6250);
#18525 = PRESENTATION_STYLE_ASSIGNMENT((#18526,#18531));
#18526 = SURFACE_STYLE_USAGE(.BOTH.,#18527);
#18527 = SURFACE_SIDE_STYLE('',(#18528));
#18528 = SURFACE_STYLE_FILL_AREA(#18529);
#18529 = FILL_AREA_STYLE('',(#18530));
#18530 = FILL_AREA_STYLE_COLOUR('',#16445);
#18531 = CURVE_STYLE('',#18532,POSITIVE_LENGTH_MEASURE(0.1),#16445);
#18532 = DRAUGHTING_PRE_DEFINED_CURVE_FONT('continuous');
#18533 = STYLED_ITEM('color',(#18534),#6274);
#18534 = PRESENTATION_STYLE_ASSIGNMENT((#18535,#18540));
#18535 = SURFACE_STYLE_USAGE(.BOTH.,#18536);
#18536 = SURFACE_SIDE_STYLE('',(#18537));
#18537 = SURFACE_STYLE_FILL_AREA(#18538);
#18538 = FILL_AREA_STYLE('',(#18539));
#18539 = FILL_AREA_STYLE_COLOUR('',#18359);
#18540 = CURVE_STYLE('',#18541,POSITIVE_LENGTH_MEASURE(0.1),#18359);
#18541 = DRAUGHTING_PRE_DEFINED_CURVE_FONT('continuous');
#18542 = STYLED_ITEM('color',(#18543),#6314);
#18543 = PRESENTATION_STYLE_ASSIGNMENT((#18544,#18549));
#18544 = SURFACE_STYLE_USAGE(.BOTH.,#18545);
#18545 = SURFACE_SIDE_STYLE('',(#18546));
#18546 = SURFACE_STYLE_FILL_AREA(#18547);
#18547 = FILL_AREA_STYLE('',(#18548));
#18548 = FILL_AREA_STYLE_COLOUR('',#17776);
#18549 = CURVE_STYLE('',#18550,POSITIVE_LENGTH_MEASURE(0.1),#17776);
#18550 = DRAUGHTING_PRE_DEFINED_CURVE_FONT('continuous');
#18551 = STYLED_ITEM('color',(#18552),#6331);
#18552 = PRESENTATION_STYLE_ASSIGNMENT((#18553,#18558));
#18553 = SURFACE_STYLE_USAGE(.BOTH.,#18554);
#18554 = SURFACE_SIDE_STYLE('',(#18555));
#18555 = SURFACE_STYLE_FILL_AREA(#18556);
#18556 = FILL_AREA_STYLE('',(#18557));
#18557 = FILL_AREA_STYLE_COLOUR('',#16518);
#18558 = CURVE_STYLE('',#18559,POSITIVE_LENGTH_MEASURE(0.1),#16518);
#18559 = DRAUGHTING_PRE_DEFINED_CURVE_FONT('continuous');
#18560 = STYLED_ITEM('color',(#18561),#6353);
#18561 = PRESENTATION_STYLE_ASSIGNMENT((#18562,#18567));
#18562 = SURFACE_STYLE_USAGE(.BOTH.,#18563);
#18563 = SURFACE_SIDE_STYLE('',(#18564));
#18564 = SURFACE_STYLE_FILL_AREA(#18565);
#18565 = FILL_AREA_STYLE('',(#18566));
#18566 = FILL_AREA_STYLE_COLOUR('',#16518);
#18567 = CURVE_STYLE('',#18568,POSITIVE_LENGTH_MEASURE(0.1),#16518);
#18568 = DRAUGHTING_PRE_DEFINED_CURVE_FONT('continuous');
#18569 = STYLED_ITEM('color',(#18570),#6370);
#18570 = PRESENTATION_STYLE_ASSIGNMENT((#18571,#18576));
#18571 = SURFACE_STYLE_USAGE(.BOTH.,#18572);
#18572 = SURFACE_SIDE_STYLE('',(#18573));
#18573 = SURFACE_STYLE_FILL_AREA(#18574);
#18574 = FILL_AREA_STYLE('',(#18575));
#18575 = FILL_AREA_STYLE_COLOUR('',#16518);
#18576 = CURVE_STYLE('',#18577,POSITIVE_LENGTH_MEASURE(0.1),#16518);
#18577 = DRAUGHTING_PRE_DEFINED_CURVE_FONT('continuous');
#18578 = STYLED_ITEM('color',(#18579),#6387);
#18579 = PRESENTATION_STYLE_ASSIGNMENT((#18580,#18585));
#18580 = SURFACE_STYLE_USAGE(.BOTH.,#18581);
#18581 = SURFACE_SIDE_STYLE('',(#18582));
#18582 = SURFACE_STYLE_FILL_AREA(#18583);
#18583 = FILL_AREA_STYLE('',(#18584));
#18584 = FILL_AREA_STYLE_COLOUR('',#16518);
#18585 = CURVE_STYLE('',#18586,POSITIVE_LENGTH_MEASURE(0.1),#16518);
#18586 = DRAUGHTING_PRE_DEFINED_CURVE_FONT('continuous');
#18587 = STYLED_ITEM('color',(#18588),#6399);
#18588 = PRESENTATION_STYLE_ASSIGNMENT((#18589,#18594));
#18589 = SURFACE_STYLE_USAGE(.BOTH.,#18590);
#18590 = SURFACE_SIDE_STYLE('',(#18591));
#18591 = SURFACE_STYLE_FILL_AREA(#18592);
#18592 = FILL_AREA_STYLE('',(#18593));
#18593 = FILL_AREA_STYLE_COLOUR('',#16518);
#18594 = CURVE_STYLE('',#18595,POSITIVE_LENGTH_MEASURE(0.1),#16518);
#18595 = DRAUGHTING_PRE_DEFINED_CURVE_FONT('continuous');
#18596 = STYLED_ITEM('color',(#18597),#6416);
#18597 = PRESENTATION_STYLE_ASSIGNMENT((#18598,#18603));
#18598 = SURFACE_STYLE_USAGE(.BOTH.,#18599);
#18599 = SURFACE_SIDE_STYLE('',(#18600));
#18600 = SURFACE_STYLE_FILL_AREA(#18601);
#18601 = FILL_AREA_STYLE('',(#18602));
#18602 = FILL_AREA_STYLE_COLOUR('',#16518);
#18603 = CURVE_STYLE('',#18604,POSITIVE_LENGTH_MEASURE(0.1),#16518);
#18604 = DRAUGHTING_PRE_DEFINED_CURVE_FONT('continuous');
#18605 = STYLED_ITEM('color',(#18606),#6433);
#18606 = PRESENTATION_STYLE_ASSIGNMENT((#18607,#18612));
#18607 = SURFACE_STYLE_USAGE(.BOTH.,#18608);
#18608 = SURFACE_SIDE_STYLE('',(#18609));
#18609 = SURFACE_STYLE_FILL_AREA(#18610);
#18610 = FILL_AREA_STYLE('',(#18611));
#18611 = FILL_AREA_STYLE_COLOUR('',#16518);
#18612 = CURVE_STYLE('',#18613,POSITIVE_LENGTH_MEASURE(0.1),#16518);
#18613 = DRAUGHTING_PRE_DEFINED_CURVE_FONT('continuous');
#18614 = STYLED_ITEM('color',(#18615),#6450);
#18615 = PRESENTATION_STYLE_ASSIGNMENT((#18616,#18621));
#18616 = SURFACE_STYLE_USAGE(.BOTH.,#18617);
#18617 = SURFACE_SIDE_STYLE('',(#18618));
#18618 = SURFACE_STYLE_FILL_AREA(#18619);
#18619 = FILL_AREA_STYLE('',(#18620));
#18620 = FILL_AREA_STYLE_COLOUR('',#16518);
#18621 = CURVE_STYLE('',#18622,POSITIVE_LENGTH_MEASURE(0.1),#16518);
#18622 = DRAUGHTING_PRE_DEFINED_CURVE_FONT('continuous');
#18623 = STYLED_ITEM('color',(#18624),#6467);
#18624 = PRESENTATION_STYLE_ASSIGNMENT((#18625,#18630));
#18625 = SURFACE_STYLE_USAGE(.BOTH.,#18626);
#18626 = SURFACE_SIDE_STYLE('',(#18627));
#18627 = SURFACE_STYLE_FILL_AREA(#18628);
#18628 = FILL_AREA_STYLE('',(#18629));
#18629 = FILL_AREA_STYLE_COLOUR('',#16518);
#18630 = CURVE_STYLE('',#18631,POSITIVE_LENGTH_MEASURE(0.1),#16518);
#18631 = DRAUGHTING_PRE_DEFINED_CURVE_FONT('continuous');
#18632 = STYLED_ITEM('color',(#18633),#6479);
#18633 = PRESENTATION_STYLE_ASSIGNMENT((#18634,#18639));
#18634 = SURFACE_STYLE_USAGE(.BOTH.,#18635);
#18635 = SURFACE_SIDE_STYLE('',(#18636));
#18636 = SURFACE_STYLE_FILL_AREA(#18637);
#18637 = FILL_AREA_STYLE('',(#18638));
#18638 = FILL_AREA_STYLE_COLOUR('',#16518);
#18639 = CURVE_STYLE('',#18640,POSITIVE_LENGTH_MEASURE(0.1),#16518);
#18640 = DRAUGHTING_PRE_DEFINED_CURVE_FONT('continuous');
#18641 = STYLED_ITEM('color',(#18642),#6501);
#18642 = PRESENTATION_STYLE_ASSIGNMENT((#18643,#18648));
#18643 = SURFACE_STYLE_USAGE(.BOTH.,#18644);
#18644 = SURFACE_SIDE_STYLE('',(#18645));
#18645 = SURFACE_STYLE_FILL_AREA(#18646);
#18646 = FILL_AREA_STYLE('',(#18647));
#18647 = FILL_AREA_STYLE_COLOUR('',#16518);
#18648 = CURVE_STYLE('',#18649,POSITIVE_LENGTH_MEASURE(0.1),#16518);
#18649 = DRAUGHTING_PRE_DEFINED_CURVE_FONT('continuous');
#18650 = STYLED_ITEM('color',(#18651),#6518);
#18651 = PRESENTATION_STYLE_ASSIGNMENT((#18652,#18657));
#18652 = SURFACE_STYLE_USAGE(.BOTH.,#18653);
#18653 = SURFACE_SIDE_STYLE('',(#18654));
#18654 = SURFACE_STYLE_FILL_AREA(#18655);
#18655 = FILL_AREA_STYLE('',(#18656));
#18656 = FILL_AREA_STYLE_COLOUR('',#16518);
#18657 = CURVE_STYLE('',#18658,POSITIVE_LENGTH_MEASURE(0.1),#16518);
#18658 = DRAUGHTING_PRE_DEFINED_CURVE_FONT('continuous');
#18659 = STYLED_ITEM('color',(#18660),#6535);
#18660 = PRESENTATION_STYLE_ASSIGNMENT((#18661,#18666));
#18661 = SURFACE_STYLE_USAGE(.BOTH.,#18662);
#18662 = SURFACE_SIDE_STYLE('',(#18663));
#18663 = SURFACE_STYLE_FILL_AREA(#18664);
#18664 = FILL_AREA_STYLE('',(#18665));
#18665 = FILL_AREA_STYLE_COLOUR('',#16518);
#18666 = CURVE_STYLE('',#18667,POSITIVE_LENGTH_MEASURE(0.1),#16518);
#18667 = DRAUGHTING_PRE_DEFINED_CURVE_FONT('continuous');
#18668 = STYLED_ITEM('color',(#18669),#6547);
#18669 = PRESENTATION_STYLE_ASSIGNMENT((#18670,#18675));
#18670 = SURFACE_STYLE_USAGE(.BOTH.,#18671);
#18671 = SURFACE_SIDE_STYLE('',(#18672));
#18672 = SURFACE_STYLE_FILL_AREA(#18673);
#18673 = FILL_AREA_STYLE('',(#18674));
#18674 = FILL_AREA_STYLE_COLOUR('',#16518);
#18675 = CURVE_STYLE('',#18676,POSITIVE_LENGTH_MEASURE(0.1),#16518);
#18676 = DRAUGHTING_PRE_DEFINED_CURVE_FONT('continuous');
#18677 = STYLED_ITEM('color',(#18678),#6564);
#18678 = PRESENTATION_STYLE_ASSIGNMENT((#18679,#18684));
#18679 = SURFACE_STYLE_USAGE(.BOTH.,#18680);
#18680 = SURFACE_SIDE_STYLE('',(#18681));
#18681 = SURFACE_STYLE_FILL_AREA(#18682);
#18682 = FILL_AREA_STYLE('',(#18683));
#18683 = FILL_AREA_STYLE_COLOUR('',#16518);
#18684 = CURVE_STYLE('',#18685,POSITIVE_LENGTH_MEASURE(0.1),#16518);
#18685 = DRAUGHTING_PRE_DEFINED_CURVE_FONT('continuous');
#18686 = STYLED_ITEM('color',(#18687),#6581);
#18687 = PRESENTATION_STYLE_ASSIGNMENT((#18688,#18693));
#18688 = SURFACE_STYLE_USAGE(.BOTH.,#18689);
#18689 = SURFACE_SIDE_STYLE('',(#18690));
#18690 = SURFACE_STYLE_FILL_AREA(#18691);
#18691 = FILL_AREA_STYLE('',(#18692));
#18692 = FILL_AREA_STYLE_COLOUR('',#16518);
#18693 = CURVE_STYLE('',#18694,POSITIVE_LENGTH_MEASURE(0.1),#16518);
#18694 = DRAUGHTING_PRE_DEFINED_CURVE_FONT('continuous');
#18695 = STYLED_ITEM('color',(#18696),#6598);
#18696 = PRESENTATION_STYLE_ASSIGNMENT((#18697,#18702));
#18697 = SURFACE_STYLE_USAGE(.BOTH.,#18698);
#18698 = SURFACE_SIDE_STYLE('',(#18699));
#18699 = SURFACE_STYLE_FILL_AREA(#18700);
#18700 = FILL_AREA_STYLE('',(#18701));
#18701 = FILL_AREA_STYLE_COLOUR('',#16518);
#18702 = CURVE_STYLE('',#18703,POSITIVE_LENGTH_MEASURE(0.1),#16518);
#18703 = DRAUGHTING_PRE_DEFINED_CURVE_FONT('continuous');
#18704 = STYLED_ITEM('color',(#18705),#6615);
#18705 = PRESENTATION_STYLE_ASSIGNMENT((#18706,#18711));
#18706 = SURFACE_STYLE_USAGE(.BOTH.,#18707);
#18707 = SURFACE_SIDE_STYLE('',(#18708));
#18708 = SURFACE_STYLE_FILL_AREA(#18709);
#18709 = FILL_AREA_STYLE('',(#18710));
#18710 = FILL_AREA_STYLE_COLOUR('',#16518);
#18711 = CURVE_STYLE('',#18712,POSITIVE_LENGTH_MEASURE(0.1),#16518);
#18712 = DRAUGHTING_PRE_DEFINED_CURVE_FONT('continuous');
#18713 = STYLED_ITEM('color',(#18714),#6627);
#18714 = PRESENTATION_STYLE_ASSIGNMENT((#18715,#18720));
#18715 = SURFACE_STYLE_USAGE(.BOTH.,#18716);
#18716 = SURFACE_SIDE_STYLE('',(#18717));
#18717 = SURFACE_STYLE_FILL_AREA(#18718);
#18718 = FILL_AREA_STYLE('',(#18719));
#18719 = FILL_AREA_STYLE_COLOUR('',#18359);
#18720 = CURVE_STYLE('',#18721,POSITIVE_LENGTH_MEASURE(0.1),#18359);
#18721 = DRAUGHTING_PRE_DEFINED_CURVE_FONT('continuous');
#18722 = STYLED_ITEM('color',(#18723),#6662);
#18723 = PRESENTATION_STYLE_ASSIGNMENT((#18724,#18729));
#18724 = SURFACE_STYLE_USAGE(.BOTH.,#18725);
#18725 = SURFACE_SIDE_STYLE('',(#18726));
#18726 = SURFACE_STYLE_FILL_AREA(#18727);
#18727 = FILL_AREA_STYLE('',(#18728));
#18728 = FILL_AREA_STYLE_COLOUR('',#16445);
#18729 = CURVE_STYLE('',#18730,POSITIVE_LENGTH_MEASURE(0.1),#16445);
#18730 = DRAUGHTING_PRE_DEFINED_CURVE_FONT('continuous');
#18731 = STYLED_ITEM('color',(#18732),#6693);
#18732 = PRESENTATION_STYLE_ASSIGNMENT((#18733,#18738));
#18733 = SURFACE_STYLE_USAGE(.BOTH.,#18734);
#18734 = SURFACE_SIDE_STYLE('',(#18735));
#18735 = SURFACE_STYLE_FILL_AREA(#18736);
#18736 = FILL_AREA_STYLE('',(#18737));
#18737 = FILL_AREA_STYLE_COLOUR('',#18359);
#18738 = CURVE_STYLE('',#18739,POSITIVE_LENGTH_MEASURE(0.1),#18359);
#18739 = DRAUGHTING_PRE_DEFINED_CURVE_FONT('continuous');
#18740 = STYLED_ITEM('color',(#18741),#6728);
#18741 = PRESENTATION_STYLE_ASSIGNMENT((#18742,#18747));
#18742 = SURFACE_STYLE_USAGE(.BOTH.,#18743);
#18743 = SURFACE_SIDE_STYLE('',(#18744));
#18744 = SURFACE_STYLE_FILL_AREA(#18745);
#18745 = FILL_AREA_STYLE('',(#18746));
#18746 = FILL_AREA_STYLE_COLOUR('',#18359);
#18747 = CURVE_STYLE('',#18748,POSITIVE_LENGTH_MEASURE(0.1),#18359);
#18748 = DRAUGHTING_PRE_DEFINED_CURVE_FONT('continuous');
#18749 = STYLED_ITEM('color',(#18750),#6768);
#18750 = PRESENTATION_STYLE_ASSIGNMENT((#18751,#18756));
#18751 = SURFACE_STYLE_USAGE(.BOTH.,#18752);
#18752 = SURFACE_SIDE_STYLE('',(#18753));
#18753 = SURFACE_STYLE_FILL_AREA(#18754);
#18754 = FILL_AREA_STYLE('',(#18755));
#18755 = FILL_AREA_STYLE_COLOUR('',#18359);
#18756 = CURVE_STYLE('',#18757,POSITIVE_LENGTH_MEASURE(0.1),#18359);
#18757 = DRAUGHTING_PRE_DEFINED_CURVE_FONT('continuous');
#18758 = STYLED_ITEM('color',(#18759),#6817);
#18759 = PRESENTATION_STYLE_ASSIGNMENT((#18760,#18765));
#18760 = SURFACE_STYLE_USAGE(.BOTH.,#18761);
#18761 = SURFACE_SIDE_STYLE('',(#18762));
#18762 = SURFACE_STYLE_FILL_AREA(#18763);
#18763 = FILL_AREA_STYLE('',(#18764));
#18764 = FILL_AREA_STYLE_COLOUR('',#18359);
#18765 = CURVE_STYLE('',#18766,POSITIVE_LENGTH_MEASURE(0.1),#18359);
#18766 = DRAUGHTING_PRE_DEFINED_CURVE_FONT('continuous');
#18767 = STYLED_ITEM('color',(#18768),#6834);
#18768 = PRESENTATION_STYLE_ASSIGNMENT((#18769,#18774));
#18769 = SURFACE_STYLE_USAGE(.BOTH.,#18770);
#18770 = SURFACE_SIDE_STYLE('',(#18771));
#18771 = SURFACE_STYLE_FILL_AREA(#18772);
#18772 = FILL_AREA_STYLE('',(#18773));
#18773 = FILL_AREA_STYLE_COLOUR('',#18359);
#18774 = CURVE_STYLE('',#18775,POSITIVE_LENGTH_MEASURE(0.1),#18359);
#18775 = DRAUGHTING_PRE_DEFINED_CURVE_FONT('continuous');
#18776 = STYLED_ITEM('color',(#18777),#6858);
#18777 = PRESENTATION_STYLE_ASSIGNMENT((#18778,#18783));
#18778 = SURFACE_STYLE_USAGE(.BOTH.,#18779);
#18779 = SURFACE_SIDE_STYLE('',(#18780));
#18780 = SURFACE_STYLE_FILL_AREA(#18781);
#18781 = FILL_AREA_STYLE('',(#18782));
#18782 = FILL_AREA_STYLE_COLOUR('',#18359);
#18783 = CURVE_STYLE('',#18784,POSITIVE_LENGTH_MEASURE(0.1),#18359);
#18784 = DRAUGHTING_PRE_DEFINED_CURVE_FONT('continuous');
#18785 = STYLED_ITEM('color',(#18786),#7030);
#18786 = PRESENTATION_STYLE_ASSIGNMENT((#18787,#18792));
#18787 = SURFACE_STYLE_USAGE(.BOTH.,#18788);
#18788 = SURFACE_SIDE_STYLE('',(#18789));
#18789 = SURFACE_STYLE_FILL_AREA(#18790);
#18790 = FILL_AREA_STYLE('',(#18791));
#18791 = FILL_AREA_STYLE_COLOUR('',#18359);
#18792 = CURVE_STYLE('',#18793,POSITIVE_LENGTH_MEASURE(0.1),#18359);
#18793 = DRAUGHTING_PRE_DEFINED_CURVE_FONT('continuous');
#18794 = STYLED_ITEM('color',(#18795),#7047);
#18795 = PRESENTATION_STYLE_ASSIGNMENT((#18796,#18801));
#18796 = SURFACE_STYLE_USAGE(.BOTH.,#18797);
#18797 = SURFACE_SIDE_STYLE('',(#18798));
#18798 = SURFACE_STYLE_FILL_AREA(#18799);
#18799 = FILL_AREA_STYLE('',(#18800));
#18800 = FILL_AREA_STYLE_COLOUR('',#18359);
#18801 = CURVE_STYLE('',#18802,POSITIVE_LENGTH_MEASURE(0.1),#18359);
#18802 = DRAUGHTING_PRE_DEFINED_CURVE_FONT('continuous');
#18803 = STYLED_ITEM('color',(#18804),#7059);
#18804 = PRESENTATION_STYLE_ASSIGNMENT((#18805,#18810));
#18805 = SURFACE_STYLE_USAGE(.BOTH.,#18806);
#18806 = SURFACE_SIDE_STYLE('',(#18807));
#18807 = SURFACE_STYLE_FILL_AREA(#18808);
#18808 = FILL_AREA_STYLE('',(#18809));
#18809 = FILL_AREA_STYLE_COLOUR('',#18359);
#18810 = CURVE_STYLE('',#18811,POSITIVE_LENGTH_MEASURE(0.1),#18359);
#18811 = DRAUGHTING_PRE_DEFINED_CURVE_FONT('continuous');
#18812 = STYLED_ITEM('color',(#18813),#7076);
#18813 = PRESENTATION_STYLE_ASSIGNMENT((#18814,#18819));
#18814 = SURFACE_STYLE_USAGE(.BOTH.,#18815);
#18815 = SURFACE_SIDE_STYLE('',(#18816));
#18816 = SURFACE_STYLE_FILL_AREA(#18817);
#18817 = FILL_AREA_STYLE('',(#18818));
#18818 = FILL_AREA_STYLE_COLOUR('',#18359);
#18819 = CURVE_STYLE('',#18820,POSITIVE_LENGTH_MEASURE(0.1),#18359);
#18820 = DRAUGHTING_PRE_DEFINED_CURVE_FONT('continuous');
#18821 = STYLED_ITEM('color',(#18822),#7111);
#18822 = PRESENTATION_STYLE_ASSIGNMENT((#18823,#18828));
#18823 = SURFACE_STYLE_USAGE(.BOTH.,#18824);
#18824 = SURFACE_SIDE_STYLE('',(#18825));
#18825 = SURFACE_STYLE_FILL_AREA(#18826);
#18826 = FILL_AREA_STYLE('',(#18827));
#18827 = FILL_AREA_STYLE_COLOUR('',#18359);
#18828 = CURVE_STYLE('',#18829,POSITIVE_LENGTH_MEASURE(0.1),#18359);
#18829 = DRAUGHTING_PRE_DEFINED_CURVE_FONT('continuous');
#18830 = STYLED_ITEM('color',(#18831),#7136);
#18831 = PRESENTATION_STYLE_ASSIGNMENT((#18832,#18837));
#18832 = SURFACE_STYLE_USAGE(.BOTH.,#18833);
#18833 = SURFACE_SIDE_STYLE('',(#18834));
#18834 = SURFACE_STYLE_FILL_AREA(#18835);
#18835 = FILL_AREA_STYLE('',(#18836));
#18836 = FILL_AREA_STYLE_COLOUR('',#18359);
#18837 = CURVE_STYLE('',#18838,POSITIVE_LENGTH_MEASURE(0.1),#18359);
#18838 = DRAUGHTING_PRE_DEFINED_CURVE_FONT('continuous');
#18839 = STYLED_ITEM('color',(#18840),#7160);
#18840 = PRESENTATION_STYLE_ASSIGNMENT((#18841,#18846));
#18841 = SURFACE_STYLE_USAGE(.BOTH.,#18842);
#18842 = SURFACE_SIDE_STYLE('',(#18843));
#18843 = SURFACE_STYLE_FILL_AREA(#18844);
#18844 = FILL_AREA_STYLE('',(#18845));
#18845 = FILL_AREA_STYLE_COLOUR('',#18359);
#18846 = CURVE_STYLE('',#18847,POSITIVE_LENGTH_MEASURE(0.1),#18359);
#18847 = DRAUGHTING_PRE_DEFINED_CURVE_FONT('continuous');
#18848 = STYLED_ITEM('color',(#18849),#7178);
#18849 = PRESENTATION_STYLE_ASSIGNMENT((#18850,#18855));
#18850 = SURFACE_STYLE_USAGE(.BOTH.,#18851);
#18851 = SURFACE_SIDE_STYLE('',(#18852));
#18852 = SURFACE_STYLE_FILL_AREA(#18853);
#18853 = FILL_AREA_STYLE('',(#18854));
#18854 = FILL_AREA_STYLE_COLOUR('',#17776);
#18855 = CURVE_STYLE('',#18856,POSITIVE_LENGTH_MEASURE(0.1),#17776);
#18856 = DRAUGHTING_PRE_DEFINED_CURVE_FONT('continuous');
#18857 = STYLED_ITEM('color',(#18858),#7195);
#18858 = PRESENTATION_STYLE_ASSIGNMENT((#18859,#18864));
#18859 = SURFACE_STYLE_USAGE(.BOTH.,#18860);
#18860 = SURFACE_SIDE_STYLE('',(#18861));
#18861 = SURFACE_STYLE_FILL_AREA(#18862);
#18862 = FILL_AREA_STYLE('',(#18863));
#18863 = FILL_AREA_STYLE_COLOUR('',#16518);
#18864 = CURVE_STYLE('',#18865,POSITIVE_LENGTH_MEASURE(0.1),#16518);
#18865 = DRAUGHTING_PRE_DEFINED_CURVE_FONT('continuous');
#18866 = STYLED_ITEM('color',(#18867),#7217);
#18867 = PRESENTATION_STYLE_ASSIGNMENT((#18868,#18873));
#18868 = SURFACE_STYLE_USAGE(.BOTH.,#18869);
#18869 = SURFACE_SIDE_STYLE('',(#18870));
#18870 = SURFACE_STYLE_FILL_AREA(#18871);
#18871 = FILL_AREA_STYLE('',(#18872));
#18872 = FILL_AREA_STYLE_COLOUR('',#16518);
#18873 = CURVE_STYLE('',#18874,POSITIVE_LENGTH_MEASURE(0.1),#16518);
#18874 = DRAUGHTING_PRE_DEFINED_CURVE_FONT('continuous');
#18875 = STYLED_ITEM('color',(#18876),#7234);
#18876 = PRESENTATION_STYLE_ASSIGNMENT((#18877,#18882));
#18877 = SURFACE_STYLE_USAGE(.BOTH.,#18878);
#18878 = SURFACE_SIDE_STYLE('',(#18879));
#18879 = SURFACE_STYLE_FILL_AREA(#18880);
#18880 = FILL_AREA_STYLE('',(#18881));
#18881 = FILL_AREA_STYLE_COLOUR('',#16518);
#18882 = CURVE_STYLE('',#18883,POSITIVE_LENGTH_MEASURE(0.1),#16518);
#18883 = DRAUGHTING_PRE_DEFINED_CURVE_FONT('continuous');
#18884 = STYLED_ITEM('color',(#18885),#7251);
#18885 = PRESENTATION_STYLE_ASSIGNMENT((#18886,#18891));
#18886 = SURFACE_STYLE_USAGE(.BOTH.,#18887);
#18887 = SURFACE_SIDE_STYLE('',(#18888));
#18888 = SURFACE_STYLE_FILL_AREA(#18889);
#18889 = FILL_AREA_STYLE('',(#18890));
#18890 = FILL_AREA_STYLE_COLOUR('',#16518);
#18891 = CURVE_STYLE('',#18892,POSITIVE_LENGTH_MEASURE(0.1),#16518);
#18892 = DRAUGHTING_PRE_DEFINED_CURVE_FONT('continuous');
#18893 = STYLED_ITEM('color',(#18894),#7263);
#18894 = PRESENTATION_STYLE_ASSIGNMENT((#18895,#18900));
#18895 = SURFACE_STYLE_USAGE(.BOTH.,#18896);
#18896 = SURFACE_SIDE_STYLE('',(#18897));
#18897 = SURFACE_STYLE_FILL_AREA(#18898);
#18898 = FILL_AREA_STYLE('',(#18899));
#18899 = FILL_AREA_STYLE_COLOUR('',#16518);
#18900 = CURVE_STYLE('',#18901,POSITIVE_LENGTH_MEASURE(0.1),#16518);
#18901 = DRAUGHTING_PRE_DEFINED_CURVE_FONT('continuous');
#18902 = STYLED_ITEM('color',(#18903),#7280);
#18903 = PRESENTATION_STYLE_ASSIGNMENT((#18904,#18909));
#18904 = SURFACE_STYLE_USAGE(.BOTH.,#18905);
#18905 = SURFACE_SIDE_STYLE('',(#18906));
#18906 = SURFACE_STYLE_FILL_AREA(#18907);
#18907 = FILL_AREA_STYLE('',(#18908));
#18908 = FILL_AREA_STYLE_COLOUR('',#16518);
#18909 = CURVE_STYLE('',#18910,POSITIVE_LENGTH_MEASURE(0.1),#16518);
#18910 = DRAUGHTING_PRE_DEFINED_CURVE_FONT('continuous');
#18911 = STYLED_ITEM('color',(#18912),#7297);
#18912 = PRESENTATION_STYLE_ASSIGNMENT((#18913,#18918));
#18913 = SURFACE_STYLE_USAGE(.BOTH.,#18914);
#18914 = SURFACE_SIDE_STYLE('',(#18915));
#18915 = SURFACE_STYLE_FILL_AREA(#18916);
#18916 = FILL_AREA_STYLE('',(#18917));
#18917 = FILL_AREA_STYLE_COLOUR('',#16518);
#18918 = CURVE_STYLE('',#18919,POSITIVE_LENGTH_MEASURE(0.1),#16518);
#18919 = DRAUGHTING_PRE_DEFINED_CURVE_FONT('continuous');
#18920 = STYLED_ITEM('color',(#18921),#7314);
#18921 = PRESENTATION_STYLE_ASSIGNMENT((#18922,#18927));
#18922 = SURFACE_STYLE_USAGE(.BOTH.,#18923);
#18923 = SURFACE_SIDE_STYLE('',(#18924));
#18924 = SURFACE_STYLE_FILL_AREA(#18925);
#18925 = FILL_AREA_STYLE('',(#18926));
#18926 = FILL_AREA_STYLE_COLOUR('',#16518);
#18927 = CURVE_STYLE('',#18928,POSITIVE_LENGTH_MEASURE(0.1),#16518);
#18928 = DRAUGHTING_PRE_DEFINED_CURVE_FONT('continuous');
#18929 = STYLED_ITEM('color',(#18930),#7331);
#18930 = PRESENTATION_STYLE_ASSIGNMENT((#18931,#18936));
#18931 = SURFACE_STYLE_USAGE(.BOTH.,#18932);
#18932 = SURFACE_SIDE_STYLE('',(#18933));
#18933 = SURFACE_STYLE_FILL_AREA(#18934);
#18934 = FILL_AREA_STYLE('',(#18935));
#18935 = FILL_AREA_STYLE_COLOUR('',#16518);
#18936 = CURVE_STYLE('',#18937,POSITIVE_LENGTH_MEASURE(0.1),#16518);
#18937 = DRAUGHTING_PRE_DEFINED_CURVE_FONT('continuous');
#18938 = STYLED_ITEM('color',(#18939),#7343);
#18939 = PRESENTATION_STYLE_ASSIGNMENT((#18940,#18945));
#18940 = SURFACE_STYLE_USAGE(.BOTH.,#18941);
#18941 = SURFACE_SIDE_STYLE('',(#18942));
#18942 = SURFACE_STYLE_FILL_AREA(#18943);
#18943 = FILL_AREA_STYLE('',(#18944));
#18944 = FILL_AREA_STYLE_COLOUR('',#16518);
#18945 = CURVE_STYLE('',#18946,POSITIVE_LENGTH_MEASURE(0.1),#16518);
#18946 = DRAUGHTING_PRE_DEFINED_CURVE_FONT('continuous');
#18947 = STYLED_ITEM('color',(#18948),#7365);
#18948 = PRESENTATION_STYLE_ASSIGNMENT((#18949,#18954));
#18949 = SURFACE_STYLE_USAGE(.BOTH.,#18950);
#18950 = SURFACE_SIDE_STYLE('',(#18951));
#18951 = SURFACE_STYLE_FILL_AREA(#18952);
#18952 = FILL_AREA_STYLE('',(#18953));
#18953 = FILL_AREA_STYLE_COLOUR('',#16518);
#18954 = CURVE_STYLE('',#18955,POSITIVE_LENGTH_MEASURE(0.1),#16518);
#18955 = DRAUGHTING_PRE_DEFINED_CURVE_FONT('continuous');
#18956 = STYLED_ITEM('color',(#18957),#7382);
#18957 = PRESENTATION_STYLE_ASSIGNMENT((#18958,#18963));
#18958 = SURFACE_STYLE_USAGE(.BOTH.,#18959);
#18959 = SURFACE_SIDE_STYLE('',(#18960));
#18960 = SURFACE_STYLE_FILL_AREA(#18961);
#18961 = FILL_AREA_STYLE('',(#18962));
#18962 = FILL_AREA_STYLE_COLOUR('',#16518);
#18963 = CURVE_STYLE('',#18964,POSITIVE_LENGTH_MEASURE(0.1),#16518);
#18964 = DRAUGHTING_PRE_DEFINED_CURVE_FONT('continuous');
#18965 = STYLED_ITEM('color',(#18966),#7399);
#18966 = PRESENTATION_STYLE_ASSIGNMENT((#18967,#18972));
#18967 = SURFACE_STYLE_USAGE(.BOTH.,#18968);
#18968 = SURFACE_SIDE_STYLE('',(#18969));
#18969 = SURFACE_STYLE_FILL_AREA(#18970);
#18970 = FILL_AREA_STYLE('',(#18971));
#18971 = FILL_AREA_STYLE_COLOUR('',#16518);
#18972 = CURVE_STYLE('',#18973,POSITIVE_LENGTH_MEASURE(0.1),#16518);
#18973 = DRAUGHTING_PRE_DEFINED_CURVE_FONT('continuous');
#18974 = STYLED_ITEM('color',(#18975),#7411);
#18975 = PRESENTATION_STYLE_ASSIGNMENT((#18976,#18981));
#18976 = SURFACE_STYLE_USAGE(.BOTH.,#18977);
#18977 = SURFACE_SIDE_STYLE('',(#18978));
#18978 = SURFACE_STYLE_FILL_AREA(#18979);
#18979 = FILL_AREA_STYLE('',(#18980));
#18980 = FILL_AREA_STYLE_COLOUR('',#16518);
#18981 = CURVE_STYLE('',#18982,POSITIVE_LENGTH_MEASURE(0.1),#16518);
#18982 = DRAUGHTING_PRE_DEFINED_CURVE_FONT('continuous');
#18983 = STYLED_ITEM('color',(#18984),#7428);
#18984 = PRESENTATION_STYLE_ASSIGNMENT((#18985,#18990));
#18985 = SURFACE_STYLE_USAGE(.BOTH.,#18986);
#18986 = SURFACE_SIDE_STYLE('',(#18987));
#18987 = SURFACE_STYLE_FILL_AREA(#18988);
#18988 = FILL_AREA_STYLE('',(#18989));
#18989 = FILL_AREA_STYLE_COLOUR('',#16518);
#18990 = CURVE_STYLE('',#18991,POSITIVE_LENGTH_MEASURE(0.1),#16518);
#18991 = DRAUGHTING_PRE_DEFINED_CURVE_FONT('continuous');
#18992 = STYLED_ITEM('color',(#18993),#7445);
#18993 = PRESENTATION_STYLE_ASSIGNMENT((#18994,#18999));
#18994 = SURFACE_STYLE_USAGE(.BOTH.,#18995);
#18995 = SURFACE_SIDE_STYLE('',(#18996));
#18996 = SURFACE_STYLE_FILL_AREA(#18997);
#18997 = FILL_AREA_STYLE('',(#18998));
#18998 = FILL_AREA_STYLE_COLOUR('',#16518);
#18999 = CURVE_STYLE('',#19000,POSITIVE_LENGTH_MEASURE(0.1),#16518);
#19000 = DRAUGHTING_PRE_DEFINED_CURVE_FONT('continuous');
#19001 = STYLED_ITEM('color',(#19002),#7462);
#19002 = PRESENTATION_STYLE_ASSIGNMENT((#19003,#19008));
#19003 = SURFACE_STYLE_USAGE(.BOTH.,#19004);
#19004 = SURFACE_SIDE_STYLE('',(#19005));
#19005 = SURFACE_STYLE_FILL_AREA(#19006);
#19006 = FILL_AREA_STYLE('',(#19007));
#19007 = FILL_AREA_STYLE_COLOUR('',#16518);
#19008 = CURVE_STYLE('',#19009,POSITIVE_LENGTH_MEASURE(0.1),#16518);
#19009 = DRAUGHTING_PRE_DEFINED_CURVE_FONT('continuous');
#19010 = STYLED_ITEM('color',(#19011),#7479);
#19011 = PRESENTATION_STYLE_ASSIGNMENT((#19012,#19017));
#19012 = SURFACE_STYLE_USAGE(.BOTH.,#19013);
#19013 = SURFACE_SIDE_STYLE('',(#19014));
#19014 = SURFACE_STYLE_FILL_AREA(#19015);
#19015 = FILL_AREA_STYLE('',(#19016));
#19016 = FILL_AREA_STYLE_COLOUR('',#16518);
#19017 = CURVE_STYLE('',#19018,POSITIVE_LENGTH_MEASURE(0.1),#16518);
#19018 = DRAUGHTING_PRE_DEFINED_CURVE_FONT('continuous');
#19019 = STYLED_ITEM('color',(#19020),#7491);
#19020 = PRESENTATION_STYLE_ASSIGNMENT((#19021,#19026));
#19021 = SURFACE_STYLE_USAGE(.BOTH.,#19022);
#19022 = SURFACE_SIDE_STYLE('',(#19023));
#19023 = SURFACE_STYLE_FILL_AREA(#19024);
#19024 = FILL_AREA_STYLE('',(#19025));
#19025 = FILL_AREA_STYLE_COLOUR('',#16445);
#19026 = CURVE_STYLE('',#19027,POSITIVE_LENGTH_MEASURE(0.1),#16445);
#19027 = DRAUGHTING_PRE_DEFINED_CURVE_FONT('continuous');
#19028 = STYLED_ITEM('color',(#19029),#7524);
#19029 = PRESENTATION_STYLE_ASSIGNMENT((#19030,#19035));
#19030 = SURFACE_STYLE_USAGE(.BOTH.,#19031);
#19031 = SURFACE_SIDE_STYLE('',(#19032));
#19032 = SURFACE_STYLE_FILL_AREA(#19033);
#19033 = FILL_AREA_STYLE('',(#19034));
#19034 = FILL_AREA_STYLE_COLOUR('',#18359);
#19035 = CURVE_STYLE('',#19036,POSITIVE_LENGTH_MEASURE(0.1),#18359);
#19036 = DRAUGHTING_PRE_DEFINED_CURVE_FONT('continuous');
#19037 = STYLED_ITEM('color',(#19038),#7565);
#19038 = PRESENTATION_STYLE_ASSIGNMENT((#19039,#19044));
#19039 = SURFACE_STYLE_USAGE(.BOTH.,#19040);
#19040 = SURFACE_SIDE_STYLE('',(#19041));
#19041 = SURFACE_STYLE_FILL_AREA(#19042);
#19042 = FILL_AREA_STYLE('',(#19043));
#19043 = FILL_AREA_STYLE_COLOUR('',#18359);
#19044 = CURVE_STYLE('',#19045,POSITIVE_LENGTH_MEASURE(0.1),#18359);
#19045 = DRAUGHTING_PRE_DEFINED_CURVE_FONT('continuous');
#19046 = STYLED_ITEM('color',(#19047),#7587);
#19047 = PRESENTATION_STYLE_ASSIGNMENT((#19048,#19053));
#19048 = SURFACE_STYLE_USAGE(.BOTH.,#19049);
#19049 = SURFACE_SIDE_STYLE('',(#19050));
#19050 = SURFACE_STYLE_FILL_AREA(#19051);
#19051 = FILL_AREA_STYLE('',(#19052));
#19052 = FILL_AREA_STYLE_COLOUR('',#18359);
#19053 = CURVE_STYLE('',#19054,POSITIVE_LENGTH_MEASURE(0.1),#18359);
#19054 = DRAUGHTING_PRE_DEFINED_CURVE_FONT('continuous');
#19055 = STYLED_ITEM('color',(#19056),#7618);
#19056 = PRESENTATION_STYLE_ASSIGNMENT((#19057,#19062));
#19057 = SURFACE_STYLE_USAGE(.BOTH.,#19058);
#19058 = SURFACE_SIDE_STYLE('',(#19059));
#19059 = SURFACE_STYLE_FILL_AREA(#19060);
#19060 = FILL_AREA_STYLE('',(#19061));
#19061 = FILL_AREA_STYLE_COLOUR('',#18359);
#19062 = CURVE_STYLE('',#19063,POSITIVE_LENGTH_MEASURE(0.1),#18359);
#19063 = DRAUGHTING_PRE_DEFINED_CURVE_FONT('continuous');
#19064 = STYLED_ITEM('color',(#19065),#7640);
#19065 = PRESENTATION_STYLE_ASSIGNMENT((#19066,#19071));
#19066 = SURFACE_STYLE_USAGE(.BOTH.,#19067);
#19067 = SURFACE_SIDE_STYLE('',(#19068));
#19068 = SURFACE_STYLE_FILL_AREA(#19069);
#19069 = FILL_AREA_STYLE('',(#19070));
#19070 = FILL_AREA_STYLE_COLOUR('',#18359);
#19071 = CURVE_STYLE('',#19072,POSITIVE_LENGTH_MEASURE(0.1),#18359);
#19072 = DRAUGHTING_PRE_DEFINED_CURVE_FONT('continuous');
#19073 = STYLED_ITEM('color',(#19074),#7681);
#19074 = PRESENTATION_STYLE_ASSIGNMENT((#19075,#19080));
#19075 = SURFACE_STYLE_USAGE(.BOTH.,#19076);
#19076 = SURFACE_SIDE_STYLE('',(#19077));
#19077 = SURFACE_STYLE_FILL_AREA(#19078);
#19078 = FILL_AREA_STYLE('',(#19079));
#19079 = FILL_AREA_STYLE_COLOUR('',#18359);
#19080 = CURVE_STYLE('',#19081,POSITIVE_LENGTH_MEASURE(0.1),#18359);
#19081 = DRAUGHTING_PRE_DEFINED_CURVE_FONT('continuous');
#19082 = STYLED_ITEM('color',(#19083),#7746);
#19083 = PRESENTATION_STYLE_ASSIGNMENT((#19084,#19089));
#19084 = SURFACE_STYLE_USAGE(.BOTH.,#19085);
#19085 = SURFACE_SIDE_STYLE('',(#19086));
#19086 = SURFACE_STYLE_FILL_AREA(#19087);
#19087 = FILL_AREA_STYLE('',(#19088));
#19088 = FILL_AREA_STYLE_COLOUR('',#18359);
#19089 = CURVE_STYLE('',#19090,POSITIVE_LENGTH_MEASURE(0.1),#18359);
#19090 = DRAUGHTING_PRE_DEFINED_CURVE_FONT('continuous');
#19091 = STYLED_ITEM('color',(#19092),#7763);
#19092 = PRESENTATION_STYLE_ASSIGNMENT((#19093,#19098));
#19093 = SURFACE_STYLE_USAGE(.BOTH.,#19094);
#19094 = SURFACE_SIDE_STYLE('',(#19095));
#19095 = SURFACE_STYLE_FILL_AREA(#19096);
#19096 = FILL_AREA_STYLE('',(#19097));
#19097 = FILL_AREA_STYLE_COLOUR('',#18359);
#19098 = CURVE_STYLE('',#19099,POSITIVE_LENGTH_MEASURE(0.1),#18359);
#19099 = DRAUGHTING_PRE_DEFINED_CURVE_FONT('continuous');
#19100 = STYLED_ITEM('color',(#19101),#7780);
#19101 = PRESENTATION_STYLE_ASSIGNMENT((#19102,#19107));
#19102 = SURFACE_STYLE_USAGE(.BOTH.,#19103);
#19103 = SURFACE_SIDE_STYLE('',(#19104));
#19104 = SURFACE_STYLE_FILL_AREA(#19105);
#19105 = FILL_AREA_STYLE('',(#19106));
#19106 = FILL_AREA_STYLE_COLOUR('',#18359);
#19107 = CURVE_STYLE('',#19108,POSITIVE_LENGTH_MEASURE(0.1),#18359);
#19108 = DRAUGHTING_PRE_DEFINED_CURVE_FONT('continuous');
#19109 = STYLED_ITEM('color',(#19110),#7805);
#19110 = PRESENTATION_STYLE_ASSIGNMENT((#19111,#19116));
#19111 = SURFACE_STYLE_USAGE(.BOTH.,#19112);
#19112 = SURFACE_SIDE_STYLE('',(#19113));
#19113 = SURFACE_STYLE_FILL_AREA(#19114);
#19114 = FILL_AREA_STYLE('',(#19115));
#19115 = FILL_AREA_STYLE_COLOUR('',#18359);
#19116 = CURVE_STYLE('',#19117,POSITIVE_LENGTH_MEASURE(0.1),#18359);
#19117 = DRAUGHTING_PRE_DEFINED_CURVE_FONT('continuous');
#19118 = STYLED_ITEM('color',(#19119),#7817);
#19119 = PRESENTATION_STYLE_ASSIGNMENT((#19120,#19125));
#19120 = SURFACE_STYLE_USAGE(.BOTH.,#19121);
#19121 = SURFACE_SIDE_STYLE('',(#19122));
#19122 = SURFACE_STYLE_FILL_AREA(#19123);
#19123 = FILL_AREA_STYLE('',(#19124));
#19124 = FILL_AREA_STYLE_COLOUR('',#18359);
#19125 = CURVE_STYLE('',#19126,POSITIVE_LENGTH_MEASURE(0.1),#18359);
#19126 = DRAUGHTING_PRE_DEFINED_CURVE_FONT('continuous');
#19127 = STYLED_ITEM('color',(#19128),#7834);
#19128 = PRESENTATION_STYLE_ASSIGNMENT((#19129,#19134));
#19129 = SURFACE_STYLE_USAGE(.BOTH.,#19130);
#19130 = SURFACE_SIDE_STYLE('',(#19131));
#19131 = SURFACE_STYLE_FILL_AREA(#19132);
#19132 = FILL_AREA_STYLE('',(#19133));
#19133 = FILL_AREA_STYLE_COLOUR('',#18359);
#19134 = CURVE_STYLE('',#19135,POSITIVE_LENGTH_MEASURE(0.1),#18359);
#19135 = DRAUGHTING_PRE_DEFINED_CURVE_FONT('continuous');
#19136 = STYLED_ITEM('color',(#19137),#7869);
#19137 = PRESENTATION_STYLE_ASSIGNMENT((#19138,#19143));
#19138 = SURFACE_STYLE_USAGE(.BOTH.,#19139);
#19139 = SURFACE_SIDE_STYLE('',(#19140));
#19140 = SURFACE_STYLE_FILL_AREA(#19141);
#19141 = FILL_AREA_STYLE('',(#19142));
#19142 = FILL_AREA_STYLE_COLOUR('',#18359);
#19143 = CURVE_STYLE('',#19144,POSITIVE_LENGTH_MEASURE(0.1),#18359);
#19144 = DRAUGHTING_PRE_DEFINED_CURVE_FONT('continuous');
#19145 = STYLED_ITEM('color',(#19146),#7894);
#19146 = PRESENTATION_STYLE_ASSIGNMENT((#19147,#19152));
#19147 = SURFACE_STYLE_USAGE(.BOTH.,#19148);
#19148 = SURFACE_SIDE_STYLE('',(#19149));
#19149 = SURFACE_STYLE_FILL_AREA(#19150);
#19150 = FILL_AREA_STYLE('',(#19151));
#19151 = FILL_AREA_STYLE_COLOUR('',#18359);
#19152 = CURVE_STYLE('',#19153,POSITIVE_LENGTH_MEASURE(0.1),#18359);
#19153 = DRAUGHTING_PRE_DEFINED_CURVE_FONT('continuous');
#19154 = STYLED_ITEM('color',(#19155),#7914);
#19155 = PRESENTATION_STYLE_ASSIGNMENT((#19156,#19161));
#19156 = SURFACE_STYLE_USAGE(.BOTH.,#19157);
#19157 = SURFACE_SIDE_STYLE('',(#19158));
#19158 = SURFACE_STYLE_FILL_AREA(#19159);
#19159 = FILL_AREA_STYLE('',(#19160));
#19160 = FILL_AREA_STYLE_COLOUR('',#18359);
#19161 = CURVE_STYLE('',#19162,POSITIVE_LENGTH_MEASURE(0.1),#18359);
#19162 = DRAUGHTING_PRE_DEFINED_CURVE_FONT('continuous');
#19163 = STYLED_ITEM('color',(#19164),#7931);
#19164 = PRESENTATION_STYLE_ASSIGNMENT((#19165,#19170));
#19165 = SURFACE_STYLE_USAGE(.BOTH.,#19166);
#19166 = SURFACE_SIDE_STYLE('',(#19167));
#19167 = SURFACE_STYLE_FILL_AREA(#19168);
#19168 = FILL_AREA_STYLE('',(#19169));
#19169 = FILL_AREA_STYLE_COLOUR('',#18359);
#19170 = CURVE_STYLE('',#19171,POSITIVE_LENGTH_MEASURE(0.1),#18359);
#19171 = DRAUGHTING_PRE_DEFINED_CURVE_FONT('continuous');
#19172 = STYLED_ITEM('color',(#19173),#7948);
#19173 = PRESENTATION_STYLE_ASSIGNMENT((#19174,#19179));
#19174 = SURFACE_STYLE_USAGE(.BOTH.,#19175);
#19175 = SURFACE_SIDE_STYLE('',(#19176));
#19176 = SURFACE_STYLE_FILL_AREA(#19177);
#19177 = FILL_AREA_STYLE('',(#19178));
#19178 = FILL_AREA_STYLE_COLOUR('',#18359);
#19179 = CURVE_STYLE('',#19180,POSITIVE_LENGTH_MEASURE(0.1),#18359);
#19180 = DRAUGHTING_PRE_DEFINED_CURVE_FONT('continuous');
#19181 = STYLED_ITEM('color',(#19182),#7960);
#19182 = PRESENTATION_STYLE_ASSIGNMENT((#19183,#19188));
#19183 = SURFACE_STYLE_USAGE(.BOTH.,#19184);
#19184 = SURFACE_SIDE_STYLE('',(#19185));
#19185 = SURFACE_STYLE_FILL_AREA(#19186);
#19186 = FILL_AREA_STYLE('',(#19187));
#19187 = FILL_AREA_STYLE_COLOUR('',#18359);
#19188 = CURVE_STYLE('',#19189,POSITIVE_LENGTH_MEASURE(0.1),#18359);
#19189 = DRAUGHTING_PRE_DEFINED_CURVE_FONT('continuous');
#19190 = STYLED_ITEM('color',(#19191),#7988);
#19191 = PRESENTATION_STYLE_ASSIGNMENT((#19192,#19197));
#19192 = SURFACE_STYLE_USAGE(.BOTH.,#19193);
#19193 = SURFACE_SIDE_STYLE('',(#19194));
#19194 = SURFACE_STYLE_FILL_AREA(#19195);
#19195 = FILL_AREA_STYLE('',(#19196));
#19196 = FILL_AREA_STYLE_COLOUR('',#18359);
#19197 = CURVE_STYLE('',#19198,POSITIVE_LENGTH_MEASURE(0.1),#18359);
#19198 = DRAUGHTING_PRE_DEFINED_CURVE_FONT('continuous');
#19199 = STYLED_ITEM('color',(#19200),#8013);
#19200 = PRESENTATION_STYLE_ASSIGNMENT((#19201,#19206));
#19201 = SURFACE_STYLE_USAGE(.BOTH.,#19202);
#19202 = SURFACE_SIDE_STYLE('',(#19203));
#19203 = SURFACE_STYLE_FILL_AREA(#19204);
#19204 = FILL_AREA_STYLE('',(#19205));
#19205 = FILL_AREA_STYLE_COLOUR('',#18359);
#19206 = CURVE_STYLE('',#19207,POSITIVE_LENGTH_MEASURE(0.1),#18359);
#19207 = DRAUGHTING_PRE_DEFINED_CURVE_FONT('continuous');
#19208 = STYLED_ITEM('color',(#19209),#8040);
#19209 = PRESENTATION_STYLE_ASSIGNMENT((#19210,#19215));
#19210 = SURFACE_STYLE_USAGE(.BOTH.,#19211);
#19211 = SURFACE_SIDE_STYLE('',(#19212));
#19212 = SURFACE_STYLE_FILL_AREA(#19213);
#19213 = FILL_AREA_STYLE('',(#19214));
#19214 = FILL_AREA_STYLE_COLOUR('',#18359);
#19215 = CURVE_STYLE('',#19216,POSITIVE_LENGTH_MEASURE(0.1),#18359);
#19216 = DRAUGHTING_PRE_DEFINED_CURVE_FONT('continuous');
#19217 = STYLED_ITEM('color',(#19218),#8066);
#19218 = PRESENTATION_STYLE_ASSIGNMENT((#19219,#19224));
#19219 = SURFACE_STYLE_USAGE(.BOTH.,#19220);
#19220 = SURFACE_SIDE_STYLE('',(#19221));
#19221 = SURFACE_STYLE_FILL_AREA(#19222);
#19222 = FILL_AREA_STYLE('',(#19223));
#19223 = FILL_AREA_STYLE_COLOUR('',#16445);
#19224 = CURVE_STYLE('',#19225,POSITIVE_LENGTH_MEASURE(0.1),#16445);
#19225 = DRAUGHTING_PRE_DEFINED_CURVE_FONT('continuous');
#19226 = STYLED_ITEM('color',(#19227),#8097);
#19227 = PRESENTATION_STYLE_ASSIGNMENT((#19228,#19233));
#19228 = SURFACE_STYLE_USAGE(.BOTH.,#19229);
#19229 = SURFACE_SIDE_STYLE('',(#19230));
#19230 = SURFACE_STYLE_FILL_AREA(#19231);
#19231 = FILL_AREA_STYLE('',(#19232));
#19232 = FILL_AREA_STYLE_COLOUR('',#18359);
#19233 = CURVE_STYLE('',#19234,POSITIVE_LENGTH_MEASURE(0.1),#18359);
#19234 = DRAUGHTING_PRE_DEFINED_CURVE_FONT('continuous');
#19235 = STYLED_ITEM('color',(#19236),#8122);
#19236 = PRESENTATION_STYLE_ASSIGNMENT((#19237,#19242));
#19237 = SURFACE_STYLE_USAGE(.BOTH.,#19238);
#19238 = SURFACE_SIDE_STYLE('',(#19239));
#19239 = SURFACE_STYLE_FILL_AREA(#19240);
#19240 = FILL_AREA_STYLE('',(#19241));
#19241 = FILL_AREA_STYLE_COLOUR('',#18359);
#19242 = CURVE_STYLE('',#19243,POSITIVE_LENGTH_MEASURE(0.1),#18359);
#19243 = DRAUGHTING_PRE_DEFINED_CURVE_FONT('continuous');
#19244 = STYLED_ITEM('color',(#19245),#8146);
#19245 = PRESENTATION_STYLE_ASSIGNMENT((#19246,#19251));
#19246 = SURFACE_STYLE_USAGE(.BOTH.,#19247);
#19247 = SURFACE_SIDE_STYLE('',(#19248));
#19248 = SURFACE_STYLE_FILL_AREA(#19249);
#19249 = FILL_AREA_STYLE('',(#19250));
#19250 = FILL_AREA_STYLE_COLOUR('',#18359);
#19251 = CURVE_STYLE('',#19252,POSITIVE_LENGTH_MEASURE(0.1),#18359);
#19252 = DRAUGHTING_PRE_DEFINED_CURVE_FONT('continuous');
#19253 = STYLED_ITEM('color',(#19254),#8164);
#19254 = PRESENTATION_STYLE_ASSIGNMENT((#19255,#19260));
#19255 = SURFACE_STYLE_USAGE(.BOTH.,#19256);
#19256 = SURFACE_SIDE_STYLE('',(#19257));
#19257 = SURFACE_STYLE_FILL_AREA(#19258);
#19258 = FILL_AREA_STYLE('',(#19259));
#19259 = FILL_AREA_STYLE_COLOUR('',#18359);
#19260 = CURVE_STYLE('',#19261,POSITIVE_LENGTH_MEASURE(0.1),#18359);
#19261 = DRAUGHTING_PRE_DEFINED_CURVE_FONT('continuous');
#19262 = STYLED_ITEM('color',(#19263),#8184);
#19263 = PRESENTATION_STYLE_ASSIGNMENT((#19264,#19269));
#19264 = SURFACE_STYLE_USAGE(.BOTH.,#19265);
#19265 = SURFACE_SIDE_STYLE('',(#19266));
#19266 = SURFACE_STYLE_FILL_AREA(#19267);
#19267 = FILL_AREA_STYLE('',(#19268));
#19268 = FILL_AREA_STYLE_COLOUR('',#18359);
#19269 = CURVE_STYLE('',#19270,POSITIVE_LENGTH_MEASURE(0.1),#18359);
#19270 = DRAUGHTING_PRE_DEFINED_CURVE_FONT('continuous');
#19271 = STYLED_ITEM('color',(#19272),#8209);
#19272 = PRESENTATION_STYLE_ASSIGNMENT((#19273,#19278));
#19273 = SURFACE_STYLE_USAGE(.BOTH.,#19274);
#19274 = SURFACE_SIDE_STYLE('',(#19275));
#19275 = SURFACE_STYLE_FILL_AREA(#19276);
#19276 = FILL_AREA_STYLE('',(#19277));
#19277 = FILL_AREA_STYLE_COLOUR('',#18359);
#19278 = CURVE_STYLE('',#19279,POSITIVE_LENGTH_MEASURE(0.1),#18359);
#19279 = DRAUGHTING_PRE_DEFINED_CURVE_FONT('continuous');
#19280 = STYLED_ITEM('color',(#19281),#8235);
#19281 = PRESENTATION_STYLE_ASSIGNMENT((#19282,#19287));
#19282 = SURFACE_STYLE_USAGE(.BOTH.,#19283);
#19283 = SURFACE_SIDE_STYLE('',(#19284));
#19284 = SURFACE_STYLE_FILL_AREA(#19285);
#19285 = FILL_AREA_STYLE('',(#19286));
#19286 = FILL_AREA_STYLE_COLOUR('',#18359);
#19287 = CURVE_STYLE('',#19288,POSITIVE_LENGTH_MEASURE(0.1),#18359);
#19288 = DRAUGHTING_PRE_DEFINED_CURVE_FONT('continuous');
#19289 = STYLED_ITEM('color',(#19290),#8255);
#19290 = PRESENTATION_STYLE_ASSIGNMENT((#19291,#19296));
#19291 = SURFACE_STYLE_USAGE(.BOTH.,#19292);
#19292 = SURFACE_SIDE_STYLE('',(#19293));
#19293 = SURFACE_STYLE_FILL_AREA(#19294);
#19294 = FILL_AREA_STYLE('',(#19295));
#19295 = FILL_AREA_STYLE_COLOUR('',#18359);
#19296 = CURVE_STYLE('',#19297,POSITIVE_LENGTH_MEASURE(0.1),#18359);
#19297 = DRAUGHTING_PRE_DEFINED_CURVE_FONT('continuous');
#19298 = STYLED_ITEM('color',(#19299),#8281);
#19299 = PRESENTATION_STYLE_ASSIGNMENT((#19300,#19305));
#19300 = SURFACE_STYLE_USAGE(.BOTH.,#19301);
#19301 = SURFACE_SIDE_STYLE('',(#19302));
#19302 = SURFACE_STYLE_FILL_AREA(#19303);
#19303 = FILL_AREA_STYLE('',(#19304));
#19304 = FILL_AREA_STYLE_COLOUR('',#18359);
#19305 = CURVE_STYLE('',#19306,POSITIVE_LENGTH_MEASURE(0.1),#18359);
#19306 = DRAUGHTING_PRE_DEFINED_CURVE_FONT('continuous');
#19307 = STYLED_ITEM('color',(#19308),#8306);
#19308 = PRESENTATION_STYLE_ASSIGNMENT((#19309,#19314));
#19309 = SURFACE_STYLE_USAGE(.BOTH.,#19310);
#19310 = SURFACE_SIDE_STYLE('',(#19311));
#19311 = SURFACE_STYLE_FILL_AREA(#19312);
#19312 = FILL_AREA_STYLE('',(#19313));
#19313 = FILL_AREA_STYLE_COLOUR('',#18359);
#19314 = CURVE_STYLE('',#19315,POSITIVE_LENGTH_MEASURE(0.1),#18359);
#19315 = DRAUGHTING_PRE_DEFINED_CURVE_FONT('continuous');
#19316 = STYLED_ITEM('color',(#19317),#8326);
#19317 = PRESENTATION_STYLE_ASSIGNMENT((#19318,#19323));
#19318 = SURFACE_STYLE_USAGE(.BOTH.,#19319);
#19319 = SURFACE_SIDE_STYLE('',(#19320));
#19320 = SURFACE_STYLE_FILL_AREA(#19321);
#19321 = FILL_AREA_STYLE('',(#19322));
#19322 = FILL_AREA_STYLE_COLOUR('',#18359);
#19323 = CURVE_STYLE('',#19324,POSITIVE_LENGTH_MEASURE(0.1),#18359);
#19324 = DRAUGHTING_PRE_DEFINED_CURVE_FONT('continuous');
#19325 = STYLED_ITEM('color',(#19326),#8351);
#19326 = PRESENTATION_STYLE_ASSIGNMENT((#19327,#19332));
#19327 = SURFACE_STYLE_USAGE(.BOTH.,#19328);
#19328 = SURFACE_SIDE_STYLE('',(#19329));
#19329 = SURFACE_STYLE_FILL_AREA(#19330);
#19330 = FILL_AREA_STYLE('',(#19331));
#19331 = FILL_AREA_STYLE_COLOUR('',#17776);
#19332 = CURVE_STYLE('',#19333,POSITIVE_LENGTH_MEASURE(0.1),#17776);
#19333 = DRAUGHTING_PRE_DEFINED_CURVE_FONT('continuous');
#19334 = OVER_RIDING_STYLED_ITEM('overriding color',(#19335),#8358,
  #19325);
#19335 = PRESENTATION_STYLE_ASSIGNMENT((#19336,#19341));
#19336 = SURFACE_STYLE_USAGE(.BOTH.,#19337);
#19337 = SURFACE_SIDE_STYLE('',(#19338));
#19338 = SURFACE_STYLE_FILL_AREA(#19339);
#19339 = FILL_AREA_STYLE('',(#19340));
#19340 = FILL_AREA_STYLE_COLOUR('',#17776);
#19341 = CURVE_STYLE('',#19342,POSITIVE_LENGTH_MEASURE(0.1),#17776);
#19342 = DRAUGHTING_PRE_DEFINED_CURVE_FONT('continuous');
#19343 = STYLED_ITEM('color',(#19344),#8371);
#19344 = PRESENTATION_STYLE_ASSIGNMENT((#19345,#19350));
#19345 = SURFACE_STYLE_USAGE(.BOTH.,#19346);
#19346 = SURFACE_SIDE_STYLE('',(#19347));
#19347 = SURFACE_STYLE_FILL_AREA(#19348);
#19348 = FILL_AREA_STYLE('',(#19349));
#19349 = FILL_AREA_STYLE_COLOUR('',#16445);
#19350 = CURVE_STYLE('',#19351,POSITIVE_LENGTH_MEASURE(0.1),#16445);
#19351 = DRAUGHTING_PRE_DEFINED_CURVE_FONT('continuous');
#19352 = STYLED_ITEM('color',(#19353),#8396);
#19353 = PRESENTATION_STYLE_ASSIGNMENT((#19354,#19359));
#19354 = SURFACE_STYLE_USAGE(.BOTH.,#19355);
#19355 = SURFACE_SIDE_STYLE('',(#19356));
#19356 = SURFACE_STYLE_FILL_AREA(#19357);
#19357 = FILL_AREA_STYLE('',(#19358));
#19358 = FILL_AREA_STYLE_COLOUR('',#16445);
#19359 = CURVE_STYLE('',#19360,POSITIVE_LENGTH_MEASURE(0.1),#16445);
#19360 = DRAUGHTING_PRE_DEFINED_CURVE_FONT('continuous');
#19361 = STYLED_ITEM('color',(#19362),#8422);
#19362 = PRESENTATION_STYLE_ASSIGNMENT((#19363,#19368));
#19363 = SURFACE_STYLE_USAGE(.BOTH.,#19364);
#19364 = SURFACE_SIDE_STYLE('',(#19365));
#19365 = SURFACE_STYLE_FILL_AREA(#19366);
#19366 = FILL_AREA_STYLE('',(#19367));
#19367 = FILL_AREA_STYLE_COLOUR('',#16445);
#19368 = CURVE_STYLE('',#19369,POSITIVE_LENGTH_MEASURE(0.1),#16445);
#19369 = DRAUGHTING_PRE_DEFINED_CURVE_FONT('continuous');
#19370 = STYLED_ITEM('color',(#19371),#8442);
#19371 = PRESENTATION_STYLE_ASSIGNMENT((#19372,#19377));
#19372 = SURFACE_STYLE_USAGE(.BOTH.,#19373);
#19373 = SURFACE_SIDE_STYLE('',(#19374));
#19374 = SURFACE_STYLE_FILL_AREA(#19375);
#19375 = FILL_AREA_STYLE('',(#19376));
#19376 = FILL_AREA_STYLE_COLOUR('',#16445);
#19377 = CURVE_STYLE('',#19378,POSITIVE_LENGTH_MEASURE(0.1),#16445);
#19378 = DRAUGHTING_PRE_DEFINED_CURVE_FONT('continuous');
#19379 = STYLED_ITEM('color',(#19380),#8467);
#19380 = PRESENTATION_STYLE_ASSIGNMENT((#19381,#19386));
#19381 = SURFACE_STYLE_USAGE(.BOTH.,#19382);
#19382 = SURFACE_SIDE_STYLE('',(#19383));
#19383 = SURFACE_STYLE_FILL_AREA(#19384);
#19384 = FILL_AREA_STYLE('',(#19385));
#19385 = FILL_AREA_STYLE_COLOUR('',#16445);
#19386 = CURVE_STYLE('',#19387,POSITIVE_LENGTH_MEASURE(0.1),#16445);
#19387 = DRAUGHTING_PRE_DEFINED_CURVE_FONT('continuous');
#19388 = MECHANICAL_DESIGN_GEOMETRIC_PRESENTATION_REPRESENTATION('',(
    #19389,#19399,#19408,#19417,#19426,#19435,#19444,#19453,#19462,
    #19471,#19480,#19489,#19498,#19507,#19516,#19525,#19534,#19543,
    #19552,#19561,#19570,#19579,#19588,#19597,#19606,#19615,#19624,
    #19633,#19642,#19651,#19660,#19669,#19678,#19687,#19696,#19705,
    #19714,#19723,#19732,#19741,#19750,#19759,#19768,#19777,#19786,
    #19795,#19804,#19813,#19822,#19831,#19840,#19849,#19858,#19867,
    #19876,#19885,#19894,#19903,#19912,#19921,#19930,#19939,#19948,
    #19957,#19966,#19975,#19984,#19993,#20002,#20011,#20020,#20029,
    #20038,#20047,#20056,#20065,#20074,#20083,#20092,#20101,#20110,
    #20119,#20128,#20137,#20146,#20155,#20164,#20173,#20182,#20191,
    #20200,#20209,#20218,#20227,#20236,#20245,#20254),#13538);
#19389 = STYLED_ITEM('color',(#19390),#10919);
#19390 = PRESENTATION_STYLE_ASSIGNMENT((#19391,#19397));
#19391 = SURFACE_STYLE_USAGE(.BOTH.,#19392);
#19392 = SURFACE_SIDE_STYLE('',(#19393));
#19393 = SURFACE_STYLE_FILL_AREA(#19394);
#19394 = FILL_AREA_STYLE('',(#19395));
#19395 = FILL_AREA_STYLE_COLOUR('',#19396);
#19396 = COLOUR_RGB('',0.339999993741,0.679999990811,0.445000007484);
#19397 = CURVE_STYLE('',#19398,POSITIVE_LENGTH_MEASURE(0.1),#19396);
#19398 = DRAUGHTING_PRE_DEFINED_CURVE_FONT('continuous');
#19399 = OVER_RIDING_STYLED_ITEM('overriding color',(#19400),#11021,
  #19389);
#19400 = PRESENTATION_STYLE_ASSIGNMENT((#19401,#19406));
#19401 = SURFACE_STYLE_USAGE(.BOTH.,#19402);
#19402 = SURFACE_SIDE_STYLE('',(#19403));
#19403 = SURFACE_STYLE_FILL_AREA(#19404);
#19404 = FILL_AREA_STYLE('',(#19405));
#19405 = FILL_AREA_STYLE_COLOUR('',#16373);
#19406 = CURVE_STYLE('',#19407,POSITIVE_LENGTH_MEASURE(0.1),#16373);
#19407 = DRAUGHTING_PRE_DEFINED_CURVE_FONT('continuous');
#19408 = OVER_RIDING_STYLED_ITEM('overriding color',(#19409),#11031,
  #19389);
#19409 = PRESENTATION_STYLE_ASSIGNMENT((#19410,#19415));
#19410 = SURFACE_STYLE_USAGE(.BOTH.,#19411);
#19411 = SURFACE_SIDE_STYLE('',(#19412));
#19412 = SURFACE_STYLE_FILL_AREA(#19413);
#19413 = FILL_AREA_STYLE('',(#19414));
#19414 = FILL_AREA_STYLE_COLOUR('',#16373);
#19415 = CURVE_STYLE('',#19416,POSITIVE_LENGTH_MEASURE(0.1),#16373);
#19416 = DRAUGHTING_PRE_DEFINED_CURVE_FONT('continuous');
#19417 = OVER_RIDING_STYLED_ITEM('overriding color',(#19418),#11039,
  #19389);
#19418 = PRESENTATION_STYLE_ASSIGNMENT((#19419,#19424));
#19419 = SURFACE_STYLE_USAGE(.BOTH.,#19420);
#19420 = SURFACE_SIDE_STYLE('',(#19421));
#19421 = SURFACE_STYLE_FILL_AREA(#19422);
#19422 = FILL_AREA_STYLE('',(#19423));
#19423 = FILL_AREA_STYLE_COLOUR('',#16373);
#19424 = CURVE_STYLE('',#19425,POSITIVE_LENGTH_MEASURE(0.1),#16373);
#19425 = DRAUGHTING_PRE_DEFINED_CURVE_FONT('continuous');
#19426 = OVER_RIDING_STYLED_ITEM('overriding color',(#19427),#11047,
  #19389);
#19427 = PRESENTATION_STYLE_ASSIGNMENT((#19428,#19433));
#19428 = SURFACE_STYLE_USAGE(.BOTH.,#19429);
#19429 = SURFACE_SIDE_STYLE('',(#19430));
#19430 = SURFACE_STYLE_FILL_AREA(#19431);
#19431 = FILL_AREA_STYLE('',(#19432));
#19432 = FILL_AREA_STYLE_COLOUR('',#16373);
#19433 = CURVE_STYLE('',#19434,POSITIVE_LENGTH_MEASURE(0.1),#16373);
#19434 = DRAUGHTING_PRE_DEFINED_CURVE_FONT('continuous');
#19435 = OVER_RIDING_STYLED_ITEM('overriding color',(#19436),#11055,
  #19389);
#19436 = PRESENTATION_STYLE_ASSIGNMENT((#19437,#19442));
#19437 = SURFACE_STYLE_USAGE(.BOTH.,#19438);
#19438 = SURFACE_SIDE_STYLE('',(#19439));
#19439 = SURFACE_STYLE_FILL_AREA(#19440);
#19440 = FILL_AREA_STYLE('',(#19441));
#19441 = FILL_AREA_STYLE_COLOUR('',#16373);
#19442 = CURVE_STYLE('',#19443,POSITIVE_LENGTH_MEASURE(0.1),#16373);
#19443 = DRAUGHTING_PRE_DEFINED_CURVE_FONT('continuous');
#19444 = OVER_RIDING_STYLED_ITEM('overriding color',(#19445),#11065,
  #19389);
#19445 = PRESENTATION_STYLE_ASSIGNMENT((#19446,#19451));
#19446 = SURFACE_STYLE_USAGE(.BOTH.,#19447);
#19447 = SURFACE_SIDE_STYLE('',(#19448));
#19448 = SURFACE_STYLE_FILL_AREA(#19449);
#19449 = FILL_AREA_STYLE('',(#19450));
#19450 = FILL_AREA_STYLE_COLOUR('',#16373);
#19451 = CURVE_STYLE('',#19452,POSITIVE_LENGTH_MEASURE(0.1),#16373);
#19452 = DRAUGHTING_PRE_DEFINED_CURVE_FONT('continuous');
#19453 = OVER_RIDING_STYLED_ITEM('overriding color',(#19454),#11073,
  #19389);
#19454 = PRESENTATION_STYLE_ASSIGNMENT((#19455,#19460));
#19455 = SURFACE_STYLE_USAGE(.BOTH.,#19456);
#19456 = SURFACE_SIDE_STYLE('',(#19457));
#19457 = SURFACE_STYLE_FILL_AREA(#19458);
#19458 = FILL_AREA_STYLE('',(#19459));
#19459 = FILL_AREA_STYLE_COLOUR('',#16373);
#19460 = CURVE_STYLE('',#19461,POSITIVE_LENGTH_MEASURE(0.1),#16373);
#19461 = DRAUGHTING_PRE_DEFINED_CURVE_FONT('continuous');
#19462 = OVER_RIDING_STYLED_ITEM('overriding color',(#19463),#11081,
  #19389);
#19463 = PRESENTATION_STYLE_ASSIGNMENT((#19464,#19469));
#19464 = SURFACE_STYLE_USAGE(.BOTH.,#19465);
#19465 = SURFACE_SIDE_STYLE('',(#19466));
#19466 = SURFACE_STYLE_FILL_AREA(#19467);
#19467 = FILL_AREA_STYLE('',(#19468));
#19468 = FILL_AREA_STYLE_COLOUR('',#16373);
#19469 = CURVE_STYLE('',#19470,POSITIVE_LENGTH_MEASURE(0.1),#16373);
#19470 = DRAUGHTING_PRE_DEFINED_CURVE_FONT('continuous');
#19471 = STYLED_ITEM('color',(#19472),#11091);
#19472 = PRESENTATION_STYLE_ASSIGNMENT((#19473,#19478));
#19473 = SURFACE_STYLE_USAGE(.BOTH.,#19474);
#19474 = SURFACE_SIDE_STYLE('',(#19475));
#19475 = SURFACE_STYLE_FILL_AREA(#19476);
#19476 = FILL_AREA_STYLE('',(#19477));
#19477 = FILL_AREA_STYLE_COLOUR('',#19396);
#19478 = CURVE_STYLE('',#19479,POSITIVE_LENGTH_MEASURE(0.1),#19396);
#19479 = DRAUGHTING_PRE_DEFINED_CURVE_FONT('continuous');
#19480 = STYLED_ITEM('color',(#19481),#11169);
#19481 = PRESENTATION_STYLE_ASSIGNMENT((#19482,#19487));
#19482 = SURFACE_STYLE_USAGE(.BOTH.,#19483);
#19483 = SURFACE_SIDE_STYLE('',(#19484));
#19484 = SURFACE_STYLE_FILL_AREA(#19485);
#19485 = FILL_AREA_STYLE('',(#19486));
#19486 = FILL_AREA_STYLE_COLOUR('',#19396);
#19487 = CURVE_STYLE('',#19488,POSITIVE_LENGTH_MEASURE(0.1),#19396);
#19488 = DRAUGHTING_PRE_DEFINED_CURVE_FONT('continuous');
#19489 = STYLED_ITEM('color',(#19490),#11261);
#19490 = PRESENTATION_STYLE_ASSIGNMENT((#19491,#19496));
#19491 = SURFACE_STYLE_USAGE(.BOTH.,#19492);
#19492 = SURFACE_SIDE_STYLE('',(#19493));
#19493 = SURFACE_STYLE_FILL_AREA(#19494);
#19494 = FILL_AREA_STYLE('',(#19495));
#19495 = FILL_AREA_STYLE_COLOUR('',#19396);
#19496 = CURVE_STYLE('',#19497,POSITIVE_LENGTH_MEASURE(0.1),#19396);
#19497 = DRAUGHTING_PRE_DEFINED_CURVE_FONT('continuous');
#19498 = STYLED_ITEM('color',(#19499),#11285);
#19499 = PRESENTATION_STYLE_ASSIGNMENT((#19500,#19505));
#19500 = SURFACE_STYLE_USAGE(.BOTH.,#19501);
#19501 = SURFACE_SIDE_STYLE('',(#19502));
#19502 = SURFACE_STYLE_FILL_AREA(#19503);
#19503 = FILL_AREA_STYLE('',(#19504));
#19504 = FILL_AREA_STYLE_COLOUR('',#19396);
#19505 = CURVE_STYLE('',#19506,POSITIVE_LENGTH_MEASURE(0.1),#19396);
#19506 = DRAUGHTING_PRE_DEFINED_CURVE_FONT('continuous');
#19507 = STYLED_ITEM('color',(#19508),#11356);
#19508 = PRESENTATION_STYLE_ASSIGNMENT((#19509,#19514));
#19509 = SURFACE_STYLE_USAGE(.BOTH.,#19510);
#19510 = SURFACE_SIDE_STYLE('',(#19511));
#19511 = SURFACE_STYLE_FILL_AREA(#19512);
#19512 = FILL_AREA_STYLE('',(#19513));
#19513 = FILL_AREA_STYLE_COLOUR('',#19396);
#19514 = CURVE_STYLE('',#19515,POSITIVE_LENGTH_MEASURE(0.1),#19396);
#19515 = DRAUGHTING_PRE_DEFINED_CURVE_FONT('continuous');
#19516 = STYLED_ITEM('color',(#19517),#11380);
#19517 = PRESENTATION_STYLE_ASSIGNMENT((#19518,#19523));
#19518 = SURFACE_STYLE_USAGE(.BOTH.,#19519);
#19519 = SURFACE_SIDE_STYLE('',(#19520));
#19520 = SURFACE_STYLE_FILL_AREA(#19521);
#19521 = FILL_AREA_STYLE('',(#19522));
#19522 = FILL_AREA_STYLE_COLOUR('',#19396);
#19523 = CURVE_STYLE('',#19524,POSITIVE_LENGTH_MEASURE(0.1),#19396);
#19524 = DRAUGHTING_PRE_DEFINED_CURVE_FONT('continuous');
#19525 = STYLED_ITEM('color',(#19526),#11404);
#19526 = PRESENTATION_STYLE_ASSIGNMENT((#19527,#19532));
#19527 = SURFACE_STYLE_USAGE(.BOTH.,#19528);
#19528 = SURFACE_SIDE_STYLE('',(#19529));
#19529 = SURFACE_STYLE_FILL_AREA(#19530);
#19530 = FILL_AREA_STYLE('',(#19531));
#19531 = FILL_AREA_STYLE_COLOUR('',#19396);
#19532 = CURVE_STYLE('',#19533,POSITIVE_LENGTH_MEASURE(0.1),#19396);
#19533 = DRAUGHTING_PRE_DEFINED_CURVE_FONT('continuous');
#19534 = STYLED_ITEM('color',(#19535),#11421);
#19535 = PRESENTATION_STYLE_ASSIGNMENT((#19536,#19541));
#19536 = SURFACE_STYLE_USAGE(.BOTH.,#19537);
#19537 = SURFACE_SIDE_STYLE('',(#19538));
#19538 = SURFACE_STYLE_FILL_AREA(#19539);
#19539 = FILL_AREA_STYLE('',(#19540));
#19540 = FILL_AREA_STYLE_COLOUR('',#19396);
#19541 = CURVE_STYLE('',#19542,POSITIVE_LENGTH_MEASURE(0.1),#19396);
#19542 = DRAUGHTING_PRE_DEFINED_CURVE_FONT('continuous');
#19543 = STYLED_ITEM('color',(#19544),#11445);
#19544 = PRESENTATION_STYLE_ASSIGNMENT((#19545,#19550));
#19545 = SURFACE_STYLE_USAGE(.BOTH.,#19546);
#19546 = SURFACE_SIDE_STYLE('',(#19547));
#19547 = SURFACE_STYLE_FILL_AREA(#19548);
#19548 = FILL_AREA_STYLE('',(#19549));
#19549 = FILL_AREA_STYLE_COLOUR('',#19396);
#19550 = CURVE_STYLE('',#19551,POSITIVE_LENGTH_MEASURE(0.1),#19396);
#19551 = DRAUGHTING_PRE_DEFINED_CURVE_FONT('continuous');
#19552 = STYLED_ITEM('color',(#19553),#11462);
#19553 = PRESENTATION_STYLE_ASSIGNMENT((#19554,#19559));
#19554 = SURFACE_STYLE_USAGE(.BOTH.,#19555);
#19555 = SURFACE_SIDE_STYLE('',(#19556));
#19556 = SURFACE_STYLE_FILL_AREA(#19557);
#19557 = FILL_AREA_STYLE('',(#19558));
#19558 = FILL_AREA_STYLE_COLOUR('',#19396);
#19559 = CURVE_STYLE('',#19560,POSITIVE_LENGTH_MEASURE(0.1),#19396);
#19560 = DRAUGHTING_PRE_DEFINED_CURVE_FONT('continuous');
#19561 = STYLED_ITEM('color',(#19562),#11479);
#19562 = PRESENTATION_STYLE_ASSIGNMENT((#19563,#19568));
#19563 = SURFACE_STYLE_USAGE(.BOTH.,#19564);
#19564 = SURFACE_SIDE_STYLE('',(#19565));
#19565 = SURFACE_STYLE_FILL_AREA(#19566);
#19566 = FILL_AREA_STYLE('',(#19567));
#19567 = FILL_AREA_STYLE_COLOUR('',#16373);
#19568 = CURVE_STYLE('',#19569,POSITIVE_LENGTH_MEASURE(0.1),#16373);
#19569 = DRAUGHTING_PRE_DEFINED_CURVE_FONT('continuous');
#19570 = STYLED_ITEM('color',(#19571),#11510);
#19571 = PRESENTATION_STYLE_ASSIGNMENT((#19572,#19577));
#19572 = SURFACE_STYLE_USAGE(.BOTH.,#19573);
#19573 = SURFACE_SIDE_STYLE('',(#19574));
#19574 = SURFACE_STYLE_FILL_AREA(#19575);
#19575 = FILL_AREA_STYLE('',(#19576));
#19576 = FILL_AREA_STYLE_COLOUR('',#16373);
#19577 = CURVE_STYLE('',#19578,POSITIVE_LENGTH_MEASURE(0.1),#16373);
#19578 = DRAUGHTING_PRE_DEFINED_CURVE_FONT('continuous');
#19579 = STYLED_ITEM('color',(#19580),#11534);
#19580 = PRESENTATION_STYLE_ASSIGNMENT((#19581,#19586));
#19581 = SURFACE_STYLE_USAGE(.BOTH.,#19582);
#19582 = SURFACE_SIDE_STYLE('',(#19583));
#19583 = SURFACE_STYLE_FILL_AREA(#19584);
#19584 = FILL_AREA_STYLE('',(#19585));
#19585 = FILL_AREA_STYLE_COLOUR('',#16373);
#19586 = CURVE_STYLE('',#19587,POSITIVE_LENGTH_MEASURE(0.1),#16373);
#19587 = DRAUGHTING_PRE_DEFINED_CURVE_FONT('continuous');
#19588 = STYLED_ITEM('color',(#19589),#11558);
#19589 = PRESENTATION_STYLE_ASSIGNMENT((#19590,#19595));
#19590 = SURFACE_STYLE_USAGE(.BOTH.,#19591);
#19591 = SURFACE_SIDE_STYLE('',(#19592));
#19592 = SURFACE_STYLE_FILL_AREA(#19593);
#19593 = FILL_AREA_STYLE('',(#19594));
#19594 = FILL_AREA_STYLE_COLOUR('',#16373);
#19595 = CURVE_STYLE('',#19596,POSITIVE_LENGTH_MEASURE(0.1),#16373);
#19596 = DRAUGHTING_PRE_DEFINED_CURVE_FONT('continuous');
#19597 = STYLED_ITEM('color',(#19598),#11575);
#19598 = PRESENTATION_STYLE_ASSIGNMENT((#19599,#19604));
#19599 = SURFACE_STYLE_USAGE(.BOTH.,#19600);
#19600 = SURFACE_SIDE_STYLE('',(#19601));
#19601 = SURFACE_STYLE_FILL_AREA(#19602);
#19602 = FILL_AREA_STYLE('',(#19603));
#19603 = FILL_AREA_STYLE_COLOUR('',#16373);
#19604 = CURVE_STYLE('',#19605,POSITIVE_LENGTH_MEASURE(0.1),#16373);
#19605 = DRAUGHTING_PRE_DEFINED_CURVE_FONT('continuous');
#19606 = STYLED_ITEM('color',(#19607),#11606);
#19607 = PRESENTATION_STYLE_ASSIGNMENT((#19608,#19613));
#19608 = SURFACE_STYLE_USAGE(.BOTH.,#19609);
#19609 = SURFACE_SIDE_STYLE('',(#19610));
#19610 = SURFACE_STYLE_FILL_AREA(#19611);
#19611 = FILL_AREA_STYLE('',(#19612));
#19612 = FILL_AREA_STYLE_COLOUR('',#16373);
#19613 = CURVE_STYLE('',#19614,POSITIVE_LENGTH_MEASURE(0.1),#16373);
#19614 = DRAUGHTING_PRE_DEFINED_CURVE_FONT('continuous');
#19615 = STYLED_ITEM('color',(#19616),#11630);
#19616 = PRESENTATION_STYLE_ASSIGNMENT((#19617,#19622));
#19617 = SURFACE_STYLE_USAGE(.BOTH.,#19618);
#19618 = SURFACE_SIDE_STYLE('',(#19619));
#19619 = SURFACE_STYLE_FILL_AREA(#19620);
#19620 = FILL_AREA_STYLE('',(#19621));
#19621 = FILL_AREA_STYLE_COLOUR('',#16373);
#19622 = CURVE_STYLE('',#19623,POSITIVE_LENGTH_MEASURE(0.1),#16373);
#19623 = DRAUGHTING_PRE_DEFINED_CURVE_FONT('continuous');
#19624 = STYLED_ITEM('color',(#19625),#11654);
#19625 = PRESENTATION_STYLE_ASSIGNMENT((#19626,#19631));
#19626 = SURFACE_STYLE_USAGE(.BOTH.,#19627);
#19627 = SURFACE_SIDE_STYLE('',(#19628));
#19628 = SURFACE_STYLE_FILL_AREA(#19629);
#19629 = FILL_AREA_STYLE('',(#19630));
#19630 = FILL_AREA_STYLE_COLOUR('',#16373);
#19631 = CURVE_STYLE('',#19632,POSITIVE_LENGTH_MEASURE(0.1),#16373);
#19632 = DRAUGHTING_PRE_DEFINED_CURVE_FONT('continuous');
#19633 = STYLED_ITEM('color',(#19634),#11671);
#19634 = PRESENTATION_STYLE_ASSIGNMENT((#19635,#19640));
#19635 = SURFACE_STYLE_USAGE(.BOTH.,#19636);
#19636 = SURFACE_SIDE_STYLE('',(#19637));
#19637 = SURFACE_STYLE_FILL_AREA(#19638);
#19638 = FILL_AREA_STYLE('',(#19639));
#19639 = FILL_AREA_STYLE_COLOUR('',#19396);
#19640 = CURVE_STYLE('',#19641,POSITIVE_LENGTH_MEASURE(0.1),#19396);
#19641 = DRAUGHTING_PRE_DEFINED_CURVE_FONT('continuous');
#19642 = STYLED_ITEM('color',(#19643),#11693);
#19643 = PRESENTATION_STYLE_ASSIGNMENT((#19644,#19649));
#19644 = SURFACE_STYLE_USAGE(.BOTH.,#19645);
#19645 = SURFACE_SIDE_STYLE('',(#19646));
#19646 = SURFACE_STYLE_FILL_AREA(#19647);
#19647 = FILL_AREA_STYLE('',(#19648));
#19648 = FILL_AREA_STYLE_COLOUR('',#19396);
#19649 = CURVE_STYLE('',#19650,POSITIVE_LENGTH_MEASURE(0.1),#19396);
#19650 = DRAUGHTING_PRE_DEFINED_CURVE_FONT('continuous');
#19651 = STYLED_ITEM('color',(#19652),#11732);
#19652 = PRESENTATION_STYLE_ASSIGNMENT((#19653,#19658));
#19653 = SURFACE_STYLE_USAGE(.BOTH.,#19654);
#19654 = SURFACE_SIDE_STYLE('',(#19655));
#19655 = SURFACE_STYLE_FILL_AREA(#19656);
#19656 = FILL_AREA_STYLE('',(#19657));
#19657 = FILL_AREA_STYLE_COLOUR('',#19396);
#19658 = CURVE_STYLE('',#19659,POSITIVE_LENGTH_MEASURE(0.1),#19396);
#19659 = DRAUGHTING_PRE_DEFINED_CURVE_FONT('continuous');
#19660 = STYLED_ITEM('color',(#19661),#11744);
#19661 = PRESENTATION_STYLE_ASSIGNMENT((#19662,#19667));
#19662 = SURFACE_STYLE_USAGE(.BOTH.,#19663);
#19663 = SURFACE_SIDE_STYLE('',(#19664));
#19664 = SURFACE_STYLE_FILL_AREA(#19665);
#19665 = FILL_AREA_STYLE('',(#19666));
#19666 = FILL_AREA_STYLE_COLOUR('',#19396);
#19667 = CURVE_STYLE('',#19668,POSITIVE_LENGTH_MEASURE(0.1),#19396);
#19668 = DRAUGHTING_PRE_DEFINED_CURVE_FONT('continuous');
#19669 = STYLED_ITEM('color',(#19670),#11756);
#19670 = PRESENTATION_STYLE_ASSIGNMENT((#19671,#19676));
#19671 = SURFACE_STYLE_USAGE(.BOTH.,#19672);
#19672 = SURFACE_SIDE_STYLE('',(#19673));
#19673 = SURFACE_STYLE_FILL_AREA(#19674);
#19674 = FILL_AREA_STYLE('',(#19675));
#19675 = FILL_AREA_STYLE_COLOUR('',#19396);
#19676 = CURVE_STYLE('',#19677,POSITIVE_LENGTH_MEASURE(0.1),#19396);
#19677 = DRAUGHTING_PRE_DEFINED_CURVE_FONT('continuous');
#19678 = STYLED_ITEM('color',(#19679),#11768);
#19679 = PRESENTATION_STYLE_ASSIGNMENT((#19680,#19685));
#19680 = SURFACE_STYLE_USAGE(.BOTH.,#19681);
#19681 = SURFACE_SIDE_STYLE('',(#19682));
#19682 = SURFACE_STYLE_FILL_AREA(#19683);
#19683 = FILL_AREA_STYLE('',(#19684));
#19684 = FILL_AREA_STYLE_COLOUR('',#19396);
#19685 = CURVE_STYLE('',#19686,POSITIVE_LENGTH_MEASURE(0.1),#19396);
#19686 = DRAUGHTING_PRE_DEFINED_CURVE_FONT('continuous');
#19687 = STYLED_ITEM('color',(#19688),#11797);
#19688 = PRESENTATION_STYLE_ASSIGNMENT((#19689,#19694));
#19689 = SURFACE_STYLE_USAGE(.BOTH.,#19690);
#19690 = SURFACE_SIDE_STYLE('',(#19691));
#19691 = SURFACE_STYLE_FILL_AREA(#19692);
#19692 = FILL_AREA_STYLE('',(#19693));
#19693 = FILL_AREA_STYLE_COLOUR('',#19396);
#19694 = CURVE_STYLE('',#19695,POSITIVE_LENGTH_MEASURE(0.1),#19396);
#19695 = DRAUGHTING_PRE_DEFINED_CURVE_FONT('continuous');
#19696 = STYLED_ITEM('color',(#19697),#11820);
#19697 = PRESENTATION_STYLE_ASSIGNMENT((#19698,#19703));
#19698 = SURFACE_STYLE_USAGE(.BOTH.,#19699);
#19699 = SURFACE_SIDE_STYLE('',(#19700));
#19700 = SURFACE_STYLE_FILL_AREA(#19701);
#19701 = FILL_AREA_STYLE('',(#19702));
#19702 = FILL_AREA_STYLE_COLOUR('',#19396);
#19703 = CURVE_STYLE('',#19704,POSITIVE_LENGTH_MEASURE(0.1),#19396);
#19704 = DRAUGHTING_PRE_DEFINED_CURVE_FONT('continuous');
#19705 = STYLED_ITEM('color',(#19706),#11843);
#19706 = PRESENTATION_STYLE_ASSIGNMENT((#19707,#19712));
#19707 = SURFACE_STYLE_USAGE(.BOTH.,#19708);
#19708 = SURFACE_SIDE_STYLE('',(#19709));
#19709 = SURFACE_STYLE_FILL_AREA(#19710);
#19710 = FILL_AREA_STYLE('',(#19711));
#19711 = FILL_AREA_STYLE_COLOUR('',#19396);
#19712 = CURVE_STYLE('',#19713,POSITIVE_LENGTH_MEASURE(0.1),#19396);
#19713 = DRAUGHTING_PRE_DEFINED_CURVE_FONT('continuous');
#19714 = STYLED_ITEM('color',(#19715),#11860);
#19715 = PRESENTATION_STYLE_ASSIGNMENT((#19716,#19721));
#19716 = SURFACE_STYLE_USAGE(.BOTH.,#19717);
#19717 = SURFACE_SIDE_STYLE('',(#19718));
#19718 = SURFACE_STYLE_FILL_AREA(#19719);
#19719 = FILL_AREA_STYLE('',(#19720));
#19720 = FILL_AREA_STYLE_COLOUR('',#19396);
#19721 = CURVE_STYLE('',#19722,POSITIVE_LENGTH_MEASURE(0.1),#19396);
#19722 = DRAUGHTING_PRE_DEFINED_CURVE_FONT('continuous');
#19723 = STYLED_ITEM('color',(#19724),#11889);
#19724 = PRESENTATION_STYLE_ASSIGNMENT((#19725,#19730));
#19725 = SURFACE_STYLE_USAGE(.BOTH.,#19726);
#19726 = SURFACE_SIDE_STYLE('',(#19727));
#19727 = SURFACE_STYLE_FILL_AREA(#19728);
#19728 = FILL_AREA_STYLE('',(#19729));
#19729 = FILL_AREA_STYLE_COLOUR('',#19396);
#19730 = CURVE_STYLE('',#19731,POSITIVE_LENGTH_MEASURE(0.1),#19396);
#19731 = DRAUGHTING_PRE_DEFINED_CURVE_FONT('continuous');
#19732 = STYLED_ITEM('color',(#19733),#11912);
#19733 = PRESENTATION_STYLE_ASSIGNMENT((#19734,#19739));
#19734 = SURFACE_STYLE_USAGE(.BOTH.,#19735);
#19735 = SURFACE_SIDE_STYLE('',(#19736));
#19736 = SURFACE_STYLE_FILL_AREA(#19737);
#19737 = FILL_AREA_STYLE('',(#19738));
#19738 = FILL_AREA_STYLE_COLOUR('',#19396);
#19739 = CURVE_STYLE('',#19740,POSITIVE_LENGTH_MEASURE(0.1),#19396);
#19740 = DRAUGHTING_PRE_DEFINED_CURVE_FONT('continuous');
#19741 = STYLED_ITEM('color',(#19742),#11935);
#19742 = PRESENTATION_STYLE_ASSIGNMENT((#19743,#19748));
#19743 = SURFACE_STYLE_USAGE(.BOTH.,#19744);
#19744 = SURFACE_SIDE_STYLE('',(#19745));
#19745 = SURFACE_STYLE_FILL_AREA(#19746);
#19746 = FILL_AREA_STYLE('',(#19747));
#19747 = FILL_AREA_STYLE_COLOUR('',#19396);
#19748 = CURVE_STYLE('',#19749,POSITIVE_LENGTH_MEASURE(0.1),#19396);
#19749 = DRAUGHTING_PRE_DEFINED_CURVE_FONT('continuous');
#19750 = STYLED_ITEM('color',(#19751),#11952);
#19751 = PRESENTATION_STYLE_ASSIGNMENT((#19752,#19757));
#19752 = SURFACE_STYLE_USAGE(.BOTH.,#19753);
#19753 = SURFACE_SIDE_STYLE('',(#19754));
#19754 = SURFACE_STYLE_FILL_AREA(#19755);
#19755 = FILL_AREA_STYLE('',(#19756));
#19756 = FILL_AREA_STYLE_COLOUR('',#19396);
#19757 = CURVE_STYLE('',#19758,POSITIVE_LENGTH_MEASURE(0.1),#19396);
#19758 = DRAUGHTING_PRE_DEFINED_CURVE_FONT('continuous');
#19759 = STYLED_ITEM('color',(#19760),#11964);
#19760 = PRESENTATION_STYLE_ASSIGNMENT((#19761,#19766));
#19761 = SURFACE_STYLE_USAGE(.BOTH.,#19762);
#19762 = SURFACE_SIDE_STYLE('',(#19763));
#19763 = SURFACE_STYLE_FILL_AREA(#19764);
#19764 = FILL_AREA_STYLE('',(#19765));
#19765 = FILL_AREA_STYLE_COLOUR('',#16373);
#19766 = CURVE_STYLE('',#19767,POSITIVE_LENGTH_MEASURE(0.1),#16373);
#19767 = DRAUGHTING_PRE_DEFINED_CURVE_FONT('continuous');
#19768 = STYLED_ITEM('color',(#19769),#11976);
#19769 = PRESENTATION_STYLE_ASSIGNMENT((#19770,#19775));
#19770 = SURFACE_STYLE_USAGE(.BOTH.,#19771);
#19771 = SURFACE_SIDE_STYLE('',(#19772));
#19772 = SURFACE_STYLE_FILL_AREA(#19773);
#19773 = FILL_AREA_STYLE('',(#19774));
#19774 = FILL_AREA_STYLE_COLOUR('',#16373);
#19775 = CURVE_STYLE('',#19776,POSITIVE_LENGTH_MEASURE(0.1),#16373);
#19776 = DRAUGHTING_PRE_DEFINED_CURVE_FONT('continuous');
#19777 = STYLED_ITEM('color',(#19778),#11988);
#19778 = PRESENTATION_STYLE_ASSIGNMENT((#19779,#19784));
#19779 = SURFACE_STYLE_USAGE(.BOTH.,#19780);
#19780 = SURFACE_SIDE_STYLE('',(#19781));
#19781 = SURFACE_STYLE_FILL_AREA(#19782);
#19782 = FILL_AREA_STYLE('',(#19783));
#19783 = FILL_AREA_STYLE_COLOUR('',#19396);
#19784 = CURVE_STYLE('',#19785,POSITIVE_LENGTH_MEASURE(0.1),#19396);
#19785 = DRAUGHTING_PRE_DEFINED_CURVE_FONT('continuous');
#19786 = STYLED_ITEM('color',(#19787),#12099);
#19787 = PRESENTATION_STYLE_ASSIGNMENT((#19788,#19793));
#19788 = SURFACE_STYLE_USAGE(.BOTH.,#19789);
#19789 = SURFACE_SIDE_STYLE('',(#19790));
#19790 = SURFACE_STYLE_FILL_AREA(#19791);
#19791 = FILL_AREA_STYLE('',(#19792));
#19792 = FILL_AREA_STYLE_COLOUR('',#19396);
#19793 = CURVE_STYLE('',#19794,POSITIVE_LENGTH_MEASURE(0.1),#19396);
#19794 = DRAUGHTING_PRE_DEFINED_CURVE_FONT('continuous');
#19795 = STYLED_ITEM('color',(#19796),#12210);
#19796 = PRESENTATION_STYLE_ASSIGNMENT((#19797,#19802));
#19797 = SURFACE_STYLE_USAGE(.BOTH.,#19798);
#19798 = SURFACE_SIDE_STYLE('',(#19799));
#19799 = SURFACE_STYLE_FILL_AREA(#19800);
#19800 = FILL_AREA_STYLE('',(#19801));
#19801 = FILL_AREA_STYLE_COLOUR('',#19396);
#19802 = CURVE_STYLE('',#19803,POSITIVE_LENGTH_MEASURE(0.1),#19396);
#19803 = DRAUGHTING_PRE_DEFINED_CURVE_FONT('continuous');
#19804 = STYLED_ITEM('color',(#19805),#12241);
#19805 = PRESENTATION_STYLE_ASSIGNMENT((#19806,#19811));
#19806 = SURFACE_STYLE_USAGE(.BOTH.,#19807);
#19807 = SURFACE_SIDE_STYLE('',(#19808));
#19808 = SURFACE_STYLE_FILL_AREA(#19809);
#19809 = FILL_AREA_STYLE('',(#19810));
#19810 = FILL_AREA_STYLE_COLOUR('',#19396);
#19811 = CURVE_STYLE('',#19812,POSITIVE_LENGTH_MEASURE(0.1),#19396);
#19812 = DRAUGHTING_PRE_DEFINED_CURVE_FONT('continuous');
#19813 = STYLED_ITEM('color',(#19814),#12265);
#19814 = PRESENTATION_STYLE_ASSIGNMENT((#19815,#19820));
#19815 = SURFACE_STYLE_USAGE(.BOTH.,#19816);
#19816 = SURFACE_SIDE_STYLE('',(#19817));
#19817 = SURFACE_STYLE_FILL_AREA(#19818);
#19818 = FILL_AREA_STYLE('',(#19819));
#19819 = FILL_AREA_STYLE_COLOUR('',#19396);
#19820 = CURVE_STYLE('',#19821,POSITIVE_LENGTH_MEASURE(0.1),#19396);
#19821 = DRAUGHTING_PRE_DEFINED_CURVE_FONT('continuous');
#19822 = STYLED_ITEM('color',(#19823),#12289);
#19823 = PRESENTATION_STYLE_ASSIGNMENT((#19824,#19829));
#19824 = SURFACE_STYLE_USAGE(.BOTH.,#19825);
#19825 = SURFACE_SIDE_STYLE('',(#19826));
#19826 = SURFACE_STYLE_FILL_AREA(#19827);
#19827 = FILL_AREA_STYLE('',(#19828));
#19828 = FILL_AREA_STYLE_COLOUR('',#19396);
#19829 = CURVE_STYLE('',#19830,POSITIVE_LENGTH_MEASURE(0.1),#19396);
#19830 = DRAUGHTING_PRE_DEFINED_CURVE_FONT('continuous');
#19831 = STYLED_ITEM('color',(#19832),#12313);
#19832 = PRESENTATION_STYLE_ASSIGNMENT((#19833,#19838));
#19833 = SURFACE_STYLE_USAGE(.BOTH.,#19834);
#19834 = SURFACE_SIDE_STYLE('',(#19835));
#19835 = SURFACE_STYLE_FILL_AREA(#19836);
#19836 = FILL_AREA_STYLE('',(#19837));
#19837 = FILL_AREA_STYLE_COLOUR('',#19396);
#19838 = CURVE_STYLE('',#19839,POSITIVE_LENGTH_MEASURE(0.1),#19396);
#19839 = DRAUGHTING_PRE_DEFINED_CURVE_FONT('continuous');
#19840 = STYLED_ITEM('color',(#19841),#12344);
#19841 = PRESENTATION_STYLE_ASSIGNMENT((#19842,#19847));
#19842 = SURFACE_STYLE_USAGE(.BOTH.,#19843);
#19843 = SURFACE_SIDE_STYLE('',(#19844));
#19844 = SURFACE_STYLE_FILL_AREA(#19845);
#19845 = FILL_AREA_STYLE('',(#19846));
#19846 = FILL_AREA_STYLE_COLOUR('',#19396);
#19847 = CURVE_STYLE('',#19848,POSITIVE_LENGTH_MEASURE(0.1),#19396);
#19848 = DRAUGHTING_PRE_DEFINED_CURVE_FONT('continuous');
#19849 = STYLED_ITEM('color',(#19850),#12368);
#19850 = PRESENTATION_STYLE_ASSIGNMENT((#19851,#19856));
#19851 = SURFACE_STYLE_USAGE(.BOTH.,#19852);
#19852 = SURFACE_SIDE_STYLE('',(#19853));
#19853 = SURFACE_STYLE_FILL_AREA(#19854);
#19854 = FILL_AREA_STYLE('',(#19855));
#19855 = FILL_AREA_STYLE_COLOUR('',#19396);
#19856 = CURVE_STYLE('',#19857,POSITIVE_LENGTH_MEASURE(0.1),#19396);
#19857 = DRAUGHTING_PRE_DEFINED_CURVE_FONT('continuous');
#19858 = STYLED_ITEM('color',(#19859),#12392);
#19859 = PRESENTATION_STYLE_ASSIGNMENT((#19860,#19865));
#19860 = SURFACE_STYLE_USAGE(.BOTH.,#19861);
#19861 = SURFACE_SIDE_STYLE('',(#19862));
#19862 = SURFACE_STYLE_FILL_AREA(#19863);
#19863 = FILL_AREA_STYLE('',(#19864));
#19864 = FILL_AREA_STYLE_COLOUR('',#19396);
#19865 = CURVE_STYLE('',#19866,POSITIVE_LENGTH_MEASURE(0.1),#19396);
#19866 = DRAUGHTING_PRE_DEFINED_CURVE_FONT('continuous');
#19867 = STYLED_ITEM('color',(#19868),#12416);
#19868 = PRESENTATION_STYLE_ASSIGNMENT((#19869,#19874));
#19869 = SURFACE_STYLE_USAGE(.BOTH.,#19870);
#19870 = SURFACE_SIDE_STYLE('',(#19871));
#19871 = SURFACE_STYLE_FILL_AREA(#19872);
#19872 = FILL_AREA_STYLE('',(#19873));
#19873 = FILL_AREA_STYLE_COLOUR('',#19396);
#19874 = CURVE_STYLE('',#19875,POSITIVE_LENGTH_MEASURE(0.1),#19396);
#19875 = DRAUGHTING_PRE_DEFINED_CURVE_FONT('continuous');
#19876 = STYLED_ITEM('color',(#19877),#12432);
#19877 = PRESENTATION_STYLE_ASSIGNMENT((#19878,#19883));
#19878 = SURFACE_STYLE_USAGE(.BOTH.,#19879);
#19879 = SURFACE_SIDE_STYLE('',(#19880));
#19880 = SURFACE_STYLE_FILL_AREA(#19881);
#19881 = FILL_AREA_STYLE('',(#19882));
#19882 = FILL_AREA_STYLE_COLOUR('',#16373);
#19883 = CURVE_STYLE('',#19884,POSITIVE_LENGTH_MEASURE(0.1),#16373);
#19884 = DRAUGHTING_PRE_DEFINED_CURVE_FONT('continuous');
#19885 = STYLED_ITEM('color',(#19886),#12465);
#19886 = PRESENTATION_STYLE_ASSIGNMENT((#19887,#19892));
#19887 = SURFACE_STYLE_USAGE(.BOTH.,#19888);
#19888 = SURFACE_SIDE_STYLE('',(#19889));
#19889 = SURFACE_STYLE_FILL_AREA(#19890);
#19890 = FILL_AREA_STYLE('',(#19891));
#19891 = FILL_AREA_STYLE_COLOUR('',#16373);
#19892 = CURVE_STYLE('',#19893,POSITIVE_LENGTH_MEASURE(0.1),#16373);
#19893 = DRAUGHTING_PRE_DEFINED_CURVE_FONT('continuous');
#19894 = STYLED_ITEM('color',(#19895),#12490);
#19895 = PRESENTATION_STYLE_ASSIGNMENT((#19896,#19901));
#19896 = SURFACE_STYLE_USAGE(.BOTH.,#19897);
#19897 = SURFACE_SIDE_STYLE('',(#19898));
#19898 = SURFACE_STYLE_FILL_AREA(#19899);
#19899 = FILL_AREA_STYLE('',(#19900));
#19900 = FILL_AREA_STYLE_COLOUR('',#16373);
#19901 = CURVE_STYLE('',#19902,POSITIVE_LENGTH_MEASURE(0.1),#16373);
#19902 = DRAUGHTING_PRE_DEFINED_CURVE_FONT('continuous');
#19903 = STYLED_ITEM('color',(#19904),#12522);
#19904 = PRESENTATION_STYLE_ASSIGNMENT((#19905,#19910));
#19905 = SURFACE_STYLE_USAGE(.BOTH.,#19906);
#19906 = SURFACE_SIDE_STYLE('',(#19907));
#19907 = SURFACE_STYLE_FILL_AREA(#19908);
#19908 = FILL_AREA_STYLE('',(#19909));
#19909 = FILL_AREA_STYLE_COLOUR('',#16373);
#19910 = CURVE_STYLE('',#19911,POSITIVE_LENGTH_MEASURE(0.1),#16373);
#19911 = DRAUGHTING_PRE_DEFINED_CURVE_FONT('continuous');
#19912 = STYLED_ITEM('color',(#19913),#12553);
#19913 = PRESENTATION_STYLE_ASSIGNMENT((#19914,#19919));
#19914 = SURFACE_STYLE_USAGE(.BOTH.,#19915);
#19915 = SURFACE_SIDE_STYLE('',(#19916));
#19916 = SURFACE_STYLE_FILL_AREA(#19917);
#19917 = FILL_AREA_STYLE('',(#19918));
#19918 = FILL_AREA_STYLE_COLOUR('',#19396);
#19919 = CURVE_STYLE('',#19920,POSITIVE_LENGTH_MEASURE(0.1),#19396);
#19920 = DRAUGHTING_PRE_DEFINED_CURVE_FONT('continuous');
#19921 = STYLED_ITEM('color',(#19922),#12563);
#19922 = PRESENTATION_STYLE_ASSIGNMENT((#19923,#19928));
#19923 = SURFACE_STYLE_USAGE(.BOTH.,#19924);
#19924 = SURFACE_SIDE_STYLE('',(#19925));
#19925 = SURFACE_STYLE_FILL_AREA(#19926);
#19926 = FILL_AREA_STYLE('',(#19927));
#19927 = FILL_AREA_STYLE_COLOUR('',#16373);
#19928 = CURVE_STYLE('',#19929,POSITIVE_LENGTH_MEASURE(0.1),#16373);
#19929 = DRAUGHTING_PRE_DEFINED_CURVE_FONT('continuous');
#19930 = STYLED_ITEM('color',(#19931),#12581);
#19931 = PRESENTATION_STYLE_ASSIGNMENT((#19932,#19937));
#19932 = SURFACE_STYLE_USAGE(.BOTH.,#19933);
#19933 = SURFACE_SIDE_STYLE('',(#19934));
#19934 = SURFACE_STYLE_FILL_AREA(#19935);
#19935 = FILL_AREA_STYLE('',(#19936));
#19936 = FILL_AREA_STYLE_COLOUR('',#19396);
#19937 = CURVE_STYLE('',#19938,POSITIVE_LENGTH_MEASURE(0.1),#19396);
#19938 = DRAUGHTING_PRE_DEFINED_CURVE_FONT('continuous');
#19939 = STYLED_ITEM('color',(#19940),#12597);
#19940 = PRESENTATION_STYLE_ASSIGNMENT((#19941,#19946));
#19941 = SURFACE_STYLE_USAGE(.BOTH.,#19942);
#19942 = SURFACE_SIDE_STYLE('',(#19943));
#19943 = SURFACE_STYLE_FILL_AREA(#19944);
#19944 = FILL_AREA_STYLE('',(#19945));
#19945 = FILL_AREA_STYLE_COLOUR('',#16373);
#19946 = CURVE_STYLE('',#19947,POSITIVE_LENGTH_MEASURE(0.1),#16373);
#19947 = DRAUGHTING_PRE_DEFINED_CURVE_FONT('continuous');
#19948 = STYLED_ITEM('color',(#19949),#12630);
#19949 = PRESENTATION_STYLE_ASSIGNMENT((#19950,#19955));
#19950 = SURFACE_STYLE_USAGE(.BOTH.,#19951);
#19951 = SURFACE_SIDE_STYLE('',(#19952));
#19952 = SURFACE_STYLE_FILL_AREA(#19953);
#19953 = FILL_AREA_STYLE('',(#19954));
#19954 = FILL_AREA_STYLE_COLOUR('',#16373);
#19955 = CURVE_STYLE('',#19956,POSITIVE_LENGTH_MEASURE(0.1),#16373);
#19956 = DRAUGHTING_PRE_DEFINED_CURVE_FONT('continuous');
#19957 = STYLED_ITEM('color',(#19958),#12655);
#19958 = PRESENTATION_STYLE_ASSIGNMENT((#19959,#19964));
#19959 = SURFACE_STYLE_USAGE(.BOTH.,#19960);
#19960 = SURFACE_SIDE_STYLE('',(#19961));
#19961 = SURFACE_STYLE_FILL_AREA(#19962);
#19962 = FILL_AREA_STYLE('',(#19963));
#19963 = FILL_AREA_STYLE_COLOUR('',#16373);
#19964 = CURVE_STYLE('',#19965,POSITIVE_LENGTH_MEASURE(0.1),#16373);
#19965 = DRAUGHTING_PRE_DEFINED_CURVE_FONT('continuous');
#19966 = STYLED_ITEM('color',(#19967),#12687);
#19967 = PRESENTATION_STYLE_ASSIGNMENT((#19968,#19973));
#19968 = SURFACE_STYLE_USAGE(.BOTH.,#19969);
#19969 = SURFACE_SIDE_STYLE('',(#19970));
#19970 = SURFACE_STYLE_FILL_AREA(#19971);
#19971 = FILL_AREA_STYLE('',(#19972));
#19972 = FILL_AREA_STYLE_COLOUR('',#16373);
#19973 = CURVE_STYLE('',#19974,POSITIVE_LENGTH_MEASURE(0.1),#16373);
#19974 = DRAUGHTING_PRE_DEFINED_CURVE_FONT('continuous');
#19975 = STYLED_ITEM('color',(#19976),#12718);
#19976 = PRESENTATION_STYLE_ASSIGNMENT((#19977,#19982));
#19977 = SURFACE_STYLE_USAGE(.BOTH.,#19978);
#19978 = SURFACE_SIDE_STYLE('',(#19979));
#19979 = SURFACE_STYLE_FILL_AREA(#19980);
#19980 = FILL_AREA_STYLE('',(#19981));
#19981 = FILL_AREA_STYLE_COLOUR('',#19396);
#19982 = CURVE_STYLE('',#19983,POSITIVE_LENGTH_MEASURE(0.1),#19396);
#19983 = DRAUGHTING_PRE_DEFINED_CURVE_FONT('continuous');
#19984 = STYLED_ITEM('color',(#19985),#12728);
#19985 = PRESENTATION_STYLE_ASSIGNMENT((#19986,#19991));
#19986 = SURFACE_STYLE_USAGE(.BOTH.,#19987);
#19987 = SURFACE_SIDE_STYLE('',(#19988));
#19988 = SURFACE_STYLE_FILL_AREA(#19989);
#19989 = FILL_AREA_STYLE('',(#19990));
#19990 = FILL_AREA_STYLE_COLOUR('',#16373);
#19991 = CURVE_STYLE('',#19992,POSITIVE_LENGTH_MEASURE(0.1),#16373);
#19992 = DRAUGHTING_PRE_DEFINED_CURVE_FONT('continuous');
#19993 = STYLED_ITEM('color',(#19994),#12746);
#19994 = PRESENTATION_STYLE_ASSIGNMENT((#19995,#20000));
#19995 = SURFACE_STYLE_USAGE(.BOTH.,#19996);
#19996 = SURFACE_SIDE_STYLE('',(#19997));
#19997 = SURFACE_STYLE_FILL_AREA(#19998);
#19998 = FILL_AREA_STYLE('',(#19999));
#19999 = FILL_AREA_STYLE_COLOUR('',#16373);
#20000 = CURVE_STYLE('',#20001,POSITIVE_LENGTH_MEASURE(0.1),#16373);
#20001 = DRAUGHTING_PRE_DEFINED_CURVE_FONT('continuous');
#20002 = STYLED_ITEM('color',(#20003),#12801);
#20003 = PRESENTATION_STYLE_ASSIGNMENT((#20004,#20009));
#20004 = SURFACE_STYLE_USAGE(.BOTH.,#20005);
#20005 = SURFACE_SIDE_STYLE('',(#20006));
#20006 = SURFACE_STYLE_FILL_AREA(#20007);
#20007 = FILL_AREA_STYLE('',(#20008));
#20008 = FILL_AREA_STYLE_COLOUR('',#16373);
#20009 = CURVE_STYLE('',#20010,POSITIVE_LENGTH_MEASURE(0.1),#16373);
#20010 = DRAUGHTING_PRE_DEFINED_CURVE_FONT('continuous');
#20011 = STYLED_ITEM('color',(#20012),#12856);
#20012 = PRESENTATION_STYLE_ASSIGNMENT((#20013,#20018));
#20013 = SURFACE_STYLE_USAGE(.BOTH.,#20014);
#20014 = SURFACE_SIDE_STYLE('',(#20015));
#20015 = SURFACE_STYLE_FILL_AREA(#20016);
#20016 = FILL_AREA_STYLE('',(#20017));
#20017 = FILL_AREA_STYLE_COLOUR('',#16373);
#20018 = CURVE_STYLE('',#20019,POSITIVE_LENGTH_MEASURE(0.1),#16373);
#20019 = DRAUGHTING_PRE_DEFINED_CURVE_FONT('continuous');
#20020 = STYLED_ITEM('color',(#20021),#12881);
#20021 = PRESENTATION_STYLE_ASSIGNMENT((#20022,#20027));
#20022 = SURFACE_STYLE_USAGE(.BOTH.,#20023);
#20023 = SURFACE_SIDE_STYLE('',(#20024));
#20024 = SURFACE_STYLE_FILL_AREA(#20025);
#20025 = FILL_AREA_STYLE('',(#20026));
#20026 = FILL_AREA_STYLE_COLOUR('',#16373);
#20027 = CURVE_STYLE('',#20028,POSITIVE_LENGTH_MEASURE(0.1),#16373);
#20028 = DRAUGHTING_PRE_DEFINED_CURVE_FONT('continuous');
#20029 = STYLED_ITEM('color',(#20030),#12992);
#20030 = PRESENTATION_STYLE_ASSIGNMENT((#20031,#20036));
#20031 = SURFACE_STYLE_USAGE(.BOTH.,#20032);
#20032 = SURFACE_SIDE_STYLE('',(#20033));
#20033 = SURFACE_STYLE_FILL_AREA(#20034);
#20034 = FILL_AREA_STYLE('',(#20035));
#20035 = FILL_AREA_STYLE_COLOUR('',#16373);
#20036 = CURVE_STYLE('',#20037,POSITIVE_LENGTH_MEASURE(0.1),#16373);
#20037 = DRAUGHTING_PRE_DEFINED_CURVE_FONT('continuous');
#20038 = STYLED_ITEM('color',(#20039),#13002);
#20039 = PRESENTATION_STYLE_ASSIGNMENT((#20040,#20045));
#20040 = SURFACE_STYLE_USAGE(.BOTH.,#20041);
#20041 = SURFACE_SIDE_STYLE('',(#20042));
#20042 = SURFACE_STYLE_FILL_AREA(#20043);
#20043 = FILL_AREA_STYLE('',(#20044));
#20044 = FILL_AREA_STYLE_COLOUR('',#16373);
#20045 = CURVE_STYLE('',#20046,POSITIVE_LENGTH_MEASURE(0.1),#16373);
#20046 = DRAUGHTING_PRE_DEFINED_CURVE_FONT('continuous');
#20047 = STYLED_ITEM('color',(#20048),#13027);
#20048 = PRESENTATION_STYLE_ASSIGNMENT((#20049,#20054));
#20049 = SURFACE_STYLE_USAGE(.BOTH.,#20050);
#20050 = SURFACE_SIDE_STYLE('',(#20051));
#20051 = SURFACE_STYLE_FILL_AREA(#20052);
#20052 = FILL_AREA_STYLE('',(#20053));
#20053 = FILL_AREA_STYLE_COLOUR('',#16373);
#20054 = CURVE_STYLE('',#20055,POSITIVE_LENGTH_MEASURE(0.1),#16373);
#20055 = DRAUGHTING_PRE_DEFINED_CURVE_FONT('continuous');
#20056 = STYLED_ITEM('color',(#20057),#13138);
#20057 = PRESENTATION_STYLE_ASSIGNMENT((#20058,#20063));
#20058 = SURFACE_STYLE_USAGE(.BOTH.,#20059);
#20059 = SURFACE_SIDE_STYLE('',(#20060));
#20060 = SURFACE_STYLE_FILL_AREA(#20061);
#20061 = FILL_AREA_STYLE('',(#20062));
#20062 = FILL_AREA_STYLE_COLOUR('',#16373);
#20063 = CURVE_STYLE('',#20064,POSITIVE_LENGTH_MEASURE(0.1),#16373);
#20064 = DRAUGHTING_PRE_DEFINED_CURVE_FONT('continuous');
#20065 = STYLED_ITEM('color',(#20066),#13148);
#20066 = PRESENTATION_STYLE_ASSIGNMENT((#20067,#20072));
#20067 = SURFACE_STYLE_USAGE(.BOTH.,#20068);
#20068 = SURFACE_SIDE_STYLE('',(#20069));
#20069 = SURFACE_STYLE_FILL_AREA(#20070);
#20070 = FILL_AREA_STYLE('',(#20071));
#20071 = FILL_AREA_STYLE_COLOUR('',#16373);
#20072 = CURVE_STYLE('',#20073,POSITIVE_LENGTH_MEASURE(0.1),#16373);
#20073 = DRAUGHTING_PRE_DEFINED_CURVE_FONT('continuous');
#20074 = STYLED_ITEM('color',(#20075),#13158);
#20075 = PRESENTATION_STYLE_ASSIGNMENT((#20076,#20081));
#20076 = SURFACE_STYLE_USAGE(.BOTH.,#20077);
#20077 = SURFACE_SIDE_STYLE('',(#20078));
#20078 = SURFACE_STYLE_FILL_AREA(#20079);
#20079 = FILL_AREA_STYLE('',(#20080));
#20080 = FILL_AREA_STYLE_COLOUR('',#16373);
#20081 = CURVE_STYLE('',#20082,POSITIVE_LENGTH_MEASURE(0.1),#16373);
#20082 = DRAUGHTING_PRE_DEFINED_CURVE_FONT('continuous');
#20083 = STYLED_ITEM('color',(#20084),#13189);
#20084 = PRESENTATION_STYLE_ASSIGNMENT((#20085,#20090));
#20085 = SURFACE_STYLE_USAGE(.BOTH.,#20086);
#20086 = SURFACE_SIDE_STYLE('',(#20087));
#20087 = SURFACE_STYLE_FILL_AREA(#20088);
#20088 = FILL_AREA_STYLE('',(#20089));
#20089 = FILL_AREA_STYLE_COLOUR('',#16373);
#20090 = CURVE_STYLE('',#20091,POSITIVE_LENGTH_MEASURE(0.1),#16373);
#20091 = DRAUGHTING_PRE_DEFINED_CURVE_FONT('continuous');
#20092 = STYLED_ITEM('color',(#20093),#13213);
#20093 = PRESENTATION_STYLE_ASSIGNMENT((#20094,#20099));
#20094 = SURFACE_STYLE_USAGE(.BOTH.,#20095);
#20095 = SURFACE_SIDE_STYLE('',(#20096));
#20096 = SURFACE_STYLE_FILL_AREA(#20097);
#20097 = FILL_AREA_STYLE('',(#20098));
#20098 = FILL_AREA_STYLE_COLOUR('',#16373);
#20099 = CURVE_STYLE('',#20100,POSITIVE_LENGTH_MEASURE(0.1),#16373);
#20100 = DRAUGHTING_PRE_DEFINED_CURVE_FONT('continuous');
#20101 = STYLED_ITEM('color',(#20102),#13237);
#20102 = PRESENTATION_STYLE_ASSIGNMENT((#20103,#20108));
#20103 = SURFACE_STYLE_USAGE(.BOTH.,#20104);
#20104 = SURFACE_SIDE_STYLE('',(#20105));
#20105 = SURFACE_STYLE_FILL_AREA(#20106);
#20106 = FILL_AREA_STYLE('',(#20107));
#20107 = FILL_AREA_STYLE_COLOUR('',#16373);
#20108 = CURVE_STYLE('',#20109,POSITIVE_LENGTH_MEASURE(0.1),#16373);
#20109 = DRAUGHTING_PRE_DEFINED_CURVE_FONT('continuous');
#20110 = STYLED_ITEM('color',(#20111),#13254);
#20111 = PRESENTATION_STYLE_ASSIGNMENT((#20112,#20117));
#20112 = SURFACE_STYLE_USAGE(.BOTH.,#20113);
#20113 = SURFACE_SIDE_STYLE('',(#20114));
#20114 = SURFACE_STYLE_FILL_AREA(#20115);
#20115 = FILL_AREA_STYLE('',(#20116));
#20116 = FILL_AREA_STYLE_COLOUR('',#16373);
#20117 = CURVE_STYLE('',#20118,POSITIVE_LENGTH_MEASURE(0.1),#16373);
#20118 = DRAUGHTING_PRE_DEFINED_CURVE_FONT('continuous');
#20119 = STYLED_ITEM('color',(#20120),#13264);
#20120 = PRESENTATION_STYLE_ASSIGNMENT((#20121,#20126));
#20121 = SURFACE_STYLE_USAGE(.BOTH.,#20122);
#20122 = SURFACE_SIDE_STYLE('',(#20123));
#20123 = SURFACE_STYLE_FILL_AREA(#20124);
#20124 = FILL_AREA_STYLE('',(#20125));
#20125 = FILL_AREA_STYLE_COLOUR('',#16373);
#20126 = CURVE_STYLE('',#20127,POSITIVE_LENGTH_MEASURE(0.1),#16373);
#20127 = DRAUGHTING_PRE_DEFINED_CURVE_FONT('continuous');
#20128 = STYLED_ITEM('color',(#20129),#13295);
#20129 = PRESENTATION_STYLE_ASSIGNMENT((#20130,#20135));
#20130 = SURFACE_STYLE_USAGE(.BOTH.,#20131);
#20131 = SURFACE_SIDE_STYLE('',(#20132));
#20132 = SURFACE_STYLE_FILL_AREA(#20133);
#20133 = FILL_AREA_STYLE('',(#20134));
#20134 = FILL_AREA_STYLE_COLOUR('',#16373);
#20135 = CURVE_STYLE('',#20136,POSITIVE_LENGTH_MEASURE(0.1),#16373);
#20136 = DRAUGHTING_PRE_DEFINED_CURVE_FONT('continuous');
#20137 = STYLED_ITEM('color',(#20138),#13319);
#20138 = PRESENTATION_STYLE_ASSIGNMENT((#20139,#20144));
#20139 = SURFACE_STYLE_USAGE(.BOTH.,#20140);
#20140 = SURFACE_SIDE_STYLE('',(#20141));
#20141 = SURFACE_STYLE_FILL_AREA(#20142);
#20142 = FILL_AREA_STYLE('',(#20143));
#20143 = FILL_AREA_STYLE_COLOUR('',#16373);
#20144 = CURVE_STYLE('',#20145,POSITIVE_LENGTH_MEASURE(0.1),#16373);
#20145 = DRAUGHTING_PRE_DEFINED_CURVE_FONT('continuous');
#20146 = STYLED_ITEM('color',(#20147),#13343);
#20147 = PRESENTATION_STYLE_ASSIGNMENT((#20148,#20153));
#20148 = SURFACE_STYLE_USAGE(.BOTH.,#20149);
#20149 = SURFACE_SIDE_STYLE('',(#20150));
#20150 = SURFACE_STYLE_FILL_AREA(#20151);
#20151 = FILL_AREA_STYLE('',(#20152));
#20152 = FILL_AREA_STYLE_COLOUR('',#16373);
#20153 = CURVE_STYLE('',#20154,POSITIVE_LENGTH_MEASURE(0.1),#16373);
#20154 = DRAUGHTING_PRE_DEFINED_CURVE_FONT('continuous');
#20155 = STYLED_ITEM('color',(#20156),#13360);
#20156 = PRESENTATION_STYLE_ASSIGNMENT((#20157,#20162));
#20157 = SURFACE_STYLE_USAGE(.BOTH.,#20158);
#20158 = SURFACE_SIDE_STYLE('',(#20159));
#20159 = SURFACE_STYLE_FILL_AREA(#20160);
#20160 = FILL_AREA_STYLE('',(#20161));
#20161 = FILL_AREA_STYLE_COLOUR('',#16373);
#20162 = CURVE_STYLE('',#20163,POSITIVE_LENGTH_MEASURE(0.1),#16373);
#20163 = DRAUGHTING_PRE_DEFINED_CURVE_FONT('continuous');
#20164 = STYLED_ITEM('color',(#20165),#13376);
#20165 = PRESENTATION_STYLE_ASSIGNMENT((#20166,#20171));
#20166 = SURFACE_STYLE_USAGE(.BOTH.,#20167);
#20167 = SURFACE_SIDE_STYLE('',(#20168));
#20168 = SURFACE_STYLE_FILL_AREA(#20169);
#20169 = FILL_AREA_STYLE('',(#20170));
#20170 = FILL_AREA_STYLE_COLOUR('',#16373);
#20171 = CURVE_STYLE('',#20172,POSITIVE_LENGTH_MEASURE(0.1),#16373);
#20172 = DRAUGHTING_PRE_DEFINED_CURVE_FONT('continuous');
#20173 = STYLED_ITEM('color',(#20174),#13393);
#20174 = PRESENTATION_STYLE_ASSIGNMENT((#20175,#20180));
#20175 = SURFACE_STYLE_USAGE(.BOTH.,#20176);
#20176 = SURFACE_SIDE_STYLE('',(#20177));
#20177 = SURFACE_STYLE_FILL_AREA(#20178);
#20178 = FILL_AREA_STYLE('',(#20179));
#20179 = FILL_AREA_STYLE_COLOUR('',#16373);
#20180 = CURVE_STYLE('',#20181,POSITIVE_LENGTH_MEASURE(0.1),#16373);
#20181 = DRAUGHTING_PRE_DEFINED_CURVE_FONT('continuous');
#20182 = STYLED_ITEM('color',(#20183),#13410);
#20183 = PRESENTATION_STYLE_ASSIGNMENT((#20184,#20189));
#20184 = SURFACE_STYLE_USAGE(.BOTH.,#20185);
#20185 = SURFACE_SIDE_STYLE('',(#20186));
#20186 = SURFACE_STYLE_FILL_AREA(#20187);
#20187 = FILL_AREA_STYLE('',(#20188));
#20188 = FILL_AREA_STYLE_COLOUR('',#16373);
#20189 = CURVE_STYLE('',#20190,POSITIVE_LENGTH_MEASURE(0.1),#16373);
#20190 = DRAUGHTING_PRE_DEFINED_CURVE_FONT('continuous');
#20191 = STYLED_ITEM('color',(#20192),#13427);
#20192 = PRESENTATION_STYLE_ASSIGNMENT((#20193,#20198));
#20193 = SURFACE_STYLE_USAGE(.BOTH.,#20194);
#20194 = SURFACE_SIDE_STYLE('',(#20195));
#20195 = SURFACE_STYLE_FILL_AREA(#20196);
#20196 = FILL_AREA_STYLE('',(#20197));
#20197 = FILL_AREA_STYLE_COLOUR('',#16373);
#20198 = CURVE_STYLE('',#20199,POSITIVE_LENGTH_MEASURE(0.1),#16373);
#20199 = DRAUGHTING_PRE_DEFINED_CURVE_FONT('continuous');
#20200 = STYLED_ITEM('color',(#20201),#13437);
#20201 = PRESENTATION_STYLE_ASSIGNMENT((#20202,#20207));
#20202 = SURFACE_STYLE_USAGE(.BOTH.,#20203);
#20203 = SURFACE_SIDE_STYLE('',(#20204));
#20204 = SURFACE_STYLE_FILL_AREA(#20205);
#20205 = FILL_AREA_STYLE('',(#20206));
#20206 = FILL_AREA_STYLE_COLOUR('',#16373);
#20207 = CURVE_STYLE('',#20208,POSITIVE_LENGTH_MEASURE(0.1),#16373);
#20208 = DRAUGHTING_PRE_DEFINED_CURVE_FONT('continuous');
#20209 = STYLED_ITEM('color',(#20210),#13453);
#20210 = PRESENTATION_STYLE_ASSIGNMENT((#20211,#20216));
#20211 = SURFACE_STYLE_USAGE(.BOTH.,#20212);
#20212 = SURFACE_SIDE_STYLE('',(#20213));
#20213 = SURFACE_STYLE_FILL_AREA(#20214);
#20214 = FILL_AREA_STYLE('',(#20215));
#20215 = FILL_AREA_STYLE_COLOUR('',#16373);
#20216 = CURVE_STYLE('',#20217,POSITIVE_LENGTH_MEASURE(0.1),#16373);
#20217 = DRAUGHTING_PRE_DEFINED_CURVE_FONT('continuous');
#20218 = STYLED_ITEM('color',(#20219),#13470);
#20219 = PRESENTATION_STYLE_ASSIGNMENT((#20220,#20225));
#20220 = SURFACE_STYLE_USAGE(.BOTH.,#20221);
#20221 = SURFACE_SIDE_STYLE('',(#20222));
#20222 = SURFACE_STYLE_FILL_AREA(#20223);
#20223 = FILL_AREA_STYLE('',(#20224));
#20224 = FILL_AREA_STYLE_COLOUR('',#16373);
#20225 = CURVE_STYLE('',#20226,POSITIVE_LENGTH_MEASURE(0.1),#16373);
#20226 = DRAUGHTING_PRE_DEFINED_CURVE_FONT('continuous');
#20227 = STYLED_ITEM('color',(#20228),#13487);
#20228 = PRESENTATION_STYLE_ASSIGNMENT((#20229,#20234));
#20229 = SURFACE_STYLE_USAGE(.BOTH.,#20230);
#20230 = SURFACE_SIDE_STYLE('',(#20231));
#20231 = SURFACE_STYLE_FILL_AREA(#20232);
#20232 = FILL_AREA_STYLE('',(#20233));
#20233 = FILL_AREA_STYLE_COLOUR('',#16373);
#20234 = CURVE_STYLE('',#20235,POSITIVE_LENGTH_MEASURE(0.1),#16373);
#20235 = DRAUGHTING_PRE_DEFINED_CURVE_FONT('continuous');
#20236 = STYLED_ITEM('color',(#20237),#13504);
#20237 = PRESENTATION_STYLE_ASSIGNMENT((#20238,#20243));
#20238 = SURFACE_STYLE_USAGE(.BOTH.,#20239);
#20239 = SURFACE_SIDE_STYLE('',(#20240));
#20240 = SURFACE_STYLE_FILL_AREA(#20241);
#20241 = FILL_AREA_STYLE('',(#20242));
#20242 = FILL_AREA_STYLE_COLOUR('',#16373);
#20243 = CURVE_STYLE('',#20244,POSITIVE_LENGTH_MEASURE(0.1),#16373);
#20244 = DRAUGHTING_PRE_DEFINED_CURVE_FONT('continuous');
#20245 = STYLED_ITEM('color',(#20246),#13514);
#20246 = PRESENTATION_STYLE_ASSIGNMENT((#20247,#20252));
#20247 = SURFACE_STYLE_USAGE(.BOTH.,#20248);
#20248 = SURFACE_SIDE_STYLE('',(#20249));
#20249 = SURFACE_STYLE_FILL_AREA(#20250);
#20250 = FILL_AREA_STYLE('',(#20251));
#20251 = FILL_AREA_STYLE_COLOUR('',#19396);
#20252 = CURVE_STYLE('',#20253,POSITIVE_LENGTH_MEASURE(0.1),#19396);
#20253 = DRAUGHTING_PRE_DEFINED_CURVE_FONT('continuous');
#20254 = STYLED_ITEM('color',(#20255),#13526);
#20255 = PRESENTATION_STYLE_ASSIGNMENT((#20256,#20261));
#20256 = SURFACE_STYLE_USAGE(.BOTH.,#20257);
#20257 = SURFACE_SIDE_STYLE('',(#20258));
#20258 = SURFACE_STYLE_FILL_AREA(#20259);
#20259 = FILL_AREA_STYLE('',(#20260));
#20260 = FILL_AREA_STYLE_COLOUR('',#19396);
#20261 = CURVE_STYLE('',#20262,POSITIVE_LENGTH_MEASURE(0.1),#19396);
#20262 = DRAUGHTING_PRE_DEFINED_CURVE_FONT('continuous');
#20263 = MECHANICAL_DESIGN_GEOMETRIC_PRESENTATION_REPRESENTATION('',(
    #20264,#20272,#20279,#20286,#20293,#20300,#20307,#20314,#20321,
    #20328,#20335,#20342,#20349,#20356,#20363,#20370),#14043);
#20264 = STYLED_ITEM('color',(#20265),#13582);
#20265 = PRESENTATION_STYLE_ASSIGNMENT((#20266));
#20266 = SURFACE_STYLE_USAGE(.BOTH.,#20267);
#20267 = SURFACE_SIDE_STYLE('',(#20268));
#20268 = SURFACE_STYLE_FILL_AREA(#20269);
#20269 = FILL_AREA_STYLE('',(#20270));
#20270 = FILL_AREA_STYLE_COLOUR('',#20271);
#20271 = COLOUR_RGB('',0.699999984889,9.999999991362E-02,
  5.000000142576E-02);
#20272 = STYLED_ITEM('color',(#20273),#13609);
#20273 = PRESENTATION_STYLE_ASSIGNMENT((#20274));
#20274 = SURFACE_STYLE_USAGE(.BOTH.,#20275);
#20275 = SURFACE_SIDE_STYLE('',(#20276));
#20276 = SURFACE_STYLE_FILL_AREA(#20277);
#20277 = FILL_AREA_STYLE('',(#20278));
#20278 = FILL_AREA_STYLE_COLOUR('',#20271);
#20279 = STYLED_ITEM('color',(#20280),#13654);
#20280 = PRESENTATION_STYLE_ASSIGNMENT((#20281));
#20281 = SURFACE_STYLE_USAGE(.BOTH.,#20282);
#20282 = SURFACE_SIDE_STYLE('',(#20283));
#20283 = SURFACE_STYLE_FILL_AREA(#20284);
#20284 = FILL_AREA_STYLE('',(#20285));
#20285 = FILL_AREA_STYLE_COLOUR('',#20271);
#20286 = STYLED_ITEM('color',(#20287),#13698);
#20287 = PRESENTATION_STYLE_ASSIGNMENT((#20288));
#20288 = SURFACE_STYLE_USAGE(.BOTH.,#20289);
#20289 = SURFACE_SIDE_STYLE('',(#20290));
#20290 = SURFACE_STYLE_FILL_AREA(#20291);
#20291 = FILL_AREA_STYLE('',(#20292));
#20292 = FILL_AREA_STYLE_COLOUR('',#20271);
#20293 = STYLED_ITEM('color',(#20294),#13730);
#20294 = PRESENTATION_STYLE_ASSIGNMENT((#20295));
#20295 = SURFACE_STYLE_USAGE(.BOTH.,#20296);
#20296 = SURFACE_SIDE_STYLE('',(#20297));
#20297 = SURFACE_STYLE_FILL_AREA(#20298);
#20298 = FILL_AREA_STYLE('',(#20299));
#20299 = FILL_AREA_STYLE_COLOUR('',#20271);
#20300 = STYLED_ITEM('color',(#20301),#13749);
#20301 = PRESENTATION_STYLE_ASSIGNMENT((#20302));
#20302 = SURFACE_STYLE_USAGE(.BOTH.,#20303);
#20303 = SURFACE_SIDE_STYLE('',(#20304));
#20304 = SURFACE_STYLE_FILL_AREA(#20305);
#20305 = FILL_AREA_STYLE('',(#20306));
#20306 = FILL_AREA_STYLE_COLOUR('',#20271);
#20307 = STYLED_ITEM('color',(#20308),#13827);
#20308 = PRESENTATION_STYLE_ASSIGNMENT((#20309));
#20309 = SURFACE_STYLE_USAGE(.BOTH.,#20310);
#20310 = SURFACE_SIDE_STYLE('',(#20311));
#20311 = SURFACE_STYLE_FILL_AREA(#20312);
#20312 = FILL_AREA_STYLE('',(#20313));
#20313 = FILL_AREA_STYLE_COLOUR('',#16373);
#20314 = STYLED_ITEM('color',(#20315),#13858);
#20315 = PRESENTATION_STYLE_ASSIGNMENT((#20316));
#20316 = SURFACE_STYLE_USAGE(.BOTH.,#20317);
#20317 = SURFACE_SIDE_STYLE('',(#20318));
#20318 = SURFACE_STYLE_FILL_AREA(#20319);
#20319 = FILL_AREA_STYLE('',(#20320));
#20320 = FILL_AREA_STYLE_COLOUR('',#16373);
#20321 = STYLED_ITEM('color',(#20322),#13882);
#20322 = PRESENTATION_STYLE_ASSIGNMENT((#20323));
#20323 = SURFACE_STYLE_USAGE(.BOTH.,#20324);
#20324 = SURFACE_SIDE_STYLE('',(#20325));
#20325 = SURFACE_STYLE_FILL_AREA(#20326);
#20326 = FILL_AREA_STYLE('',(#20327));
#20327 = FILL_AREA_STYLE_COLOUR('',#16373);
#20328 = STYLED_ITEM('color',(#20329),#13906);
#20329 = PRESENTATION_STYLE_ASSIGNMENT((#20330));
#20330 = SURFACE_STYLE_USAGE(.BOTH.,#20331);
#20331 = SURFACE_SIDE_STYLE('',(#20332));
#20332 = SURFACE_STYLE_FILL_AREA(#20333);
#20333 = FILL_AREA_STYLE('',(#20334));
#20334 = FILL_AREA_STYLE_COLOUR('',#16373);
#20335 = STYLED_ITEM('color',(#20336),#13923);
#20336 = PRESENTATION_STYLE_ASSIGNMENT((#20337));
#20337 = SURFACE_STYLE_USAGE(.BOTH.,#20338);
#20338 = SURFACE_SIDE_STYLE('',(#20339));
#20339 = SURFACE_STYLE_FILL_AREA(#20340);
#20340 = FILL_AREA_STYLE('',(#20341));
#20341 = FILL_AREA_STYLE_COLOUR('',#16373);
#20342 = STYLED_ITEM('color',(#20343),#13954);
#20343 = PRESENTATION_STYLE_ASSIGNMENT((#20344));
#20344 = SURFACE_STYLE_USAGE(.BOTH.,#20345);
#20345 = SURFACE_SIDE_STYLE('',(#20346));
#20346 = SURFACE_STYLE_FILL_AREA(#20347);
#20347 = FILL_AREA_STYLE('',(#20348));
#20348 = FILL_AREA_STYLE_COLOUR('',#16373);
#20349 = STYLED_ITEM('color',(#20350),#13978);
#20350 = PRESENTATION_STYLE_ASSIGNMENT((#20351));
#20351 = SURFACE_STYLE_USAGE(.BOTH.,#20352);
#20352 = SURFACE_SIDE_STYLE('',(#20353));
#20353 = SURFACE_STYLE_FILL_AREA(#20354);
#20354 = FILL_AREA_STYLE('',(#20355));
#20355 = FILL_AREA_STYLE_COLOUR('',#16373);
#20356 = STYLED_ITEM('color',(#20357),#14002);
#20357 = PRESENTATION_STYLE_ASSIGNMENT((#20358));
#20358 = SURFACE_STYLE_USAGE(.BOTH.,#20359);
#20359 = SURFACE_SIDE_STYLE('',(#20360));
#20360 = SURFACE_STYLE_FILL_AREA(#20361);
#20361 = FILL_AREA_STYLE('',(#20362));
#20362 = FILL_AREA_STYLE_COLOUR('',#16373);
#20363 = STYLED_ITEM('color',(#20364),#14019);
#20364 = PRESENTATION_STYLE_ASSIGNMENT((#20365));
#20365 = SURFACE_STYLE_USAGE(.BOTH.,#20366);
#20366 = SURFACE_SIDE_STYLE('',(#20367));
#20367 = SURFACE_STYLE_FILL_AREA(#20368);
#20368 = FILL_AREA_STYLE('',(#20369));
#20369 = FILL_AREA_STYLE_COLOUR('',#16373);
#20370 = STYLED_ITEM('color',(#20371),#14031);
#20371 = PRESENTATION_STYLE_ASSIGNMENT((#20372));
#20372 = SURFACE_STYLE_USAGE(.BOTH.,#20373);
#20373 = SURFACE_SIDE_STYLE('',(#20374));
#20374 = SURFACE_STYLE_FILL_AREA(#20375);
#20375 = FILL_AREA_STYLE('',(#20376));
#20376 = FILL_AREA_STYLE_COLOUR('',#16373);
#20377 = MECHANICAL_DESIGN_GEOMETRIC_PRESENTATION_REPRESENTATION('',(
    #20378),#16318);
#20378 = STYLED_ITEM('color',(#20379),#14062);
#20379 = PRESENTATION_STYLE_ASSIGNMENT((#20380));
#20380 = SURFACE_STYLE_USAGE(.BOTH.,#20381);
#20381 = SURFACE_SIDE_STYLE('',(#20382));
#20382 = SURFACE_STYLE_FILL_AREA(#20383);
#20383 = FILL_AREA_STYLE('',(#20384));
#20384 = FILL_AREA_STYLE_COLOUR('',#20385);
#20385 = COLOUR_RGB('',0.313304153717,0.484529207832,0.410020903123);
ENDSEC;
END-ISO-10303-21;
